entity_id,farm_name,normalized_name,entity_type,identity_decision,state,county_equivalent,city,postal_code,address_internal,public_location_classification,latitude,longitude,products,business_types,phone_internal,email_internal,contact_visibility,website_url,facebook_url,instagram_url,tiktok_url,on_farm_sales,farmers_market_sales,online_sales,local_delivery,u_pick,wholesale,farm_to_school,source_observation_count,source_observation_ids,source_names,source_urls,evidence_grades,last_retrieved,canonical_record_ids,canonical_match_status,promotion_status,promotion_blockers,notes
LA-1873D8D50E,Abiding Vines,abiding vines,farm,unique_source_name_reviewed,LA,,,,,public_business_address_reviewed_for_future_reduced_precision,,,"Welcome to Abiding Vines Urban Farm. We grow Non-GMO fruits and vegetables using organic and regenerative farming techniques to replenish the soil. We believe in working in harmony with God to serve our communities with nourishment for mind, body, and soul. We offer an 8 lb CSA box and have a family food assistance program as well. No matter what your circumstance you are able to get fresh produce for your family from Abiding Vines.",LocalHarvest Family Farm,(601) 454-1078,,internal_until_public_use_review,https://www.abidingvines.com,http://www.facebook.com/abidingviness,https://instagram.com/abidingvines,,True,False,False,False,False,False,False,1,laobs_dc1006cfdec524e3ff27,LocalHarvest — Louisiana county-seat gap search,https://www.localharvest.org/abiding-vines-M84562,D,2026-07-15,,new_state_candidate,research_or_qa_queue,county missing; city or safe public service area missing,Fields selected by evidence grade; every source observation remains separately auditable.
LA-88E160569A,Bois de Figue Orchard,bois de figue orchard,farm,unique_source_name_reviewed,LA,,,,,public_business_address_reviewed_for_future_reduced_precision,,,figs,LocalHarvest Family Farm,(337) 831-6541,,internal_until_public_use_review,https://iwantfigs.com,,,,True,False,False,False,False,False,False,1,laobs_f80489886e83f679e54c,LocalHarvest — Louisiana county-seat gap search,https://www.localharvest.org/bois-de-figue-orchard-M76788,D,2026-07-15,,new_state_candidate,research_or_qa_queue,county missing; city or safe public service area missing,Fields selected by evidence grade; every source observation remains separately auditable.
LA-2A34A7B30D,Cm Farms LLC Of Dry Creek,cm farms llc of dry creek,farm,unique_source_name_reviewed,LA,,Dry Creek,70637,P.O. Box 313,public_business_address_reviewed_for_future_reduced_precision,,,Agritourism and farm activities; see LDAF certified operation description,Certified agritourism,337-328-8916,Jackie@cmfarmsllc.com,internal_until_public_use_review,https://www.cmfarmsllc.com,,,,False,False,False,False,False,False,False,1,laobs_ab16798e72f6087015d7,LDAF certified agritourism operations,https://assets.ctfassets.net/pc5e1rlgfrov/7B8yMZqsUPa8lLZSUToUtw/19d3206a6070dea80e63683408b1552e/agritourism-directory-2023.pdf,B,2026-07-15,,new_state_candidate,research_or_qa_queue,county missing,Fields selected by evidence grade; every source observation remains separately auditable.
LA-873CA4727B,Frogmore Plantation & Gins,frogmore plantation and gins,farm,unique_source_name_reviewed,LA,,Frogmore,71334,11054 Hwy. 84,public_business_address_reviewed_for_future_reduced_precision,,,Agritourism and farm activities; see LDAF certified operation description,Certified agritourism,318-757-2453,frogmore@bayou.com,internal_until_public_use_review,https://www.frogmoreplantation.com,,,,False,False,False,False,False,False,False,1,laobs_c95fa88658e3ae72f9a8,LDAF certified agritourism operations,https://assets.ctfassets.net/pc5e1rlgfrov/7B8yMZqsUPa8lLZSUToUtw/19d3206a6070dea80e63683408b1552e/agritourism-directory-2023.pdf,B,2026-07-15,,new_state_candidate,research_or_qa_queue,county missing,Fields selected by evidence grade; every source observation remains separately auditable.
LA-7697A8A334,"Grant Christmas Tree Farm, Inc.",grant christmas tree farm,farm,unique_source_name_reviewed,LA,,Grant,70644,PO Box 368,public_business_address_reviewed_for_future_reduced_precision,,,Agritourism and farm activities; see LDAF certified operation description,Certified agritourism,318.634.3408,grantfarms1983@gmail.com,internal_until_public_use_review,,,,,False,False,False,False,False,False,False,1,laobs_bdf4e26986a5b5020692,LDAF certified agritourism operations,https://assets.ctfassets.net/pc5e1rlgfrov/7B8yMZqsUPa8lLZSUToUtw/19d3206a6070dea80e63683408b1552e/agritourism-directory-2023.pdf,B,2026-07-15,,new_state_candidate,research_or_qa_queue,county missing,Fields selected by evidence grade; every source observation remains separately auditable.
LA-F71E32D7AB,Kingston Cabin,kingston cabin,farm,unique_source_name_reviewed,LA,,,,,public_business_address_reviewed_for_future_reduced_precision,,,Agritourism and farm activities; see LDAF certified operation description,Certified agritourism,,brumleydevelopment@att.net,internal_until_public_use_review,,,,,False,False,False,False,False,False,False,1,laobs_fe2d997ab0701ca4e938,LDAF certified agritourism operations,https://assets.ctfassets.net/pc5e1rlgfrov/7B8yMZqsUPa8lLZSUToUtw/19d3206a6070dea80e63683408b1552e/agritourism-directory-2023.pdf,B,2026-07-15,,new_state_candidate,research_or_qa_queue,county missing; city or safe public service area missing,Fields selected by evidence grade; every source observation remains separately auditable.
LA-3603F706EB,Landry Vineyards,landry vineyards,farm,unique_source_name_reviewed,LA,,,,,public_business_address_reviewed_for_future_reduced_precision,,,Agritourism and farm activities; see LDAF certified operation description,Certified agritourism,,jlandry@landryvineyards.com,internal_until_public_use_review,https://landryvineyards.com,,,,True,False,False,False,False,False,False,1,laobs_17ea52c8929b576202b7,LDAF certified agritourism operations,https://assets.ctfassets.net/pc5e1rlgfrov/7B8yMZqsUPa8lLZSUToUtw/19d3206a6070dea80e63683408b1552e/agritourism-directory-2023.pdf,B,2026-07-15,,new_state_candidate,research_or_qa_queue,county missing; city or safe public service area missing,Fields selected by evidence grade; every source observation remains separately auditable.
LA-57FA73C40C,Lenox Acres Blueberry Farm,lenox acres blueberry farm,farm,unique_source_name_reviewed,LA,,Keithville,71047,,public_business_address_reviewed_for_future_reduced_precision,,,U-pick crops; agritourism,U-pick; agritourism,,,internal_until_public_use_review,,https://www.facebook.com/LenoxAcres,,,True,False,False,False,True,False,False,1,laobs_71b7d25351e31fc2ba1b,PickYourOwn — Northern Louisiana,https://www.pickyourown.org/LAnorth.htm,E,2026-07-15,,new_state_candidate,research_or_qa_queue,county missing; single grade-E discovery listing needs corroboration; source reports closure and requires affirmative curator decision,Fields selected by evidence grade; every source observation remains separately auditable.
LA-BDBBC3DFEF,Low Spot Farm,low spot farm,farm,unique_source_name_reviewed,LA,,Ragley,70657,Al Cormier Rd,public_business_address_reviewed_for_future_reduced_precision,,,"Low Spot Farm is a small family farm established in 1970. We offer pasture raised pork, and poultry. low Spot utilizes a rotational pasture grazing system which provides fresh grass and grazing for our animals. Our pork stock are all heritage breeds such as Bershire, Tamworth and other heritage cross breeds. Our broiler poultry are Cornish Cross and Freedom Ranger breeds. We also have a new flock of heritage breed Rhode Island Red layer which should start laying soon. All of our poultry are moved to fresh pasture daily.",LocalHarvest Family Farm,(337) 526-7466,,internal_until_public_use_review,,,,,True,False,False,False,False,False,False,1,laobs_449d5fcefcbcba0c7265,LocalHarvest — Louisiana county-seat gap search,https://www.localharvest.org/low-spot-farm-M73778,D,2026-07-15,,new_state_candidate,research_or_qa_queue,county missing,Fields selected by evidence grade; every source observation remains separately auditable.
LA-1216AD8503,Mason Bee Farm and Vegetable Garden,mason bee farm and vegetable garden,farm,unique_source_name_reviewed,LA,,,,,public_business_address_reviewed_for_future_reduced_precision,,,U-pick crops; agritourism,U-pick; agritourism,318-290-8846,judyduhon@yahoo.com,internal_until_public_use_review,,,,,True,False,False,False,True,False,False,1,laobs_bd258a624afbf2e723bc,PickYourOwn — Northern Louisiana,https://www.pickyourown.org/LAnorth.htm,E,2026-07-15,,new_state_candidate,research_or_qa_queue,county missing; city or safe public service area missing; single grade-E discovery listing needs corroboration; source reports closure and requires affirmative curator decision,Fields selected by evidence grade; every source observation remains separately auditable.
LA-E4594EE283,Nine Pines Farm,nine pines farm,farm,unique_source_name_reviewed,LA,,,,,public_business_address_reviewed_for_future_reduced_precision,,,eggs; soap; preserves; llama,LocalHarvest Family Farm,,,internal_until_public_use_review,,,,,True,False,False,False,False,False,False,1,laobs_f0967bdde895e73d71f2,LocalHarvest — Louisiana county-seat gap search,https://www.localharvest.org/nine-pines-farm-M39672,D,2026-07-15,,new_state_candidate,research_or_qa_queue,county missing; city or safe public service area missing,Fields selected by evidence grade; every source observation remains separately auditable.
LA-B43765862C,North House Home And Garden,north house home and garden,farm,unique_source_name_reviewed,LA,,,,,public_business_address_reviewed_for_future_reduced_precision,,,Agritourism and farm activities; see LDAF certified operation description,Certified agritourism,,drjbriggs@work.nocoxmail.com,internal_until_public_use_review,https://www.northhousehomeandgardens.com/,,,,False,False,False,False,False,False,False,1,laobs_e0d416b4f6ba7786869f,LDAF certified agritourism operations,https://assets.ctfassets.net/pc5e1rlgfrov/7B8yMZqsUPa8lLZSUToUtw/19d3206a6070dea80e63683408b1552e/agritourism-directory-2023.pdf,B,2026-07-15,,new_state_candidate,research_or_qa_queue,county missing; city or safe public service area missing,Fields selected by evidence grade; every source observation remains separately auditable.
LA-108F30EBCE,Powers BeeKeepers,powers beekeepers,farm,unique_source_name_reviewed,LA,,Algiers/Belle Chasse,,,public_business_address_reviewed_for_future_reduced_precision,30.50463,-90.46293,"Honey, bee products",Honey/Specialty,(504) 782-8700,powers.apiary@gmail.com,internal_until_public_use_review,,,,,False,True,False,False,False,False,False,1,laobs_0d646300909e4a3baf3d,FarmFinder current canonical baseline — identity anchor only,https://www.crescentcityfarmersmarket.org/news/141/42/Powers-BeeKeepers,C,2026-07-15,FF-0019,canonical_baseline_only,research_or_qa_queue,county missing; canonical baseline farm not rediscovered in current three-pass sources,Fields selected by evidence grade; every source observation remains separately auditable.
LA-D04D0786A9,Prudhomme City Farms,prudhomme city farms,farm,unique_source_name_reviewed,LA,,Eunice,70535,1066 Brigman Hwy,public_business_address_reviewed_for_future_reduced_precision,,,beets; broccoli; cabbage; carrots; collards; cucumber; green beans; kale; kohlrabi; radishes; swiss chard; turnips; zucchini; pickles; preserves; fresh flowers; edamame soybeans; eggplant; okra; summer squash; sweet peppers; winter-squash; cantaloupes; watermelons,LocalHarvest Family Farm,(337) 501-2786,,internal_until_public_use_review,https://www.prudhommecityfarms.com,http://www.facebook.com/prudhommecityfarms,,,True,False,False,False,False,False,False,1,laobs_7d3715cd2a8fda79890c,LocalHarvest — Louisiana county-seat gap search,https://www.localharvest.org/prudhomme-city-farms-M64978,D,2026-07-15,,new_state_candidate,research_or_qa_queue,county missing,Fields selected by evidence grade; every source observation remains separately auditable.
LA-500C6FCAA5,Royal Queens Farm,royal queens farm,farm,unique_source_name_reviewed,LA,,Multiple,,,public_business_address_reviewed_for_future_reduced_precision,31.311946,-92.445356,"Vegetables, fruits, herbs, flowers",Produce,,,internal_until_public_use_review,,,,,True,False,False,False,False,False,False,1,laobs_82bd7d7cdffe9863137d,FarmFinder current canonical baseline — identity anchor only,,E,2026-07-15,FF-0274,canonical_baseline_only,research_or_qa_queue,county missing; single grade-E discovery listing needs corroboration; canonical baseline farm not rediscovered in current three-pass sources,Fields selected by evidence grade; every source observation remains separately auditable.
LA-7A6C38F4D1,Southern Forest Heritage Museum,southern forest heritage museum,producer_requires_type_review,unique_source_name_reviewed,LA,,Long Leaf,71448,PO Box 101,public_business_address_reviewed_for_future_reduced_precision,,,Agritourism and farm activities; see LDAF certified operation description,Certified agritourism,318-748-8404,longleaf@centurytel.net,internal_until_public_use_review,https://www.forestheritagemuseum.org,,,,False,False,False,False,False,False,False,1,laobs_d5b6d8799d66369d9b44,LDAF certified agritourism operations,https://assets.ctfassets.net/pc5e1rlgfrov/7B8yMZqsUPa8lLZSUToUtw/19d3206a6070dea80e63683408b1552e/agritourism-directory-2023.pdf,B,2026-07-15,,new_state_candidate,research_or_qa_queue,county missing; directory candidate needs independent farm-operation evidence,Fields selected by evidence grade; every source observation remains separately auditable.
LA-6C90662CD5,Sow Sweet Farm LLC,sow sweet farm,farm,unique_source_name_reviewed,LA,,,,,public_business_address_reviewed_for_future_reduced_precision,,,green onions; potatoes; strawberries; preserves; seeds; onions; hot peppers; summer squash; sweet peppers; sweet potatoes; tomatoes; watermelons; persimmons,LocalHarvest Family Farm,(409) 213-3608,,internal_until_public_use_review,https://www.sowsweetfarm.com/,http://www.facebook.com/@SowSweetFarmer,,,True,False,False,False,False,False,False,1,laobs_112bd78971a0ab1017fa,LocalHarvest — Louisiana county-seat gap search,https://www.localharvest.org/sow-sweet-farm-llc-M80860,D,2026-07-15,,new_state_candidate,research_or_qa_queue,county missing; city or safe public service area missing,Fields selected by evidence grade; every source observation remains separately auditable.
LA-8BBD002C59,Steele's Christmas Tree Farm,steeles christmas tree farm,farm,unique_source_name_reviewed,LA,,,,,public_business_address_reviewed_for_future_reduced_precision,,,Agritourism and farm activities; see LDAF certified operation description,Certified agritourism,985-848-5133,sheridanrn@yahoo.com,internal_until_public_use_review,http://www.steeleschristmastreefarm.com,,,,False,False,False,False,False,False,False,1,laobs_f0a1813782b30ded9e3b,LDAF certified agritourism operations,https://assets.ctfassets.net/pc5e1rlgfrov/7B8yMZqsUPa8lLZSUToUtw/19d3206a6070dea80e63683408b1552e/agritourism-directory-2023.pdf,B,2026-07-15,,new_state_candidate,research_or_qa_queue,county missing; city or safe public service area missing,Fields selected by evidence grade; every source observation remains separately auditable.
LA-0F65B8CED1,Windy Hills Farm,windy hills farm,farm,unique_source_name_reviewed,LA,,Ethel,70730,8380 Highway,public_business_address_reviewed_for_future_reduced_precision,,,Agritourism and farm activities; see LDAF certified operation description,Certified agritourism,225-683-6828,windyhillsfarm@gmail.com,internal_until_public_use_review,https://www.windyhillsfarm.net,,,,False,False,False,False,False,False,False,1,laobs_53aa55935096300f44d4,LDAF certified agritourism operations,https://assets.ctfassets.net/pc5e1rlgfrov/7B8yMZqsUPa8lLZSUToUtw/19d3206a6070dea80e63683408b1552e/agritourism-directory-2023.pdf,B,2026-07-15,,new_state_candidate,research_or_qa_queue,county missing,Fields selected by evidence grade; every source observation remains separately auditable.
LA-45040FBEE7,Bayou Farm,bayou farm,farm,split_due_county_conflict,LA,Acadia,Church Point,,,public_business_address_reviewed_for_future_reduced_precision,30.40298,-92.21513,"Grass-fed beef, pork, poultry",Meat,,,internal_until_public_use_review,,,,,True,False,False,False,False,False,False,1,laobs_fdc5759b944560eabdec,FarmFinder current canonical baseline — identity anchor only,,E,2026-07-15,FF-0060,canonical_baseline_only,research_or_qa_queue,same normalized name appears in multiple counties; single grade-E discovery listing needs corroboration; canonical baseline farm not rediscovered in current three-pass sources,Fields selected by evidence grade; every source observation remains separately auditable.
LA-FB88A05AC6,Cajun Classic Crawfish,cajun classic crawfish,producer_requires_type_review,unique_source_name_reviewed,LA,Acadia,Church Point,,,public_business_address_reviewed_for_future_reduced_precision,30.40298,-92.21513,Live & peeled crawfish,Seafood,(337) 580-1097,,internal_until_public_use_review,,,,,False,False,False,True,False,False,False,1,laobs_62b0e9e6010c8f224cf7,FarmFinder current canonical baseline — identity anchor only,,E,2026-07-15,FF-0162,canonical_baseline_only,research_or_qa_queue,single grade-E discovery listing needs corroboration; directory candidate needs independent farm-operation evidence; canonical baseline farm not rediscovered in current three-pass sources,Fields selected by evidence grade; every source observation remains separately auditable.
LA-F1C5B17B2D,Cajun Country Rice,cajun country rice,producer_requires_type_review,unique_source_name_reviewed,LA,Acadia,Crowley,,,public_business_address_reviewed_for_future_reduced_precision,30.214093,-92.374576,100% Louisiana rice,Rice,(850) 937-9932,,internal_until_public_use_review,,,,,False,False,False,True,False,False,False,1,laobs_6eeefb50b1149efe9d43,FarmFinder current canonical baseline — identity anchor only,,E,2026-07-15,FF-0242,canonical_baseline_only,research_or_qa_queue,single grade-E discovery listing needs corroboration; directory candidate needs independent farm-operation evidence; canonical baseline farm not rediscovered in current three-pass sources,Fields selected by evidence grade; every source observation remains separately auditable.
LA-D8808E4167,Gerald Smith Farm,gerald smith farm,farm,unique_source_name_reviewed,LA,Acadia,Church Point,,,public_business_address_reviewed_for_future_reduced_precision,30.40298,-92.21513,Okra,Produce,(337) 224-4980,,internal_until_public_use_review,,,,,True,False,False,False,False,False,False,1,laobs_309fb5f59808eb427972,FarmFinder current canonical baseline — identity anchor only,,E,2026-07-15,FF-0248,canonical_baseline_only,research_or_qa_queue,single grade-E discovery listing needs corroboration; canonical baseline farm not rediscovered in current three-pass sources,Fields selected by evidence grade; every source observation remains separately auditable.
LA-506D866A3C,ICCR Dairy Farm LLC,iccr dairy farm,farm,merged_exact_name_reviewed,LA,Acadia,Church Point,,"1533 Lourdes Rd, Church Point",public_business_address_reviewed_for_future_reduced_precision,30.40298,-92.21513,Goat dairy; Dairy (goat),Dairy; Direct-to-consumer farm; historical statewide directory,(337) 552-3170,,internal_until_public_use_review,,,,,True,True,False,False,False,False,False,2,laobs_08dcd2e3b577b0db2c9d | laobs_0480612ed4821a899fbd,FarmFinder current canonical baseline — identity anchor only | LSU AgCenter statewide farm-food directory, | https://www.lsuagcenter.com/~/media/system/9/1/9/e/919ed83cfbd8ff0bd98b317a65f0604f/directory%20-%20la%20farm%20food%20during%20covidpdfpdf.pdf,E,2026-07-15,FF-0163,rediscovered_current_source,research_or_qa_queue,single grade-E discovery listing needs corroboration,Fields selected by evidence grade; every source observation remains separately auditable.
LA-D69C33CEBE,Latiolais Farm,latiolais farm,farm,unique_source_name_reviewed,LA,Acadia,Church Point,,,public_business_address_reviewed_for_future_reduced_precision,30.40298,-92.21513,"Oranges, sweet corn, vegetables, watermelon",Produce,(337) 962-2797,,internal_until_public_use_review,,,,,True,False,False,False,False,False,False,1,laobs_6e1cca310e9462935b2d,FarmFinder current canonical baseline — identity anchor only,,E,2026-07-15,FF-0252,canonical_baseline_only,research_or_qa_queue,single grade-E discovery listing needs corroboration; canonical baseline farm not rediscovered in current three-pass sources,Fields selected by evidence grade; every source observation remains separately auditable.
LA-2D46F436DF,LPOE (The Last Place on Earth),lpoe the last place on earth,farm,unique_source_name_reviewed,LA,Acadia,Iota,,,public_business_address_reviewed_for_future_reduced_precision,,,grapefruit; geese; baked goods; blackberries; beef; eggs; kumquats; lemons; oranges,LocalHarvest Family Farm,(337) 384-3496,,internal_until_public_use_review,,,,,True,False,False,False,False,False,False,1,laobs_0a187efee51d4731567c,LocalHarvest — Louisiana county-seat gap search,https://www.localharvest.org/lpoe-the-last-place-on-earth-M32972,D,2026-07-15,,new_state_candidate,promotion_eligible_reviewed,,Fields selected by evidence grade; every source observation remains separately auditable.
LA-B56E694F74,Miller's Citrus,millers citrus,farm,unique_source_name_reviewed,LA,Acadia,Iota,,,public_business_address_reviewed_for_future_reduced_precision,30.331326,-92.495578,Citrus,Produce,(337) 824-5307,,internal_until_public_use_review,,,,,True,False,False,False,False,False,False,1,laobs_c02dc7732a8eaaa25102,FarmFinder current canonical baseline — identity anchor only,,E,2026-07-15,FF-0254,canonical_baseline_only,research_or_qa_queue,single grade-E discovery listing needs corroboration; canonical baseline farm not rediscovered in current three-pass sources,Fields selected by evidence grade; every source observation remains separately auditable.
LA-5337444D5D,Robin Farms,robin farms,farm,merged_cross_county_identity_reviewed,LA,Acadia,Ville Platte,70525,317 Houston Richard Road,public_business_address_reviewed_for_future_reduced_precision,30.68797,-92.27152,"42-acre vegetable farm, year-round; Vegetables, Fruit; Robin Farms is owned and operated by Brandtand Jamie Robin. We have a 42 acre vegetable farm that grows fruits and vegetables year round. We sell at the Acadiana Farmers Market on Tues. and Sat., and we have a farm stand on the farm. We are currently offering a CSA program for our. Please see our website for more information.",Produce; Direct-to-consumer farm; historical statewide directory; LocalHarvest Family Farm,(337) 789-3776,,internal_until_public_use_review,https://robinfarms.com,http://www.facebook.com/Robinfarms,,,True,False,False,False,False,False,False,3,laobs_3c74fa7474e87e0e50f5 | laobs_a6e3e9fff8856408c1c2 | laobs_3014c3f97186064caf3f,FarmFinder current canonical baseline — identity anchor only | LSU AgCenter statewide farm-food directory | LocalHarvest — Louisiana county-seat gap search,https://robinfarms.com | https://www.lsuagcenter.com/~/media/system/9/1/9/e/919ed83cfbd8ff0bd98b317a65f0604f/directory%20-%20la%20farm%20food%20during%20covidpdfpdf.pdf | https://www.localharvest.org/robin-farms-M56284,C; D; E,2026-07-15,FF-0061,rediscovered_current_source,promotion_eligible_reviewed,,Fields selected by evidence grade; every source observation remains separately auditable.
LA-EBB6F75FDC,Small Batch Honey,small batch honey,farm,merged_exact_name_reviewed,LA,Acadia,Rayne,,"462 Deer Park Ln, Rayne",public_business_address_reviewed_for_future_reduced_precision,30.23493,-92.26846,"Honey, honey bees; Seafood",Honey/Specialty; Direct-to-consumer farm; historical statewide directory,(337) 356-4286,,internal_until_public_use_review,,,,,True,True,False,True,False,False,False,2,laobs_6b2a685124e0b1855fdf | laobs_1e17942e38e5c8591526,FarmFinder current canonical baseline — identity anchor only | LSU AgCenter statewide farm-food directory, | https://www.lsuagcenter.com/~/media/system/9/1/9/e/919ed83cfbd8ff0bd98b317a65f0604f/directory%20-%20la%20farm%20food%20during%20covidpdfpdf.pdf,E,2026-07-15,FF-0164,rediscovered_current_source,research_or_qa_queue,single grade-E discovery listing needs corroboration,Fields selected by evidence grade; every source observation remains separately auditable.
LA-DBE54FEDFB,The Mowata Store,the mowata store,farm,unique_source_name_reviewed,LA,Acadia,Eunice,,,public_business_address_reviewed_for_future_reduced_precision,30.49437,-92.41763,"Meat, eggs, honey",Mixed,(337) 457-1140,,internal_until_public_use_review,,,,,True,False,False,False,False,False,False,1,laobs_e225aa697837bf2f7e23,FarmFinder current canonical baseline — identity anchor only,,E,2026-07-15,FF-0165,canonical_baseline_only,research_or_qa_queue,single grade-E discovery listing needs corroboration; canonical baseline farm not rediscovered in current three-pass sources,Fields selected by evidence grade; every source observation remains separately auditable.
LA-53F7B98976,CM Farms LLC,cm farms,farm,unique_source_name_reviewed,LA,Allen,Reeves,70658,HWY 190,public_business_address_reviewed_for_future_reduced_precision,,,beef; lamb; pickles; preserves; cucumber; onions; tomatoes; wool; sweet corn; cantaloupes; watermelons; sweet potatoes; apples,LocalHarvest Family Farm,(337) 666-2280,,internal_until_public_use_review,https://www.cmfarmsllc.com,,,,True,False,False,False,False,False,False,1,laobs_71f3ae823e893e63d4bf,LocalHarvest — Louisiana county-seat gap search,https://www.localharvest.org/cm-farms-llc-M41541,D,2026-07-15,,new_state_candidate,promotion_eligible_reviewed,,Fields selected by evidence grade; every source observation remains separately auditable.
LA-33263C872E,Earth Friendly Farms,earth friendly farms,farm,merged_exact_name_reviewed,LA,Allen,Kinder,70648,,public_business_address_reviewed_for_future_reduced_precision,30.48548,-92.8507,Pastured livestock and/or farm products; see source listing; Grass-fed beef,Pastured-product farm; direct sales; Meat,(337) 738-5218,earth.friendly.farms@yahoo.com,internal_until_public_use_review,,,,,True,False,False,False,False,False,False,2,laobs_c809aea7a1fa3bbd5a4e | laobs_d883500d8082abacdaf3,EatWild Louisiana directory | FarmFinder current canonical baseline — identity anchor only,https://www.eatwild.com/products/louisiana.html | ,D; E,2026-07-15,FF-0233,rediscovered_current_source,promotion_eligible_reviewed,,Fields selected by evidence grade; every source observation remains separately auditable.
LA-9DBFFFBC1B,Winn's Farm,winns farm,farm,unique_source_name_reviewed,LA,Allen,Oakdale,,,public_business_address_reviewed_for_future_reduced_precision,30.814787,-92.656408,Fresh produce,Produce,(318) 491-2337,,internal_until_public_use_review,,,,,True,False,False,False,False,False,False,1,laobs_6ba3f0a18db1c927f5a2,FarmFinder current canonical baseline — identity anchor only,,E,2026-07-15,FF-0263,canonical_baseline_only,research_or_qa_queue,single grade-E discovery listing needs corroboration; canonical baseline farm not rediscovered in current three-pass sources,Fields selected by evidence grade; every source observation remains separately auditable.
LA-4C9EA87185,Jot & Tittle Farms,jot and tittle farms,farm,merged_exact_name_reviewed,LA,Ascension,St. Amant,,"11045 Savoy Rd, St. Amant",public_business_address_reviewed_for_future_reduced_precision,30.22472,-90.86889,"Organic vegetables, eggs; Vegetables (organic), Eggs",Produce; Direct-to-consumer farm; historical statewide directory,(225) 505-5225,,internal_until_public_use_review,https://www.jotandtittlefarms.com/,,,,True,True,False,True,False,False,False,2,laobs_380419d1fce9018acee7 | laobs_537a50b96c1a8a928101,FarmFinder current canonical baseline — identity anchor only | LSU AgCenter statewide farm-food directory,https://www.localharvest.org/jot-tittle-farms-M77494 | https://www.lsuagcenter.com/~/media/system/9/1/9/e/919ed83cfbd8ff0bd98b317a65f0604f/directory%20-%20la%20farm%20food%20during%20covidpdfpdf.pdf,C; E,2026-07-15,FF-0114,rediscovered_current_source,promotion_eligible_reviewed,,Fields selected by evidence grade; every source observation remains separately auditable.
LA-B3438D4EE5,Waughsome Farm,waughsome farm,farm,unique_source_name_reviewed,LA,Ascension,Prairieville,70769,40285 Abby James Road,public_business_address_reviewed_for_future_reduced_precision,,,Agritourism and farm activities; see LDAF certified operation description,Certified agritourism,225.573.1550,cdwaugh@yahoo.com,internal_until_public_use_review,https://www.waughsomefarm.com,,,,False,False,False,False,False,False,False,1,laobs_727debe84976f95e8b7c,LDAF certified agritourism operations,https://assets.ctfassets.net/pc5e1rlgfrov/7B8yMZqsUPa8lLZSUToUtw/19d3206a6070dea80e63683408b1552e/agritourism-directory-2023.pdf,B,2026-07-15,,new_state_candidate,promotion_eligible_reviewed,,Fields selected by evidence grade; every source observation remains separately auditable.
LA-F89BF320FE,Naquin’s,naquins,farm,unique_source_name_reviewed,LA,Assumption,Labadieville,,2882 Hwy. 1010,public_business_address_reviewed_for_future_reduced_precision,,,Farm products sold through an LDAF-approved roadside stand,Roadside stand; direct-to-consumer,(985) 413-3241,,internal_until_public_use_review,,,,,True,False,False,False,False,False,False,1,laobs_f98c36efc9dbe3d0292e,LDAF 2026 FMNP roadside-stand directory,https://www.ldaf.la.gov/fmnp,B,2026-07-15,,new_state_candidate,promotion_eligible_reviewed,,Fields selected by evidence grade; every source observation remains separately auditable.
LA-714F984116,2 Guys Honey,2 guys honey,farm,unique_source_name_reviewed,LA,Avoyelles,Hessmer,,,public_business_address_reviewed_for_future_reduced_precision,31.05963,-92.12124,Honey,Honey/Specialty,(318) 295-2035,,internal_until_public_use_review,https://www.2guyshoney.net/,,,,False,False,True,True,False,False,False,1,laobs_fcb27e95f2410790820b,FarmFinder current canonical baseline — identity anchor only,https://www.2guyshoney.net/,C,2026-07-15,FF-0224,canonical_baseline_only,research_or_qa_queue,canonical baseline farm not rediscovered in current three-pass sources,Fields selected by evidence grade; every source observation remains separately auditable.
LA-C70B2565A4,"Boe Farm, LLC",boe farm,farm,unique_source_name_reviewed,LA,Avoyelles,Mansura,,7432 Hwy. 114,public_business_address_reviewed_for_future_reduced_precision,,,Farm products sold through an LDAF-approved roadside stand,Roadside stand; direct-to-consumer,(318) 528-9670,,internal_until_public_use_review,,,,,True,False,False,False,False,False,False,1,laobs_13b40bfb06d8598e6214,LDAF 2026 FMNP roadside-stand directory,https://www.ldaf.la.gov/fmnp,B,2026-07-15,,new_state_candidate,promotion_eligible_reviewed,,Fields selected by evidence grade; every source observation remains separately auditable.
LA-5FA083B0B2,Corey Scott Farms,corey scott farms,farm,unique_source_name_reviewed,LA,Avoyelles,Simmesport,,2621 Frances Smith Rd.,public_business_address_reviewed_for_future_reduced_precision,,,Farm products sold through an LDAF-approved roadside stand,Roadside stand; direct-to-consumer,(985) 519-1915,,internal_until_public_use_review,,,,,True,False,False,False,False,False,False,1,laobs_1b508271a40f25464dfb,LDAF 2026 FMNP roadside-stand directory,https://www.ldaf.la.gov/fmnp,B,2026-07-15,,new_state_candidate,promotion_eligible_reviewed,,Fields selected by evidence grade; every source observation remains separately auditable.
LA-ABCC9A309D,Lemoine Family Farms LLC,lemoine family farms,farm,unique_source_name_reviewed,LA,Avoyelles,Moreauville,,"1362 Hwy 451, Moreauville",public_business_address_reviewed_for_future_reduced_precision,,,"Vegetables (sweet corn, $4/doz)",Direct-to-consumer farm; historical statewide directory,318-359-3101,,internal_until_public_use_review,,,,,True,False,False,False,False,False,False,1,laobs_6c5021b73b486a562c61,LSU AgCenter statewide farm-food directory,https://www.lsuagcenter.com/~/media/system/9/1/9/e/919ed83cfbd8ff0bd98b317a65f0604f/directory%20-%20la%20farm%20food%20during%20covidpdfpdf.pdf,E,2026-07-15,,new_state_candidate,research_or_qa_queue,single grade-E discovery listing needs corroboration,Fields selected by evidence grade; every source observation remains separately auditable.
LA-5F76BD87D3,Riverside Pecan Company,riverside pecan,farm,merged_exact_name_reviewed,LA,Avoyelles,Effie,,"131 Dogwood Ridge, Effie",public_business_address_reviewed_for_future_reduced_precision,31.21611,-92.15556,"Pecans, pecan candy/pie; Honey",Honey/Specialty; Direct-to-consumer farm; historical statewide directory,(318) 253-0927,,internal_until_public_use_review,https://www.riversidepecanco.com/,,,,False,True,True,True,False,False,False,2,laobs_bc9f19dee727266d0155 | laobs_e336dad1511d4fec02a4,FarmFinder current canonical baseline — identity anchor only | LSU AgCenter statewide farm-food directory,https://www.riversidepecanco.com/ | https://www.lsuagcenter.com/~/media/system/9/1/9/e/919ed83cfbd8ff0bd98b317a65f0604f/directory%20-%20la%20farm%20food%20during%20covidpdfpdf.pdf,C; E,2026-07-15,FF-0223,rediscovered_current_source,promotion_eligible_reviewed,,Fields selected by evidence grade; every source observation remains separately auditable.
LA-ACD18655CD,Up to Grow Good,up to grow good,farm,unique_source_name_reviewed,LA,Avoyelles,Cottonport,71327,3420 Highway 29,public_business_address_reviewed_for_future_reduced_precision,,,arugula; beets; brussels sprouts; cabbage; cauliflower; eggplant; green onions; kale; lettuce; mustard greens; salad greens; salad mix; shallots; spinach; sweet potatoes; swiss chard; turnips; winter-squash; strawberries; sprouts; wheat grass; cucumber; green beans; peas; summer squash; sweet peppers; zucchini; blueberries; cantaloupes; sweet corn; hot peppers; okra; figs; grapes; melons; raspberries; watermelons; pumpkins,LocalHarvest Family Farm,(337) 739-8766,,internal_until_public_use_review,,http://www.facebook.com/UptoGrowGood,,,True,False,False,False,False,False,False,1,laobs_ebacf6731df63262a7dd,LocalHarvest — Louisiana county-seat gap search,https://www.localharvest.org/up-to-grow-good-M56591,D,2026-07-15,,new_state_candidate,promotion_eligible_reviewed,,Fields selected by evidence grade; every source observation remains separately auditable.
LA-15807B0903,Wesmar Farms LLC,wesmar farms,farm,merged_exact_name_reviewed,LA,Avoyelles,Moreauville,71355,851 Couvillion St. (Across bridge from,public_business_address_reviewed_for_future_reduced_precision,,,Farm products sold through an LDAF-approved roadside stand; Agritourism and farm activities; see LDAF certified operation description,Roadside stand; direct-to-consumer; Certified agritourism,(318) 240-0954,WesMarFarms@gmail.com,internal_until_public_use_review,,,,,True,False,False,False,False,False,False,2,laobs_1568e1166914efb7526f | laobs_07c010b54b1e42a412dd,LDAF 2026 FMNP roadside-stand directory | LDAF certified agritourism operations,https://www.ldaf.la.gov/fmnp | https://assets.ctfassets.net/pc5e1rlgfrov/7B8yMZqsUPa8lLZSUToUtw/19d3206a6070dea80e63683408b1552e/agritourism-directory-2023.pdf,B,2026-07-15,,new_state_candidate,promotion_eligible_reviewed,,Fields selected by evidence grade; every source observation remains separately auditable.
LA-2460E1C4FC,Williams Vegetable Farm,williams vegetable farm,farm,unique_source_name_reviewed,LA,Avoyelles,Simmesport,,2637 Frances Smith Rd.,public_business_address_reviewed_for_future_reduced_precision,,,Farm products sold through an LDAF-approved roadside stand,Roadside stand; direct-to-consumer,(318) 359-0815,,internal_until_public_use_review,,,,,True,False,False,False,False,False,False,1,laobs_5b375f33693baeac1ec2,LDAF 2026 FMNP roadside-stand directory,https://www.ldaf.la.gov/fmnp,B,2026-07-15,,new_state_candidate,promotion_eligible_reviewed,,Fields selected by evidence grade; every source observation remains separately auditable.
LA-7D9D3AB16B,Chenier LLC Farms,chenier llc farms,farm,unique_source_name_reviewed,LA,Beauregard,Deridder,,"378 Allan Ensminger Rd, DeRidder",public_business_address_reviewed_for_future_reduced_precision,,,Meat (beef),Direct-to-consumer farm; historical statewide directory,337-463-8889,,internal_until_public_use_review,,,,,True,False,False,False,False,False,False,1,laobs_26e282dcc7b6961d8bdc,LSU AgCenter statewide farm-food directory,https://www.lsuagcenter.com/~/media/system/9/1/9/e/919ed83cfbd8ff0bd98b317a65f0604f/directory%20-%20la%20farm%20food%20during%20covidpdfpdf.pdf,E,2026-07-15,,new_state_candidate,research_or_qa_queue,single grade-E discovery listing needs corroboration,Fields selected by evidence grade; every source observation remains separately auditable.
LA-6E94B974B0,Craft Farm,craft farm,farm,merged_exact_name_reviewed,LA,Beauregard,Deridder,,"147 Lum Harper Rd, DeRidder",public_business_address_reviewed_for_future_reduced_precision,30.84631,-93.28905,"Vegetables, fruit, lamb; Vegetables, Fruit, Meat (lamb)",Mixed; Direct-to-consumer farm; historical statewide directory,(337) 401-9625,,internal_until_public_use_review,,,,,True,False,False,False,False,False,False,2,laobs_cf4a81856cfbc4a40659 | laobs_6adf424a815e8c13f8e5,FarmFinder current canonical baseline — identity anchor only | LSU AgCenter statewide farm-food directory, | https://www.lsuagcenter.com/~/media/system/9/1/9/e/919ed83cfbd8ff0bd98b317a65f0604f/directory%20-%20la%20farm%20food%20during%20covidpdfpdf.pdf,E,2026-07-15,FF-0225,rediscovered_current_source,research_or_qa_queue,single grade-E discovery listing needs corroboration,Fields selected by evidence grade; every source observation remains separately auditable.
LA-2CD04D47E6,Harvest Organic,harvest organic,farm,unique_source_name_reviewed,LA,Beauregard,Singer,70660,North Bearhead Rd.,public_business_address_reviewed_for_future_reduced_precision,,,collards; cucumber; garlic; green beans; green onions; mustard greens; tomatoes; winter-squash; medicinal herbs; gourds; sweet corn; dry beans; eggplant; hot peppers; peas; potatoes; zucchini; blackberries; blueberries; figs; grapes; lemons; limes; peaches; fresh flowers; apples; asian-pears; avocados; kiwis; oranges; pears; persimmons; plums; tangerines; pumpkins; turnips,LocalHarvest Family Farm,(337) 478-3048,,internal_until_public_use_review,,,,,True,False,False,False,False,False,False,1,laobs_df50a282ce5e5ee26161,LocalHarvest — Louisiana county-seat gap search,https://www.localharvest.org/harvest-organic-M33712,D,2026-07-15,,new_state_candidate,promotion_eligible_reviewed,,Fields selected by evidence grade; every source observation remains separately auditable.
LA-1EFCD2771C,Hebert Honey Farm,hebert honey farm,farm,unique_source_name_reviewed,LA,Beauregard,Deridder,70634,4456 Hwy. 27,public_business_address_reviewed_for_future_reduced_precision,,,Agritourism and farm activities; see LDAF certified operation description,Certified agritourism,227-401-5410,rphebert@hughes.net,internal_until_public_use_review,,,,,False,False,False,False,False,False,False,1,laobs_70db7148e75eec3a3c2e,LDAF certified agritourism operations,https://assets.ctfassets.net/pc5e1rlgfrov/7B8yMZqsUPa8lLZSUToUtw/19d3206a6070dea80e63683408b1552e/agritourism-directory-2023.pdf,B,2026-07-15,,new_state_candidate,promotion_eligible_reviewed,,Fields selected by evidence grade; every source observation remains separately auditable.
LA-90D0A482CE,Longacre Farms LLC,longacre farms,farm,merged_exact_name_reviewed,LA,Beauregard,Deridder,,"2028 Longacre Rd, DeRidder",public_business_address_reviewed_for_future_reduced_precision,30.84631,-93.28905,Vegetables,Produce; Direct-to-consumer farm; historical statewide directory,(337) 202-9902,,internal_until_public_use_review,,,,,False,True,False,True,False,False,False,2,laobs_6b9bb9c4b42afe55abaf | laobs_b5ec5798cac6d39a7c7a,FarmFinder current canonical baseline — identity anchor only | LSU AgCenter statewide farm-food directory, | https://www.lsuagcenter.com/~/media/system/9/1/9/e/919ed83cfbd8ff0bd98b317a65f0604f/directory%20-%20la%20farm%20food%20during%20covidpdfpdf.pdf,E,2026-07-15,FF-0226,rediscovered_current_source,research_or_qa_queue,single grade-E discovery listing needs corroboration,Fields selected by evidence grade; every source observation remains separately auditable.
LA-495B2EE29D,Longlake Sustainable Farm,longlake sustainable farm,farm,unique_source_name_reviewed,LA,Beauregard,Longville,,"167 Fletcher Rd, Longville",public_business_address_reviewed_for_future_reduced_precision,,,Vegetables,Direct-to-consumer farm; historical statewide directory,337-348-4448,,internal_until_public_use_review,,,,,True,False,False,False,False,False,False,1,laobs_cddccf2a63db3840d072,LSU AgCenter statewide farm-food directory,https://www.lsuagcenter.com/~/media/system/9/1/9/e/919ed83cfbd8ff0bd98b317a65f0604f/directory%20-%20la%20farm%20food%20during%20covidpdfpdf.pdf,E,2026-07-15,,new_state_candidate,research_or_qa_queue,single grade-E discovery listing needs corroboration,Fields selected by evidence grade; every source observation remains separately auditable.
LA-347793211B,Mad Horse Farms,mad horse farms,farm,merged_exact_name_reviewed,LA,Beauregard,Longville,,"661 Sellers Rd, Longville",public_business_address_reviewed_for_future_reduced_precision,30.6052,-93.23183,"Vegetables, meat, eggs, milk; Vegetables, Meat, Eggs, Milk",Mixed; Direct-to-consumer farm; historical statewide directory,(337) 884-0192,,internal_until_public_use_review,https://madhorsefarms.com/,,,,False,True,False,True,False,False,False,2,laobs_21b4f2e695ece1c99f58 | laobs_90a01e4336923edb8c06,FarmFinder current canonical baseline — identity anchor only | LSU AgCenter statewide farm-food directory,https://madhorsefarms.com/ | https://www.lsuagcenter.com/~/media/system/9/1/9/e/919ed83cfbd8ff0bd98b317a65f0604f/directory%20-%20la%20farm%20food%20during%20covidpdfpdf.pdf,C; E,2026-07-15,FF-0227,rediscovered_current_source,promotion_eligible_reviewed,,Fields selected by evidence grade; every source observation remains separately auditable.
LA-B152A1A7B2,Crooked Row Farms,crooked row farms,farm,merged_exact_name_reviewed,LA,Bienville,Ringgold,,,public_business_address_reviewed_for_future_reduced_precision,32.32849,-93.27989,"Vegetables, fruit; Vegetables, Fruit",Produce; Direct-to-consumer farm; historical statewide directory,(318) 423-1298,,internal_until_public_use_review,,,,,True,False,False,False,False,False,False,2,laobs_260a2a1de17ed5a1c5e9 | laobs_59399a195b669d6aa9d5,FarmFinder current canonical baseline — identity anchor only | LSU AgCenter statewide farm-food directory, | https://www.lsuagcenter.com/~/media/system/9/1/9/e/919ed83cfbd8ff0bd98b317a65f0604f/directory%20-%20la%20farm%20food%20during%20covidpdfpdf.pdf,E,2026-07-15,FF-0199,rediscovered_current_source,research_or_qa_queue,single grade-E discovery listing needs corroboration,Fields selected by evidence grade; every source observation remains separately auditable.
LA-593C781152,Hebler Organically Grown Blueberry Farm,hebler organically grown blueberry farm,farm,unique_source_name_reviewed,LA,Bienville,Ringgold,71068,362 Firetower Road,public_business_address_reviewed_for_future_reduced_precision,,,blueberries,LocalHarvest Family Farm,(318) 894-9673,,internal_until_public_use_review,https://heblerblueberries.com,,,,True,False,False,False,False,False,False,1,laobs_14a28031eb449c04f88e,LocalHarvest — Louisiana county-seat gap search,https://www.localharvest.org/hebler-organically-grown-blueberry-farm-M8795,D,2026-07-15,,new_state_candidate,promotion_eligible_reviewed,,Fields selected by evidence grade; every source observation remains separately auditable.
LA-AD65BCF9DA,"McCain's Family Farm, L.L.C.",mccains family farm l l c,farm,unique_source_name_reviewed,LA,Bienville,Ringgold,71068,5299 HWY 371,public_business_address_reviewed_for_future_reduced_precision,,,lamb; blueberries; honey,LocalHarvest Family Farm,(318) 702-0435,,internal_until_public_use_review,,https://www.facebook.com/McCainsFamilyFarm,,,True,False,False,False,False,False,False,1,laobs_ab249945861c6a20e127,LocalHarvest — Louisiana county-seat gap search,https://www.localharvest.org/mccains-family-farm-l-l-c--M73242,D,2026-07-15,,new_state_candidate,promotion_eligible_reviewed,,Fields selected by evidence grade; every source observation remains separately auditable.
LA-7EF327DB7E,"Mccain’s Family Farm, LLC",mccains family farm,farm,unique_source_name_reviewed,LA,Bienville,Ringgold,71068,5299 Hwy 371,public_business_address_reviewed_for_future_reduced_precision,,,Agritourism and farm activities; see LDAF certified operation description,Certified agritourism,318-364-6553,mccainsfamilyfarm@outlook.com,internal_until_public_use_review,https://www.mccainsfamilyfarm.business.site,,,,False,False,False,False,False,False,False,1,laobs_70f43eb7af83e143c83a,LDAF certified agritourism operations,https://assets.ctfassets.net/pc5e1rlgfrov/7B8yMZqsUPa8lLZSUToUtw/19d3206a6070dea80e63683408b1552e/agritourism-directory-2023.pdf,B,2026-07-15,,new_state_candidate,promotion_eligible_reviewed,,Fields selected by evidence grade; every source observation remains separately auditable.
LA-45C2641F9C,Mill Creek Watermelons,mill creek watermelons,farm,merged_exact_name_reviewed,LA,Bienville,Ringgold,,"6380 Hwy 4, Ringgold",public_business_address_reviewed_for_future_reduced_precision,32.32849,-93.27989,"Watermelons, vegetables; Vegetables, Fruit, Meat, Eggs, Honey, Processed farm food products",Produce; Direct-to-consumer farm; historical statewide directory,(318) 245-6426,,internal_until_public_use_review,,,,,True,True,False,False,False,False,False,2,laobs_f3d208590e2e12078944 | laobs_0eb352364c4f1382fb4e,FarmFinder current canonical baseline — identity anchor only | LSU AgCenter statewide farm-food directory, | https://www.lsuagcenter.com/~/media/system/9/1/9/e/919ed83cfbd8ff0bd98b317a65f0604f/directory%20-%20la%20farm%20food%20during%20covidpdfpdf.pdf,E,2026-07-15,FF-0200,rediscovered_current_source,research_or_qa_queue,single grade-E discovery listing needs corroboration,Fields selected by evidence grade; every source observation remains separately auditable.
LA-2AF231327D,"Papa Simpson’s Farm, LLC",papa simpsons farm,farm,unique_source_name_reviewed,LA,Bienville,Arcadia,71001,596 Nicholson,public_business_address_reviewed_for_future_reduced_precision,,,Agritourism and farm activities; see LDAF certified operation description,Certified agritourism,,Dairyman4family@yahoo.com,internal_until_public_use_review,http://www.papasimpsonsfarm.com,,,,False,False,False,False,False,False,False,1,laobs_61260f80ff859f49ca8a,LDAF certified agritourism operations,https://assets.ctfassets.net/pc5e1rlgfrov/7B8yMZqsUPa8lLZSUToUtw/19d3206a6070dea80e63683408b1552e/agritourism-directory-2023.pdf,B,2026-07-15,,new_state_candidate,promotion_eligible_reviewed,,Fields selected by evidence grade; every source observation remains separately auditable.
LA-B018FBFC92,Burns Boys Honey,burns boys honey,farm,merged_exact_name_reviewed,LA,Bossier,Bossier City,,520 Secret Cove,public_business_address_reviewed_for_future_reduced_precision,32.51599,-93.73212,Honey; Farm products sold through an LDAF-approved roadside stand,Honey/Specialty; Roadside stand; direct-to-consumer; Direct-to-consumer farm; historical statewide directory,(406) 781-1418,,internal_until_public_use_review,,,,,True,False,True,True,False,False,False,3,laobs_81127a5a14f053a6d049 | laobs_8a64c0213e5c5374858e | laobs_1d48212dc41d1f2fcc1b,FarmFinder current canonical baseline — identity anchor only | LDAF 2026 FMNP roadside-stand directory | LSU AgCenter statewide farm-food directory, | https://www.ldaf.la.gov/fmnp | https://www.lsuagcenter.com/~/media/system/9/1/9/e/919ed83cfbd8ff0bd98b317a65f0604f/directory%20-%20la%20farm%20food%20during%20covidpdfpdf.pdf,B; E,2026-07-15,FF-0201,rediscovered_current_source,promotion_eligible_reviewed,,Fields selected by evidence grade; every source observation remains separately auditable.
LA-94788602C1,Crawford Farms,crawford farms,farm,unique_source_name_reviewed,LA,Bossier,Bossier City,,4819 Benton Rd. (on the left before water,public_business_address_reviewed_for_future_reduced_precision,,,Farm products sold through an LDAF-approved roadside stand,Roadside stand; direct-to-consumer,(318) 560-1207,,internal_until_public_use_review,,,,,True,False,False,False,False,False,False,1,laobs_9b42668f848a4fcc954a,LDAF 2026 FMNP roadside-stand directory,https://www.ldaf.la.gov/fmnp,B,2026-07-15,,new_state_candidate,promotion_eligible_reviewed,,Fields selected by evidence grade; every source observation remains separately auditable.
LA-C829114C3E,Dark Horse Farms,dark horse farms,farm,unique_source_name_reviewed,LA,Bossier,Haughton,71037,4462 Belleuve Rd,public_business_address_reviewed_for_future_reduced_precision,,,duck; lamb; turkey; eggs; wool; sheepskins; Narragansett Turkey,LocalHarvest Family Farm,(318) 820-6643,,internal_until_public_use_review,https://DarkHorseFarms.net,http://www.facebook.com/DarkHorseFarmsHaughton/,,,True,False,False,False,False,False,False,1,laobs_d8643f98597418089146,LocalHarvest — Louisiana county-seat gap search,https://www.localharvest.org/dark-horse-farms-M47019,D,2026-07-15,,new_state_candidate,promotion_eligible_reviewed,,Fields selected by evidence grade; every source observation remains separately auditable.
LA-33B9C8BA9C,Heirloom Farms Country Store,heirloom farms country store,farm,merged_exact_name_reviewed,LA,Bossier,Haughton,,"895 Allen Town Rd, Haughton",public_business_address_reviewed_for_future_reduced_precision,32.53265,-93.50406,"Vegetables, fruit, organic seeds; Vegetables, Fruit, Processed farm food products, Organic Heirloom Seeds",Mixed; Direct-to-consumer farm; historical statewide directory,(318) 949-9592,,internal_until_public_use_review,,,,,True,False,False,False,False,False,False,2,laobs_4e57114035636bced3d6 | laobs_86c44a5c84c5b281b39d,FarmFinder current canonical baseline — identity anchor only | LSU AgCenter statewide farm-food directory, | https://www.lsuagcenter.com/~/media/system/9/1/9/e/919ed83cfbd8ff0bd98b317a65f0604f/directory%20-%20la%20farm%20food%20during%20covidpdfpdf.pdf,E,2026-07-15,FF-0202,rediscovered_current_source,research_or_qa_queue,single grade-E discovery listing needs corroboration,Fields selected by evidence grade; every source observation remains separately auditable.
LA-1362767EF6,Hummer & Son Honey Farm,hummer and son honey farm,farm,unique_source_name_reviewed,LA,Bossier,Bossier City,,287 Sligo Rd. (Located two miles south of the,public_business_address_reviewed_for_future_reduced_precision,,,Farm products sold through an LDAF-approved roadside stand,Roadside stand; direct-to-consumer,(318) 742-3541,,internal_until_public_use_review,,,,,True,False,False,False,False,False,False,1,laobs_b902092c753d49812e60,LDAF 2026 FMNP roadside-stand directory,https://www.ldaf.la.gov/fmnp,B,2026-07-15,,new_state_candidate,promotion_eligible_reviewed,,Fields selected by evidence grade; every source observation remains separately auditable.
LA-66F624F81F,Hummer and Son,hummer and son,farm,unique_source_name_reviewed,LA,Bossier,Bossier City,,"287 Sligo Rd, Bossier City",public_business_address_reviewed_for_future_reduced_precision,,,Honey,Direct-to-consumer farm; historical statewide directory,318-742-3541,,internal_until_public_use_review,,,,,True,True,False,True,False,False,False,1,laobs_b977ff7fcf1575b031f4,LSU AgCenter statewide farm-food directory,https://www.lsuagcenter.com/~/media/system/9/1/9/e/919ed83cfbd8ff0bd98b317a65f0604f/directory%20-%20la%20farm%20food%20during%20covidpdfpdf.pdf,E,2026-07-15,,new_state_candidate,research_or_qa_queue,single grade-E discovery listing needs corroboration,Fields selected by evidence grade; every source observation remains separately auditable.
LA-8EB6D8D45C,Mahaffey Farms,mahaffey farms,farm,merged_exact_name_reviewed,LA,Bossier,Haughton/Princeton,71067,"440 Mahaffey Road, Princeton, LA 71067",public_business_address_reviewed_for_future_reduced_precision,32.53265,-93.50406,"Pastured livestock and/or farm products; see source listing; Beef, pork, eggs, poultry, vegetables; Vegetables, Fruit, Meat (pasture raised), Eggs, Milk, Honey, Processed farm food products; collards; kale; lettuce; asparagus; cucumber; garlic; green beans; green onions; onions; peas; potatoes; sweet peppers; tomatoes; beef; pork; hot peppers; okra; watermelons; eggs",Pastured-product farm; direct sales; Mixed; Direct-to-consumer farm; historical statewide directory; LocalHarvest Family Farm,(318) 949-6249,info@mahaffeyfarms.com,internal_until_public_use_review,https://mahaffeyfarms.com,http://www.facebook.com/pages/Mahaffey-Farms/148586925297879,,,True,True,True,True,False,False,False,4,laobs_2559326e94e8ac1dc65c | laobs_069bc2643ea1c05c114d | laobs_a9995c100e81be95bf1d | laobs_f415b5d7a2d95b5f7e2b,EatWild Louisiana directory | FarmFinder current canonical baseline — identity anchor only | LSU AgCenter statewide farm-food directory | LocalHarvest — Louisiana county-seat gap search,https://www.eatwild.com/products/louisiana.html | https://mahaffeyfarms.com | https://www.lsuagcenter.com/~/media/system/9/1/9/e/919ed83cfbd8ff0bd98b317a65f0604f/directory%20-%20la%20farm%20food%20during%20covidpdfpdf.pdf | https://www.localharvest.org/mahaffey-farms-M56775,C; D; E,2026-07-15,FF-0203,rediscovered_current_source,promotion_eligible_reviewed,,Fields selected by evidence grade; every source observation remains separately auditable.
LA-CF49AD893B,Raccoon Bend Farms,raccoon bend farms,farm,unique_source_name_reviewed,LA,Bossier,Bossier City,71111,5217 Airline Dr.,public_business_address_reviewed_for_future_reduced_precision,,,arugula; beets; broccoli; cabbage; carrots; cauliflower; collards; kale; lettuce; mustard greens; radishes; salad greens; salad mix; spinach; swiss chard; turnips; eggs; baked goods; bread; honey; pasta/soups; pickles; soap; vinegar; asparagus; onions; strawberries; fresh flowers; seeds; sweet corn; cucumber; edamame soybeans; eggplant; garlic; hot peppers; okra; peas; summer squash; sweet peppers; tomatoes; zucchini; cantaloupes; figs; melons; watermelons; potatoes; pumpkins; winter-squash; persimmons; gourds; Red Mulberry; Wild American Elderberry; Yellow-Meated Watermelon; Aunt Molly's Ground Cherry; Cherokee Purple Tomato; Landrace Red Creole Onion; Seven Top Turnip,LocalHarvest Family Farm,,,internal_until_public_use_review,https://www.raccoonbendfarms.com,http://www.facebook.com/raccoonbendfarms,,,True,False,False,False,False,False,False,1,laobs_b6a913adf39517b8091b,LocalHarvest — Louisiana county-seat gap search,https://www.localharvest.org/raccoon-bend-farms-M80404,D,2026-07-15,,new_state_candidate,promotion_eligible_reviewed,,Fields selected by evidence grade; every source observation remains separately auditable.
LA-4BEFB4A677,Cotton Street Farm,cotton street farm,farm,merged_exact_name_reviewed,LA,Caddo,Shreveport,,"406 Cotton St, Shreveport",public_business_address_reviewed_for_future_reduced_precision,32.52515,-93.75018,"Vegetables, meat, honey; Vegetables, Meat, Honey",Mixed; Direct-to-consumer farm; historical statewide directory,(225) 963-0956,,internal_until_public_use_review,,,,,False,False,True,True,False,False,False,2,laobs_a4f5c44cf0182627e46b | laobs_b9dc6c991d06d3120d4d,FarmFinder current canonical baseline — identity anchor only | LSU AgCenter statewide farm-food directory, | https://www.lsuagcenter.com/~/media/system/9/1/9/e/919ed83cfbd8ff0bd98b317a65f0604f/directory%20-%20la%20farm%20food%20during%20covidpdfpdf.pdf,C; E,2026-07-15,FF-0204,rediscovered_current_source,promotion_eligible_reviewed,,Fields selected by evidence grade; every source observation remains separately auditable.
LA-9691EB5A8B,Dad-D’s,dad ds,farm,unique_source_name_reviewed,LA,Caddo,Shreveport,,Corner of Woolworth & Buncombe Roads,public_business_address_reviewed_for_future_reduced_precision,,,Farm products sold through an LDAF-approved roadside stand,Roadside stand; direct-to-consumer,(318) 286-7803,,internal_until_public_use_review,,,,,True,False,False,False,False,False,False,1,laobs_521ed83f5835573a32ed,LDAF 2026 FMNP roadside-stand directory,https://www.ldaf.la.gov/fmnp,B,2026-07-15,,new_state_candidate,promotion_eligible_reviewed,,Fields selected by evidence grade; every source observation remains separately auditable.
LA-F650732401,Dixie Maze,dixie maze,farm,unique_source_name_reviewed,LA,Caddo,Shreveport,71107,9596 Sentell Rd.,public_business_address_reviewed_for_future_reduced_precision,,,Agritourism and farm activities; see LDAF certified operation description,Certified agritourism,318-510-7070,dee@dixiemaze.com,internal_until_public_use_review,https://www.dixiemaze.com,,,,False,False,False,False,True,False,False,1,laobs_14b3d59ad6549222db86,LDAF certified agritourism operations,https://assets.ctfassets.net/pc5e1rlgfrov/7B8yMZqsUPa8lLZSUToUtw/19d3206a6070dea80e63683408b1552e/agritourism-directory-2023.pdf,B,2026-07-15,,new_state_candidate,promotion_eligible_reviewed,,Fields selected by evidence grade; every source observation remains separately auditable.
LA-C553FA0F22,Innovator Farming,innovator farming,farm,unique_source_name_reviewed,LA,Caddo,Shreveport,,4235 Carver St.,public_business_address_reviewed_for_future_reduced_precision,,,Farm products sold through an LDAF-approved roadside stand,Roadside stand; direct-to-consumer,(318) 573-3066,,internal_until_public_use_review,,,,,True,False,False,False,False,False,False,1,laobs_5e759dbc0547722bd9ab,LDAF 2026 FMNP roadside-stand directory,https://www.ldaf.la.gov/fmnp,B,2026-07-15,,new_state_candidate,promotion_eligible_reviewed,,Fields selected by evidence grade; every source observation remains separately auditable.
LA-368B606078,Lynn Family Farm,lynn family farm,farm,merged_exact_name_reviewed,LA,Caddo,Belcher,,"312 Self Rd, Belcher",public_business_address_reviewed_for_future_reduced_precision,32.75056,-93.83389,"Vegetables, peaches; Vegetables, Fruit (peaches)",Produce; Direct-to-consumer farm; historical statewide directory,(318) 470-4580,,internal_until_public_use_review,,,,,True,True,False,False,True,False,False,2,laobs_e557ef22fe34d412f873 | laobs_95af2aca29398e69c436,FarmFinder current canonical baseline — identity anchor only | LSU AgCenter statewide farm-food directory, | https://www.lsuagcenter.com/~/media/system/9/1/9/e/919ed83cfbd8ff0bd98b317a65f0604f/directory%20-%20la%20farm%20food%20during%20covidpdfpdf.pdf,E,2026-07-15,FF-0205,rediscovered_current_source,research_or_qa_queue,single grade-E discovery listing needs corroboration,Fields selected by evidence grade; every source observation remains separately auditable.
LA-CD7B57079B,Mckinney Hill Farm,mckinney hill farm,farm,unique_source_name_reviewed,LA,Caddo,Hosston,71043,P.O. Box 335,public_business_address_reviewed_for_future_reduced_precision,,,Agritourism and farm activities; see LDAF certified operation description,Certified agritourism,318-287-3397,dogwood@usalinks.net,internal_until_public_use_review,,,,,True,False,False,False,True,False,False,1,laobs_ad37f509734f1a50c696,LDAF certified agritourism operations,https://assets.ctfassets.net/pc5e1rlgfrov/7B8yMZqsUPa8lLZSUToUtw/19d3206a6070dea80e63683408b1552e/agritourism-directory-2023.pdf,B,2026-07-15,,new_state_candidate,promotion_eligible_reviewed,,Fields selected by evidence grade; every source observation remains separately auditable.
LA-9104AC573D,Morell Dairy Farm,morell dairy farm,farm,merged_exact_name_reviewed,LA,Caddo,Mooringsport,,"4743 Hwy 169, Mooringsport",public_business_address_reviewed_for_future_reduced_precision,32.68765,-93.96102,"Dairy; Vegetables, Fruit, Meat, Eggs, Cheese, Seafood, Mushrooms, Nuts, Honey, Processed farm food products",Dairy; Direct-to-consumer farm; historical statewide directory,(318) 309-4046,,internal_until_public_use_review,https://www.morelldairyfarm.com/,,,,True,True,False,False,False,False,False,2,laobs_7306f130ed0b165bc96f | laobs_28d97833544cc607cba6,FarmFinder current canonical baseline — identity anchor only | LSU AgCenter statewide farm-food directory,https://www.morelldairyfarm.com/ | https://www.lsuagcenter.com/~/media/system/9/1/9/e/919ed83cfbd8ff0bd98b317a65f0604f/directory%20-%20la%20farm%20food%20during%20covidpdfpdf.pdf,C; E,2026-07-15,FF-0206,rediscovered_current_source,promotion_eligible_reviewed,,Fields selected by evidence grade; every source observation remains separately auditable.
LA-DEA287F9F9,Smith Family Farms,smith family farms,farm,merged_cross_county_identity_reviewed,LA,Caddo,Shreveport,,"1200 Marshall St, Shreveport",public_business_address_reviewed_for_future_reduced_precision,32.52515,-93.75018,"Meat, eggs; Vegetables, Meat, Eggs, Processed farm food products; Meat, Eggs",Meat; Direct-to-consumer farm; historical statewide directory,(318) 545-5808,,internal_until_public_use_review,https://www.theroamingbutcher.com/pages/smith-family-farms,,,,True,True,True,True,False,False,False,3,laobs_1e53b8313499546617b6 | laobs_d3eeedfbabbc4d8d0e20 | laobs_8bdb6c55072071f62f50,FarmFinder current canonical baseline — identity anchor only | LSU AgCenter statewide farm-food directory,https://www.theroamingbutcher.com/pages/smith-family-farms | https://www.lsuagcenter.com/~/media/system/9/1/9/e/919ed83cfbd8ff0bd98b317a65f0604f/directory%20-%20la%20farm%20food%20during%20covidpdfpdf.pdf,C; E,2026-07-15,FF-0207,rediscovered_current_source,promotion_eligible_reviewed,,Fields selected by evidence grade; every source observation remains separately auditable.
LA-CC952EBEF1,The Party Farm,the party farm,farm,unique_source_name_reviewed,LA,Caddo,Shreveport,71107,244 Blanchard Mobile Villa Rd.,public_business_address_reviewed_for_future_reduced_precision,,,Agritourism and farm activities; see LDAF certified operation description,Certified agritourism,318-510-6557,krthepartyfarm@gmail.com,internal_until_public_use_review,,,,,False,False,False,False,False,False,False,1,laobs_c834be0b7efec882dd3a,LDAF certified agritourism operations,https://assets.ctfassets.net/pc5e1rlgfrov/7B8yMZqsUPa8lLZSUToUtw/19d3206a6070dea80e63683408b1552e/agritourism-directory-2023.pdf,B,2026-07-15,,new_state_candidate,promotion_eligible_reviewed,,Fields selected by evidence grade; every source observation remains separately auditable.
LA-4880FE19CA,Vunny T’s Farm,vunny ts farm,farm,unique_source_name_reviewed,LA,Caddo,Shreveport,71109,4205 Barbara Avenue,public_business_address_reviewed_for_future_reduced_precision,,,Agritourism and farm activities; see LDAF certified operation description,Certified agritourism,318-946-4207,vunnytsfarmtable@gmail.com,internal_until_public_use_review,,,,,False,False,False,False,False,False,False,1,laobs_a8a27c0d74ca4ea25486,LDAF certified agritourism operations,https://assets.ctfassets.net/pc5e1rlgfrov/7B8yMZqsUPa8lLZSUToUtw/19d3206a6070dea80e63683408b1552e/agritourism-directory-2023.pdf,B,2026-07-15,,new_state_candidate,promotion_eligible_reviewed,,Fields selected by evidence grade; every source observation remains separately auditable.
LA-2499885F75,Wooldridge Meat LLC,wooldridge meat,farm,merged_exact_name_reviewed,LA,Caddo,Mooringsport,,"10724 Hwy 1, Mooringsport",public_business_address_reviewed_for_future_reduced_precision,32.68765,-93.96102,"Beef; Vegetables, Fruit, Eggs, Honey, Processed farm food products",Meat; Direct-to-consumer farm; historical statewide directory,(318) 207-7126,,internal_until_public_use_review,,,,,True,True,False,True,False,False,False,2,laobs_9a1fc8e6474ce0fc6a10 | laobs_fb77c98ee068663e6080,FarmFinder current canonical baseline — identity anchor only | LSU AgCenter statewide farm-food directory, | https://www.lsuagcenter.com/~/media/system/9/1/9/e/919ed83cfbd8ff0bd98b317a65f0604f/directory%20-%20la%20farm%20food%20during%20covidpdfpdf.pdf,E,2026-07-15,FF-0208,rediscovered_current_source,research_or_qa_queue,single grade-E discovery listing needs corroboration,Fields selected by evidence grade; every source observation remains separately auditable.
LA-55FDACCBC5,Soil Culture Soil Kulcha,soil culture soil kulcha,farm,unique_source_name_reviewed,LA,Calcasieu,Lake Charles,,,public_business_address_reviewed_for_future_reduced_precision,30.21309,-93.2044,Seasonal produce,Produce,(337) 540-7117,,internal_until_public_use_review,,,,,False,False,False,False,False,False,False,1,laobs_a1c4b52c34e5b1d17b07,FarmFinder current canonical baseline — identity anchor only,,E,2026-07-15,FF-0079,canonical_baseline_only,research_or_qa_queue,single grade-E discovery listing needs corroboration; canonical baseline farm not rediscovered in current three-pass sources,Fields selected by evidence grade; every source observation remains separately auditable.
LA-FBEF33283C,Suggah Shack Farm,suggah shack farm,farm,unique_source_name_reviewed,LA,Calcasieu,Iowa,,,public_business_address_reviewed_for_future_reduced_precision,30.23687,-93.01376,"Seasonal produce, pasture-raised eggs, self-care products",Mixed,(337) 588-4102,,internal_until_public_use_review,,,,,True,False,False,False,False,False,False,1,laobs_843c3a5f358e7253236f,FarmFinder current canonical baseline — identity anchor only,,E,2026-07-15,FF-0078,canonical_baseline_only,research_or_qa_queue,single grade-E discovery listing needs corroboration; canonical baseline farm not rediscovered in current three-pass sources,Fields selected by evidence grade; every source observation remains separately auditable.
LA-8C33E1ACBE,4G Cattle Company,4g cattle,farm,unique_source_name_reviewed,LA,Cameron,Creole,,,public_business_address_reviewed_for_future_reduced_precision,29.79611,-93.11139,Beef,Meat,(337) 249-6276,,internal_until_public_use_review,,,,,True,False,False,False,False,False,False,1,laobs_a452cb61590813fc6266,FarmFinder current canonical baseline — identity anchor only,,E,2026-07-15,FF-0166,canonical_baseline_only,research_or_qa_queue,single grade-E discovery listing needs corroboration; canonical baseline farm not rediscovered in current three-pass sources,Fields selected by evidence grade; every source observation remains separately auditable.
LA-A0946BF6EB,M & S Fresh Shrimp,m and s fresh shrimp,producer_requires_type_review,unique_source_name_reviewed,LA,Cameron,Cameron,,,public_business_address_reviewed_for_future_reduced_precision,29.79772,-93.32515,"Shrimp, crabs",Seafood,(337) 540-4586,,internal_until_public_use_review,,,,,False,False,False,True,False,False,False,1,laobs_a7017b156e4d93d8ccd6,FarmFinder current canonical baseline — identity anchor only,,E,2026-07-15,FF-0167,canonical_baseline_only,research_or_qa_queue,single grade-E discovery listing needs corroboration; directory candidate needs independent farm-operation evidence; canonical baseline farm not rediscovered in current three-pass sources,Fields selected by evidence grade; every source observation remains separately auditable.
LA-3080E3FEE7,Circle of Faith-CLG,circle of faith clg,farm,unique_source_name_reviewed,LA,Catahoula,Sicily Island,,741 Sicily St.,public_business_address_reviewed_for_future_reduced_precision,,,Farm products sold through an LDAF-approved roadside stand,Roadside stand; direct-to-consumer,(318) 350-0553,,internal_until_public_use_review,,,,,True,False,False,False,False,False,False,1,laobs_5f3e894e95899cc47c6c,LDAF 2026 FMNP roadside-stand directory,https://www.ldaf.la.gov/fmnp,B,2026-07-15,,new_state_candidate,promotion_eligible_reviewed,,Fields selected by evidence grade; every source observation remains separately auditable.
LA-7463FC53DF,Lazy B Ranch Beef,lazy b ranch beef,farm,unique_source_name_reviewed,LA,Catahoula,Sicily Island,,"2839 Hwy 8, Sicily Island",public_business_address_reviewed_for_future_reduced_precision,,,Meat (grass-fed beef),Direct-to-consumer farm; historical statewide directory,225-588-2770,,internal_until_public_use_review,,,,,True,False,False,True,False,False,False,1,laobs_098a341e4b779a8e3e7c,LSU AgCenter statewide farm-food directory,https://www.lsuagcenter.com/~/media/system/9/1/9/e/919ed83cfbd8ff0bd98b317a65f0604f/directory%20-%20la%20farm%20food%20during%20covidpdfpdf.pdf,E,2026-07-15,,new_state_candidate,research_or_qa_queue,single grade-E discovery listing needs corroboration,Fields selected by evidence grade; every source observation remains separately auditable.
LA-73F42F88B0,Beard Produce,beard produce,farm,unique_source_name_reviewed,LA,Concordia,Lismore,,4469 Hwy. 565,public_business_address_reviewed_for_future_reduced_precision,,,Farm products sold through an LDAF-approved roadside stand,Roadside stand; direct-to-consumer,(225) 333-1439,,internal_until_public_use_review,,,,,True,False,False,False,False,False,False,1,laobs_f422dc33627bbb00dc16,LDAF 2026 FMNP roadside-stand directory,https://www.ldaf.la.gov/fmnp,B,2026-07-15,,new_state_candidate,promotion_eligible_reviewed,,Fields selected by evidence grade; every source observation remains separately auditable.
LA-5388F96B11,"CM Farm Ranch, LLC",cm farm ranch,farm,unique_source_name_reviewed,LA,Concordia,Clayton,,1368 Hwy. 900,public_business_address_reviewed_for_future_reduced_precision,,,Farm products sold through an LDAF-approved roadside stand,Roadside stand; direct-to-consumer,(601) 807-2009,,internal_until_public_use_review,,,,,True,False,False,False,False,False,False,1,laobs_f669c53587c4086491f2,LDAF 2026 FMNP roadside-stand directory,https://www.ldaf.la.gov/fmnp,B,2026-07-15,,new_state_candidate,promotion_eligible_reviewed,,Fields selected by evidence grade; every source observation remains separately auditable.
LA-E2B84AE0E7,Iron Heart Ranch,iron heart ranch,farm,unique_source_name_reviewed,LA,Concordia,Clayton,,,public_business_address_reviewed_for_future_reduced_precision,,,wool; lamb; sheepskins,LocalHarvest Family Farm,(409) 789-8314,,internal_until_public_use_review,,https://www.facebook.com/groups/417655966774725,,,True,False,False,False,False,False,False,1,laobs_64f9a5b9d13bd801aec0,LocalHarvest — Louisiana county-seat gap search,https://www.localharvest.org/iron-heart-ranch-M81246,D,2026-07-15,,new_state_candidate,promotion_eligible_reviewed,,Fields selected by evidence grade; every source observation remains separately auditable.
LA-F413B3C3E9,Matthews’,matthews,farm,unique_source_name_reviewed,LA,Concordia,Ferriday,,197 Mack Moore Rd.,public_business_address_reviewed_for_future_reduced_precision,,,Farm products sold through an LDAF-approved roadside stand,Roadside stand; direct-to-consumer,(318) 403-8732,,internal_until_public_use_review,,,,,True,False,False,False,False,False,False,1,laobs_af3471f70811e0b5e3a9,LDAF 2026 FMNP roadside-stand directory,https://www.ldaf.la.gov/fmnp,B,2026-07-15,,new_state_candidate,promotion_eligible_reviewed,,Fields selected by evidence grade; every source observation remains separately auditable.
LA-780ECF8679,Cabin On Gray’s Pond,cabin on grays pond,farm,unique_source_name_reviewed,LA,De Soto,Keachie,71046,4189 Hwy 172,public_business_address_reviewed_for_future_reduced_precision,,,Agritourism and farm activities; see LDAF certified operation description,Certified agritourism,865-388-5600,sgriffith3399@gmail.com,internal_until_public_use_review,,,,,False,False,False,False,False,False,False,1,laobs_7a10d668560e5eb81c8f,LDAF certified agritourism operations,https://assets.ctfassets.net/pc5e1rlgfrov/7B8yMZqsUPa8lLZSUToUtw/19d3206a6070dea80e63683408b1552e/agritourism-directory-2023.pdf,B,2026-07-15,,new_state_candidate,promotion_eligible_reviewed,,Fields selected by evidence grade; every source observation remains separately auditable.
LA-1F01C30884,Deedee's B&B,deedees b and b,farm,unique_source_name_reviewed,LA,De Soto,Keachi,71046,422 Church Road,public_business_address_reviewed_for_future_reduced_precision,,,Agritourism and farm activities; see LDAF certified operation description,Certified agritourism,903-692-0965,Donnamarie798@aol.com,internal_until_public_use_review,http://www.deedeebnb.com,,,,False,False,False,False,False,False,False,1,laobs_d3190a7bbbee1b312154,LDAF certified agritourism operations,https://assets.ctfassets.net/pc5e1rlgfrov/7B8yMZqsUPa8lLZSUToUtw/19d3206a6070dea80e63683408b1552e/agritourism-directory-2023.pdf,B,2026-07-15,,new_state_candidate,promotion_eligible_reviewed,,Fields selected by evidence grade; every source observation remains separately auditable.
LA-6F0D973ECA,Deer Creek Farm,deer creek farm,farm,unique_source_name_reviewed,LA,De Soto,Mansfield,71052,4919 Hwy. 84,public_business_address_reviewed_for_future_reduced_precision,,,Agritourism and farm activities; see LDAF certified operation description,Certified agritourism,,carrdeercreek@hughes.net,internal_until_public_use_review,,,,,False,False,False,False,False,False,False,1,laobs_9503ca919b21b1a68b58,LDAF certified agritourism operations,https://assets.ctfassets.net/pc5e1rlgfrov/7B8yMZqsUPa8lLZSUToUtw/19d3206a6070dea80e63683408b1552e/agritourism-directory-2023.pdf,B,2026-07-15,,new_state_candidate,promotion_eligible_reviewed,,Fields selected by evidence grade; every source observation remains separately auditable.
LA-A7610E6732,Donna Cagle,donna cagle,farm,unique_source_name_reviewed,LA,De Soto,Logansport,71046,165 Eds Rd,public_business_address_reviewed_for_future_reduced_precision,,,Agritourism and farm activities; see LDAF certified operation description,Certified agritourism,903-692-0965,Donnamarie798@aol.com,internal_until_public_use_review,,,,,False,False,False,False,False,False,False,1,laobs_3fba09b193d843243b00,LDAF certified agritourism operations,https://assets.ctfassets.net/pc5e1rlgfrov/7B8yMZqsUPa8lLZSUToUtw/19d3206a6070dea80e63683408b1552e/agritourism-directory-2023.pdf,B,2026-07-15,,new_state_candidate,promotion_eligible_reviewed,,Fields selected by evidence grade; every source observation remains separately auditable.
LA-8350DEE74E,"Hillcrest Blueberry Farm, LLC",hillcrest blueberry farm,farm,unique_source_name_reviewed,LA,De Soto,Stonewall,74078,121 Sepulvado Drive,public_business_address_reviewed_for_future_reduced_precision,,,Agritourism and farm activities; see LDAF certified operation description,Certified agritourism,(318) 617-7497,dayealexander@aol.com,internal_until_public_use_review,http://www.hillcrestblueberryfarm.com,,,,True,False,False,False,True,False,False,1,laobs_dee9d5e1761a6cb03ff0,LDAF certified agritourism operations,https://assets.ctfassets.net/pc5e1rlgfrov/7B8yMZqsUPa8lLZSUToUtw/19d3206a6070dea80e63683408b1552e/agritourism-directory-2023.pdf,B,2026-07-15,,new_state_candidate,promotion_eligible_reviewed,,Fields selected by evidence grade; every source observation remains separately auditable.
LA-DE143C6938,Keachi Acres LLC,keachi acres,farm,unique_source_name_reviewed,LA,De Soto,Keachi,71046,9192 Hwy. 5,public_business_address_reviewed_for_future_reduced_precision,,,Agritourism and farm activities; see LDAF certified operation description,Certified agritourism,318-347-2463,tmnesbitt@yahoo.com,internal_until_public_use_review,https://keachiacres.com,,,,False,False,False,False,False,False,False,1,laobs_f9cce69a31c3d18a2456,LDAF certified agritourism operations,https://assets.ctfassets.net/pc5e1rlgfrov/7B8yMZqsUPa8lLZSUToUtw/19d3206a6070dea80e63683408b1552e/agritourism-directory-2023.pdf,B,2026-07-15,,new_state_candidate,promotion_eligible_reviewed,,Fields selected by evidence grade; every source observation remains separately auditable.
LA-910ACDB60D,Kingston Orchard,kingston orchard,farm,unique_source_name_reviewed,LA,De Soto,Frierson,,,public_business_address_reviewed_for_future_reduced_precision,32.25111,-93.68917,"Peaches, ice cream",Produce,(318) 872-4111,,internal_until_public_use_review,,,,,True,False,False,False,False,False,False,1,laobs_afc941de96c925dac3c1,FarmFinder current canonical baseline — identity anchor only,,E,2026-07-15,FF-0209,canonical_baseline_only,research_or_qa_queue,single grade-E discovery listing needs corroboration; canonical baseline farm not rediscovered in current three-pass sources,Fields selected by evidence grade; every source observation remains separately auditable.
LA-3D0D846233,Our Back Porch On Toledo Bend,our back porch on toledo bend,farm,unique_source_name_reviewed,LA,De Soto,Logansport,71046,165 Eds Road,public_business_address_reviewed_for_future_reduced_precision,,,Agritourism and farm activities; see LDAF certified operation description,Certified agritourism,318-933-5259,donnamarie798@aol.com,internal_until_public_use_review,,,,,False,False,False,False,False,False,False,1,laobs_439ff171bb034d25b92a,LDAF certified agritourism operations,https://assets.ctfassets.net/pc5e1rlgfrov/7B8yMZqsUPa8lLZSUToUtw/19d3206a6070dea80e63683408b1552e/agritourism-directory-2023.pdf,B,2026-07-15,,new_state_candidate,promotion_eligible_reviewed,,Fields selected by evidence grade; every source observation remains separately auditable.
LA-8AC071ACB1,Baton Roots Community Farm,baton roots community farm,farm,merged_exact_name_reviewed,LA,East Baton Rouge,Baton Rouge,,"5509 Winborne Ave, Baton Rouge",public_business_address_reviewed_for_future_reduced_precision,30.44332,-91.18747,"Vegetables; Seafood (crab, shrimp)",Urban Farm; Direct-to-consumer farm; historical statewide directory,(225) 434-0515,,internal_until_public_use_review,https://www.thewallsproject.org/batonroots,,,,True,False,False,True,False,False,False,2,laobs_10afb0c5dd34bb958a4a | laobs_57601b8a139a5d7a6da0,FarmFinder current canonical baseline — identity anchor only | LSU AgCenter statewide farm-food directory,https://www.thewallsproject.org/batonroots | https://www.lsuagcenter.com/~/media/system/9/1/9/e/919ed83cfbd8ff0bd98b317a65f0604f/directory%20-%20la%20farm%20food%20during%20covidpdfpdf.pdf,C; E,2026-07-15,FF-0115,rediscovered_current_source,promotion_eligible_reviewed,,Fields selected by evidence grade; every source observation remains separately auditable.
LA-383BF94651,Fullness Farm,fullness farm,farm,merged_exact_name_reviewed,LA,East Baton Rouge,Baton Rouge,,,public_business_address_reviewed_for_future_reduced_precision,30.44332,-91.18747,"Vegetables, fruit, honey; Vegetables, Fruit, Honey",Mixed; Direct-to-consumer farm; historical statewide directory,(225) 255-0675,hello@fullnessorganic.com,internal_until_public_use_review,https://fullnessfarm.com/,,,,False,True,True,False,False,False,False,2,laobs_35c1427e115b29e07062 | laobs_12101e0a918ce526b66a,FarmFinder current canonical baseline — identity anchor only | LSU AgCenter statewide farm-food directory,https://fullnessfarm.com/ | https://www.lsuagcenter.com/~/media/system/9/1/9/e/919ed83cfbd8ff0bd98b317a65f0604f/directory%20-%20la%20farm%20food%20during%20covidpdfpdf.pdf,C; E,2026-07-15,FF-0116,rediscovered_current_source,promotion_eligible_reviewed,,Fields selected by evidence grade; every source observation remains separately auditable.
LA-362106DF6E,G Blessed Farm,g blessed farm,farm,unique_source_name_reviewed,LA,East Baton Rouge,Baton Rouge,,,public_business_address_reviewed_for_future_reduced_precision,30.44332,-91.18747,"Eggs, vegetables",Mixed,,,internal_until_public_use_review,,,,,True,False,False,False,False,False,False,1,laobs_e33a1a4e28f7ee422699,FarmFinder current canonical baseline — identity anchor only,,E,2026-07-15,FF-0081,canonical_baseline_only,research_or_qa_queue,single grade-E discovery listing needs corroboration; canonical baseline farm not rediscovered in current three-pass sources,Fields selected by evidence grade; every source observation remains separately auditable.
LA-7189946FDD,Gless Farm,gless farm,farm,unique_source_name_reviewed,LA,East Baton Rouge,Baton Rouge,,,public_business_address_reviewed_for_future_reduced_precision,30.44332,-91.18747,"Fresh vegetables, cattle beef",Mixed,(225) 266-0194,,internal_until_public_use_review,,,,,True,False,False,False,False,False,False,1,laobs_8e49c3c34acf34c11988,FarmFinder current canonical baseline — identity anchor only,,E,2026-07-15,FF-0082,canonical_baseline_only,research_or_qa_queue,single grade-E discovery listing needs corroboration; canonical baseline farm not rediscovered in current three-pass sources,Fields selected by evidence grade; every source observation remains separately auditable.
LA-4F7A9D0B9A,Harbo Bee Company,harbo bee,farm,merged_exact_name_reviewed,LA,East Baton Rouge,Baton Rouge,,"324 West Woodgate Ct, Baton Rouge",public_business_address_reviewed_for_future_reduced_precision,30.44332,-91.18747,"Honey; Meat, Eggs, Milk, Nuts, Honey, Processed farm food products",Honey/Specialty; Direct-to-consumer farm; historical statewide directory,(225) 766-5696,,internal_until_public_use_review,https://www.harbobeeco.com/,,,,True,True,False,True,False,False,False,2,laobs_73f3bce140c84e289082 | laobs_2777ade31a1f8f202935,FarmFinder current canonical baseline — identity anchor only | LSU AgCenter statewide farm-food directory,https://www.harbobeeco.com/about-us/ | https://www.lsuagcenter.com/~/media/system/9/1/9/e/919ed83cfbd8ff0bd98b317a65f0604f/directory%20-%20la%20farm%20food%20during%20covidpdfpdf.pdf,C; E,2026-07-15,FF-0117,rediscovered_current_source,promotion_eligible_reviewed,,Fields selected by evidence grade; every source observation remains separately auditable.
LA-9F8C251960,Hilltop Apiary,hilltop apiary,farm,unique_source_name_reviewed,LA,East Baton Rouge,Baton Rouge,,,public_business_address_reviewed_for_future_reduced_precision,30.44332,-91.18747,Honey,Honey/Specialty,(225) 572-7744,orders@hilltopapiary.com,internal_until_public_use_review,https://hilltopapiary.com/,,,,True,True,True,False,False,False,False,1,laobs_88b188333e5c89626922,FarmFinder current canonical baseline — identity anchor only,https://hilltopapiary.com/,C,2026-07-15,FF-0118,canonical_baseline_only,research_or_qa_queue,canonical baseline farm not rediscovered in current three-pass sources,Fields selected by evidence grade; every source observation remains separately auditable.
LA-0E317F56A0,Luckett Farms,luckett farms,farm,merged_exact_name_reviewed,LA,East Baton Rouge,Pride,70770,14722 Pride Port Hudson Rd.,public_business_address_reviewed_for_future_reduced_precision,30.69389,-90.97806,"Vegetables, fruit, honey; Farm products sold through an LDAF-approved roadside stand; Agritourism and farm activities; see LDAF certified operation description; Vegetables, Fruit, Meat, Eggs, Milk, Cheese, Seafood, Mushrooms, Nuts, Honey, Processed farm food products",Mixed; Roadside stand; direct-to-consumer; Certified agritourism; Direct-to-consumer farm; historical statewide directory,(225) 939-2998,Kluckettfarms@gmail.com,internal_until_public_use_review,https://www.luckettfarmstours.com,,,,True,True,True,True,True,False,False,4,laobs_dfe8b693a65caaabe3e4 | laobs_1cf172c851e25b40e6ee | laobs_b21c77ef35bbb845a861 | laobs_ce4152ba380170c4b491,FarmFinder current canonical baseline — identity anchor only | LDAF 2026 FMNP roadside-stand directory | LDAF certified agritourism operations | LSU AgCenter statewide farm-food directory,https://luckettfarms.com/join/ | https://www.ldaf.la.gov/fmnp | https://assets.ctfassets.net/pc5e1rlgfrov/7B8yMZqsUPa8lLZSUToUtw/19d3206a6070dea80e63683408b1552e/agritourism-directory-2023.pdf | https://www.lsuagcenter.com/~/media/system/9/1/9/e/919ed83cfbd8ff0bd98b317a65f0604f/directory%20-%20la%20farm%20food%20during%20covidpdfpdf.pdf,B; C; E,2026-07-15,FF-0120,rediscovered_current_source,promotion_eligible_reviewed,,Fields selected by evidence grade; every source observation remains separately auditable.
LA-D84DA77409,Sunnyside Garden LA LLC,sunnyside garden la,farm,merged_exact_name_reviewed,LA,East Baton Rouge,Zachary,,"23860 Sunnyside Ln, Zachary",public_business_address_reviewed_for_future_reduced_precision,30.64852,-91.1565,"Vegetables; Vegetables, Fruit, Eggs, Honey, Processed farm food products",Produce; Direct-to-consumer farm; historical statewide directory,(225) 278-1205,,internal_until_public_use_review,,,,,True,True,False,False,False,False,False,2,laobs_9bb223adf5ce1ba7104f | laobs_b84921ad2d940183f6a8,FarmFinder current canonical baseline — identity anchor only | LSU AgCenter statewide farm-food directory, | https://www.lsuagcenter.com/~/media/system/9/1/9/e/919ed83cfbd8ff0bd98b317a65f0604f/directory%20-%20la%20farm%20food%20during%20covidpdfpdf.pdf,E,2026-07-15,FF-0121,rediscovered_current_source,research_or_qa_queue,single grade-E discovery listing needs corroboration,Fields selected by evidence grade; every source observation remains separately auditable.
LA-252716E78B,"Barn Hill Preserve, Inc.",barn hill preserve,farm,unique_source_name_reviewed,LA,East Feliciana,Ethel,70730,11342 Hwy 955 E,public_business_address_reviewed_for_future_reduced_precision,,,Agritourism and farm activities; see LDAF certified operation description,Certified agritourism,225-726-9767,office@barnhillpreserve.com,internal_until_public_use_review,,,,,False,False,False,False,True,False,False,1,laobs_ee138c09b90765d02927,LDAF certified agritourism operations,https://assets.ctfassets.net/pc5e1rlgfrov/7B8yMZqsUPa8lLZSUToUtw/19d3206a6070dea80e63683408b1552e/agritourism-directory-2023.pdf,B,2026-07-15,,new_state_candidate,promotion_eligible_reviewed,,Fields selected by evidence grade; every source observation remains separately auditable.
LA-9B368BF501,"Berry Sweet Orchards, LLC",berry sweet orchards,farm,merged_exact_name_reviewed,LA,East Feliciana,Ethel,70730,,public_business_address_reviewed_for_future_reduced_precision,30.79139,-91.13056,"Organic blueberries, blackberries, produce; U-pick crops; agritourism",Produce; U-pick; agritourism,(225) 683-1001,,internal_until_public_use_review,,,,,True,False,False,False,True,False,False,2,laobs_a6d12e856bc6782547a2 | laobs_b1d2836e5f5456d1842e,FarmFinder current canonical baseline — identity anchor only | PickYourOwn — Baton Rouge and south-central Louisiana, | https://www.pickyourown.org/LAbatonrouge.htm,E,2026-07-15,FF-0075,rediscovered_current_source,research_or_qa_queue,single grade-E discovery listing needs corroboration; source reports closure and requires affirmative curator decision,Fields selected by evidence grade; every source observation remains separately auditable.
LA-0317E855A2,Browning Cattle Company,browning cattle,farm,unique_source_name_reviewed,LA,East Feliciana,Ethel,,"8100 Hwy 963, Ethel",public_business_address_reviewed_for_future_reduced_precision,,,Meat (beef),Direct-to-consumer farm; historical statewide directory,225-324-8408,,internal_until_public_use_review,,,,,False,False,False,True,False,False,False,1,laobs_a16a1c89eed930a9de65,LSU AgCenter statewide farm-food directory,https://www.lsuagcenter.com/~/media/system/9/1/9/e/919ed83cfbd8ff0bd98b317a65f0604f/directory%20-%20la%20farm%20food%20during%20covidpdfpdf.pdf,E,2026-07-15,,new_state_candidate,research_or_qa_queue,single grade-E discovery listing needs corroboration,Fields selected by evidence grade; every source observation remains separately auditable.
LA-9CFD868BB6,EquiTerra Farm,equiterra farm,farm,unique_source_name_reviewed,LA,East Feliciana,Clinton,,"12798 Muse Ln, Clinton",public_business_address_reviewed_for_future_reduced_precision,,,"Vegetables, Fruit, Meat, Eggs, Honey, Processed farm food products",Direct-to-consumer farm; historical statewide directory,225-405-8286,,internal_until_public_use_review,,,,,False,True,False,False,True,False,False,1,laobs_f08919faae54eeb4a580,LSU AgCenter statewide farm-food directory,https://www.lsuagcenter.com/~/media/system/9/1/9/e/919ed83cfbd8ff0bd98b317a65f0604f/directory%20-%20la%20farm%20food%20during%20covidpdfpdf.pdf,E,2026-07-15,,new_state_candidate,research_or_qa_queue,single grade-E discovery listing needs corroboration,Fields selected by evidence grade; every source observation remains separately auditable.
LA-26AB43DDD4,Keller And Roberta Mckowen Ranch,keller and roberta mckowen ranch,farm,unique_source_name_reviewed,LA,East Feliciana,Jackson,70748,3320 Bill McKowen Lane,public_business_address_reviewed_for_future_reduced_precision,,,Agritourism and farm activities; see LDAF certified operation description,Certified agritourism,225-278-6575,pwzroberta@yahoo.com,internal_until_public_use_review,,,,,False,False,False,False,False,False,False,1,laobs_10b4417e20abdb75aa3d,LDAF certified agritourism operations,https://assets.ctfassets.net/pc5e1rlgfrov/7B8yMZqsUPa8lLZSUToUtw/19d3206a6070dea80e63683408b1552e/agritourism-directory-2023.pdf,B,2026-07-15,,new_state_candidate,promotion_eligible_reviewed,,Fields selected by evidence grade; every source observation remains separately auditable.
LA-879D796827,Magnolia Ridge Adventure Park,magnolia ridge adventure park,farm,unique_source_name_reviewed,LA,East Feliciana,Ethel,70730,11342 Hwy 955 E,public_business_address_reviewed_for_future_reduced_precision,,,Agritourism and farm activities; see LDAF certified operation description,Certified agritourism,225-726-9767,info@magnoliaridgepark.com,internal_until_public_use_review,,,,,False,False,False,False,False,False,False,1,laobs_fb02b7601005a13536c9,LDAF certified agritourism operations,https://assets.ctfassets.net/pc5e1rlgfrov/7B8yMZqsUPa8lLZSUToUtw/19d3206a6070dea80e63683408b1552e/agritourism-directory-2023.pdf,B,2026-07-15,,new_state_candidate,promotion_eligible_reviewed,,Fields selected by evidence grade; every source observation remains separately auditable.
LA-C0551D4208,Maranatha Farm,maranatha farm,farm,unique_source_name_reviewed,LA,East Feliciana,Slaughter,,,public_business_address_reviewed_for_future_reduced_precision,30.717406,-91.141496,Vegetables (CSA),Produce,,,internal_until_public_use_review,,,,,True,False,False,False,False,False,False,1,laobs_4539be9e5289e9f6432e,FarmFinder current canonical baseline — identity anchor only,,E,2026-07-15,FF-0271,canonical_baseline_only,research_or_qa_queue,single grade-E discovery listing needs corroboration; canonical baseline farm not rediscovered in current three-pass sources,Fields selected by evidence grade; every source observation remains separately auditable.
LA-EE5341A62C,Ms. Ruthie’s,ms ruthies,farm,unique_source_name_reviewed,LA,East Feliciana,Clinton,,12305 St. Helena St. (Hwy. 10),public_business_address_reviewed_for_future_reduced_precision,,,Farm products sold through an LDAF-approved roadside stand,Roadside stand; direct-to-consumer,(225) 244-2252,,internal_until_public_use_review,,,,,True,False,False,False,False,False,False,1,laobs_7e20d9a1392300d6a2ae,LDAF 2026 FMNP roadside-stand directory,https://www.ldaf.la.gov/fmnp,B,2026-07-15,,new_state_candidate,promotion_eligible_reviewed,,Fields selected by evidence grade; every source observation remains separately auditable.
LA-F11954C68B,Port Hudson Organics,port hudson organics,farm,unique_source_name_reviewed,LA,East Feliciana,Zachary,,,public_business_address_reviewed_for_future_reduced_precision,30.64852,-91.1565,"Organic vegetables, herbs, flowers, honey",Produce,(225) 658-8526,,internal_until_public_use_review,,,,,True,False,False,False,False,False,False,1,laobs_7a01d813fa3d488be86b,FarmFinder current canonical baseline — identity anchor only,,E,2026-07-15,FF-0074,canonical_baseline_only,research_or_qa_queue,single grade-E discovery listing needs corroboration; canonical baseline farm not rediscovered in current three-pass sources,Fields selected by evidence grade; every source observation remains separately auditable.
LA-A0947E27EA,Bayou Farm,bayou farm,farm,split_due_county_conflict,LA,Evangeline,Ville Platte,70586,1624 Cousins Rd.,public_business_address_reviewed_for_future_reduced_precision,,,"At Bayou Farm, we believe in working with nature--the soil, microorganisms, and pasture plants--to produce healthy, delicious meats. We use management intensive grazing, moving our livestock in complementary rotations through our pastures, to optimize both animal and pasture plant performance. With this holistic farming model, we produce Pasture-raised Lamb and 100% Grass-fed Beef. We do not feed our animals antibiotics, growth stimulants (hormones), or other chemicals. Whole lamb shares and whole/half beef shares are available seasonally. Please email us or visit www.bayoufarm.com for more information. Members of the Louisiana Forage and Grasslands Council (LFGC), the Livestock Conservancy,",LocalHarvest Family Farm,(337) 256-4268,,internal_until_public_use_review,https://www.bayoufarm.com,http://www.facebook.com/BayouFarm,,,True,False,False,False,False,False,False,1,laobs_cdef8f5aaf8897ac700b,LocalHarvest — Louisiana county-seat gap search,https://www.localharvest.org/bayou-farm-M53162,D,2026-07-15,,new_state_candidate,research_or_qa_queue,same normalized name appears in multiple counties,Fields selected by evidence grade; every source observation remains separately auditable.
LA-D35681BCA0,Soileau Family Cajun Farm,soileau family cajun farm,farm,unique_source_name_reviewed,LA,Evangeline,Ville Platte,70586,408 E. LaSalle St.,public_business_address_reviewed_for_future_reduced_precision,,,brussels sprouts; chicken; duck; geese; lamb; rabbit; eggs; peas; sweet peppers; tomatoes; blackberries; medicinal herbs; wool; broccoli; sweet corn; cucumber; dry beans; eggplant; garlic; green onions; hot peppers; leeks; okra; summer squash; turnips; cantaloupes; figs; watermelons; corn; pumpkins; shallots; sweet potatoes; sunflower seeds,LocalHarvest Family Farm,(337) 459-7875,,internal_until_public_use_review,,,,,True,False,False,False,False,False,False,1,laobs_c34f2d61db0c87c768d8,LocalHarvest — Louisiana county-seat gap search,https://www.localharvest.org/soileau-family-cajun-farm-M76023,D,2026-07-15,,new_state_candidate,promotion_eligible_reviewed,,Fields selected by evidence grade; every source observation remains separately auditable.
LA-A88CB9021F,Watershed Farm of Bayou Chicot,watershed farm of bayou chicot,farm,unique_source_name_reviewed,LA,Evangeline,Ville Platte,70586,"1257, Watershed Road",public_business_address_reviewed_for_future_reduced_precision,,,pickles; preserves,LocalHarvest Family Farm,(504) 866-1972,,internal_until_public_use_review,https://www.watershedfarms.com,,,,True,False,False,False,False,False,False,1,laobs_093f217ebb85fe2adc26,LocalHarvest — Louisiana county-seat gap search,https://www.localharvest.org/watershed-farm-of-bayou-chicot-M6609,D,2026-07-15,,new_state_candidate,promotion_eligible_reviewed,,Fields selected by evidence grade; every source observation remains separately auditable.
LA-A8A207713C,Papaw Dan's Apiary,papaw dans apiary,farm,unique_source_name_reviewed,LA,Franklin,Fort Necessity,,"734 Sharp Loop, Fort Necessity",public_business_address_reviewed_for_future_reduced_precision,,,"Vegetables, Fruit, Honey",Direct-to-consumer farm; historical statewide directory,318-535-3515,,internal_until_public_use_review,,,,,True,True,False,False,False,False,False,1,laobs_43dcacc41e77b6b463fe,LSU AgCenter statewide farm-food directory,https://www.lsuagcenter.com/~/media/system/9/1/9/e/919ed83cfbd8ff0bd98b317a65f0604f/directory%20-%20la%20farm%20food%20during%20covidpdfpdf.pdf,E,2026-07-15,,new_state_candidate,research_or_qa_queue,single grade-E discovery listing needs corroboration,Fields selected by evidence grade; every source observation remains separately auditable.
LA-B49491E55A,Butterfield Farm,butterfield farm,farm,merged_exact_name_reviewed,LA,Grant,Pollock,71467,"228 Butterfield Lane, Pollock LA 71467",public_business_address_reviewed_for_future_reduced_precision,31.50667,-92.43833,Pastured livestock and/or farm products; see source listing; Grass-fed beef CSA shares,Pastured-product farm; direct sales; Meat,(318) 446-6495,butterfieldfamilyfarm@gmail.com,internal_until_public_use_review,https://butterfieldfarms.net,https://www.facebook.com/butterfieldfarm,,,True,False,True,False,False,False,False,2,laobs_f6b3a2cf0f7ab5207f4d | laobs_719e1c25c5dbe346c76f,EatWild Louisiana directory | FarmFinder current canonical baseline — identity anchor only,https://www.eatwild.com/products/louisiana.html | https://butterfieldfarms.net,C; D,2026-07-15,FF-0232,rediscovered_current_source,promotion_eligible_reviewed,,Fields selected by evidence grade; every source observation remains separately auditable.
LA-BC9022FE5E,Butterfield Farms,butterfield farms,farm,unique_source_name_reviewed,LA,Grant,Pollock,71467,228 Butterfield Lane,public_business_address_reviewed_for_future_reduced_precision,,,beef; chicken; eggs,LocalHarvest Family Farm,(318) 899-5789,,internal_until_public_use_review,https://www.butterfieldfarms.net,,,,True,False,False,False,False,False,False,1,laobs_8bf3254856f56b53f74e,LocalHarvest — Louisiana county-seat gap search,https://www.localharvest.org/butterfield-farms-M42472,D,2026-07-15,,new_state_candidate,promotion_eligible_reviewed,,Fields selected by evidence grade; every source observation remains separately auditable.
LA-56083207C3,Haley's Honey,haleys honey,farm,merged_exact_name_reviewed,LA,Grant,Dry Prong,,"212 Charles Preuett Rd, Dry Prong",public_business_address_reviewed_for_future_reduced_precision,31.58056,-92.53056,Honey,Honey/Specialty; Direct-to-consumer farm; historical statewide directory,(318) 419-7270,,internal_until_public_use_review,,,,,True,False,False,False,False,False,False,2,laobs_0059643028e70f568fd9 | laobs_fcf2c92232671bfda1de,FarmFinder current canonical baseline — identity anchor only | LSU AgCenter statewide farm-food directory, | https://www.lsuagcenter.com/~/media/system/9/1/9/e/919ed83cfbd8ff0bd98b317a65f0604f/directory%20-%20la%20farm%20food%20during%20covidpdfpdf.pdf,E,2026-07-15,FF-0228,rediscovered_current_source,research_or_qa_queue,single grade-E discovery listing needs corroboration,Fields selected by evidence grade; every source observation remains separately auditable.
LA-53A08784C4,Littlepage Farms,littlepage farms,farm,merged_exact_name_reviewed,LA,Grant,Colfax,,12219 Hwy. 8 S.,public_business_address_reviewed_for_future_reduced_precision,31.51906,-92.70682,"Vegetables, fruit, eggs, nuts; Farm products sold through an LDAF-approved roadside stand; Vegetables, Fruit, Eggs, Nuts",Mixed; Roadside stand; direct-to-consumer; Direct-to-consumer farm; historical statewide directory,(318) 481-2727,,internal_until_public_use_review,,,,,True,True,False,True,False,False,False,3,laobs_15912793b906a0506361 | laobs_28bbdd2ea1c999491c21 | laobs_2b851edc673cc26778d2,FarmFinder current canonical baseline — identity anchor only | LDAF 2026 FMNP roadside-stand directory | LSU AgCenter statewide farm-food directory, | https://www.ldaf.la.gov/fmnp | https://www.lsuagcenter.com/~/media/system/9/1/9/e/919ed83cfbd8ff0bd98b317a65f0604f/directory%20-%20la%20farm%20food%20during%20covidpdfpdf.pdf,B; E,2026-07-15,FF-0229,rediscovered_current_source,promotion_eligible_reviewed,,Fields selected by evidence grade; every source observation remains separately auditable.
LA-3435406F37,Pecan Lane Garden,pecan lane garden,farm,unique_source_name_reviewed,LA,Grant,Colfax,,1015 and 1017 Pecan Ln.,public_business_address_reviewed_for_future_reduced_precision,,,Farm products sold through an LDAF-approved roadside stand,Roadside stand; direct-to-consumer,(318) 623-5491,,internal_until_public_use_review,,,,,True,False,False,False,False,False,False,1,laobs_5990f51d1484a485a0c2,LDAF 2026 FMNP roadside-stand directory,https://www.ldaf.la.gov/fmnp,B,2026-07-15,,new_state_candidate,promotion_eligible_reviewed,,Fields selected by evidence grade; every source observation remains separately auditable.
LA-0710B41C06,Whole Life Sustainable Farm,whole life sustainable farm,farm,unique_source_name_reviewed,LA,Grant,Colfax,71417,970 Farenzie Road,public_business_address_reviewed_for_future_reduced_precision,,,blackberries; blueberries; medicinal herbs,LocalHarvest Family Farm,(214) 708-1122,,internal_until_public_use_review,,,,,True,False,False,False,False,False,False,1,laobs_43a18dd94ff64f6e6412,LocalHarvest — Louisiana county-seat gap search,https://www.localharvest.org/whole-life-sustainable-farm-M36122,D,2026-07-15,,new_state_candidate,promotion_eligible_reviewed,,Fields selected by evidence grade; every source observation remains separately auditable.
LA-C9C3932903,Andy's Vegetables,andys vegetables,farm,unique_source_name_reviewed,LA,Iberia,New Iberia,,,public_business_address_reviewed_for_future_reduced_precision,30.00354,-91.81873,"Tomatoes, cucumbers, squash, peas, okra, cabbage, broccoli",Produce,(337) 278-9612,,internal_until_public_use_review,,,,,False,True,False,False,False,False,False,1,laobs_8354f0d40fb506645843,FarmFinder current canonical baseline — identity anchor only,,E,2026-07-15,FF-0235,canonical_baseline_only,research_or_qa_queue,single grade-E discovery listing needs corroboration; canonical baseline farm not rediscovered in current three-pass sources,Fields selected by evidence grade; every source observation remains separately auditable.
LA-3B3F361758,"Collins Produce, LLC",collins produce,farm,unique_source_name_reviewed,LA,Iberia,New Iberia,,4517 E. Admiral Doyle Dr.,public_business_address_reviewed_for_future_reduced_precision,,,Farm products sold through an LDAF-approved roadside stand,Roadside stand; direct-to-consumer,(337) 365-2244,,internal_until_public_use_review,,,,,True,False,False,False,False,False,False,1,laobs_a18ab6d6dc712576c0e7,LDAF 2026 FMNP roadside-stand directory,https://www.ldaf.la.gov/fmnp,B,2026-07-15,,new_state_candidate,promotion_eligible_reviewed,,Fields selected by evidence grade; every source observation remains separately auditable.
LA-CC56622C4D,Da Berry Fresh Market,da berry fresh market,farm,unique_source_name_reviewed,LA,Iberia,New Iberia,,,public_business_address_reviewed_for_future_reduced_precision,30.00354,-91.81873,CSA produce boxes,Mixed,(337) 378-9469,,internal_until_public_use_review,,,,,True,True,False,False,False,False,False,1,laobs_cd0af56e74926d7d1cbf,FarmFinder current canonical baseline — identity anchor only,,E,2026-07-15,FF-0245,canonical_baseline_only,research_or_qa_queue,single grade-E discovery listing needs corroboration; canonical baseline farm not rediscovered in current three-pass sources,Fields selected by evidence grade; every source observation remains separately auditable.
LA-E2D0BC7EF9,Daniel and Anna's Orchard,daniel and annas orchard,farm,unique_source_name_reviewed,LA,Iberia,New Iberia,,,public_business_address_reviewed_for_future_reduced_precision,30.00354,-91.81873,"Satsumas, oranges, persimmons, pears, figs, berries, pecans",Produce,(337) 365-1690,,internal_until_public_use_review,,,,,True,False,False,False,False,False,False,1,laobs_ec3b295d98f319031a23,FarmFinder current canonical baseline — identity anchor only,,E,2026-07-15,FF-0244,canonical_baseline_only,research_or_qa_queue,single grade-E discovery listing needs corroboration; canonical baseline farm not rediscovered in current three-pass sources,Fields selected by evidence grade; every source observation remains separately auditable.
LA-C84B6D98FE,Eddie Romero's Orchard,eddie romeros orchard,farm,unique_source_name_reviewed,LA,Iberia,New Iberia,,,public_business_address_reviewed_for_future_reduced_precision,30.00354,-91.81873,"Peaches, oranges, figs, guava, jujubes, blackberries, papayas, pomegranates",Produce,(337) 380-0419,,internal_until_public_use_review,,,,,True,False,False,False,False,False,False,1,laobs_21c2969fb1adb79ecc6c,FarmFinder current canonical baseline — identity anchor only,,E,2026-07-15,FF-0247,canonical_baseline_only,research_or_qa_queue,single grade-E discovery listing needs corroboration; canonical baseline farm not rediscovered in current three-pass sources,Fields selected by evidence grade; every source observation remains separately auditable.
LA-F9CD3C2CA4,Eddie Romero’s Fruit Orchard,eddie romeros fruit orchard,farm,unique_source_name_reviewed,LA,Iberia,New Iberia,70560,5119 North,public_business_address_reviewed_for_future_reduced_precision,,,Agritourism and farm activities; see LDAF certified operation description,Certified agritourism,,eddiepaulromero@bellsouth.net,internal_until_public_use_review,,,,,True,False,False,False,False,False,False,1,laobs_91bacd12641e6fb1509d,LDAF certified agritourism operations,https://assets.ctfassets.net/pc5e1rlgfrov/7B8yMZqsUPa8lLZSUToUtw/19d3206a6070dea80e63683408b1552e/agritourism-directory-2023.pdf,B,2026-07-15,,new_state_candidate,promotion_eligible_reviewed,,Fields selected by evidence grade; every source observation remains separately auditable.
LA-861BB8BC2E,"Gonsoulin Land & Cattle, LLC",gonsoulin land and cattle,farm,merged_exact_name_reviewed,LA,Iberia,New Iberia,70563,6108 Loreauville Rd.,public_business_address_reviewed_for_future_reduced_precision,30.00354,-91.81873,"Grass-fed beef, other farm products; Agritourism and farm activities; see LDAF certified operation description; Meat (grass-fed), Products from other farms",Meat; Certified agritourism; Direct-to-consumer farm; historical statewide directory,337-229-1511,Ghandidvm@gmail.com,internal_until_public_use_review,http://www.glcranch.com/,,,,True,True,True,True,False,False,False,3,laobs_25d9b476a9e0dc40f433 | laobs_668d94034b491c3098df | laobs_9e3b30ba749cf90f025e,FarmFinder current canonical baseline — identity anchor only | LDAF certified agritourism operations | LSU AgCenter statewide farm-food directory,https://www.glcranch.com/ | https://assets.ctfassets.net/pc5e1rlgfrov/7B8yMZqsUPa8lLZSUToUtw/19d3206a6070dea80e63683408b1552e/agritourism-directory-2023.pdf | https://www.lsuagcenter.com/~/media/system/9/1/9/e/919ed83cfbd8ff0bd98b317a65f0604f/directory%20-%20la%20farm%20food%20during%20covidpdfpdf.pdf,B; C; E,2026-07-15,FF-0169,rediscovered_current_source,promotion_eligible_reviewed,,Fields selected by evidence grade; every source observation remains separately auditable.
LA-B7E740788B,"Growing Hands Farm, LLC",growing hands farm,farm,unique_source_name_reviewed,LA,Iberia,New Iberia,,2318 Fernand Crochet Ln.,public_business_address_reviewed_for_future_reduced_precision,,,Farm products sold through an LDAF-approved roadside stand,Roadside stand; direct-to-consumer,(337) 501-3310,,internal_until_public_use_review,,,,,True,False,False,False,False,False,False,1,laobs_2790206468ed799e9096,LDAF 2026 FMNP roadside-stand directory,https://www.ldaf.la.gov/fmnp,B,2026-07-15,,new_state_candidate,promotion_eligible_reviewed,,Fields selected by evidence grade; every source observation remains separately auditable.
LA-07BBDC858A,Iberia Community Garden,iberia community garden,farm,unique_source_name_reviewed,LA,Iberia,New Iberia,,"1505 S Hopkins St, New Iberia",public_business_address_reviewed_for_future_reduced_precision,,,"Vegetables, Fruit",Direct-to-consumer farm; historical statewide directory,,,internal_until_public_use_review,,,,,False,True,False,False,False,False,False,1,laobs_76c545ba6815bbdd3bdf,LSU AgCenter statewide farm-food directory,https://www.lsuagcenter.com/~/media/system/9/1/9/e/919ed83cfbd8ff0bd98b317a65f0604f/directory%20-%20la%20farm%20food%20during%20covidpdfpdf.pdf,E,2026-07-15,,new_state_candidate,research_or_qa_queue,single grade-E discovery listing needs corroboration,Fields selected by evidence grade; every source observation remains separately auditable.
LA-08CA2FD43B,Provost Farm,provost farm,farm,unique_source_name_reviewed,LA,Iberia,Iberia Parish,,,public_business_address_reviewed_for_future_reduced_precision,30.00354,-91.81873,Sugarcane,Produce,,provostfarm@gmail.com,internal_until_public_use_review,https://www.provostfarm.org,,,,True,False,False,False,False,False,False,1,laobs_379cbd94d3a74d12b28f,FarmFinder current canonical baseline — identity anchor only,https://www.provostfarm.org/,C,2026-07-15,FF-0077,canonical_baseline_only,research_or_qa_queue,canonical baseline farm not rediscovered in current three-pass sources,Fields selected by evidence grade; every source observation remains separately auditable.
LA-F4A55A5F4E,Real Deal Fruits & Vegetables,real deal fruits and vegetables,farm,unique_source_name_reviewed,LA,Iberia,New Iberia,,,public_business_address_reviewed_for_future_reduced_precision,30.00354,-91.81873,Fresh produce variety,Produce,(337) 577-7552,,internal_until_public_use_review,,,,,True,False,False,False,False,False,False,1,laobs_619b85f10fc0e9f246bf,FarmFinder current canonical baseline — identity anchor only,,E,2026-07-15,FF-0257,canonical_baseline_only,research_or_qa_queue,single grade-E discovery listing needs corroboration; canonical baseline farm not rediscovered in current three-pass sources,Fields selected by evidence grade; every source observation remains separately auditable.
LA-93E89E5468,The Garden Shed,the garden shed,farm,unique_source_name_reviewed,LA,Iberia,New Iberia,,,public_business_address_reviewed_for_future_reduced_precision,30.00354,-91.81873,"Edible plants, starter plants, produce, citrus, jams, sauces",Produce,(337) 255-2513,,internal_until_public_use_review,,,,,True,False,False,False,False,False,False,1,laobs_ea219691fa1631313f19,FarmFinder current canonical baseline — identity anchor only,,E,2026-07-15,FF-0260,canonical_baseline_only,research_or_qa_queue,single grade-E discovery listing needs corroboration; canonical baseline farm not rediscovered in current three-pass sources,Fields selected by evidence grade; every source observation remains separately auditable.
LA-4D6EE6C9F3,The Real Deal Fruit and Vegetable Stand,the real deal fruit and vegetable stand,farm,unique_source_name_reviewed,LA,Iberia,New Iberia,,3614 Sugar Mill Rd.,public_business_address_reviewed_for_future_reduced_precision,,,Farm products sold through an LDAF-approved roadside stand,Roadside stand; direct-to-consumer,(337) 739-2065,,internal_until_public_use_review,,,,,True,False,False,False,False,False,False,1,laobs_039c3318a6b3910afb73,LDAF 2026 FMNP roadside-stand directory,https://www.ldaf.la.gov/fmnp,B,2026-07-15,,new_state_candidate,promotion_eligible_reviewed,,Fields selected by evidence grade; every source observation remains separately auditable.
LA-5599486DAE,Ry Livestock,ry livestock,farm,unique_source_name_reviewed,LA,Iberville,Grosse Tete,,"21325 Sidney Rd, Grosse Tete",public_business_address_reviewed_for_future_reduced_precision,,,"Meat (grass-fed), Processed farm food products",Direct-to-consumer farm; historical statewide directory,225-385-1463,,internal_until_public_use_review,,,,,True,True,False,True,False,False,False,1,laobs_207ecf1bf9b61047462c,LSU AgCenter statewide farm-food directory,https://www.lsuagcenter.com/~/media/system/9/1/9/e/919ed83cfbd8ff0bd98b317a65f0604f/directory%20-%20la%20farm%20food%20during%20covidpdfpdf.pdf,E,2026-07-15,,new_state_candidate,research_or_qa_queue,single grade-E discovery listing needs corroboration,Fields selected by evidence grade; every source observation remains separately auditable.
LA-A9FDF97381,CBS Farms,cbs farms,farm,unique_source_name_reviewed,LA,Jackson,Quitman,71268,713 Mt Olive Rd,public_business_address_reviewed_for_future_reduced_precision,,,broccoli; cabbage; cauliflower; collards; daikon; garlic; green onions; kale; leeks; lettuce; mustard greens; onions; parsnips; pumpkins; radishes; salad greens; salad mix; shallots; turnips; goat; jerky; pork; rabbit; preserves; gourds; beets; carrots; eggplant; green beans; hot peppers; kohlrabi; okra; peas; spinach; summer squash; swiss chard; tomatoes; zucchini; blueberries; celery; sweet corn; cucumber; rutabagas; sweet peppers; sweet potatoes; tomatillos; winter-squash; apples; cantaloupes; figs; grapes; peaches; plums; watermelons; pecans; walnuts; pickles; asparagus; brussels sprouts; pears; persimmons; seeds,LocalHarvest Family Farm,(318) 514-9237,,internal_until_public_use_review,,,,,True,False,False,False,False,False,False,1,laobs_16c1396350abe418edc5,LocalHarvest — Louisiana county-seat gap search,https://www.localharvest.org/cbs-farms-M21972,D,2026-07-15,,new_state_candidate,promotion_eligible_reviewed,,Fields selected by evidence grade; every source observation remains separately auditable.
LA-D2EE3001BF,"DeLaTerre Permaculture Farm, L.L.C.",delaterre permaculture farm,farm,merged_exact_name_reviewed,LA,Jackson,Eros,,"9338 Hwy 34, Eros",public_business_address_reviewed_for_future_reduced_precision,32.3925,-92.42389,"Vegetables, fruit, meat, eggs; Vegetables, Fruit, Meat, Eggs",Mixed; Direct-to-consumer farm; historical statewide directory,(318) 521-4998,,internal_until_public_use_review,,,,,False,False,False,False,False,False,False,2,laobs_16f9f5e42dff38cb5b98 | laobs_b77bef7f2287ef0cd3d5,FarmFinder current canonical baseline — identity anchor only | LSU AgCenter statewide farm-food directory, | https://www.lsuagcenter.com/~/media/system/9/1/9/e/919ed83cfbd8ff0bd98b317a65f0604f/directory%20-%20la%20farm%20food%20during%20covidpdfpdf.pdf,E,2026-07-15,FF-0210,rediscovered_current_source,research_or_qa_queue,single grade-E discovery listing needs corroboration,Fields selected by evidence grade; every source observation remains separately auditable.
LA-2E536DC03B,Nature's Bountea,natures bountea,farm,unique_source_name_reviewed,LA,Jackson,Quitman,71268,744 Mt. Olive Rd,public_business_address_reviewed_for_future_reduced_precision,,,broccoli; cabbage; cauliflower; collards; green onions; mustard greens; radishes; turnips; rabbit; wreaths; beets; carrots; cucumber; eggplant; kale; kohlrabi; lettuce; okra; peas; salad greens; salad mix; shallots; spinach; summer squash; sweet peppers; tomatoes; zucchini; eggs; fresh flowers; sweet corn; green beans; hot peppers; onions; pumpkins; rutabagas; tomatillos; apples; blackberries; blueberries; cantaloupes; figs; grapes; peaches; pears; persimmons; plums; watermelons; sweet potatoes; winter-squash; walnuts; baked goods; gourds; seeds,LocalHarvest Family Farm,(318) 514-9237,,internal_until_public_use_review,,,,,True,False,False,False,False,False,False,1,laobs_e8dd80c72a042ff5be93,LocalHarvest — Louisiana county-seat gap search,https://www.localharvest.org/natures-bountea-M43882,D,2026-07-15,,new_state_candidate,promotion_eligible_reviewed,,Fields selected by evidence grade; every source observation remains separately auditable.
LA-CB16D73B17,Waylon Breaux,waylon breaux,farm,unique_source_name_reviewed,LA,Jackson,Eros,71238,9338 Highway 34,public_business_address_reviewed_for_future_reduced_precision,,,beets; broccoli; brussels sprouts; cabbage; carrots; cauliflower; celery; collards; green onions; kale; lettuce; mustard greens; salad greens; salad mix; spinach; swiss chard; turnips; goat; lamb; pork; eggs; medicinal herbs; fresh flowers; cucumber; eggplant; green beans; hot peppers; okra; peas; potatoes; summer squash; sweet peppers; tomatoes; zucchini; sweet corn; garlic; onions; sweet potatoes; winter-squash; blackberries; cantaloupes; figs; melons; pears; plums; strawberries; watermelons,LocalHarvest Family Farm,(318) 663-1698,,internal_until_public_use_review,https://delaterre.farm,http://www.facebook.com/delaterrepermaculturefarm,https://instagram.com/delaterrepermaculturefarm,,True,False,False,False,False,False,False,1,laobs_45490efc36b61b7b6780,LocalHarvest — Louisiana county-seat gap search,https://www.localharvest.org/waylon-breaux-M84985,D,2026-07-15,,new_state_candidate,promotion_eligible_reviewed,,Fields selected by evidence grade; every source observation remains separately auditable.
LA-6EDFE867AD,Camelia Heaven,camelia heaven,farm,unique_source_name_reviewed,LA,Jefferson,Metairie,70006,4113 Transcontinental Dr,public_business_address_reviewed_for_future_reduced_precision,,,Agritourism and farm activities; see LDAF certified operation description,Certified agritourism,504-885-1569,grimm@multi-questintl.com,internal_until_public_use_review,,,,,False,False,False,False,False,False,False,1,laobs_554dbfc240fe20fc9f93,LDAF certified agritourism operations,https://assets.ctfassets.net/pc5e1rlgfrov/7B8yMZqsUPa8lLZSUToUtw/19d3206a6070dea80e63683408b1552e/agritourism-directory-2023.pdf,B,2026-07-15,,new_state_candidate,promotion_eligible_reviewed,,Fields selected by evidence grade; every source observation remains separately auditable.
LA-EA6B932148,Edible City Gardens,edible city gardens,farm,split_due_county_conflict,LA,Jefferson,Jefferson,70121,"The Old School House, 417 Dakin Street, New Orleans",public_business_address_reviewed_for_future_reduced_precision,,,arugula; broccoli; carrots; kale; lettuce; salad greens; salad mix; sweet peppers; tomatoes; zucchini; kumquats; strawberries; eggs; sprouts; seeds; cucumber; eggplant; parsnips; spinach; okra; blueberries; oranges; papayas; watermelons; beets; pumpkins; lemons; limes; mandarins; pears; tangerines,LocalHarvest Family Farm,(504) 330-8380,,internal_until_public_use_review,https://www.EdibleCityGardens.com,,,,True,False,False,False,False,False,False,1,laobs_27127b78deb18354250f,LocalHarvest — Louisiana county-seat gap search,https://www.localharvest.org/edible-city-gardens-M50277,D,2026-07-15,,new_state_candidate,research_or_qa_queue,same normalized name appears in multiple counties,Fields selected by evidence grade; every source observation remains separately auditable.
LA-0EDF26D09E,Mycelium Express,mycelium express,farm,unique_source_name_reviewed,LA,Jefferson,Metairie,,,public_business_address_reviewed_for_future_reduced_precision,29.95465,-90.07507,Mushrooms,Produce,(504) 419-9260,myceliumexpress@gmail.com,internal_until_public_use_review,,https://www.facebook.com/Mycelium-Express-375370502977006/,,,False,True,False,False,False,False,False,1,laobs_b2e0e60a7f5396813347,FarmFinder current canonical baseline — identity anchor only,https://www.marketumbrella.org/news/161/42/Mycelium-Express,C,2026-07-15,FF-0052,canonical_baseline_only,research_or_qa_queue,canonical baseline farm not rediscovered in current three-pass sources,Fields selected by evidence grade; every source observation remains separately auditable.
LA-021C275ED1,Tri J Cattle,tri j cattle,farm,unique_source_name_reviewed,LA,Jefferson,Waggaman,,,public_business_address_reviewed_for_future_reduced_precision,29.91854,-90.21091,"Angus beef, natural",Meat,(318) 294-9654,,internal_until_public_use_review,,,,,True,False,False,False,False,False,False,1,laobs_5b479e1cc962df98bf7e,FarmFinder current canonical baseline — identity anchor only,,E,2026-07-15,FF-0043,canonical_baseline_only,research_or_qa_queue,single grade-E discovery listing needs corroboration; canonical baseline farm not rediscovered in current three-pass sources,Fields selected by evidence grade; every source observation remains separately auditable.
LA-7263184FCA,Utopia Gardens,utopia gardens,farm,unique_source_name_reviewed,LA,Jefferson,Marrero/West Bank,,,public_business_address_reviewed_for_future_reduced_precision,29.89937,-90.10035,Urban produce,Urban Farm,,,internal_until_public_use_review,,,,,False,False,False,False,False,False,False,1,laobs_52b93956842ea0811f37,FarmFinder current canonical baseline — identity anchor only,,E,2026-07-15,FF-0033,canonical_baseline_only,research_or_qa_queue,single grade-E discovery listing needs corroboration; canonical baseline farm not rediscovered in current three-pass sources,Fields selected by evidence grade; every source observation remains separately auditable.
LA-BECE4BE2B1,White Oaks Farm,white oaks farm,farm,unique_source_name_reviewed,LA,Jefferson,Metairie,,,public_business_address_reviewed_for_future_reduced_precision,30.47549,-90.10042,Mixed farm products,Mixed,(504) 833-6816,whiteoaks@bellsouth.net,internal_until_public_use_review,,,,,True,True,False,False,False,False,False,1,laobs_c842e06668d4c9434ba6,FarmFinder current canonical baseline — identity anchor only,https://marketumbrella.org/news/70/42/White-Oaks-Farm,C,2026-07-15,FF-0012,canonical_baseline_only,research_or_qa_queue,canonical baseline farm not rediscovered in current three-pass sources,Fields selected by evidence grade; every source observation remains separately auditable.
LA-D17AC5FA96,Bee Dat Pure Raw Honey,bee dat pure raw honey,farm,merged_exact_name_reviewed,LA,Jefferson Davis,Jennings,,"23399 Hwy 26, Jennings",public_business_address_reviewed_for_future_reduced_precision,30.22243,-92.65708,"Honey; Seafood (live crawfish, crabs, shrimp)",Honey/Specialty; Direct-to-consumer farm; historical statewide directory,(985) 768-0753,,internal_until_public_use_review,,,,,True,False,False,False,False,False,False,2,laobs_54c0984a4552e76f9076 | laobs_f4be6405af176f5254ef,FarmFinder current canonical baseline — identity anchor only | LSU AgCenter statewide farm-food directory, | https://www.lsuagcenter.com/~/media/system/9/1/9/e/919ed83cfbd8ff0bd98b317a65f0604f/directory%20-%20la%20farm%20food%20during%20covidpdfpdf.pdf,E,2026-07-15,FF-0170,rediscovered_current_source,research_or_qa_queue,single grade-E discovery listing needs corroboration,Fields selected by evidence grade; every source observation remains separately auditable.
LA-BA16D0F295,Berken Brothers Farms,berken brothers farms,farm,unique_source_name_reviewed,LA,Jefferson Davis,Lake Arthur,70549,9201 Hwy. 380,public_business_address_reviewed_for_future_reduced_precision,,,Agritourism and farm activities; see LDAF certified operation description,Certified agritourism,337-584-5199,,internal_until_public_use_review,,,,,False,False,False,False,False,False,False,1,laobs_15656f2a8c6c1e71669d,LDAF certified agritourism operations,https://assets.ctfassets.net/pc5e1rlgfrov/7B8yMZqsUPa8lLZSUToUtw/19d3206a6070dea80e63683408b1552e/agritourism-directory-2023.pdf,B,2026-07-15,,new_state_candidate,promotion_eligible_reviewed,,Fields selected by evidence grade; every source observation remains separately auditable.
LA-51D390BE33,"Curry Farms, Inc.",curry farms,farm,unique_source_name_reviewed,LA,Jefferson Davis,Lake Arthur,70549,2001 Fourth,public_business_address_reviewed_for_future_reduced_precision,,,Agritourism and farm activities; see LDAF certified operation description,Certified agritourism,337-584-5122,bentleycurry@aol.com,internal_until_public_use_review,https://www.curryfarms.net,,,,True,False,False,False,True,False,False,1,laobs_05cd4be4dd56b05433ac,LDAF certified agritourism operations,https://assets.ctfassets.net/pc5e1rlgfrov/7B8yMZqsUPa8lLZSUToUtw/19d3206a6070dea80e63683408b1552e/agritourism-directory-2023.pdf,B,2026-07-15,,new_state_candidate,promotion_eligible_reviewed,,Fields selected by evidence grade; every source observation remains separately auditable.
LA-9D269BDBAB,Happy Wings Honey Farms,happy wings honey farms,farm,merged_exact_name_reviewed,LA,Jefferson Davis,Jennings,,"7038 Pine Island Hwy, Jennings",public_business_address_reviewed_for_future_reduced_precision,30.22243,-92.65708,Honey,Honey/Specialty; Direct-to-consumer farm; historical statewide directory,(337) 354-6997,,internal_until_public_use_review,,,,,True,True,True,True,False,False,False,2,laobs_fa2a6b074a2b996f1557 | laobs_6f2212c27e71b14a5c43,FarmFinder current canonical baseline — identity anchor only | LSU AgCenter statewide farm-food directory, | https://www.lsuagcenter.com/~/media/system/9/1/9/e/919ed83cfbd8ff0bd98b317a65f0604f/directory%20-%20la%20farm%20food%20during%20covidpdfpdf.pdf,C; E,2026-07-15,FF-0171,rediscovered_current_source,promotion_eligible_reviewed,,Fields selected by evidence grade; every source observation remains separately auditable.
LA-6AF0C75497,LaMotte Hook Ranch LHR,lamotte hook ranch,farm,merged_exact_name_reviewed,LA,Jefferson Davis,Welsh,,"18080 LaMotte Rd, Welsh",public_business_address_reviewed_for_future_reduced_precision,30.23604,-92.82265,Grass-fed beef; Meat (grass-fed beef),Meat; Direct-to-consumer farm; historical statewide directory,(337) 515-5666,,internal_until_public_use_review,,,,,False,False,False,False,False,False,False,2,laobs_ed679553ffe3c7db17e0 | laobs_5ee95435cef3bcca1293,FarmFinder current canonical baseline — identity anchor only | LSU AgCenter statewide farm-food directory, | https://www.lsuagcenter.com/~/media/system/9/1/9/e/919ed83cfbd8ff0bd98b317a65f0604f/directory%20-%20la%20farm%20food%20during%20covidpdfpdf.pdf,E,2026-07-15,FF-0172,rediscovered_current_source,research_or_qa_queue,single grade-E discovery listing needs corroboration,Fields selected by evidence grade; every source observation remains separately auditable.
LA-2AD2ABEA2F,Phil Watkins,phil watkins,farm,unique_source_name_reviewed,LA,Jefferson Davis,Welsh,70591,14442 Hwy. 90,public_business_address_reviewed_for_future_reduced_precision,,,Agritourism and farm activities; see LDAF certified operation description,Certified agritourism,337-485-6126,,internal_until_public_use_review,,,,,False,False,False,False,False,False,False,1,laobs_082f34d432115f014d8c,LDAF certified agritourism operations,https://assets.ctfassets.net/pc5e1rlgfrov/7B8yMZqsUPa8lLZSUToUtw/19d3206a6070dea80e63683408b1552e/agritourism-directory-2023.pdf,B,2026-07-15,,new_state_candidate,promotion_eligible_reviewed,,Fields selected by evidence grade; every source observation remains separately auditable.
LA-D6DF558055,Aimwell Blueberry and Nursery Garden,aimwell blueberry and nursery,farm,merged_exact_name_reviewed,LA,LaSalle,Olla,,"204 Moreau Rd, Olla",public_business_address_reviewed_for_future_reduced_precision,31.90294,-92.24319,"Blueberries, blackberries, vegetables, honey; Seafood",Produce; Direct-to-consumer farm; historical statewide directory,(318) 613-3777,,internal_until_public_use_review,,,,,True,True,False,True,True,False,False,2,laobs_edd109221f24edee5fdd | laobs_beb10adb7e1950d02d40,FarmFinder current canonical baseline — identity anchor only | LSU AgCenter statewide farm-food directory, | https://www.lsuagcenter.com/~/media/system/9/1/9/e/919ed83cfbd8ff0bd98b317a65f0604f/directory%20-%20la%20farm%20food%20during%20covidpdfpdf.pdf,E,2026-07-15,FF-0230,rediscovered_current_source,research_or_qa_queue,single grade-E discovery listing needs corroboration,Fields selected by evidence grade; every source observation remains separately auditable.
LA-C88A3FFA2C,"Mason Bee, Blackberry and Blueberry Farm",mason bee blackberry and blueberry farm,farm,unique_source_name_reviewed,LA,LaSalle,Olla,71465,204 Moreau Road,public_business_address_reviewed_for_future_reduced_precision,,,cucumber; garlic; green beans; green onions; hot peppers; okra; peas; pumpkins; shallots; sweet potatoes; tomatoes; turnips; zucchini; apricots; blackberries; blueberries; figs; ollalieberries; pears; chicken; duck; rabbit; eggs; Amish Paste Tomato,LocalHarvest Family Farm,(318) 290-8846,,internal_until_public_use_review,,,,,True,False,False,False,False,False,False,1,laobs_5afd6ce43c5d9d88549c,LocalHarvest — Louisiana county-seat gap search,https://www.localharvest.org/mason-bee-blackberry-and-blueberry-farm-M65403,D,2026-07-15,,new_state_candidate,promotion_eligible_reviewed,,Fields selected by evidence grade; every source observation remains separately auditable.
LA-D922F89386,Posey’s Produce and Garden,poseys produce and garden,farm,unique_source_name_reviewed,LA,LaSalle,Trout,,253 Rock Bottom Rd.,public_business_address_reviewed_for_future_reduced_precision,,,Farm products sold through an LDAF-approved roadside stand,Roadside stand; direct-to-consumer,(318) 316-1269,,internal_until_public_use_review,,,,,True,False,False,False,False,False,False,1,laobs_7eef1ed3b82dd61ca05f,LDAF 2026 FMNP roadside-stand directory,https://www.ldaf.la.gov/fmnp,B,2026-07-15,,new_state_candidate,promotion_eligible_reviewed,,Fields selected by evidence grade; every source observation remains separately auditable.
LA-AD740B51B7,A-OK Farms,a ok farms,farm,unique_source_name_reviewed,LA,Lafayette,Lafayette Area,,,public_business_address_reviewed_for_future_reduced_precision,30.22409,-92.01984,"Organic eggs (chicken, duck, goose), meats",Mixed,(337) 278-9612,,internal_until_public_use_review,,,,,False,True,False,False,False,False,False,1,laobs_2d6b23a8eefb11855c5f,FarmFinder current canonical baseline — identity anchor only,,E,2026-07-15,FF-0234,canonical_baseline_only,research_or_qa_queue,single grade-E discovery listing needs corroboration; canonical baseline farm not rediscovered in current three-pass sources,Fields selected by evidence grade; every source observation remains separately auditable.
LA-24D703A373,Bluesberry Fields,bluesberry fields,farm,unique_source_name_reviewed,LA,Lafayette,Carencro,70520,313 Equipment Lane,public_business_address_reviewed_for_future_reduced_precision,,,Agritourism and farm activities; see LDAF certified operation description,Certified agritourism,337-967-9697,bluesberryfieldsinfo@gmail.com,internal_until_public_use_review,https://www.bluesberryfields.com,,,,False,False,False,False,False,False,False,1,laobs_640d2815bbae7abe476f,LDAF certified agritourism operations,https://assets.ctfassets.net/pc5e1rlgfrov/7B8yMZqsUPa8lLZSUToUtw/19d3206a6070dea80e63683408b1552e/agritourism-directory-2023.pdf,B,2026-07-15,,new_state_candidate,promotion_eligible_reviewed,,Fields selected by evidence grade; every source observation remains separately auditable.
LA-8312B66EC9,Boeuf de Bacqué,boeuf de bacqu,farm,merged_exact_name_reviewed,LA,Lafayette,Youngsville,,"1320 Gallet Rd, Youngsville",public_business_address_reviewed_for_future_reduced_precision,30.09965,-91.99012,"Grass-fed pasture-raised beef; Meat (grass-fed, pasture raised beef)",Meat; Direct-to-consumer farm; historical statewide directory,(337) 255-8727,,internal_until_public_use_review,,,,,False,False,False,True,False,False,False,2,laobs_a7d84bf6cbe16bcc49a4 | laobs_63417e9f67b1ed21b4e2,FarmFinder current canonical baseline — identity anchor only | LSU AgCenter statewide farm-food directory, | https://www.lsuagcenter.com/~/media/system/9/1/9/e/919ed83cfbd8ff0bd98b317a65f0604f/directory%20-%20la%20farm%20food%20during%20covidpdfpdf.pdf,E,2026-07-15,FF-0173,rediscovered_current_source,research_or_qa_queue,single grade-E discovery listing needs corroboration,Fields selected by evidence grade; every source observation remains separately auditable.
LA-CF92C8B606,Bumble Prairie Growing,bumble prairie growing,farm,merged_exact_name_reviewed,LA,Lafayette,Lafayette,,"500 Saint Catherine St, Lafayette",public_business_address_reviewed_for_future_reduced_precision,30.22409,-92.01984,"Vegetables, plants, seeds; Vegetables, Plants, and Seed",Produce; Direct-to-consumer farm; historical statewide directory,,,internal_until_public_use_review,,,,,True,False,True,False,False,False,False,2,laobs_050fc537f12e5f0950ce | laobs_0e11968a0b9e30a850e5,FarmFinder current canonical baseline — identity anchor only | LSU AgCenter statewide farm-food directory, | https://www.lsuagcenter.com/~/media/system/9/1/9/e/919ed83cfbd8ff0bd98b317a65f0604f/directory%20-%20la%20farm%20food%20during%20covidpdfpdf.pdf,C; E,2026-07-15,FF-0174,rediscovered_current_source,promotion_eligible_reviewed,,Fields selected by evidence grade; every source observation remains separately auditable.
LA-44E3F435C6,Cajun Acres LLC (Carencro),cajun acres llc carencro,farm,unique_source_name_reviewed,LA,Lafayette,Carencro,,,public_business_address_reviewed_for_future_reduced_precision,30.317144,-92.04901,"Vegetables, fruit, beef, pork, rabbit, poultry, eggs, organic feed",Mixed,,balancewithin@att.net,internal_until_public_use_review,,,,,True,False,False,False,False,False,False,1,laobs_0bdce5da3d7002976df3,FarmFinder current canonical baseline — identity anchor only,https://www.growacadiana.org/copy-of-directory,C,2026-07-15,FF-0240,canonical_baseline_only,research_or_qa_queue,canonical baseline farm not rediscovered in current three-pass sources,Fields selected by evidence grade; every source observation remains separately auditable.
LA-A315D501C4,City Girl's Farm,city girls farm,farm,merged_exact_name_reviewed,LA,Lafayette,Lafayette,,"303 Aundria Dr, Lafayette",public_business_address_reviewed_for_future_reduced_precision,30.22409,-92.01984,"Vegetables, fruit; Vegetables, Fruit, Processed farm food products",Produce; Direct-to-consumer farm; historical statewide directory,(337) 277-7416,,internal_until_public_use_review,,,,,False,True,False,False,False,False,False,2,laobs_8910bc8a3520b322cb52 | laobs_dfd238f9381e5d842692,FarmFinder current canonical baseline — identity anchor only | LSU AgCenter statewide farm-food directory, | https://www.lsuagcenter.com/~/media/system/9/1/9/e/919ed83cfbd8ff0bd98b317a65f0604f/directory%20-%20la%20farm%20food%20during%20covidpdfpdf.pdf,E,2026-07-15,FF-0175,rediscovered_current_source,research_or_qa_queue,single grade-E discovery listing needs corroboration,Fields selected by evidence grade; every source observation remains separately auditable.
LA-C39D5CA239,Ducky's Apiary,duckys apiary,farm,unique_source_name_reviewed,LA,Lafayette,Carencro,,,public_business_address_reviewed_for_future_reduced_precision,30.317144,-92.04901,"Honey, beeswax, bee products",Honey/Specialty,(252) 469-2817,,internal_until_public_use_review,,,,,True,False,False,False,False,False,False,1,laobs_b36b4c8de16c47404b5f,FarmFinder current canonical baseline — identity anchor only,,E,2026-07-15,FF-0246,canonical_baseline_only,research_or_qa_queue,single grade-E discovery listing needs corroboration; canonical baseline farm not rediscovered in current three-pass sources,Fields selected by evidence grade; every source observation remains separately auditable.
LA-D5ACA4E2E6,Earthshare Gardens,earthshare gardens,farm,unique_source_name_reviewed,LA,Lafayette,Scott,70583,241 Encore Ln,public_business_address_reviewed_for_future_reduced_precision,,,arugula; beets; broccoli; cabbage; carrots; cauliflower; chinese greens; collards; kale; lettuce; onions; peas; radishes; spinach; swiss chard; turnips; blackberries; fresh flowers; cucumber; eggplant; green beans; hot peppers; leeks; okra; potatoes; summer squash; sweet peppers; tomatoes; winter-squash; melons; watermelons; shallots,LocalHarvest Family Farm,,,internal_until_public_use_review,https://www.earthsharegardens.org,http://www.facebook.com/earthsharegardens,https://instagram.com/earthsharegardens,,True,False,False,False,False,False,False,1,laobs_38c7f1e7c2af60ea274e,LocalHarvest — Louisiana county-seat gap search,https://www.localharvest.org/earthshare-gardens-M8480,D,2026-07-15,,new_state_candidate,promotion_eligible_reviewed,,Fields selected by evidence grade; every source observation remains separately auditable.
LA-084098C24B,Earthshare Gardens CSA,earthshare gardens csa,farm,unique_source_name_reviewed,LA,Lafayette,Lafayette,,,public_business_address_reviewed_for_future_reduced_precision,30.22409,-92.01984,Seasonal produce CSA,Produce,,earthsharegardens@gmail.com,internal_until_public_use_review,,,,,False,False,False,False,False,False,False,1,laobs_2b5ade2f28b3ce26937f,FarmFinder current canonical baseline — identity anchor only,https://www.growacadiana.org/copy-of-directory,C,2026-07-15,FF-0066,canonical_baseline_only,research_or_qa_queue,canonical baseline farm not rediscovered in current three-pass sources,Fields selected by evidence grade; every source observation remains separately auditable.
LA-D18DBF3114,Fresh Louisiana Sweet Corn,fresh louisiana sweet corn,farm,unique_source_name_reviewed,LA,Lafayette,Carencro,,,public_business_address_reviewed_for_future_reduced_precision,30.317144,-92.04901,Sweet corn,Produce,(337) 654-8877,,internal_until_public_use_review,,,,,True,False,False,False,False,False,False,1,laobs_b1d77de18199c8ce6559,FarmFinder current canonical baseline — identity anchor only,,E,2026-07-15,FF-0262,canonical_baseline_only,research_or_qa_queue,single grade-E discovery listing needs corroboration; canonical baseline farm not rediscovered in current three-pass sources,Fields selected by evidence grade; every source observation remains separately auditable.
LA-82CE0BAE5E,Garber Farms & Orchards Of Broussard,garber farms and orchards of broussard,farm,unique_source_name_reviewed,LA,Lafayette,Broussard,70518,741 Garber Road,public_business_address_reviewed_for_future_reduced_precision,,,Agritourism and farm activities; see LDAF certified operation description,Certified agritourism,210-722-6720,garberlawyer@gmail.com,internal_until_public_use_review,,,,,False,False,False,False,False,False,False,1,laobs_b1a6746914985f10f704,LDAF certified agritourism operations,https://assets.ctfassets.net/pc5e1rlgfrov/7B8yMZqsUPa8lLZSUToUtw/19d3206a6070dea80e63683408b1552e/agritourism-directory-2023.pdf,B,2026-07-15,,new_state_candidate,promotion_eligible_reviewed,,Fields selected by evidence grade; every source observation remains separately auditable.
LA-3A7F8F7CB7,Gotreaux Farms,gotreaux farms,farm,unique_source_name_reviewed,LA,Lafayette,Lafayette Area,,,public_business_address_reviewed_for_future_reduced_precision,30.22409,-92.01984,"Seasonal vegetables, fruits, eggs, grass-fed lamb",Mixed,,,internal_until_public_use_review,,,,,True,True,False,False,False,False,False,1,laobs_bdfc2923e82a114e416b,FarmFinder current canonical baseline — identity anchor only,,E,2026-07-15,FF-0063,canonical_baseline_only,research_or_qa_queue,single grade-E discovery listing needs corroboration; canonical baseline farm not rediscovered in current three-pass sources,Fields selected by evidence grade; every source observation remains separately auditable.
LA-55F28FE259,Guidry's Organic Farms,guidrys organic farms,farm,unique_source_name_reviewed,LA,Lafayette,Scott,,,public_business_address_reviewed_for_future_reduced_precision,30.235757,-92.094567,"Organic pecans, pecan oil, pecan butter, honey",Honey/Specialty,(337) 962-5617,,internal_until_public_use_review,,,,,False,True,True,True,False,False,False,1,laobs_88434700909c53b9505c,FarmFinder current canonical baseline — identity anchor only,,E,2026-07-15,FF-0249,canonical_baseline_only,research_or_qa_queue,single grade-E discovery listing needs corroboration; canonical baseline farm not rediscovered in current three-pass sources,Fields selected by evidence grade; every source observation remains separately auditable.
LA-80CF9EBB45,Helical Outpost,helical outpost,farm,unique_source_name_reviewed,LA,Lafayette,Lafayette,,,public_business_address_reviewed_for_future_reduced_precision,30.22409,-92.01984,Hydroponic vegetables,Produce,,Kohlie@helicaloutposts.com,internal_until_public_use_review,,,,,False,False,False,False,False,False,False,1,laobs_109a2c26908fbaed92b2,FarmFinder current canonical baseline — identity anchor only,,E,2026-07-15,FF-0250,canonical_baseline_only,research_or_qa_queue,single grade-E discovery listing needs corroboration; canonical baseline farm not rediscovered in current three-pass sources,Fields selected by evidence grade; every source observation remains separately auditable.
LA-C44E57CD9E,Mark and Mary's City Farm,mark and marys city farm,farm,unique_source_name_reviewed,LA,Lafayette,Lafayette,,,public_business_address_reviewed_for_future_reduced_precision,30.22409,-92.01984,"Blueberries, figs, produce",Produce,,,internal_until_public_use_review,,,,,True,False,False,False,False,False,False,1,laobs_0cae6d0517c6615ab8cb,FarmFinder current canonical baseline — identity anchor only,,E,2026-07-15,FF-0065,canonical_baseline_only,research_or_qa_queue,single grade-E discovery listing needs corroboration; canonical baseline farm not rediscovered in current three-pass sources,Fields selected by evidence grade; every source observation remains separately auditable.
LA-A3CC055753,Market Basket Youngsville,market basket youngsville,farm,unique_source_name_reviewed,LA,Lafayette,Youngsville,,,public_business_address_reviewed_for_future_reduced_precision,30.09965,-91.99012,"Heirloom produce, pastured pork, poultry, eggs, CSA",Mixed,(337) 856-4296,,internal_until_public_use_review,,,,,True,True,True,False,False,False,False,1,laobs_d8a93a0466e901494e9d,FarmFinder current canonical baseline — identity anchor only,,E,2026-07-15,FF-0253,canonical_baseline_only,research_or_qa_queue,single grade-E discovery listing needs corroboration; canonical baseline farm not rediscovered in current three-pass sources,Fields selected by evidence grade; every source observation remains separately auditable.
LA-559D4D203D,Primo's Peppers,primos peppers,farm,unique_source_name_reviewed,LA,Lafayette,Lafayette,,,public_business_address_reviewed_for_future_reduced_precision,30.22409,-92.01984,"Rare peppers (World's Hottest), powders, seeds, jellies",Produce,,primospeppers@hotmail.com,internal_until_public_use_review,,,,,False,False,True,True,False,False,False,1,laobs_65df8b9b44a86dab53bd,FarmFinder current canonical baseline — identity anchor only,,E,2026-07-15,FF-0256,canonical_baseline_only,research_or_qa_queue,single grade-E discovery listing needs corroboration; canonical baseline farm not rediscovered in current three-pass sources,Fields selected by evidence grade; every source observation remains separately auditable.
LA-799AD84CDC,Royal Mushroom Company,royal mushroom,farm,unique_source_name_reviewed,LA,Lafayette,Lafayette,,461 Heymann Blvd.,public_business_address_reviewed_for_future_reduced_precision,,,Farm products sold through an LDAF-approved roadside stand,Roadside stand; direct-to-consumer,(337) 356-4995,,internal_until_public_use_review,,,,,True,False,False,False,False,False,False,1,laobs_506b0dc40ca2affab8b5,LDAF 2026 FMNP roadside-stand directory,https://www.ldaf.la.gov/fmnp,B,2026-07-15,,new_state_candidate,promotion_eligible_reviewed,,Fields selected by evidence grade; every source observation remains separately auditable.
LA-92F4671B52,The Mushroom Farm Inc.,the mushroom farm,farm,unique_source_name_reviewed,LA,Lafayette,Lafayette,,,public_business_address_reviewed_for_future_reduced_precision,30.22409,-92.01984,Shiitake and oyster mushrooms,Produce,(337) 984-1255,,internal_until_public_use_review,,,,,True,False,False,False,False,False,False,1,laobs_6e686f7fedbe3bda35bb,FarmFinder current canonical baseline — identity anchor only,,E,2026-07-15,FF-0261,canonical_baseline_only,research_or_qa_queue,single grade-E discovery listing needs corroboration; canonical baseline farm not rediscovered in current three-pass sources,Fields selected by evidence grade; every source observation remains separately auditable.
LA-D5FF2DB7C3,Three Brothers Farm,three brothers farm,farm,unique_source_name_reviewed,LA,Lafayette,Youngsville,,,public_business_address_reviewed_for_future_reduced_precision,30.09965,-91.99012,"Sugarcane, raw sugar",Produce,,,internal_until_public_use_review,,,,,True,False,False,False,False,False,False,1,laobs_9e4f4b558246f7af8f24,FarmFinder current canonical baseline — identity anchor only,,E,2026-07-15,FF-0064,canonical_baseline_only,research_or_qa_queue,single grade-E discovery listing needs corroboration; canonical baseline farm not rediscovered in current three-pass sources,Fields selected by evidence grade; every source observation remains separately auditable.
LA-070ED22E14,Tsuph Apiary and Farm,tsuph apiary and farm,farm,merged_exact_name_reviewed,LA,Lafayette,Broussard,,"1502 Garber Rd, Broussard",public_business_address_reviewed_for_future_reduced_precision,30.14715,-91.96123,"Eggs, honey; Seafood (catfish, soft shell crabs, alligator meat, crabmeat)",Mixed; Direct-to-consumer farm; historical statewide directory,(337) 962-3761,,internal_until_public_use_review,,,,,True,False,False,True,False,False,False,2,laobs_fd7d94488f1daec656e2 | laobs_0347fe4d70c8decaf1c0,FarmFinder current canonical baseline — identity anchor only | LSU AgCenter statewide farm-food directory, | https://www.lsuagcenter.com/~/media/system/9/1/9/e/919ed83cfbd8ff0bd98b317a65f0604f/directory%20-%20la%20farm%20food%20during%20covidpdfpdf.pdf,E,2026-07-15,FF-0176,rediscovered_current_source,research_or_qa_queue,single grade-E discovery listing needs corroboration,Fields selected by evidence grade; every source observation remains separately auditable.
LA-F41840A2B2,Zydeco Farms,zydeco farms,farm,unique_source_name_reviewed,LA,Lafayette,Lafayette,,,public_business_address_reviewed_for_future_reduced_precision,30.22409,-92.01984,"Weekly produce box, veggies, eggs",Mixed,,kvnardoin@gmail.com,internal_until_public_use_review,,,,,False,False,False,False,False,False,False,1,laobs_9d8ca835b973d80856f5,FarmFinder current canonical baseline — identity anchor only,,E,2026-07-15,FF-0072,canonical_baseline_only,research_or_qa_queue,single grade-E discovery listing needs corroboration; canonical baseline farm not rediscovered in current three-pass sources,Fields selected by evidence grade; every source observation remains separately auditable.
LA-9991FCE1DD,Cajun Growers,cajun growers,farm,unique_source_name_reviewed,LA,Lafourche,Cut Off,,,public_business_address_reviewed_for_future_reduced_precision,30.44332,-91.18747,Cajun produce varieties,Produce,(985) 696-4812,tandl1962@hotmail.com,internal_until_public_use_review,,,,,False,True,False,False,False,False,False,1,laobs_43ced0fa40732e56c92a,FarmFinder current canonical baseline — identity anchor only,https://marketumbrella.org/news/23/42/Cajun-Growers,C,2026-07-15,FF-0010,canonical_baseline_only,research_or_qa_queue,canonical baseline farm not rediscovered in current three-pass sources,Fields selected by evidence grade; every source observation remains separately auditable.
LA-7B2EE845E6,Diamond S Produce,diamond s produce,farm,merged_exact_name_reviewed,LA,Lafourche,Raceland,,"2632 Hwy 1, Raceland",public_business_address_reviewed_for_future_reduced_precision,29.72743,-90.59898,"Vegetables, fruit; Vegetables, Fruit",Produce; Direct-to-consumer farm; historical statewide directory,(985) 438-3987,,internal_until_public_use_review,,,,,True,False,False,False,False,False,False,2,laobs_3dfc2b7dfe3a61fb8434 | laobs_6cb9ebdad16e055747e1,FarmFinder current canonical baseline — identity anchor only | LSU AgCenter statewide farm-food directory, | https://www.lsuagcenter.com/~/media/system/9/1/9/e/919ed83cfbd8ff0bd98b317a65f0604f/directory%20-%20la%20farm%20food%20during%20covidpdfpdf.pdf,E,2026-07-15,FF-0177,rediscovered_current_source,research_or_qa_queue,single grade-E discovery listing needs corroboration,Fields selected by evidence grade; every source observation remains separately auditable.
LA-54F62E6618,Guidry's Cajun Farmstead,guidrys cajun farmstead,farm,merged_exact_name_reviewed,LA,Lafourche,Cut Off,,"14650 Hwy 3235, Cut Off",public_business_address_reviewed_for_future_reduced_precision,29.54272,-90.33814,"Pasture-raised chicken, eggs; Meat (pasture-raised chicken), Eggs",Mixed; Direct-to-consumer farm; historical statewide directory,(985) 258-0184,,internal_until_public_use_review,,,,,True,False,True,False,False,False,False,2,laobs_2e9a985c5a04bd7258ad | laobs_719843b944bd567c3fbe,FarmFinder current canonical baseline — identity anchor only | LSU AgCenter statewide farm-food directory, | https://www.lsuagcenter.com/~/media/system/9/1/9/e/919ed83cfbd8ff0bd98b317a65f0604f/directory%20-%20la%20farm%20food%20during%20covidpdfpdf.pdf,C; E,2026-07-15,FF-0178,rediscovered_current_source,promotion_eligible_reviewed,,Fields selected by evidence grade; every source observation remains separately auditable.
LA-A1F0EDC192,"Welcome Farms, L.L.C.",welcome farms,farm,merged_exact_name_reviewed,LA,Lafourche,Thibodaux,,"2337 Saint Mary St, Thibodaux",public_business_address_reviewed_for_future_reduced_precision,29.79576,-90.82287,"Eggs, honey; Eggs, Honey",Mixed; Direct-to-consumer farm; historical statewide directory,(985) 205-1667,,internal_until_public_use_review,,,,,True,False,False,False,False,False,False,2,laobs_94d3cc8d379c0505277d | laobs_de373498c776201f57f5,FarmFinder current canonical baseline — identity anchor only | LSU AgCenter statewide farm-food directory, | https://www.lsuagcenter.com/~/media/system/9/1/9/e/919ed83cfbd8ff0bd98b317a65f0604f/directory%20-%20la%20farm%20food%20during%20covidpdfpdf.pdf,E,2026-07-15,FF-0179,rediscovered_current_source,research_or_qa_queue,single grade-E discovery listing needs corroboration,Fields selected by evidence grade; every source observation remains separately auditable.
LA-0D78CD8C2A,Briarhill Farms Farmstand,briarhill farms,farm,merged_cross_county_identity_reviewed,LA,Lincoln,Ruston,71270,11692 Clay Ansley Hwy.,public_business_address_reviewed_for_future_reduced_precision,32.52321,-92.63793,"Vegetables, fruit, eggs, honey; Farm products sold through an LDAF-approved roadside stand; eggs; goat yogurt; raw milk; baked goods; soap; cucumber; radishes; sweet corn; okra; summer squash; sweet peppers; tomatoes; zucchini; medicinal herbs; celery; sweet potatoes; winter-squash",Mixed; Roadside stand; direct-to-consumer; LocalHarvest Family Farm,(318) 957-2224,,internal_until_public_use_review,,http://www.facebook.com/share/1DcXXN3hoF/,https://instagram.com/briarhill_farms?igsh=MTA4ajdscWNqYTAyNQ==,,True,False,False,False,False,False,False,3,laobs_c6b5ae1288b9a31af8ad | laobs_14a685a9ccde5c41be09 | laobs_196a524bd26dc210fc38,FarmFinder current canonical baseline — identity anchor only | LDAF 2026 FMNP roadside-stand directory | LocalHarvest — Louisiana county-seat gap search, | https://www.ldaf.la.gov/fmnp | https://www.localharvest.org/briarhill-farms-M14827,B; D; E,2026-07-15,FF-0212,rediscovered_current_source,promotion_eligible_reviewed,,Fields selected by evidence grade; every source observation remains separately auditable.
LA-B8C100EBE7,Estes Farms,estes farms,farm,merged_cross_county_identity_reviewed,LA,Lincoln,Ruston,,"2456 Hwy. 818 (Once on Hwy. 818, turn left",public_business_address_reviewed_for_future_reduced_precision,32.52321,-92.63793,"Vegetables; Farm products sold through an LDAF-approved roadside stand; Vegetables, Fruit, Meat, Eggs, Mushrooms, Nuts, Honey, Processed farm food products",Produce; Roadside stand; direct-to-consumer; Direct-to-consumer farm; historical statewide directory,(318) 957-1591,,internal_until_public_use_review,,,,,True,True,False,True,False,False,False,3,laobs_88a7432c92b05ae54799 | laobs_bf8b2d79f659b3fb845d | laobs_0adf48e261cd28294caa,FarmFinder current canonical baseline — identity anchor only | LDAF 2026 FMNP roadside-stand directory | LSU AgCenter statewide farm-food directory, | https://www.ldaf.la.gov/fmnp | https://www.lsuagcenter.com/~/media/system/9/1/9/e/919ed83cfbd8ff0bd98b317a65f0604f/directory%20-%20la%20farm%20food%20during%20covidpdfpdf.pdf,B; C; E,2026-07-15,FF-0211,rediscovered_current_source,promotion_eligible_reviewed,,Fields selected by evidence grade; every source observation remains separately auditable.
LA-70556FBC6E,Mill Creek Farms,mill creek farms,farm,unique_source_name_reviewed,LA,Lincoln,Ruston,71270,3363 Hwy 544,public_business_address_reviewed_for_future_reduced_precision,,,We are a naturally grown produce farm using sustainable practices.,LocalHarvest Family Farm,(318) 274-0233,,internal_until_public_use_review,,,,,True,False,False,False,False,False,False,1,laobs_eeb9ec35d5e1b0b35322,LocalHarvest — Louisiana county-seat gap search,https://www.localharvest.org/mill-creek-farms-M61208,D,2026-07-15,,new_state_candidate,promotion_eligible_reviewed,,Fields selected by evidence grade; every source observation remains separately auditable.
LA-9390960BEA,Watts Fresh Produce,watts fresh produce,farm,unique_source_name_reviewed,LA,Lincoln,Choudrant,,670 Walker Rd.,public_business_address_reviewed_for_future_reduced_precision,,,Farm products sold through an LDAF-approved roadside stand,Roadside stand; direct-to-consumer,(318) 768-3222,,internal_until_public_use_review,,,,,True,False,False,False,False,False,False,1,laobs_4e695f35c9f0fd808fbc,LDAF 2026 FMNP roadside-stand directory,https://www.ldaf.la.gov/fmnp,B,2026-07-15,,new_state_candidate,promotion_eligible_reviewed,,Fields selected by evidence grade; every source observation remains separately auditable.
LA-7639FBB47A,Whitman Blueberry farm,whitman blueberry farm,farm,unique_source_name_reviewed,LA,Lincoln,Ruston,71270,,public_business_address_reviewed_for_future_reduced_precision,,,U-pick crops; agritourism,U-pick; agritourism,318-254-1030,whitmanblueberryfarmrustonla@yahoo.com,internal_until_public_use_review,,,,,True,False,False,False,True,False,False,1,laobs_768fb7040adae49b9bd4,PickYourOwn — Northern Louisiana,https://www.pickyourown.org/LAnorth.htm,E,2026-07-15,,new_state_candidate,research_or_qa_queue,single grade-E discovery listing needs corroboration; source reports closure and requires affirmative curator decision,Fields selected by evidence grade; every source observation remains separately auditable.
LA-C8E10A19AD,Yak's Farm Market,yaks farm market,farm,unique_source_name_reviewed,LA,Lincoln,Choudrant,71227,12095 Hwy 33,public_business_address_reviewed_for_future_reduced_precision,,,sweet corn; cucumber; eggplant; green beans; hot peppers; mustard greens; okra; onions; peas; potatoes; summer squash; sweet peppers; tomatillos; tomatoes; zucchini; blackberries; blueberries; cantaloupes; figs; melons; nectarines; peaches; pears; plums; raspberries; watermelons; honey; cabbage; carrots; cauliflower; chinese greens; collards; kale; pumpkins; sweet potatoes; swiss chard; turnips; winter-squash; apples; peanuts; pecans; molasses,LocalHarvest Family Farm,(318) 387-0245,,internal_until_public_use_review,,,,,True,False,False,False,False,False,False,1,laobs_650784c521349a7801ad,LocalHarvest — Louisiana county-seat gap search,https://www.localharvest.org/yaks-farm-market-M32144,D,2026-07-15,,new_state_candidate,promotion_eligible_reviewed,,Fields selected by evidence grade; every source observation remains separately auditable.
LA-4281E0FEE5,Yak's Produce,yaks produce,farm,split_due_county_conflict,LA,Lincoln,Choudrant,71227,12095 Hwy 33,public_business_address_reviewed_for_future_reduced_precision,,,sweet corn; cucumber; eggplant; green beans; green onions; hot peppers; okra; onions; peas; potatoes; summer squash; sweet peppers; tomatoes; zucchini; blackberries; blueberries; cantaloupes; figs; melons; nectarines; peaches; pears; plums; raspberries; watermelons; peanuts; honey; gourds; luffa; broccoli; cabbage; cauliflower; chinese greens; collards; kale; leeks; mustard greens; pumpkins; spinach; sweet potatoes; swiss chard; turnips; winter-squash; apples; pecans; molasses,LocalHarvest Family Farm,,,internal_until_public_use_review,,,,,True,False,False,False,False,False,False,1,laobs_c2446729b0f72acfb929,LocalHarvest — Louisiana county-seat gap search,https://www.localharvest.org/yaks-produce-M32145,D,2026-07-15,,new_state_candidate,research_or_qa_queue,same normalized name appears in multiple counties,Fields selected by evidence grade; every source observation remains separately auditable.
LA-1479E4158A,DR Homestead,dr homestead,farm,unique_source_name_reviewed,LA,Livingston,Denham Springs,,"39526 Hornsby Rd, Denham Springs",public_business_address_reviewed_for_future_reduced_precision,,,"Vegetables, Meat (chicken, turkey, rabbit, quail), Eggs, Processed farm food products",Direct-to-consumer farm; historical statewide directory,225-503-6005,,internal_until_public_use_review,,,,,False,True,False,False,False,False,False,1,laobs_7b34edfca7e1fb3a88ab,LSU AgCenter statewide farm-food directory,https://www.lsuagcenter.com/~/media/system/9/1/9/e/919ed83cfbd8ff0bd98b317a65f0604f/directory%20-%20la%20farm%20food%20during%20covidpdfpdf.pdf,E,2026-07-15,,new_state_candidate,research_or_qa_queue,single grade-E discovery listing needs corroboration,Fields selected by evidence grade; every source observation remains separately auditable.
LA-BD2B135E80,"Kemp Farms, LLC",kemp farms,farm,merged_exact_name_reviewed,LA,Livingston,Denham,70706,38511 Weiss Road,public_business_address_reviewed_for_future_reduced_precision,30.4874,-90.95753,"Meat, eggs; Agritourism and farm activities; see LDAF certified operation description; Meat, Eggs",Meat; Certified agritourism; Direct-to-consumer farm; historical statewide directory,225-665-8574,kempfarms@yahoo.com,internal_until_public_use_review,,,,,True,True,False,False,False,False,False,3,laobs_11754939ef77b9b1c33f | laobs_876c6ef9c9b85c7379a6 | laobs_38a4e21539611866ef60,FarmFinder current canonical baseline — identity anchor only | LDAF certified agritourism operations | LSU AgCenter statewide farm-food directory, | https://assets.ctfassets.net/pc5e1rlgfrov/7B8yMZqsUPa8lLZSUToUtw/19d3206a6070dea80e63683408b1552e/agritourism-directory-2023.pdf | https://www.lsuagcenter.com/~/media/system/9/1/9/e/919ed83cfbd8ff0bd98b317a65f0604f/directory%20-%20la%20farm%20food%20during%20covidpdfpdf.pdf,B; E,2026-07-15,FF-0126,rediscovered_current_source,promotion_eligible_reviewed,,Fields selected by evidence grade; every source observation remains separately auditable.
LA-36DEDDF1A2,Landry Poche Strawberry Farm,landry poche strawberry farm,farm,merged_exact_name_reviewed,LA,Livingston,Holden,,"29955 Richardson Dr, Holden",public_business_address_reviewed_for_future_reduced_precision,30.51,-90.67,"Vegetables, fruit; Vegetables, Fruit",Produce; Direct-to-consumer farm; historical statewide directory,(985) 320-6417,,internal_until_public_use_review,https://landrypochefarm.com/,,,,True,False,False,False,False,False,False,2,laobs_0c80c355c70a97668946 | laobs_eed61071e7e403b48296,FarmFinder current canonical baseline — identity anchor only | LSU AgCenter statewide farm-food directory,https://landrypochefarm.com/ | https://www.lsuagcenter.com/~/media/system/9/1/9/e/919ed83cfbd8ff0bd98b317a65f0604f/directory%20-%20la%20farm%20food%20during%20covidpdfpdf.pdf,C; E,2026-07-15,FF-0127,rediscovered_current_source,promotion_eligible_reviewed,,Fields selected by evidence grade; every source observation remains separately auditable.
LA-2B6551BD8E,Little Feet Farm,little feet farm,farm,merged_exact_name_reviewed,LA,Livingston,Denham Springs,,"20650 Bree Dr, Denham Springs",public_business_address_reviewed_for_future_reduced_precision,30.4874,-90.95753,"Chicken, turkey, rabbit, quail, goat, eggs; Meat (chicken, turkey, rabbit, quail, goat, Guineas), Eggs",Meat; Direct-to-consumer farm; historical statewide directory,(225) 503-5704,,internal_until_public_use_review,,,,,True,False,False,False,False,False,False,2,laobs_c866e02065cfdf106565 | laobs_d9f99673bcab188b99bc,FarmFinder current canonical baseline — identity anchor only | LSU AgCenter statewide farm-food directory, | https://www.lsuagcenter.com/~/media/system/9/1/9/e/919ed83cfbd8ff0bd98b317a65f0604f/directory%20-%20la%20farm%20food%20during%20covidpdfpdf.pdf,E,2026-07-15,FF-0128,rediscovered_current_source,research_or_qa_queue,single grade-E discovery listing needs corroboration,Fields selected by evidence grade; every source observation remains separately auditable.
LA-A4E42F3FDE,Mrs. Heather's Strawberry Patch,mrs heathers strawberry patch,farm,unique_source_name_reviewed,LA,Livingston,Albany,70711,31458 Hwy. 43,public_business_address_reviewed_for_future_reduced_precision,,,Agritourism and farm activities; see LDAF certified operation description,Certified agritourism,225-567-3493,farmforkids@yahoo.com,internal_until_public_use_review,http://thfarms.com,,,,False,False,False,False,True,False,False,1,laobs_0a2f24c30223e5f2a8f4,LDAF certified agritourism operations,https://assets.ctfassets.net/pc5e1rlgfrov/7B8yMZqsUPa8lLZSUToUtw/19d3206a6070dea80e63683408b1552e/agritourism-directory-2023.pdf,B,2026-07-15,,new_state_candidate,promotion_eligible_reviewed,,Fields selected by evidence grade; every source observation remains separately auditable.
LA-9DF20BB375,The Farmer’s Darlin,the farmers darlin,farm,unique_source_name_reviewed,LA,Livingston,Holden,,29955 Richardson Dr.,public_business_address_reviewed_for_future_reduced_precision,,,Farm products sold through an LDAF-approved roadside stand,Roadside stand; direct-to-consumer,(225) 361-4482,,internal_until_public_use_review,,,,,True,False,False,False,False,False,False,1,laobs_d10a5e6082bea61448f7,LDAF 2026 FMNP roadside-stand directory,https://www.ldaf.la.gov/fmnp,B,2026-07-15,,new_state_candidate,promotion_eligible_reviewed,,Fields selected by evidence grade; every source observation remains separately auditable.
LA-D7EF407661,Truax Farm,truax farm,farm,merged_exact_name_reviewed,LA,Livingston,Denham Springs,,"8105 Ben Fugler Rd, Denham Springs",public_business_address_reviewed_for_future_reduced_precision,30.4874,-90.95753,"Chicken, eggs; Meat (chicken), Eggs",Meat; Direct-to-consumer farm; historical statewide directory,(225) 614-1057,,internal_until_public_use_review,,,,,True,False,False,False,False,False,False,2,laobs_c7002ea58d88f67fe5cb | laobs_0bdb5574d82fa0c9b245,FarmFinder current canonical baseline — identity anchor only | LSU AgCenter statewide farm-food directory, | https://www.lsuagcenter.com/~/media/system/9/1/9/e/919ed83cfbd8ff0bd98b317a65f0604f/directory%20-%20la%20farm%20food%20during%20covidpdfpdf.pdf,E,2026-07-15,FF-0129,rediscovered_current_source,research_or_qa_queue,single grade-E discovery listing needs corroboration,Fields selected by evidence grade; every source observation remains separately auditable.
LA-18EE7DE008,You Are My Sunshine Farm,you are my sunshine farm,farm,merged_exact_name_reviewed,LA,Livingston,Denham Springs,,"11217 Judalon Rd, Denham Springs",public_business_address_reviewed_for_future_reduced_precision,30.4874,-90.95753,"Pasture-raised eggs; Vegetables, Fruit, Mushrooms, Honey, Processed farm food products",Produce; Direct-to-consumer farm; historical statewide directory,(225) 573-9481,,internal_until_public_use_review,,,,,True,True,False,True,False,False,False,2,laobs_e256efffb2b508b00ec4 | laobs_f569a05a8bdbe039ae3a,FarmFinder current canonical baseline — identity anchor only | LSU AgCenter statewide farm-food directory, | https://www.lsuagcenter.com/~/media/system/9/1/9/e/919ed83cfbd8ff0bd98b317a65f0604f/directory%20-%20la%20farm%20food%20during%20covidpdfpdf.pdf,E,2026-07-15,FF-0130,rediscovered_current_source,research_or_qa_queue,single grade-E discovery listing needs corroboration,Fields selected by evidence grade; every source observation remains separately auditable.
LA-30705EF49D,4Sisters Rice / Kennedy Rice Mill,4sisters rice kennedy rice mill,farm,merged_exact_name_reviewed,LA,Morehouse,Mer Rouge,,"610 Wilmot Hwy, Mer Rouge",public_business_address_reviewed_for_future_reduced_precision,32.77513,-91.79263,Organic rice; Farm products; see LSU directory,Rice; Direct-to-consumer farm; historical statewide directory,(318) 647-5744,,internal_until_public_use_review,https://www.4sistersrice.com/,,,,False,False,True,True,False,False,False,2,laobs_1bf93b2654d5d48c0920 | laobs_5d2eb6b108b496e38021,FarmFinder current canonical baseline — identity anchor only | LSU AgCenter statewide farm-food directory,https://www.4sistersrice.com/ | https://www.lsuagcenter.com/~/media/system/9/1/9/e/919ed83cfbd8ff0bd98b317a65f0604f/directory%20-%20la%20farm%20food%20during%20covidpdfpdf.pdf,C; E,2026-07-15,FF-0193,rediscovered_current_source,promotion_eligible_reviewed,,Fields selected by evidence grade; every source observation remains separately auditable.
LA-9440992355,Armstrong Farms,armstrong farms,farm,unique_source_name_reviewed,LA,Morehouse,Bastrop,,5821 Hwy. 138,public_business_address_reviewed_for_future_reduced_precision,,,Farm products sold through an LDAF-approved roadside stand,Roadside stand; direct-to-consumer,(318) 669-0389,,internal_until_public_use_review,,,,,True,False,False,False,False,False,False,1,laobs_d693396e3e4391ae14ae,LDAF 2026 FMNP roadside-stand directory,https://www.ldaf.la.gov/fmnp,B,2026-07-15,,new_state_candidate,promotion_eligible_reviewed,,Fields selected by evidence grade; every source observation remains separately auditable.
LA-6260ABC93F,Broadway Family Farms,broadway family farms,farm,unique_source_name_reviewed,LA,Morehouse,Bastrop,71220,8725 Dent Cockrell Road,public_business_address_reviewed_for_future_reduced_precision,,,Agritourism and farm activities; see LDAF certified operation description,Certified agritourism,,jacob@broadwayfaimlyfarms.com,internal_until_public_use_review,https://www.broadwayfamilyfarms.com,,,,False,False,False,False,False,False,False,1,laobs_fe0fb2e536b244fef389,LDAF certified agritourism operations,https://assets.ctfassets.net/pc5e1rlgfrov/7B8yMZqsUPa8lLZSUToUtw/19d3206a6070dea80e63683408b1552e/agritourism-directory-2023.pdf,B,2026-07-15,,new_state_candidate,promotion_eligible_reviewed,,Fields selected by evidence grade; every source observation remains separately auditable.
LA-AA6FB95FF5,Mer Rouge Specialty Market,mer rouge specialty market,farm,unique_source_name_reviewed,LA,Morehouse,Mer Rouge,,210 S. 14th St.,public_business_address_reviewed_for_future_reduced_precision,,,Farm products sold through an LDAF-approved roadside stand,Roadside stand; direct-to-consumer,(318) 647-1698,,internal_until_public_use_review,,,,,True,False,False,False,False,False,False,1,laobs_753882ec32930ad5dd10,LDAF 2026 FMNP roadside-stand directory,https://www.ldaf.la.gov/fmnp,B,2026-07-15,,new_state_candidate,promotion_eligible_reviewed,,Fields selected by evidence grade; every source observation remains separately auditable.
LA-F0F48C80CA,Adams Apiary and Farm,adams apiary and farm,farm,unique_source_name_reviewed,LA,Natchitoches,Provencal,,"5510 Hwy 117, Provencal",public_business_address_reviewed_for_future_reduced_precision,,,"Vegetables, Eggs, Honey",Direct-to-consumer farm; historical statewide directory,318-332-1125,,internal_until_public_use_review,,,,,True,True,False,False,False,False,False,1,laobs_17c2ff7b03046e443061,LSU AgCenter statewide farm-food directory,https://www.lsuagcenter.com/~/media/system/9/1/9/e/919ed83cfbd8ff0bd98b317a65f0604f/directory%20-%20la%20farm%20food%20during%20covidpdfpdf.pdf,E,2026-07-15,,new_state_candidate,research_or_qa_queue,single grade-E discovery listing needs corroboration,Fields selected by evidence grade; every source observation remains separately auditable.
LA-44CB3738E5,CC Produce,cc produce,farm,unique_source_name_reviewed,LA,Natchitoches,Chestnut,,1974 Morgan Quick Rd.,public_business_address_reviewed_for_future_reduced_precision,,,Farm products sold through an LDAF-approved roadside stand,Roadside stand; direct-to-consumer,(318) 332-8080,,internal_until_public_use_review,,,,,True,False,False,False,False,False,False,1,laobs_aeef9f952937c63f665e,LDAF 2026 FMNP roadside-stand directory,https://www.ldaf.la.gov/fmnp,B,2026-07-15,,new_state_candidate,promotion_eligible_reviewed,,Fields selected by evidence grade; every source observation remains separately auditable.
LA-336203C32C,Mims Produce,mims produce,farm,unique_source_name_reviewed,LA,Natchitoches,Ajax,,746 Hwy. 174,public_business_address_reviewed_for_future_reduced_precision,,,Farm products sold through an LDAF-approved roadside stand,Roadside stand; direct-to-consumer,(318) 796-3535,,internal_until_public_use_review,,,,,True,False,False,False,False,False,False,1,laobs_278b0b93f3391328702a,LDAF 2026 FMNP roadside-stand directory,https://www.ldaf.la.gov/fmnp,B,2026-07-15,,new_state_candidate,promotion_eligible_reviewed,,Fields selected by evidence grade; every source observation remains separately auditable.
LA-5D63E89EA8,"Natchitoches Pecans, Inc",natchitoches pecans,farm,unique_source_name_reviewed,LA,Natchitoches,Cloutierville,71416,16508 La Hwy 1 (store location),public_business_address_reviewed_for_future_reduced_precision,,,pecans,LocalHarvest Family Farm,(800) 572-5925,,internal_until_public_use_review,https://www.natchitochespecans.com,,,,True,False,False,False,False,False,False,1,laobs_9614218dc94d540514de,LocalHarvest — Louisiana county-seat gap search,https://www.localharvest.org/natchitoches-pecans-inc-M48406,D,2026-07-15,,new_state_candidate,promotion_eligible_reviewed,,Fields selected by evidence grade; every source observation remains separately auditable.
LA-A56EE85CE4,Agrowtopia Farm,agrowtopia farm,farm,unique_source_name_reviewed,LA,Orleans,New Orleans,70125,1045 S. Genois St.,public_business_address_reviewed_for_future_reduced_precision,,,arugula; kale; mustard greens; onions; salad greens; salad mix; spinach,LocalHarvest Family Farm,(504) 520-5046,,internal_until_public_use_review,https://www.agrowtopiafarm.com,http://www.facebook.com/profile.php?id=100008148915972,,,True,False,False,False,False,False,False,1,laobs_ea55b480cecdbeba0b89,LocalHarvest — Louisiana county-seat gap search,https://www.localharvest.org/agrowtopia-farm-M65500,D,2026-07-15,,new_state_candidate,promotion_eligible_reviewed,,Fields selected by evidence grade; every source observation remains separately auditable.
LA-376B9D89FC,Bottomlands Agricultural Cooperative,bottomlands agricultural cooperative,farm,unique_source_name_reviewed,LA,Orleans,New Orleans,,,public_business_address_reviewed_for_future_reduced_precision,29.95465,-90.07507,Cooperative produce,Produce,,,internal_until_public_use_review,,,,,False,True,False,False,False,False,False,1,laobs_ffe915e39a328becb9d8,FarmFinder current canonical baseline — identity anchor only,https://marketumbrella.org/news/1273/42/Bottomlands-Agricultural-Cooperative,C,2026-07-15,FF-0053,canonical_baseline_only,research_or_qa_queue,canonical baseline farm not rediscovered in current three-pass sources,Fields selected by evidence grade; every source observation remains separately auditable.
LA-E75F3C632F,CRISP Farms,crisp farms,farm,unique_source_name_reviewed,LA,Orleans,New Orleans,,,public_business_address_reviewed_for_future_reduced_precision,30.50463,-90.46293,Produce,Produce,(504) 669-1502,zach@crispfarmsnola.org,internal_until_public_use_review,http://www.crispfarmsnola.org/,,,,False,True,False,False,False,False,False,1,laobs_058a997397edb1a53c44,FarmFinder current canonical baseline — identity anchor only,https://www.marketumbrella.org/news/1169/42/CRISP-Farms,C,2026-07-15,FF-0028,canonical_baseline_only,research_or_qa_queue,canonical baseline farm not rediscovered in current three-pass sources,Fields selected by evidence grade; every source observation remains separately auditable.
LA-17286ED278,Edible City Gardens,edible city gardens,farm,split_due_county_conflict,LA,Orleans,New Orleans,,,public_business_address_reviewed_for_future_reduced_precision,29.95465,-90.07507,Hydroponic + traditional produce,Urban Farm,,,internal_until_public_use_review,,,,,False,False,False,False,False,False,False,1,laobs_0b3f4d85a257d86bf71d,FarmFinder current canonical baseline — identity anchor only,,E,2026-07-15,FF-0034,canonical_baseline_only,research_or_qa_queue,same normalized name appears in multiple counties; single grade-E discovery listing needs corroboration; canonical baseline farm not rediscovered in current three-pass sources,Fields selected by evidence grade; every source observation remains separately auditable.
LA-277623480D,Grow Dat Youth Farm,grow dat youth farm,farm,merged_exact_name_reviewed,LA,Orleans,New Orleans,70124,150 Zachary Taylor Dr.,public_business_address_reviewed_for_future_reduced_precision,,,Farm products sold through an LDAF-approved roadside stand; Agritourism and farm activities; see LDAF certified operation description,Roadside stand; direct-to-consumer; Certified agritourism,(504) 616-1777,Jamie@growdatyouthfarm.org,internal_until_public_use_review,https://growdatyouthfarm.org/,,,,True,False,False,False,False,False,False,2,laobs_cba6ef615daf4731a4f5 | laobs_a52a0a85780222a7ce9f,LDAF 2026 FMNP roadside-stand directory | LDAF certified agritourism operations,https://www.ldaf.la.gov/fmnp | https://assets.ctfassets.net/pc5e1rlgfrov/7B8yMZqsUPa8lLZSUToUtw/19d3206a6070dea80e63683408b1552e/agritourism-directory-2023.pdf,B,2026-07-15,,new_state_candidate,promotion_eligible_reviewed,,Fields selected by evidence grade; every source observation remains separately auditable.
LA-0B0B1F718C,Grow Me Somethin',grow me somethin,farm,unique_source_name_reviewed,LA,Orleans,New Orleans,,,public_business_address_reviewed_for_future_reduced_precision,,,arugula; carrots; chinese greens; collards; kale; lettuce; mustard greens; radishes; salad greens; salad mix; swiss chard; preserves; soap; medicinal herbs; green beans; cucumber; eggplant; hot peppers; fresh flowers; broccoli; sweet potatoes; tomatillos; tomatoes,LocalHarvest Family Farm,(786) 252-1855,,internal_until_public_use_review,,http://www.facebook.com/GrowMeSomethin,,,True,False,False,False,False,False,False,1,laobs_5b5a3726992edf61795f,LocalHarvest — Louisiana county-seat gap search,https://www.localharvest.org/grow-me-somethin-M64201,D,2026-07-15,,new_state_candidate,promotion_eligible_reviewed,,Fields selected by evidence grade; every source observation remains separately auditable.
LA-62DAFE3AE9,Growing Local Nola 1,growing local nola 1,farm,unique_source_name_reviewed,LA,Orleans,New Orleans,70015,5208 Magazine Street #191,public_business_address_reviewed_for_future_reduced_precision,,,Agritourism and farm activities; see LDAF certified operation description,Certified agritourism,813-785-8386,mcufone@recirculatingfarms.org,internal_until_public_use_review,https://www.recirculating,,,,False,False,False,False,False,False,False,1,laobs_5cfa74fa4af833b59c32,LDAF certified agritourism operations,https://assets.ctfassets.net/pc5e1rlgfrov/7B8yMZqsUPa8lLZSUToUtw/19d3206a6070dea80e63683408b1552e/agritourism-directory-2023.pdf,B,2026-07-15,,new_state_candidate,promotion_eligible_reviewed,,Fields selected by evidence grade; every source observation remains separately auditable.
LA-A4B6F5EA40,Growing Local Nola 2,growing local nola 2,farm,unique_source_name_reviewed,LA,Orleans,New Orleans,70015,5208 Magazine Street #191,public_business_address_reviewed_for_future_reduced_precision,,,Agritourism and farm activities; see LDAF certified operation description,Certified agritourism,813-785-8386,mcufone@recirculatingfarms.org,internal_until_public_use_review,https://www.recirculating,,,,False,False,False,False,False,False,False,1,laobs_8496fa9ff3de3cefec2c,LDAF certified agritourism operations,https://assets.ctfassets.net/pc5e1rlgfrov/7B8yMZqsUPa8lLZSUToUtw/19d3206a6070dea80e63683408b1552e/agritourism-directory-2023.pdf,B,2026-07-15,,new_state_candidate,promotion_eligible_reviewed,,Fields selected by evidence grade; every source observation remains separately auditable.
LA-A5487A3F3E,Growing Local Nola 3,growing local nola 3,farm,unique_source_name_reviewed,LA,Orleans,New Orleans,70015,5208 Magazine Street #191,public_business_address_reviewed_for_future_reduced_precision,,,Agritourism and farm activities; see LDAF certified operation description,Certified agritourism,813-785-8386,mcufone@recirculatingfarms.org,internal_until_public_use_review,https://www.recirculating,,,,False,False,False,False,False,False,False,1,laobs_40cd8831872e6baea5a9,LDAF certified agritourism operations,https://assets.ctfassets.net/pc5e1rlgfrov/7B8yMZqsUPa8lLZSUToUtw/19d3206a6070dea80e63683408b1552e/agritourism-directory-2023.pdf,B,2026-07-15,,new_state_candidate,promotion_eligible_reviewed,,Fields selected by evidence grade; every source observation remains separately auditable.
LA-69FA61CADA,Know Dat Grow Dat,know dat grow dat,farm,unique_source_name_reviewed,LA,Orleans,New Orleans,,,public_business_address_reviewed_for_future_reduced_precision,29.95465,-90.07507,"Urban produce, education",Urban Farm,(504) 237-6255,knowdatgrowdat@gmail.com,internal_until_public_use_review,https://www.knowdatgrowdat.com/,,https://www.instagram.com/knowdatgrowdat/,,False,True,False,False,False,False,False,1,laobs_f7147604f7a580f15fe0,FarmFinder current canonical baseline — identity anchor only,https://marketumbrella.org/news/1182/42/Know-Dat-Grow-Dat,C,2026-07-15,FF-0035,canonical_baseline_only,research_or_qa_queue,canonical baseline farm not rediscovered in current three-pass sources,Fields selected by evidence grade; every source observation remains separately auditable.
LA-7459E8858D,Micro Pharms,micro pharms,farm,unique_source_name_reviewed,LA,Orleans,New Orleans,,,public_business_address_reviewed_for_future_reduced_precision,29.95465,-90.07507,Microgreens,Produce,,,internal_until_public_use_review,,,,,False,True,False,False,False,False,False,1,laobs_899015de2556007d79bb,FarmFinder current canonical baseline — identity anchor only,,E,2026-07-15,FF-0027,canonical_baseline_only,research_or_qa_queue,single grade-E discovery listing needs corroboration; canonical baseline farm not rediscovered in current three-pass sources,Fields selected by evidence grade; every source observation remains separately auditable.
LA-C8F4EA917A,Nightshade Farm and Flowers,nightshade farm and flowers,farm,unique_source_name_reviewed,LA,Orleans,New Orleans,,,public_business_address_reviewed_for_future_reduced_precision,30.50463,-90.46293,"Produce, cut flowers",Produce,,,internal_until_public_use_review,,,https://www.instagram.com/nightshadefarms/,,True,True,False,False,False,False,False,1,laobs_251a899177dac33d69a4,FarmFinder current canonical baseline — identity anchor only,https://www.marketumbrella.org/news/729/42/Nightshade-Farm-and-Flowers,C,2026-07-15,FF-0031,canonical_baseline_only,research_or_qa_queue,canonical baseline farm not rediscovered in current three-pass sources,Fields selected by evidence grade; every source observation remains separately auditable.
LA-1923DC54D9,Nola Tilth,nola tilth,farm,merged_exact_name_reviewed,LA,Orleans,New Orleans,70129,14000 Dwyer Blvd.,public_business_address_reviewed_for_future_reduced_precision,29.95465,-90.07507,"Cut flowers, edible flowers; fresh flowers",Urban Farm; LocalHarvest Family Farm,(504) 616-0423,,internal_until_public_use_review,https://www.nolatilth.com,http://www.facebook.com/Nola-Tilth/286413314797470,,,True,False,False,False,False,False,False,2,laobs_afd16be85b12706f3b17 | laobs_8ab06db5f136801a9fef,FarmFinder current canonical baseline — identity anchor only | LocalHarvest — Louisiana county-seat gap search, | https://www.localharvest.org/nola-tilth-M55431,D; E,2026-07-15,FF-0032,rediscovered_current_source,promotion_eligible_reviewed,,Fields selected by evidence grade; every source observation remains separately auditable.
LA-861A117360,Pete & Clara's Seafood,pete and claras seafood,producer_requires_type_review,unique_source_name_reviewed,LA,Orleans,New Orleans,,,public_business_address_reviewed_for_future_reduced_precision,30.50463,-90.46293,Wild-caught seafood,Seafood,(504) 669-4379,peteandclarassfd@aol.com,internal_until_public_use_review,,,,,False,True,False,False,False,False,False,1,laobs_9d3433eed966d4910d90,FarmFinder current canonical baseline — identity anchor only,https://marketumbrella.org/news/56/42/Pete-Claras-Seafood,C,2026-07-15,FF-0055,canonical_baseline_only,research_or_qa_queue,directory candidate needs independent farm-operation evidence; canonical baseline farm not rediscovered in current three-pass sources,Fields selected by evidence grade; every source observation remains separately auditable.
LA-61167A4F27,Recirculating Farms,recirculating farms,farm,merged_exact_name_reviewed,LA,Orleans,New Orleans,,"1918 Jackson Ave, New Orleans",public_business_address_reviewed_for_future_reduced_precision,29.95465,-90.07507,"Vegetables, fruit, eggs; Vegetables, Fruit, Eggs, Processed farm food products",Mixed; Direct-to-consumer farm; historical statewide directory,(408) 420-3925,dcelis@recirculatingfarms.org,internal_until_public_use_review,https://recirculating-farms.square.site/,,,,False,False,True,True,False,False,False,2,laobs_45fc134668f394565908 | laobs_d1ef4a35554810fdb3a2,FarmFinder current canonical baseline — identity anchor only | LSU AgCenter statewide farm-food directory,https://recirculating-farms.square.site/ | https://www.lsuagcenter.com/~/media/system/9/1/9/e/919ed83cfbd8ff0bd98b317a65f0604f/directory%20-%20la%20farm%20food%20during%20covidpdfpdf.pdf,C; E,2026-07-15,FF-0122,rediscovered_current_source,promotion_eligible_reviewed,,Fields selected by evidence grade; every source observation remains separately auditable.
LA-8DA5D2328B,Recirculating Farms Coalition,recirculating farms coalition,producer_requires_type_review,unique_source_name_reviewed,LA,Orleans,New Orleans,70116,5208 Magazine St,public_business_address_reviewed_for_future_reduced_precision,,,Agritourism and farm activities; see LDAF certified operation description,Certified agritourism,1-844-732-3276,info@recirculatingfarms.org,internal_until_public_use_review,http://www.recirculatingfarms.org,,,,False,False,False,False,False,False,False,1,laobs_accfa96af25629bce2f7,LDAF certified agritourism operations,https://assets.ctfassets.net/pc5e1rlgfrov/7B8yMZqsUPa8lLZSUToUtw/19d3206a6070dea80e63683408b1552e/agritourism-directory-2023.pdf,B,2026-07-15,,new_state_candidate,research_or_qa_queue,directory candidate needs independent farm-operation evidence,Fields selected by evidence grade; every source observation remains separately auditable.
LA-58F4D0FF92,River Queen Greens,river queen greens,farm,merged_exact_name_reviewed,LA,Orleans,New Orleans,,"1020 Kentucky St, New Orleans",public_business_address_reviewed_for_future_reduced_precision,29.95465,-90.07507,"Vegetables, fruit, eggs, mushrooms; Vegetables, Fruit, Eggs, Mushrooms, Processed farm food products",Produce; Direct-to-consumer farm; historical statewide directory,(504) 814-1304,farmers@riverqueengreens.com,internal_until_public_use_review,https://www.riverqueengreens.com,,,,True,True,True,True,False,False,False,2,laobs_bb5039aa7f9c1aa50c12 | laobs_9c9c04d1ed61e3da777b,FarmFinder current canonical baseline — identity anchor only | LSU AgCenter statewide farm-food directory,https://grownby.com/farms/river-queen-greens | https://www.lsuagcenter.com/~/media/system/9/1/9/e/919ed83cfbd8ff0bd98b317a65f0604f/directory%20-%20la%20farm%20food%20during%20covidpdfpdf.pdf,C; E,2026-07-15,FF-0029,rediscovered_current_source,promotion_eligible_reviewed,,Fields selected by evidence grade; every source observation remains separately auditable.
LA-90FCD6CE91,Schmelly's Dirt Farm,schmellys dirt farm,farm,unique_source_name_reviewed,LA,Orleans,New Orleans,,,public_business_address_reviewed_for_future_reduced_precision,29.95465,-90.07507,"Compost, urban produce",Produce,,,internal_until_public_use_review,,,,,False,True,False,False,False,False,False,1,laobs_97d6b30a422f6970f8b5,FarmFinder current canonical baseline — identity anchor only,https://marketumbrella.org/news/1242/42/Schmellys-Dirt-Farm,C,2026-07-15,FF-0048,canonical_baseline_only,research_or_qa_queue,canonical baseline farm not rediscovered in current three-pass sources,Fields selected by evidence grade; every source observation remains separately auditable.
LA-2034E6500B,Sprout NOLA,sprout nola,farm,unique_source_name_reviewed,LA,Orleans,New Orleans,,,public_business_address_reviewed_for_future_reduced_precision,29.95465,-90.07507,Urban-grown produce,Produce,(504) 512-6646,info@sproutnola.org,internal_until_public_use_review,https://www.sproutnolafarm.org/,,,,False,True,False,False,False,False,False,1,laobs_1db3c811fbc7f772aabb,FarmFinder current canonical baseline — identity anchor only,https://www.sproutnolafarm.org/,C,2026-07-15,FF-0005,canonical_baseline_only,research_or_qa_queue,canonical baseline farm not rediscovered in current three-pass sources,Fields selected by evidence grade; every source observation remains separately auditable.
LA-A92A88E21D,Sugar Roots Farm,sugar roots farm,farm,merged_exact_name_reviewed,LA,Orleans,New Orleans,,"10701 Willow Dr, New Orleans",public_business_address_reviewed_for_future_reduced_precision,29.95465,-90.07507,"Vegetables, honey; Seafood (shrimp, crabs, fish)",Mixed; Direct-to-consumer farm; historical statewide directory,(504) 435-2294,,internal_until_public_use_review,https://www.sugarrootsfarm.org/,,,,True,False,False,True,False,False,False,2,laobs_332f66f3651d626eef57 | laobs_d30a996fc9dbd5a1c8c2,FarmFinder current canonical baseline — identity anchor only | LSU AgCenter statewide farm-food directory,https://www.sugarrootsfarm.org/contact-us | https://www.lsuagcenter.com/~/media/system/9/1/9/e/919ed83cfbd8ff0bd98b317a65f0604f/directory%20-%20la%20farm%20food%20during%20covidpdfpdf.pdf,C; E,2026-07-15,FF-0123,rediscovered_current_source,promotion_eligible_reviewed,,Fields selected by evidence grade; every source observation remains separately auditable.
LA-8058DD92B2,Too Tall Farm and Nursery,too tall farm and nursery,farm,unique_source_name_reviewed,LA,Orleans,New Orleans,,,public_business_address_reviewed_for_future_reduced_precision,30.47549,-90.10042,"Plants, produce, nursery",Produce,(504) 339-7536,jacobcingalls@gmail.com,internal_until_public_use_review,,,,,True,True,False,False,False,False,False,1,laobs_e581b6511773fd0e9cbe,FarmFinder current canonical baseline — identity anchor only,https://marketumbrella.org/news/592/42/Too-Tall-Farm-and-Nursery,C,2026-07-15,FF-0051,canonical_baseline_only,research_or_qa_queue,canonical baseline farm not rediscovered in current three-pass sources,Fields selected by evidence grade; every source observation remains separately auditable.
LA-5394C371FD,Utopia Garden,utopia garden,farm,unique_source_name_reviewed,LA,Orleans,New Orleans,70124,7116 Generat Diaz St,public_business_address_reviewed_for_future_reduced_precision,,,"Utopia Gardens farms and maintains abandoned government lots around the greater New Orleans area, as well as the West Bank and Marrero area. Most recent project happening at Hope Cafe Marrero LA.",LocalHarvest Family Farm,(504) 810-9529,,internal_until_public_use_review,,,,,True,False,False,False,False,False,False,1,laobs_d6e0bdb20fe59ed4a271,LocalHarvest — Louisiana county-seat gap search,https://www.localharvest.org/utopia-garden-M56494,D,2026-07-15,,new_state_candidate,promotion_eligible_reviewed,,Fields selected by evidence grade; every source observation remains separately auditable.
LA-B04134D361,VEGGI Co-Op,veggi co op,farm,unique_source_name_reviewed,LA,Orleans,New Orleans,,,public_business_address_reviewed_for_future_reduced_precision,29.95465,-90.07507,Community co-op vegetables,Produce,(504) 457-8486,veggifarmcoop@gmail.com,internal_until_public_use_review,https://veggifarmcoop.com,,,,False,True,False,False,False,False,False,1,laobs_ab862aa51e44f70a3a15,FarmFinder current canonical baseline — identity anchor only,https://marketumbrella.org/news/69/42/VEGGI-Co-Op,C,2026-07-15,FF-0006,canonical_baseline_only,research_or_qa_queue,canonical baseline farm not rediscovered in current three-pass sources,Fields selected by evidence grade; every source observation remains separately auditable.
LA-8876B37545,"American All Fun, Inc. DBA Uncle Robert's Orchard",american all fun inc dba uncle roberts orchard,farm,unique_source_name_reviewed,LA,Ouachita,Monroe,71211,P.O. Box 4055,public_business_address_reviewed_for_future_reduced_precision,,,Agritourism and farm activities; see LDAF certified operation description,Certified agritourism,318-340-9400,unclerobertsorchard@gmail.com,internal_until_public_use_review,http://www.unclerobertsorchard.com/,,,,False,False,False,False,True,False,False,1,laobs_4d8d20b41279661890c1,LDAF certified agritourism operations,https://assets.ctfassets.net/pc5e1rlgfrov/7B8yMZqsUPa8lLZSUToUtw/19d3206a6070dea80e63683408b1552e/agritourism-directory-2023.pdf,B,2026-07-15,,new_state_candidate,promotion_eligible_reviewed,,Fields selected by evidence grade; every source observation remains separately auditable.
LA-2E62B01C2E,"Big Daddy Produce Farms, LLC",big daddy produce farms,farm,unique_source_name_reviewed,LA,Ouachita,West Monroe,,293 Jimmy Lee Ln.,public_business_address_reviewed_for_future_reduced_precision,,,Farm products sold through an LDAF-approved roadside stand,Roadside stand; direct-to-consumer,(318) 355-6541,,internal_until_public_use_review,,,,,True,False,False,False,False,False,False,1,laobs_79ff9bf996d12b27f690,LDAF 2026 FMNP roadside-stand directory,https://www.ldaf.la.gov/fmnp,B,2026-07-15,,new_state_candidate,promotion_eligible_reviewed,,Fields selected by evidence grade; every source observation remains separately auditable.
LA-A8EAC9F908,Butler Blueberries,butler blueberries,farm,unique_source_name_reviewed,LA,Ouachita,West Monroe,,"735 Ole Hwy 15, West Monroe",public_business_address_reviewed_for_future_reduced_precision,,,Fruit (blueberries),Direct-to-consumer farm; historical statewide directory,318-396-2593,,internal_until_public_use_review,,,,,False,False,False,False,True,False,False,1,laobs_94bc6d565d6da54ff00a,LSU AgCenter statewide farm-food directory,https://www.lsuagcenter.com/~/media/system/9/1/9/e/919ed83cfbd8ff0bd98b317a65f0604f/directory%20-%20la%20farm%20food%20during%20covidpdfpdf.pdf,E,2026-07-15,,new_state_candidate,research_or_qa_queue,single grade-E discovery listing needs corroboration,Fields selected by evidence grade; every source observation remains separately auditable.
LA-7D9F5B0692,Indian Village Harvest Farm LLC,indian village harvest farm,farm,unique_source_name_reviewed,LA,Ouachita,Calhoun,,"1976 Guyton Swamp Rd, Calhoun",public_business_address_reviewed_for_future_reduced_precision,,,"Vegetables, Fruit, Honey, Processed farm food products",Direct-to-consumer farm; historical statewide directory,318-235-3228,,internal_until_public_use_review,,,,,True,False,False,False,True,False,False,1,laobs_ebe29d5c4bd60430516f,LSU AgCenter statewide farm-food directory,https://www.lsuagcenter.com/~/media/system/9/1/9/e/919ed83cfbd8ff0bd98b317a65f0604f/directory%20-%20la%20farm%20food%20during%20covidpdfpdf.pdf,E,2026-07-15,,new_state_candidate,research_or_qa_queue,single grade-E discovery listing needs corroboration,Fields selected by evidence grade; every source observation remains separately auditable.
LA-66E94DB999,Moe Better Farms,moe better farms,farm,unique_source_name_reviewed,LA,Ouachita,Monroe,71202,421 Moore Rd,public_business_address_reviewed_for_future_reduced_precision,,,eggs; bread; broccoli; collards; cucumber; hot peppers; lettuce; potatoes; shallots; turnips; chicken; butter; sweet corn; garlic; okra; peas; tomatoes; Handmade Filé; Southern Field Peas; Bull Nose Large Bell pepper; Grandpa Admire's lettuce,LocalHarvest Family Farm,(318) 381-8413,,internal_until_public_use_review,https://www.moebetterfarms.com,,,,True,False,False,False,False,False,False,1,laobs_2a7f7d7d9aef9c4bc953,LocalHarvest — Louisiana county-seat gap search,https://www.localharvest.org/moe-better-farms-M83379,D,2026-07-15,,new_state_candidate,promotion_eligible_reviewed,,Fields selected by evidence grade; every source observation remains separately auditable.
LA-857910FC81,Queens Creek Farm,queens creek farm,farm,unique_source_name_reviewed,LA,Ouachita,West Monroe,,"551 Queens Creek Ln, West Monroe",public_business_address_reviewed_for_future_reduced_precision,,,Fruit (blueberries),Direct-to-consumer farm; historical statewide directory,913-568-8576,,internal_until_public_use_review,,,,,False,False,False,False,True,False,False,1,laobs_99fbf9d4c8493d6f0aec,LSU AgCenter statewide farm-food directory,https://www.lsuagcenter.com/~/media/system/9/1/9/e/919ed83cfbd8ff0bd98b317a65f0604f/directory%20-%20la%20farm%20food%20during%20covidpdfpdf.pdf,E,2026-07-15,,new_state_candidate,research_or_qa_queue,single grade-E discovery listing needs corroboration,Fields selected by evidence grade; every source observation remains separately auditable.
LA-A69A3C6853,"The Pecan Place, LLC- DBA Double P Farm",the pecan place llc dba double p farm,farm,unique_source_name_reviewed,LA,Ouachita,Monroe,71203,534 Huenefeld Road,public_business_address_reviewed_for_future_reduced_precision,,,Agritourism and farm activities; see LDAF certified operation description,Certified agritourism,318-773-7727,doublepfarmmonroe@gmail.com,internal_until_public_use_review,https://www.doublepfarm.com,,,,False,False,False,False,False,False,False,1,laobs_215b70e2432877d44fc9,LDAF certified agritourism operations,https://assets.ctfassets.net/pc5e1rlgfrov/7B8yMZqsUPa8lLZSUToUtw/19d3206a6070dea80e63683408b1552e/agritourism-directory-2023.pdf,B,2026-07-15,,new_state_candidate,promotion_eligible_reviewed,,Fields selected by evidence grade; every source observation remains separately auditable.
LA-E81B2A0C7F,Thompson’s Peach Farm,thompsons peach farm,farm,merged_exact_name_reviewed,LA,Ouachita,Calhoun,,2195 Hwy. 144,public_business_address_reviewed_for_future_reduced_precision,,,Farm products sold through an LDAF-approved roadside stand; Meat (grass-fed beef),Roadside stand; direct-to-consumer; Direct-to-consumer farm; historical statewide directory,(318) 278-0490,,internal_until_public_use_review,,,,,True,True,False,True,False,False,False,2,laobs_4be82ff56a3951f37b01 | laobs_e007afb55547dafb2ffb,LDAF 2026 FMNP roadside-stand directory | LSU AgCenter statewide farm-food directory,https://www.ldaf.la.gov/fmnp | https://www.lsuagcenter.com/~/media/system/9/1/9/e/919ed83cfbd8ff0bd98b317a65f0604f/directory%20-%20la%20farm%20food%20during%20covidpdfpdf.pdf,B; E,2026-07-15,,new_state_candidate,promotion_eligible_reviewed,,Fields selected by evidence grade; every source observation remains separately auditable.
LA-95A27BD98D,Bubbas Honey,bubbas honey,farm,merged_exact_name_reviewed,LA,Plaquemines,Braithwaite,,"2603 Hwy 39, Braithwaite",public_business_address_reviewed_for_future_reduced_precision,29.86639,-89.94361,Honey,Honey/Specialty; Direct-to-consumer farm; historical statewide directory,(504) 875-1516,,internal_until_public_use_review,,,,,False,False,False,True,False,False,False,2,laobs_c93d1581a5901509e75e | laobs_df73d1b4b8d37f05346b,FarmFinder current canonical baseline — identity anchor only | LSU AgCenter statewide farm-food directory, | https://www.lsuagcenter.com/~/media/system/9/1/9/e/919ed83cfbd8ff0bd98b317a65f0604f/directory%20-%20la%20farm%20food%20during%20covidpdfpdf.pdf,E,2026-07-15,FF-0131,rediscovered_current_source,research_or_qa_queue,single grade-E discovery listing needs corroboration,Fields selected by evidence grade; every source observation remains separately auditable.
LA-F15739F37A,George Brooks Farmers Market Location #1,george brooks farmers market location 1,producer_requires_type_review,unique_source_name_reviewed,LA,Plaquemines,Belle Chasse,,14383 Hwy. 23,public_business_address_reviewed_for_future_reduced_precision,,,Farm products sold through an LDAF-approved roadside stand,Roadside stand; direct-to-consumer,(504) 417-8729,,internal_until_public_use_review,,,,,True,False,False,False,False,False,False,1,laobs_44b7d7cf7ce77aad7fa8,LDAF 2026 FMNP roadside-stand directory,https://www.ldaf.la.gov/fmnp,B,2026-07-15,,new_state_candidate,research_or_qa_queue,directory candidate needs independent farm-operation evidence,Fields selected by evidence grade; every source observation remains separately auditable.
LA-C6ED9B184B,George Brooks Farmers Market Location #2,george brooks farmers market location 2,producer_requires_type_review,unique_source_name_reviewed,LA,Plaquemines,Belle Chasse,,9640 Hwy. 23,public_business_address_reviewed_for_future_reduced_precision,,,Farm products sold through an LDAF-approved roadside stand,Roadside stand; direct-to-consumer,(504) 417-8729,,internal_until_public_use_review,,,,,True,False,False,False,False,False,False,1,laobs_1ccd59512996d30dbc4e,LDAF 2026 FMNP roadside-stand directory,https://www.ldaf.la.gov/fmnp,B,2026-07-15,,new_state_candidate,research_or_qa_queue,directory candidate needs independent farm-operation evidence,Fields selected by evidence grade; every source observation remains separately auditable.
LA-A42B63C4D6,"L'Hoste Citrus, LLC",lhoste citrus,farm,merged_exact_name_reviewed,LA,Plaquemines,Plaquemines Parish,,"6393 Hwy 39, Braithwaite",public_business_address_reviewed_for_future_reduced_precision,29.85493,-89.99063,Citrus fruits; Fruit (citrus),Produce; Direct-to-consumer farm; historical statewide directory,504-231-9625,,internal_until_public_use_review,,,,,True,True,False,False,False,False,False,2,laobs_428ae7fd158fe49f7049 | laobs_739d65e81f234f13b3d8,FarmFinder current canonical baseline — identity anchor only | LSU AgCenter statewide farm-food directory, | https://www.lsuagcenter.com/~/media/system/9/1/9/e/919ed83cfbd8ff0bd98b317a65f0604f/directory%20-%20la%20farm%20food%20during%20covidpdfpdf.pdf,E,2026-07-15,FF-0025,rediscovered_current_source,research_or_qa_queue,single grade-E discovery listing needs corroboration,Fields selected by evidence grade; every source observation remains separately auditable.
LA-8F180077BC,Z Farm & Orchard,z farm and orchard,farm,merged_exact_name_reviewed,LA,Plaquemines,Braithwaite,,"133 Gibbons Rd, Braithwaite",public_business_address_reviewed_for_future_reduced_precision,29.86639,-89.94361,"Vegetables, fruit, honey; Vegetables, Fruit, Honey, Processed farm food products",Mixed; Direct-to-consumer farm; historical statewide directory,(504) 579-4127,,internal_until_public_use_review,,,,,True,False,False,False,False,False,False,2,laobs_b01324a0c0ff8826142c | laobs_44d80cd0a84dcfbe33ea,FarmFinder current canonical baseline — identity anchor only | LSU AgCenter statewide farm-food directory, | https://www.lsuagcenter.com/~/media/system/9/1/9/e/919ed83cfbd8ff0bd98b317a65f0604f/directory%20-%20la%20farm%20food%20during%20covidpdfpdf.pdf,E,2026-07-15,FF-0132,rediscovered_current_source,research_or_qa_queue,single grade-E discovery listing needs corroboration,Fields selected by evidence grade; every source observation remains separately auditable.
LA-B347357EEB,Four Oaks Farm,four oaks farm the boiling branch,farm,merged_exact_name_reviewed,LA,Pointe Coupee,Morganza,70759,10118 Bayou Fordoche Road,public_business_address_reviewed_for_future_reduced_precision,30.70157,-91.43622,"Seafood (crab, shrimp); Agritourism and farm activities; see LDAF certified operation description",Seafood; Certified agritourism,225-718-0113,fofarms@gmail.com,internal_until_public_use_review,https://www.fouroaksfarms.com,,,,True,False,False,False,False,False,False,2,laobs_ffb1d2dbd802bfefeb52 | laobs_9ba63708714a73380a8d,FarmFinder current canonical baseline — identity anchor only | LDAF certified agritourism operations,https://www.fouroaksfarms.com/ | https://assets.ctfassets.net/pc5e1rlgfrov/7B8yMZqsUPa8lLZSUToUtw/19d3206a6070dea80e63683408b1552e/agritourism-directory-2023.pdf,B; C,2026-07-15,FF-0195,rediscovered_current_source,promotion_eligible_reviewed,,Fields selected by evidence grade; every source observation remains separately auditable.
LA-32AE713395,Loup Farms,loup farms,farm,merged_exact_name_reviewed,LA,Pointe Coupee,Oscar,,6349 False River Rd. (1/2 mile before the south,public_business_address_reviewed_for_future_reduced_precision,30.70157,-91.43622,"Vegetables; Farm products sold through an LDAF-approved roadside stand; Vegetables, Eggs, Processed farm food products",Produce; Roadside stand; direct-to-consumer; Direct-to-consumer farm; historical statewide directory,(225) 978-1716,,internal_until_public_use_review,,,,,True,False,False,False,False,False,False,3,laobs_e5b526cf38f9fbf98b27 | laobs_a00792e51b865d0dcd28 | laobs_2ffbe6547ae508abaf63,FarmFinder current canonical baseline — identity anchor only | LDAF 2026 FMNP roadside-stand directory | LSU AgCenter statewide farm-food directory, | https://www.ldaf.la.gov/fmnp | https://www.lsuagcenter.com/~/media/system/9/1/9/e/919ed83cfbd8ff0bd98b317a65f0604f/directory%20-%20la%20farm%20food%20during%20covidpdfpdf.pdf,B; E,2026-07-15,FF-0067,rediscovered_current_source,promotion_eligible_reviewed,,Fields selected by evidence grade; every source observation remains separately auditable.
LA-5C3D476AA9,William Produce,william produce,farm,unique_source_name_reviewed,LA,Pointe Coupee,Batchelor,,,public_business_address_reviewed_for_future_reduced_precision,30.84109,-91.663604,"Ethnic vegetables, spinach, kale, broccoli",Produce,,williamproduce_05@yahoo.com,internal_until_public_use_review,,,,,True,False,False,False,False,False,False,1,laobs_682d17b1eac398fa6522,FarmFinder current canonical baseline — identity anchor only,,E,2026-07-15,FF-0275,canonical_baseline_only,research_or_qa_queue,single grade-E discovery listing needs corroboration; canonical baseline farm not rediscovered in current three-pass sources,Fields selected by evidence grade; every source observation remains separately auditable.
LA-D06BF9DE1A,Williams Produce,williams produce,farm,unique_source_name_reviewed,LA,Pointe Coupee,Batchelor,,17789 Hwy. 417 (From caution light in,public_business_address_reviewed_for_future_reduced_precision,,,Farm products sold through an LDAF-approved roadside stand,Roadside stand; direct-to-consumer,(225) 718-5396,,internal_until_public_use_review,,,,,True,False,False,False,False,False,False,1,laobs_ab9fb8b23146ed152b3f,LDAF 2026 FMNP roadside-stand directory,https://www.ldaf.la.gov/fmnp,B,2026-07-15,,new_state_candidate,promotion_eligible_reviewed,,Fields selected by evidence grade; every source observation remains separately auditable.
LA-345654FEFF,"Aunt Julia’s Garden, LLC",aunt julias garden,farm,unique_source_name_reviewed,LA,Rapides,Boyce,71409,2989 Messina Road,public_business_address_reviewed_for_future_reduced_precision,,,Agritourism and farm activities; see LDAF certified operation description,Certified agritourism,318.787.8070,adailey@wlf.la.gov,internal_until_public_use_review,,,,,False,False,False,False,False,False,False,1,laobs_f503f2a94cb9f3bc6d73,LDAF certified agritourism operations,https://assets.ctfassets.net/pc5e1rlgfrov/7B8yMZqsUPa8lLZSUToUtw/19d3206a6070dea80e63683408b1552e/agritourism-directory-2023.pdf,B,2026-07-15,,new_state_candidate,promotion_eligible_reviewed,,Fields selected by evidence grade; every source observation remains separately auditable.
LA-5DC39416F1,Bankovic Backyard Grangers,bankovic backyard grangers,farm,unique_source_name_reviewed,LA,Rapides,Alexandria,71303,651 Downs Ln,public_business_address_reviewed_for_future_reduced_precision,,,"Available: All non-GMO, pesticide/herbicide/insecticide free goodies! Products: Seasonal veggies, seasonal citrus, apples, guava, blueberries, blackberries, elderberries, culinary mushrooms; free range, forage-fed eggs; culinary and medicinal herbs Hours and Months Open: By appointment or call ahead of time Locations where products are sold: Delivery & pick up CSA Available? : In development Accepts Debit/Credit Cards: Yes",LocalHarvest Family Farm,(318) 773-0521,,internal_until_public_use_review,https://www.bankovicbackyardgrangers.com,http://www.facebook.com/BankovicBackyardGrangers,,,True,False,False,False,False,False,False,1,laobs_ee5a9f12aa0b67a8215f,LocalHarvest — Louisiana county-seat gap search,https://www.localharvest.org/bankovic-backyard-grangers-M64065,D,2026-07-15,,new_state_candidate,promotion_eligible_reviewed,,Fields selected by evidence grade; every source observation remains separately auditable.
LA-DAE2062C40,Gray-Walk Farms,gray walk farms,farm,merged_exact_name_reviewed,LA,Rapides,Boyce,,"90 Harold Miles Rd, Boyce",public_business_address_reviewed_for_future_reduced_precision,31.39046,-92.66931,Hydroponic vegetables; Vegetables (hydroponic),Produce; Direct-to-consumer farm; historical statewide directory,(318) 880-0120,,internal_until_public_use_review,,,,,False,True,False,False,False,False,False,2,laobs_63d5f1c04b140804638a | laobs_b96a36758b811f9a3e2c,FarmFinder current canonical baseline — identity anchor only | LSU AgCenter statewide farm-food directory, | https://www.lsuagcenter.com/~/media/system/9/1/9/e/919ed83cfbd8ff0bd98b317a65f0604f/directory%20-%20la%20farm%20food%20during%20covidpdfpdf.pdf,C; E,2026-07-15,FF-0196,rediscovered_current_source,promotion_eligible_reviewed,,Fields selected by evidence grade; every source observation remains separately auditable.
LA-CD6A16926F,"HoneyBerry Farms, LLC",honeyberry farms,farm,unique_source_name_reviewed,LA,Rapides,Dry Prong,,"111 Robin Hood Rd, Dry Prong",public_business_address_reviewed_for_future_reduced_precision,,,"Fruit, Honey",Direct-to-consumer farm; historical statewide directory,318-623-4419,,internal_until_public_use_review,,,,,False,False,False,True,False,False,False,1,laobs_7c89255861b59b2c9b46,LSU AgCenter statewide farm-food directory,https://www.lsuagcenter.com/~/media/system/9/1/9/e/919ed83cfbd8ff0bd98b317a65f0604f/directory%20-%20la%20farm%20food%20during%20covidpdfpdf.pdf,E,2026-07-15,,new_state_candidate,research_or_qa_queue,single grade-E discovery listing needs corroboration,Fields selected by evidence grade; every source observation remains separately auditable.
LA-E8396BF8DA,Inglewood Plantation,inglewood farm,farm,merged_exact_name_reviewed,LA,Rapides,Alexandria,71302,6233 Old Baton,public_business_address_reviewed_for_future_reduced_precision,31.31129,-92.44514,"Organic produce, eggs, pecans; Agritourism and farm activities; see LDAF certified operation description; Vegetables, Fruit, Meat, Eggs, Mushrooms, Nuts, Honey",Mixed; Certified agritourism; Direct-to-consumer farm; historical statewide directory,318-442-6398,lweeks@inglewoodfarm.com,internal_until_public_use_review,http://www.inglewoodfarm.com,,,,True,True,False,False,False,False,False,3,laobs_088641baee535e5a2603 | laobs_553f25712517089bfffb | laobs_0c1fa8669ced2eaf4a16,FarmFinder current canonical baseline — identity anchor only | LDAF certified agritourism operations | LSU AgCenter statewide farm-food directory,https://www.cityofalexandriala.com/events/2012/12/inglewood-farm-harvest-market | https://assets.ctfassets.net/pc5e1rlgfrov/7B8yMZqsUPa8lLZSUToUtw/19d3206a6070dea80e63683408b1552e/agritourism-directory-2023.pdf | https://www.lsuagcenter.com/~/media/system/9/1/9/e/919ed83cfbd8ff0bd98b317a65f0604f/directory%20-%20la%20farm%20food%20during%20covidpdfpdf.pdf,B; C; E,2026-07-15,FF-0073,rediscovered_current_source,promotion_eligible_reviewed,,Fields selected by evidence grade; every source observation remains separately auditable.
LA-277D6BE9D9,Jubilee Justice,jubilee justice,farm,unique_source_name_reviewed,LA,Rapides,Alexandria,,6233 Old Baton Rouge Hwy. (off Hwy. 71;,public_business_address_reviewed_for_future_reduced_precision,,,Farm products sold through an LDAF-approved roadside stand,Roadside stand; direct-to-consumer,(318) 500-1596,,internal_until_public_use_review,,,,,True,False,False,False,False,False,False,1,laobs_07d6f450aa156cd7f866,LDAF 2026 FMNP roadside-stand directory,https://www.ldaf.la.gov/fmnp,B,2026-07-15,,new_state_candidate,promotion_eligible_reviewed,,Fields selected by evidence grade; every source observation remains separately auditable.
LA-5BB7194A5C,Lemoine’s Honey Farm,lemoines honey farm,farm,unique_source_name_reviewed,LA,Rapides,Deville,,"26 Nickolas Rd, Deville",public_business_address_reviewed_for_future_reduced_precision,,,Honey,Direct-to-consumer farm; historical statewide directory,318-664-7615,,internal_until_public_use_review,,,,,True,False,False,False,False,False,False,1,laobs_a7eb423c7078749cfcbe,LSU AgCenter statewide farm-food directory,https://www.lsuagcenter.com/~/media/system/9/1/9/e/919ed83cfbd8ff0bd98b317a65f0604f/directory%20-%20la%20farm%20food%20during%20covidpdfpdf.pdf,E,2026-07-15,,new_state_candidate,research_or_qa_queue,single grade-E discovery listing needs corroboration,Fields selected by evidence grade; every source observation remains separately auditable.
LA-0B4AA11039,Mathews Produce,mathews produce,farm,unique_source_name_reviewed,LA,Rapides,Alexandria,,6389 Bayou Rapides Rd.,public_business_address_reviewed_for_future_reduced_precision,,,Farm products sold through an LDAF-approved roadside stand,Roadside stand; direct-to-consumer,(318) 623-2057,,internal_until_public_use_review,,,,,True,False,False,False,False,False,False,1,laobs_78ec7775a1a98c5b2aa8,LDAF 2026 FMNP roadside-stand directory,https://www.ldaf.la.gov/fmnp,B,2026-07-15,,new_state_candidate,promotion_eligible_reviewed,,Fields selected by evidence grade; every source observation remains separately auditable.
LA-B62F0F8750,Quarter Acre Homestead & Nursery,quarter acre homestead and nursery,farm,unique_source_name_reviewed,LA,Rapides,Alexandria,,"3806 Brenda St, Alexandria",public_business_address_reviewed_for_future_reduced_precision,,,Vegetable and Herb Plants,Direct-to-consumer farm; historical statewide directory,318-321-6036,,internal_until_public_use_review,,,,,False,True,False,False,False,False,False,1,laobs_411511786b3233737b93,LSU AgCenter statewide farm-food directory,https://www.lsuagcenter.com/~/media/system/9/1/9/e/919ed83cfbd8ff0bd98b317a65f0604f/directory%20-%20la%20farm%20food%20during%20covidpdfpdf.pdf,E,2026-07-15,,new_state_candidate,research_or_qa_queue,single grade-E discovery listing needs corroboration,Fields selected by evidence grade; every source observation remains separately auditable.
LA-83919973B4,R&R Duncan Cattle Co.,r and r duncan cattle,farm,merged_exact_name_reviewed,LA,Rapides,Boyce,,"8004 Hwy 1200, Boyce",public_business_address_reviewed_for_future_reduced_precision,31.39046,-92.66931,Grass-fed beef; Meat (grass-fed beef),Meat; Direct-to-consumer farm; historical statewide directory,(318) 201-1762,,internal_until_public_use_review,,,,,True,False,False,True,False,False,False,2,laobs_595ea9bf24811dda6dd6 | laobs_836809e3754d55d438f5,FarmFinder current canonical baseline — identity anchor only | LSU AgCenter statewide farm-food directory, | https://www.lsuagcenter.com/~/media/system/9/1/9/e/919ed83cfbd8ff0bd98b317a65f0604f/directory%20-%20la%20farm%20food%20during%20covidpdfpdf.pdf,E,2026-07-15,FF-0197,rediscovered_current_source,research_or_qa_queue,single grade-E discovery listing needs corroboration,Fields selected by evidence grade; every source observation remains separately auditable.
LA-CF660B9B9D,Tiny Utopia,tiny utopia,farm,merged_exact_name_reviewed,LA,Rapides,Alexandria,,"2401 Lee St, Alexandria",public_business_address_reviewed_for_future_reduced_precision,31.31129,-92.44514,"Honey, microgreens; Honey, Microgreens",Mixed; Direct-to-consumer farm; historical statewide directory,(318) 269-5904,,internal_until_public_use_review,,,,,False,True,True,True,False,False,False,2,laobs_eec4b2e710d9d63e1576 | laobs_a300bd670bc29b328800,FarmFinder current canonical baseline — identity anchor only | LSU AgCenter statewide farm-food directory, | https://www.lsuagcenter.com/~/media/system/9/1/9/e/919ed83cfbd8ff0bd98b317a65f0604f/directory%20-%20la%20farm%20food%20during%20covidpdfpdf.pdf,C; E,2026-07-15,FF-0198,rediscovered_current_source,promotion_eligible_reviewed,,Fields selected by evidence grade; every source observation remains separately auditable.
LA-7F787CC377,Anderson’s Produce & Plant Farm,andersons produce and plant farm,farm,unique_source_name_reviewed,LA,Red River,Coushatta,,"858 Catfish Bend Rd, Coushatta",public_business_address_reviewed_for_future_reduced_precision,,,Fruit (blueberries),Direct-to-consumer farm; historical statewide directory,318-471-8978,,internal_until_public_use_review,,,,,True,False,False,False,True,False,False,1,laobs_25589f3cfd8b7ebe9629,LSU AgCenter statewide farm-food directory,https://www.lsuagcenter.com/~/media/system/9/1/9/e/919ed83cfbd8ff0bd98b317a65f0604f/directory%20-%20la%20farm%20food%20during%20covidpdfpdf.pdf,E,2026-07-15,,new_state_candidate,research_or_qa_queue,single grade-E discovery listing needs corroboration,Fields selected by evidence grade; every source observation remains separately auditable.
LA-8307AA5A70,Ed Lester Farms,ed lester farms,farm,unique_source_name_reviewed,LA,Red River,Coushatta,,1165 Hwy. 84 East,public_business_address_reviewed_for_future_reduced_precision,,,Farm products sold through an LDAF-approved roadside stand,Roadside stand; direct-to-consumer,(318) 932-4298,,internal_until_public_use_review,,,,,True,False,False,False,False,False,False,1,laobs_6ac5f92110489467385f,LDAF 2026 FMNP roadside-stand directory,https://www.ldaf.la.gov/fmnp,B,2026-07-15,,new_state_candidate,promotion_eligible_reviewed,,Fields selected by evidence grade; every source observation remains separately auditable.
LA-216922160F,4F Cattle Farms,4f cattle farms,farm,unique_source_name_reviewed,LA,Richland,Rayville,,,public_business_address_reviewed_for_future_reduced_precision,32.47736,-91.75485,Grass-fed beef,Meat,(318) 334-8225,,internal_until_public_use_review,,,,,True,False,True,True,False,False,False,1,laobs_eac2dce439417260c13e,FarmFinder current canonical baseline — identity anchor only,,C,2026-07-15,FF-0214,canonical_baseline_only,research_or_qa_queue,canonical baseline farm not rediscovered in current three-pass sources,Fields selected by evidence grade; every source observation remains separately auditable.
LA-C26F15A370,DAKK's Produce,dakks produce,farm,merged_exact_name_reviewed,LA,Richland,Rayville,,"1128 Fragala St, Rayville",public_business_address_reviewed_for_future_reduced_precision,32.47736,-91.75485,Hydroponic vegetables; Vegetables (hydroponic),Produce; Direct-to-consumer farm; historical statewide directory,(318) 235-3446,,internal_until_public_use_review,,,,,True,False,False,False,False,False,False,2,laobs_ea3ec27a2f573cb1e0de | laobs_a85a093093a7d77bf020,FarmFinder current canonical baseline — identity anchor only | LSU AgCenter statewide farm-food directory, | https://www.lsuagcenter.com/~/media/system/9/1/9/e/919ed83cfbd8ff0bd98b317a65f0604f/directory%20-%20la%20farm%20food%20during%20covidpdfpdf.pdf,E,2026-07-15,FF-0215,rediscovered_current_source,research_or_qa_queue,single grade-E discovery listing needs corroboration,Fields selected by evidence grade; every source observation remains separately auditable.
LA-8FCD4D734B,"High Cotton Farms, LLC",high cotton farms,farm,unique_source_name_reviewed,LA,Richland,Rayville,71269,3113 Magnolia Drive,public_business_address_reviewed_for_future_reduced_precision,,,"High Cotton farms offers 100 % free range chicken eggs, daylilies, Kiko goats, and an electronic pdf guide titled ""After the Hunt: An Illustrated Guide to Home Deer Processing"". Although eggs are not listed on our website we welcome new regular customers. We produce about 10 dz per week currently but will increase to 70 dz this fall. We use several heritage breeds of chickens as well as some modern crosses. We offer about 44 daylily cultivars currently and will increase as needed. These are in very limited supply. Our Kiko meat goats are primarily bred to produced registered breeding stock for other farms. Bucklings or doelings that do not meet our standards as breeders will be sold each sum",LocalHarvest Family Farm,(318) 805-8215,,internal_until_public_use_review,https://www.highcottonfarms.com,,,,True,False,False,False,False,False,False,1,laobs_6c8b57f4c0adcf118e0b,LocalHarvest — Louisiana county-seat gap search,https://www.localharvest.org/high-cotton-farms-llc-M52756,D,2026-07-15,,new_state_candidate,promotion_eligible_reviewed,,Fields selected by evidence grade; every source observation remains separately auditable.
LA-6E04D855B4,Jones Produce,jones produce,farm,unique_source_name_reviewed,LA,Richland,Mangham,,1213 Hwy. 622,public_business_address_reviewed_for_future_reduced_precision,,,Farm products sold through an LDAF-approved roadside stand,Roadside stand; direct-to-consumer,(318) 366-9593,,internal_until_public_use_review,,,,,True,False,False,False,False,False,False,1,laobs_7d767dfdc666c137b343,LDAF 2026 FMNP roadside-stand directory,https://www.ldaf.la.gov/fmnp,B,2026-07-15,,new_state_candidate,promotion_eligible_reviewed,,Fields selected by evidence grade; every source observation remains separately auditable.
LA-7A695CF296,M&W Produce,m and w produce,farm,merged_exact_name_reviewed,LA,Richland,Delhi,,"438 Hwy 609, Delhi",public_business_address_reviewed_for_future_reduced_precision,32.45764,-91.49317,Vegetables,Produce; Direct-to-consumer farm; historical statewide directory,(318) 789-1353,,internal_until_public_use_review,,,,,True,False,False,False,False,False,False,2,laobs_66eb48ac553153ca126a | laobs_f9563c391943837bacf9,FarmFinder current canonical baseline — identity anchor only | LSU AgCenter statewide farm-food directory, | https://www.lsuagcenter.com/~/media/system/9/1/9/e/919ed83cfbd8ff0bd98b317a65f0604f/directory%20-%20la%20farm%20food%20during%20covidpdfpdf.pdf,E,2026-07-15,FF-0216,rediscovered_current_source,research_or_qa_queue,single grade-E discovery listing needs corroboration,Fields selected by evidence grade; every source observation remains separately auditable.
LA-E211A28C29,Payne Lane,payne lane,farm,unique_source_name_reviewed,LA,Richland,Rayville,,2014 Hwy. 425,public_business_address_reviewed_for_future_reduced_precision,,,Farm products sold through an LDAF-approved roadside stand,Roadside stand; direct-to-consumer,(318) 235-4798,,internal_until_public_use_review,,,,,True,False,False,False,False,False,False,1,laobs_9b12c0d3e82b18d842a5,LDAF 2026 FMNP roadside-stand directory,https://www.ldaf.la.gov/fmnp,B,2026-07-15,,new_state_candidate,promotion_eligible_reviewed,,Fields selected by evidence grade; every source observation remains separately auditable.
LA-58D2B5F15B,Richland Parish Produce,richland parish produce,farm,merged_exact_name_reviewed,LA,Richland,Rayville,,"193 LA-3048, Rayville",public_business_address_reviewed_for_future_reduced_precision,32.47736,-91.75485,Hydroponic vegetables; Vegetables (hydroponic),Produce; Direct-to-consumer farm; historical statewide directory,(318) 372-0240,,internal_until_public_use_review,,,,,True,False,False,False,False,False,False,2,laobs_05693c256d59beadef6b | laobs_d02a1e6ea163f5c20220,FarmFinder current canonical baseline — identity anchor only | LSU AgCenter statewide farm-food directory, | https://www.lsuagcenter.com/~/media/system/9/1/9/e/919ed83cfbd8ff0bd98b317a65f0604f/directory%20-%20la%20farm%20food%20during%20covidpdfpdf.pdf,E,2026-07-15,FF-0217,rediscovered_current_source,research_or_qa_queue,single grade-E discovery listing needs corroboration,Fields selected by evidence grade; every source observation remains separately auditable.
LA-0B44A910BA,Flowing Hills Creamery,flowing hills creamery,farm,merged_exact_name_reviewed,LA,Sabine,Belmont,,"8375 Hwy 175, Belmont",public_business_address_reviewed_for_future_reduced_precision,31.71639,-93.50139,"Dairy; Vegetables, Fruit, Eggs, Milk, Seafood, Honey, Processed farm food products",Dairy; Direct-to-consumer farm; historical statewide directory,(318) 315-0997,,internal_until_public_use_review,,,,,True,True,False,False,False,False,False,2,laobs_e3889c2a0a783d17d1af | laobs_81a1765a6f2dcb399b23,FarmFinder current canonical baseline — identity anchor only | LSU AgCenter statewide farm-food directory, | https://www.lsuagcenter.com/~/media/system/9/1/9/e/919ed83cfbd8ff0bd98b317a65f0604f/directory%20-%20la%20farm%20food%20during%20covidpdfpdf.pdf,E,2026-07-15,FF-0231,rediscovered_current_source,research_or_qa_queue,single grade-E discovery listing needs corroboration,Fields selected by evidence grade; every source observation remains separately auditable.
LA-458F523D69,Vintage Garden Farms,vintage garden farms,farm,merged_cross_county_identity_reviewed,LA,St. Bernard,Metairie/Chalmette,70043,3700 Jean Lafitte Parkway,public_business_address_reviewed_for_future_reduced_precision,29.98409,-90.15285,Sustainable urban crops; arugula; beets; broccoli; cabbage; carrots; chinese greens; collards; leeks; lettuce; mustard greens; onions; radishes; salad greens; salad mix; swiss chard; turnips; bananas; tropicals; eggs; fresh flowers; luffa; green beans; green onions; kale; medicinal herbs; cucumber; eggplant; hot peppers; okra; sweet peppers; tomatillos; tomatoes; winter-squash; figs; grapes,Urban Farm; LocalHarvest Family Farm,(504) 837-5105,,internal_until_public_use_review,,,,,True,False,False,False,False,False,False,2,laobs_afe5c390db5978893dc5 | laobs_65442115eb5e168cd03e,FarmFinder current canonical baseline — identity anchor only | LocalHarvest — Louisiana county-seat gap search,https://www.localharvest.org/vintage-garden-farms-M10249,C; D,2026-07-15,FF-0004,rediscovered_current_source,promotion_eligible_reviewed,,Fields selected by evidence grade; every source observation remains separately auditable.
LA-37493D5CA5,Wetland Bee Company,wetland bee,farm,merged_exact_name_reviewed,LA,St. Bernard,St. Bernard,,"712 Florissant Hwy, St. Bernard",public_business_address_reviewed_for_future_reduced_precision,29.86722,-89.85861,"Honey; Vegetables, Fruit, Meat, Eggs, Milk, Cheese, Seafood, Nuts, Honey, Processed farm food products, Fresh prepared",Honey/Specialty; Direct-to-consumer farm; historical statewide directory,(504) 224-0246,,internal_until_public_use_review,https://www.wetlandbeeco.com/,,,,False,True,False,False,False,False,False,2,laobs_a3dee3da2c773d3355ba | laobs_95e5f1a707940977fc07,FarmFinder current canonical baseline — identity anchor only | LSU AgCenter statewide farm-food directory,https://www.wetlandbeeco.com/ | https://www.lsuagcenter.com/~/media/system/9/1/9/e/919ed83cfbd8ff0bd98b317a65f0604f/directory%20-%20la%20farm%20food%20during%20covidpdfpdf.pdf,C; E,2026-07-15,FF-0133,rediscovered_current_source,promotion_eligible_reviewed,,Fields selected by evidence grade; every source observation remains separately auditable.
LA-E75E57979E,Farm Dat Farms,farm dat farms,farm,unique_source_name_reviewed,LA,St. Charles,Des Allemands,,,public_business_address_reviewed_for_future_reduced_precision,29.82382,-90.47508,"Poultry, sheep, goats, microgreens",Mixed,(504) 390-8198,,internal_until_public_use_review,,,,,True,False,False,False,False,False,False,1,laobs_3e801f7c35d35f77abd2,FarmFinder current canonical baseline — identity anchor only,,E,2026-07-15,FF-0042,canonical_baseline_only,research_or_qa_queue,single grade-E discovery listing needs corroboration; canonical baseline farm not rediscovered in current three-pass sources,Fields selected by evidence grade; every source observation remains separately auditable.
LA-F65FFFF65C,Perilloux Farm,perilloux farm,farm,unique_source_name_reviewed,LA,St. Charles,Montz,,,public_business_address_reviewed_for_future_reduced_precision,30.06698,-90.48147,Traditional produce,Produce,(985) 652-3672,pumpkinpatchlady@yahoo.com,internal_until_public_use_review,,,,,True,True,False,False,False,False,False,1,laobs_ebde3c7bdbea113d90e6,FarmFinder current canonical baseline — identity anchor only,https://marketumbrella.org/news/55/42/Perilloux-Farm,C,2026-07-15,FF-0011,canonical_baseline_only,research_or_qa_queue,canonical baseline farm not rediscovered in current three-pass sources,Fields selected by evidence grade; every source observation remains separately auditable.
LA-23CB80ACBC,Get Your Meal Out of the Field,get your meal out of the field,farm,unique_source_name_reviewed,LA,St. Helena,Greensburg,,12196 Hwy. 10,public_business_address_reviewed_for_future_reduced_precision,,,Farm products sold through an LDAF-approved roadside stand,Roadside stand; direct-to-consumer,(225) 931-3693,,internal_until_public_use_review,,,,,True,False,False,False,False,False,False,1,laobs_395a97f5960c4faa7b43,LDAF 2026 FMNP roadside-stand directory,https://www.ldaf.la.gov/fmnp,B,2026-07-15,,new_state_candidate,promotion_eligible_reviewed,,Fields selected by evidence grade; every source observation remains separately auditable.
LA-D36B9363DC,Muse 3 Farm Store,muse 3 farm store,farm,unique_source_name_reviewed,LA,St. Helena,Greensburg,,1820 Muse Rd.,public_business_address_reviewed_for_future_reduced_precision,,,Farm products sold through an LDAF-approved roadside stand,Roadside stand; direct-to-consumer,(770) 231-9417,,internal_until_public_use_review,,,,,True,False,False,False,False,False,False,1,laobs_141f6f30cccd4aff4966,LDAF 2026 FMNP roadside-stand directory,https://www.ldaf.la.gov/fmnp,B,2026-07-15,,new_state_candidate,promotion_eligible_reviewed,,Fields selected by evidence grade; every source observation remains separately auditable.
LA-440E9D2BA2,Muse 3 Farm Tours,muse 3 farm tours,farm,unique_source_name_reviewed,LA,St. Helena,Greensburg,70441,1967 Muse Road,public_business_address_reviewed_for_future_reduced_precision,,,Agritourism and farm activities; see LDAF certified operation description,Certified agritourism,404.918.0433,mmuse4@hotmail.com,internal_until_public_use_review,https://www.muse3farm.com,,,,False,False,False,False,False,False,False,1,laobs_6728d52a28a83c338bee,LDAF certified agritourism operations,https://assets.ctfassets.net/pc5e1rlgfrov/7B8yMZqsUPa8lLZSUToUtw/19d3206a6070dea80e63683408b1552e/agritourism-directory-2023.pdf,B,2026-07-15,,new_state_candidate,promotion_eligible_reviewed,,Fields selected by evidence grade; every source observation remains separately auditable.
LA-1669E27A40,R&P Green Leaf Farm,r and p green leaf farm,farm,unique_source_name_reviewed,LA,St. Helena,Greensburg,70441,12196 Hwy. 10,public_business_address_reviewed_for_future_reduced_precision,,,Agritourism and farm activities; see LDAF certified operation description,Certified agritourism,225-931-3693,,internal_until_public_use_review,,,,,False,False,False,False,False,False,False,1,laobs_cb5a84130430ee651d75,LDAF certified agritourism operations,https://assets.ctfassets.net/pc5e1rlgfrov/7B8yMZqsUPa8lLZSUToUtw/19d3206a6070dea80e63683408b1552e/agritourism-directory-2023.pdf,B,2026-07-15,,new_state_candidate,promotion_eligible_reviewed,,Fields selected by evidence grade; every source observation remains separately auditable.
LA-9DA0E6220B,Starkey Farmstead,starkey farmstead,farm,merged_exact_name_reviewed,LA,St. Helena,Greensburg,70441,199 Dr. Bob Lane,public_business_address_reviewed_for_future_reduced_precision,30.83074,-90.67176,"Organic regenerative vegetables; Agritourism and farm activities; see LDAF certified operation description; Vegetables, Meat (rabbit, duck), Herbs",Produce; Certified agritourism; Direct-to-consumer farm; historical statewide directory,501-697-3398,mr.stevenstarkey@icloud.com,internal_until_public_use_review,,,,,True,False,False,True,True,False,False,3,laobs_0f0c0930d25df362e0d7 | laobs_3fc643da767729d76651 | laobs_a1a28735e095871001e5,FarmFinder current canonical baseline — identity anchor only | LDAF certified agritourism operations | LSU AgCenter statewide farm-food directory, | https://assets.ctfassets.net/pc5e1rlgfrov/7B8yMZqsUPa8lLZSUToUtw/19d3206a6070dea80e63683408b1552e/agritourism-directory-2023.pdf | https://www.lsuagcenter.com/~/media/system/9/1/9/e/919ed83cfbd8ff0bd98b317a65f0604f/directory%20-%20la%20farm%20food%20during%20covidpdfpdf.pdf,B; E,2026-07-15,FF-0266,rediscovered_current_source,promotion_eligible_reviewed,,Fields selected by evidence grade; every source observation remains separately auditable.
LA-2C0BC4D98B,Warner Hall,warner hall farm,farm,merged_exact_name_reviewed,LA,St. Helena,Greensburg,,2192 Hwy. 1042,public_business_address_reviewed_for_future_reduced_precision,30.83074,-90.67176,Ethnic vegetables; Farm products sold through an LDAF-approved roadside stand,Produce; Roadside stand; direct-to-consumer,(225) 931-0534,,internal_until_public_use_review,,,,,True,False,False,False,False,False,False,2,laobs_087928e62039e888b4ba | laobs_0203c4dab3f46349e2c3,FarmFinder current canonical baseline — identity anchor only | LDAF 2026 FMNP roadside-stand directory, | https://www.ldaf.la.gov/fmnp,B; E,2026-07-15,FF-0080,rediscovered_current_source,promotion_eligible_reviewed,,Fields selected by evidence grade; every source observation remains separately auditable.
LA-77C8D10483,Louisiana Gourmet Produce,louisiana gourmet produce,farm,unique_source_name_reviewed,LA,St. James,Paulina,,,public_business_address_reviewed_for_future_reduced_precision,30.50463,-90.46293,Gourmet produce varieties,Produce,(225) 869-8981,louisiana_gourmet_produce@yahoo.com,internal_until_public_use_review,,,,,True,True,False,False,False,False,False,1,laobs_45d0df21c5394b7d5b7d,FarmFinder current canonical baseline — identity anchor only,https://marketumbrella.org/news/44/42/Louisiana-Gourmet-Produce,C,2026-07-15,FF-0056,canonical_baseline_only,research_or_qa_queue,canonical baseline farm not rediscovered in current three-pass sources,Fields selected by evidence grade; every source observation remains separately auditable.
LA-2A67DF8A5C,River Road Farm,river road farm,farm,merged_exact_name_reviewed,LA,St. James,Vacherie,,1735 Hwy. 18 (River Rd. in Vacherie),public_business_address_reviewed_for_future_reduced_precision,30.01111,-90.71944,Ethnic vegetables specialty; Farm products sold through an LDAF-approved roadside stand,Produce; Roadside stand; direct-to-consumer,(225) 398-2186,,internal_until_public_use_review,,,,,True,False,False,False,False,False,False,2,laobs_d57f3fa12b1a8b10677d | laobs_8032f4d971440373df9d,FarmFinder current canonical baseline — identity anchor only | LDAF 2026 FMNP roadside-stand directory, | https://www.ldaf.la.gov/fmnp,B; E,2026-07-15,FF-0069,rediscovered_current_source,promotion_eligible_reviewed,,Fields selected by evidence grade; every source observation remains separately auditable.
LA-B6CAB47847,Monica's Okra World,monicas okra world,farm,unique_source_name_reviewed,LA,St. John,Garyville,,,public_business_address_reviewed_for_future_reduced_precision,30.50463,-90.46293,"Okra, specialty produce",Produce,(985) 535-2570,,internal_until_public_use_review,,,,,False,True,False,False,False,False,False,1,laobs_c152b94ed4f8e68b61cb,FarmFinder current canonical baseline — identity anchor only,https://www.marketumbrella.org/news/48/42/Monicas-Okra-World,C,2026-07-15,FF-0017,canonical_baseline_only,research_or_qa_queue,canonical baseline farm not rediscovered in current three-pass sources,Fields selected by evidence grade; every source observation remains separately auditable.
LA-F3EF5BE447,Christmas In The Crevasse,christmas in the crevasse,farm,unique_source_name_reviewed,LA,St. John the Baptist,Laplace,70068,152 Shadowbrook Lane,public_business_address_reviewed_for_future_reduced_precision,,,Agritourism and farm activities; see LDAF certified operation description,Certified agritourism,,horseyhartzell@hotmail.com,internal_until_public_use_review,https://www.christmasinthecrevasse.com,,,,False,False,False,False,False,False,False,1,laobs_5d075bdf7873c2587aab,LDAF certified agritourism operations,https://assets.ctfassets.net/pc5e1rlgfrov/7B8yMZqsUPa8lLZSUToUtw/19d3206a6070dea80e63683408b1552e/agritourism-directory-2023.pdf,B,2026-07-15,,new_state_candidate,promotion_eligible_reviewed,,Fields selected by evidence grade; every source observation remains separately auditable.
LA-F8B2646173,"Bien Aime Farm, formerly McCart Farm",bien aime farm,farm,merged_cross_county_identity_reviewed,LA,St. Landry,Arnaudville,70570,,public_business_address_reviewed_for_future_reduced_precision,30.3977,-91.93151,Non-GMO organic produce; U-pick crops; agritourism,Produce; U-pick; agritourism,,bienaimefarm14@gmail.com,internal_until_public_use_review,https://bienaimefarm.square.site/,,,,True,True,False,False,True,False,False,2,laobs_847bd093998fa7541949 | laobs_be4262c3ffb0f5cd2426,FarmFinder current canonical baseline — identity anchor only | PickYourOwn — Southwestern Louisiana, | https://www.pickyourown.org/LAsw.htm,E,2026-07-15,FF-0238,rediscovered_current_source,research_or_qa_queue,single grade-E discovery listing needs corroboration; source reports closure and requires affirmative curator decision,Fields selected by evidence grade; every source observation remains separately auditable.
LA-7385ABFE28,Blazing Star Farm,blazing star farm,farm,merged_exact_name_reviewed,LA,St. Landry,Sunset,,"698 Domengeaux Rd, Sunset",public_business_address_reviewed_for_future_reduced_precision,30.41131,-92.06845,"Vegetables, cut flowers; Vegetables, Fresh cut flowers",Produce; Direct-to-consumer farm; historical statewide directory,(225) 955-0333,,internal_until_public_use_review,https://www.blazingstarfarm.net/,,,,False,True,True,False,False,False,False,2,laobs_88d6f0148ba80c60bd24 | laobs_1ae82cb61e3ea8d3e668,FarmFinder current canonical baseline — identity anchor only | LSU AgCenter statewide farm-food directory,https://www.blazingstarfarm.net/ | https://www.lsuagcenter.com/~/media/system/9/1/9/e/919ed83cfbd8ff0bd98b317a65f0604f/directory%20-%20la%20farm%20food%20during%20covidpdfpdf.pdf,C; E,2026-07-15,FF-0188,rediscovered_current_source,promotion_eligible_reviewed,,Fields selected by evidence grade; every source observation remains separately auditable.
LA-EDB5E5EC6C,Catalon Farms,catalon farms,farm,unique_source_name_reviewed,LA,St. Landry,Arnaudville,,1373 Meche Rd.,public_business_address_reviewed_for_future_reduced_precision,,,Farm products sold through an LDAF-approved roadside stand,Roadside stand; direct-to-consumer,(337) 290-1865,,internal_until_public_use_review,,,,,True,False,False,False,False,False,False,1,laobs_8b2e5cc38682e99aaa35,LDAF 2026 FMNP roadside-stand directory,https://www.ldaf.la.gov/fmnp,B,2026-07-15,,new_state_candidate,promotion_eligible_reviewed,,Fields selected by evidence grade; every source observation remains separately auditable.
LA-D7EA96A20F,Coastal Prairie Nursery,coastal prairie nursery,farm,unique_source_name_reviewed,LA,St. Landry,Eunice,,,public_business_address_reviewed_for_future_reduced_precision,30.49437,-92.41763,"Produce, grass-fed beef",Mixed,(337) 290-1255,,internal_until_public_use_review,,,,,True,False,False,False,False,False,False,1,laobs_3fba2438cd5decedf4a5,FarmFinder current canonical baseline — identity anchor only,,E,2026-07-15,FF-0243,canonical_baseline_only,research_or_qa_queue,single grade-E discovery listing needs corroboration; canonical baseline farm not rediscovered in current three-pass sources,Fields selected by evidence grade; every source observation remains separately auditable.
LA-13A0A35F96,Fontenot’s Green Acres,fontenot green acres,farm,merged_exact_name_reviewed,LA,St. Landry,Opelousas,,1770 Dupre Rd. (First left after you pass,public_business_address_reviewed_for_future_reduced_precision,30.53353,-92.08151,"Fruits, vegetables, ethnic produce; Farm products sold through an LDAF-approved roadside stand",Produce; Roadside stand; direct-to-consumer,(337) 331-4025,,internal_until_public_use_review,,,,,True,False,False,False,False,False,False,2,laobs_df4e33d52dd648f96fd0 | laobs_eb049a5720316a0c7d9e,FarmFinder current canonical baseline — identity anchor only | LDAF 2026 FMNP roadside-stand directory, | https://www.ldaf.la.gov/fmnp,B; E,2026-07-15,FF-0071,rediscovered_current_source,promotion_eligible_reviewed,,Fields selected by evidence grade; every source observation remains separately auditable.
LA-40529CA684,Helping Hands Farm,helping hands farm,farm,unique_source_name_reviewed,LA,St. Landry,Plaisance,,,public_business_address_reviewed_for_future_reduced_precision,30.612419,-92.126232,"Fresh organic produce, pesticide-free",Produce,(225) 324-6762,,internal_until_public_use_review,,,,,True,False,False,False,False,False,False,1,laobs_5af8542fb4bfbea9f3dc,FarmFinder current canonical baseline — identity anchor only,,E,2026-07-15,FF-0251,canonical_baseline_only,research_or_qa_queue,single grade-E discovery listing needs corroboration; canonical baseline farm not rediscovered in current three-pass sources,Fields selected by evidence grade; every source observation remains separately auditable.
LA-2330357D6D,Hill Crest Creamery LLC,hill crest creamery,farm,merged_exact_name_reviewed,LA,St. Landry,Deridder,,,public_business_address_reviewed_for_future_reduced_precision,30.49437,-92.41763,"Whole milk, cream, butter, chocolate milk, yogurt; chicken; pork; butter; buttermilk; eggs; milk; yogurt",Dairy; LocalHarvest Family Farm,,,internal_until_public_use_review,https://hillcrestcreamery.net,,,,True,False,False,False,False,False,False,2,laobs_07534b8acc2d9a12929c | laobs_55379487e1b565456474,FarmFinder current canonical baseline — identity anchor only | LocalHarvest — Louisiana county-seat gap search, | https://www.localharvest.org/hill-crest-creamery-llc-M77003,D; E,2026-07-15,FF-0059,rediscovered_current_source,promotion_eligible_reviewed,,Fields selected by evidence grade; every source observation remains separately auditable.
LA-7D0653F7C1,James Rice Farms - Prairie Ronde Rice,james rice farms prairie ronde rice,farm,merged_exact_name_reviewed,LA,St. Landry,Ville Platte,,"308 Oduis Rd, Ville Platte",public_business_address_reviewed_for_future_reduced_precision,30.68797,-92.27152,Rice; Farm products; see LSU directory,Rice; Direct-to-consumer farm; historical statewide directory,(504) 329-0682,,internal_until_public_use_review,,,,,False,True,True,True,False,False,False,2,laobs_0f16bd9ef7d7ada25aa5 | laobs_9ba9e903d3f616f98c6c,FarmFinder current canonical baseline — identity anchor only | LSU AgCenter statewide farm-food directory, | https://www.lsuagcenter.com/~/media/system/9/1/9/e/919ed83cfbd8ff0bd98b317a65f0604f/directory%20-%20la%20farm%20food%20during%20covidpdfpdf.pdf,C; E,2026-07-15,FF-0189,rediscovered_current_source,promotion_eligible_reviewed,,Fields selected by evidence grade; every source observation remains separately auditable.
LA-E23CC15C98,Lowrey Farms Natural Beef,lowrey farms natural beef,farm,merged_exact_name_reviewed,LA,St. Landry,Melville,,"234 Delano Plantation Rd, Melville",public_business_address_reviewed_for_future_reduced_precision,30.69297,-91.744,"Beef, fruit, nuts; Meat (beef), Fruit, Nuts, Processed farm food products",Meat; Direct-to-consumer farm; historical statewide directory,(337) 945-6618,,internal_until_public_use_review,,,,,True,False,False,True,True,False,False,2,laobs_13825b6ee103ef00b5f1 | laobs_debee2960c7fdb848279,FarmFinder current canonical baseline — identity anchor only | LSU AgCenter statewide farm-food directory, | https://www.lsuagcenter.com/~/media/system/9/1/9/e/919ed83cfbd8ff0bd98b317a65f0604f/directory%20-%20la%20farm%20food%20during%20covidpdfpdf.pdf,E,2026-07-15,FF-0190,rediscovered_current_source,research_or_qa_queue,single grade-E discovery listing needs corroboration,Fields selected by evidence grade; every source observation remains separately auditable.
LA-32592047FE,Paw Paw’s Pumpkin Patch LLC,paw paws pumpkin patch,farm,unique_source_name_reviewed,LA,St. Landry,Krotz Springs,70750,3283 West Atchafalaya Levee Road,public_business_address_reviewed_for_future_reduced_precision,,,Agritourism and farm activities; see LDAF certified operation description,Certified agritourism,337-592-4181,crawdad0044@gmail.com,internal_until_public_use_review,,,,,False,False,False,False,True,False,False,1,laobs_8355fe173db200461679,LDAF certified agritourism operations,https://assets.ctfassets.net/pc5e1rlgfrov/7B8yMZqsUPa8lLZSUToUtw/19d3206a6070dea80e63683408b1552e/agritourism-directory-2023.pdf,B,2026-07-15,,new_state_candidate,promotion_eligible_reviewed,,Fields selected by evidence grade; every source observation remains separately auditable.
LA-00785A6850,Prairie Acadian Rice,prairie acadian rice,farm,merged_exact_name_reviewed,LA,St. Landry,Eunice,,"1697 Woodstone Rd, Eunice",public_business_address_reviewed_for_future_reduced_precision,30.49437,-92.41763,Rice; Farm products; see LSU directory,Rice; Direct-to-consumer farm; historical statewide directory,(337) 245-1490,,internal_until_public_use_review,,,,,False,False,True,True,False,False,False,2,laobs_e8cd8d60e623cf463f80 | laobs_854c62e67d2e7d631409,FarmFinder current canonical baseline — identity anchor only | LSU AgCenter statewide farm-food directory, | https://www.lsuagcenter.com/~/media/system/9/1/9/e/919ed83cfbd8ff0bd98b317a65f0604f/directory%20-%20la%20farm%20food%20during%20covidpdfpdf.pdf,C; E,2026-07-15,FF-0191,rediscovered_current_source,promotion_eligible_reviewed,,Fields selected by evidence grade; every source observation remains separately auditable.
LA-FBC6162548,Sanford Wood,sanford wood,farm,unique_source_name_reviewed,LA,St. Landry,Eunice,,,public_business_address_reviewed_for_future_reduced_precision,30.49437,-92.41763,Seasonal produce,Produce,(337) 457-0607,,internal_until_public_use_review,,,,,True,False,False,False,False,False,False,1,laobs_0b0dd06718d1973e4d48,FarmFinder current canonical baseline — identity anchor only,,E,2026-07-15,FF-0259,canonical_baseline_only,research_or_qa_queue,single grade-E discovery listing needs corroboration; canonical baseline farm not rediscovered in current three-pass sources,Fields selected by evidence grade; every source observation remains separately auditable.
LA-E24C01AF26,Shock Peter Farms,shock peter farms,farm,unique_source_name_reviewed,LA,St. Landry,Washington,,286 Dutch Rd.,public_business_address_reviewed_for_future_reduced_precision,,,Farm products sold through an LDAF-approved roadside stand,Roadside stand; direct-to-consumer,(757) 303-7276,,internal_until_public_use_review,,,,,True,False,False,False,False,False,False,1,laobs_c1408202ead61dfab142,LDAF 2026 FMNP roadside-stand directory,https://www.ldaf.la.gov/fmnp,B,2026-07-15,,new_state_candidate,promotion_eligible_reviewed,,Fields selected by evidence grade; every source observation remains separately auditable.
LA-3FBC8989DD,T. Moise Farms,t moise farms,farm,merged_exact_name_reviewed,LA,St. Landry,Sunset,,"683 Bearb Rd, Sunset",public_business_address_reviewed_for_future_reduced_precision,30.41131,-92.06845,"Berkshire pork, eggs, honey; Meat (pasture-raised Berkshire pork), Eggs, Honey",Mixed; Direct-to-consumer farm; historical statewide directory,(504) 812-1508,,internal_until_public_use_review,https://tmoisefarms.com/,,,,True,True,False,False,False,False,False,2,laobs_32ed7fef1162852f418d | laobs_686f3890435fa3a62d9f,FarmFinder current canonical baseline — identity anchor only | LSU AgCenter statewide farm-food directory,https://tmoisefarms.com/ | https://www.lsuagcenter.com/~/media/system/9/1/9/e/919ed83cfbd8ff0bd98b317a65f0604f/directory%20-%20la%20farm%20food%20during%20covidpdfpdf.pdf,C; E,2026-07-15,FF-0192,rediscovered_current_source,promotion_eligible_reviewed,,Fields selected by evidence grade; every source observation remains separately auditable.
LA-9D3CD0829C,The Garden Market,the garden market,farm,unique_source_name_reviewed,LA,St. Landry,Washington,,2522 Hwy. 359,public_business_address_reviewed_for_future_reduced_precision,,,Farm products sold through an LDAF-approved roadside stand,Roadside stand; direct-to-consumer,(337) 331-4029,,internal_until_public_use_review,,,,,True,False,False,False,False,False,False,1,laobs_2ea031af9abba58b735d,LDAF 2026 FMNP roadside-stand directory,https://www.ldaf.la.gov/fmnp,B,2026-07-15,,new_state_candidate,promotion_eligible_reviewed,,Fields selected by evidence grade; every source observation remains separately auditable.
LA-FB12AD22F0,The Rustic Retreat- Airbnb On The Farm,the rustic retreat airbnb on the farm,farm,unique_source_name_reviewed,LA,St. Landry,Opelousas,70570,1208 Hwy 357,public_business_address_reviewed_for_future_reduced_precision,,,Agritourism and farm activities; see LDAF certified operation description,Certified agritourism,337-344-1554,bienaimefarm1@gmail.com,internal_until_public_use_review,https://www.bienaimefarm.square.site,,,,False,False,False,False,False,False,False,1,laobs_cfd07502ab202c77d1f9,LDAF certified agritourism operations,https://assets.ctfassets.net/pc5e1rlgfrov/7B8yMZqsUPa8lLZSUToUtw/19d3206a6070dea80e63683408b1552e/agritourism-directory-2023.pdf,B,2026-07-15,,new_state_candidate,promotion_eligible_reviewed,,Fields selected by evidence grade; every source observation remains separately auditable.
LA-94049DA619,Thy Bounty Farms,thy bounty farms,farm,unique_source_name_reviewed,LA,St. Landry,Opelousas,,,public_business_address_reviewed_for_future_reduced_precision,30.53353,-92.08151,Fresh produce,Produce,,,internal_until_public_use_review,,,,,True,True,False,False,False,False,False,1,laobs_f6ae3e1afa0bacc966bc,FarmFinder current canonical baseline — identity anchor only,,E,2026-07-15,FF-0062,canonical_baseline_only,research_or_qa_queue,single grade-E discovery listing needs corroboration; canonical baseline farm not rediscovered in current three-pass sources,Fields selected by evidence grade; every source observation remains separately auditable.
LA-11B197FB3F,Belle Ecorce Farms,belle ecorce farms,farm,unique_source_name_reviewed,LA,St. Martin,St. Martinville,,,public_business_address_reviewed_for_future_reduced_precision,30.1252,-91.83345,"Artisan goat cheeses, French-Acadian methods",Dairy,(337) 394-6683,,internal_until_public_use_review,,,,,True,True,False,False,False,False,False,1,laobs_9c87e7482f28804a5dd1,FarmFinder current canonical baseline — identity anchor only,,E,2026-07-15,FF-0057,canonical_baseline_only,research_or_qa_queue,single grade-E discovery listing needs corroboration; canonical baseline farm not rediscovered in current three-pass sources,Fields selected by evidence grade; every source observation remains separately auditable.
LA-9841E6D8A2,Bernard's Apiaries,bernards apiaries,farm,unique_source_name_reviewed,LA,St. Martin,Breaux Bridge,,,public_business_address_reviewed_for_future_reduced_precision,30.273532,-91.899284,Honey,Honey/Specialty,,,internal_until_public_use_review,,,,,False,False,False,True,False,False,False,1,laobs_e7611f5219ddfc80efcf,FarmFinder current canonical baseline — identity anchor only,,E,2026-07-15,FF-0239,canonical_baseline_only,research_or_qa_queue,single grade-E discovery listing needs corroboration; canonical baseline farm not rediscovered in current three-pass sources,Fields selected by evidence grade; every source observation remains separately auditable.
LA-BB5073D435,"Cajun Acres Greenhouse, LLC",cajun acres greenhouse,farm,merged_exact_name_reviewed,LA,St. Martin,Arnaudville,,"1312 Coteau Rodaire Hwy, Arnaudville, Friday 9am-noon (on-farm pickup)",public_business_address_reviewed_for_future_reduced_precision,30.3977,-91.93151,Vegetables; Louisiana Wild Seafood Certification Program (LWSCP),Produce; Direct-to-consumer farm; historical statewide directory,(337) 849-8226,,internal_until_public_use_review,,,,,True,True,False,True,False,False,False,2,laobs_ae5f619c43e52da35eae | laobs_e0bf264fbb4740c9a4e8,FarmFinder current canonical baseline — identity anchor only | LSU AgCenter statewide farm-food directory, | https://www.lsuagcenter.com/~/media/system/9/1/9/e/919ed83cfbd8ff0bd98b317a65f0604f/directory%20-%20la%20farm%20food%20during%20covidpdfpdf.pdf,E,2026-07-15,FF-0180,rediscovered_current_source,research_or_qa_queue,single grade-E discovery listing needs corroboration,Fields selected by evidence grade; every source observation remains separately auditable.
LA-EEE8857376,Cajun Prairie Farm,cajun prairie farm,farm,unique_source_name_reviewed,LA,St. Martin,Arnaudville,,,public_business_address_reviewed_for_future_reduced_precision,30.3977,-91.93151,Vegetables,Produce,,,internal_until_public_use_review,,,,,False,True,False,False,False,False,False,1,laobs_d54d2f70c767362aaa33,FarmFinder current canonical baseline — identity anchor only,,E,2026-07-15,FF-0241,canonical_baseline_only,research_or_qa_queue,single grade-E discovery listing needs corroboration; canonical baseline farm not rediscovered in current three-pass sources,Fields selected by evidence grade; every source observation remains separately auditable.
LA-13EC9E00AC,D&D Berry Farm,d and d berry farm,farm,unique_source_name_reviewed,LA,St. Martin,Breaux Bridge,70517,,public_business_address_reviewed_for_future_reduced_precision,,,U-pick crops; agritourism,U-pick; agritourism,,ddberry@gmail.com,internal_until_public_use_review,,https://www.facebook.com/ddberryfarm,,,True,False,False,False,True,False,False,1,laobs_1dda34eab134ee768ffe,PickYourOwn — Baton Rouge and south-central Louisiana,https://www.pickyourown.org/LAbatonrouge.htm,E,2026-07-15,,new_state_candidate,research_or_qa_queue,single grade-E discovery listing needs corroboration; source reports closure and requires affirmative curator decision,Fields selected by evidence grade; every source observation remains separately auditable.
LA-D7BA5DB28D,Phiro Fresh Farms,phiro fresh farms,farm,unique_source_name_reviewed,LA,St. Martin,Arnaudville,,,public_business_address_reviewed_for_future_reduced_precision,30.3977,-91.93151,"Seasonal produce, FIYA hot sauce",Mixed,,phirofreshfarms1@gmail.com,internal_until_public_use_review,,,,,True,True,False,False,False,False,False,1,laobs_3caba7c56e374946ad81,FarmFinder current canonical baseline — identity anchor only,,E,2026-07-15,FF-0068,canonical_baseline_only,research_or_qa_queue,single grade-E discovery listing needs corroboration; canonical baseline farm not rediscovered in current three-pass sources,Fields selected by evidence grade; every source observation remains separately auditable.
LA-1BC912840B,"Picard Crawfish Farm, LLC",picard crawfish farm,farm,unique_source_name_reviewed,LA,St. Martin,Breaux Bridge,70517,PO Box 295,public_business_address_reviewed_for_future_reduced_precision,,,Agritourism and farm activities; see LDAF certified operation description,Certified agritourism,,,internal_until_public_use_review,,,,,False,False,False,False,False,False,False,1,laobs_e2fe48bc5a521a8089c6,LDAF certified agritourism operations,https://assets.ctfassets.net/pc5e1rlgfrov/7B8yMZqsUPa8lLZSUToUtw/19d3206a6070dea80e63683408b1552e/agritourism-directory-2023.pdf,B,2026-07-15,,new_state_candidate,promotion_eligible_reviewed,,Fields selected by evidence grade; every source observation remains separately auditable.
LA-DBA739833F,Pookie’s Fresh Vegetables,pookies fresh vegetables,farm,unique_source_name_reviewed,LA,St. Martin,Breaux Bridge,,1011 Tomato Ln.,public_business_address_reviewed_for_future_reduced_precision,,,Farm products sold through an LDAF-approved roadside stand,Roadside stand; direct-to-consumer,(337) 242-9767,,internal_until_public_use_review,,,,,True,False,False,False,False,False,False,1,laobs_eee65b286e605bde2ad4,LDAF 2026 FMNP roadside-stand directory,https://www.ldaf.la.gov/fmnp,B,2026-07-15,,new_state_candidate,promotion_eligible_reviewed,,Fields selected by evidence grade; every source observation remains separately auditable.
LA-300DAF8799,Rodriguez Enterprises,rodriguez enterprises,farm,unique_source_name_reviewed,LA,St. Martin,Breaux Bridge,,,public_business_address_reviewed_for_future_reduced_precision,30.273532,-91.899284,Seasonal produce,Produce,,randal2@cox.net,internal_until_public_use_review,,,,,True,False,False,False,False,False,False,1,laobs_39c09be42a0150ca8a64,FarmFinder current canonical baseline — identity anchor only,,E,2026-07-15,FF-0258,canonical_baseline_only,research_or_qa_queue,single grade-E discovery listing needs corroboration; canonical baseline farm not rediscovered in current three-pass sources,Fields selected by evidence grade; every source observation remains separately auditable.
LA-E25F3E3861,Garden Creations South,garden creations south,farm,unique_source_name_reviewed,LA,St. Mary,Centerville,,"7095 Hwy. 182 (Take Centerville exit, turn left,",public_business_address_reviewed_for_future_reduced_precision,,,Farm products sold through an LDAF-approved roadside stand,Roadside stand; direct-to-consumer,(337) 578-3978,,internal_until_public_use_review,,,,,True,False,False,False,False,False,False,1,laobs_c08c4252866e2d565bfa,LDAF 2026 FMNP roadside-stand directory,https://www.ldaf.la.gov/fmnp,B,2026-07-15,,new_state_candidate,promotion_eligible_reviewed,,Fields selected by evidence grade; every source observation remains separately auditable.
LA-50A5FFCB67,S&E Heavenly Farms,s and e heavenly farms,farm,unique_source_name_reviewed,LA,St. Mary,Franklin,,,public_business_address_reviewed_for_future_reduced_precision,29.79604,-91.5015,"Sweet potatoes, okra, ethnic crops",Produce,,sessie@yahoo.com,internal_until_public_use_review,,,,,True,False,False,False,False,False,False,1,laobs_652c252b84a706798bec,FarmFinder current canonical baseline — identity anchor only,,E,2026-07-15,FF-0070,canonical_baseline_only,research_or_qa_queue,single grade-E discovery listing needs corroboration; canonical baseline farm not rediscovered in current three-pass sources,Fields selected by evidence grade; every source observation remains separately auditable.
LA-D3AB1F052C,"Backwater Foie Gras, LLC",backwater foie gras,farm,unique_source_name_reviewed,LA,St. Tammany,Bush,70431,21398 Wallace King Road,public_business_address_reviewed_for_future_reduced_precision,,,Agritourism and farm activities; see LDAF certified operation description,Certified agritourism,985.264.2071,info@backwaterfoiegras.com,internal_until_public_use_review,https://www.backwaterfoiegras.com,,,,False,False,False,False,False,False,False,1,laobs_7fc467245772a7cce376,LDAF certified agritourism operations,https://assets.ctfassets.net/pc5e1rlgfrov/7B8yMZqsUPa8lLZSUToUtw/19d3206a6070dea80e63683408b1552e/agritourism-directory-2023.pdf,B,2026-07-15,,new_state_candidate,promotion_eligible_reviewed,,Fields selected by evidence grade; every source observation remains separately auditable.
LA-15652ECCA0,Blue Harvest Farms,blue harvest farms,farm,merged_exact_name_reviewed,LA,St. Tammany,Covington,70431,,public_business_address_reviewed_for_future_reduced_precision,30.47549,-90.10042,"Berries, produce, pick-your-own; U-pick crops; agritourism",Produce; U-pick; agritourism,(985) 809-9967,contactus@blueharvestfarms.com,internal_until_public_use_review,https://blueharvestfarms.com,,,,True,False,False,False,True,False,False,2,laobs_af617163b0406f0beeba | laobs_c2d8274ddb3ab0956445,FarmFinder current canonical baseline — identity anchor only | PickYourOwn — New Orleans and Southeast Louisiana,https://blueharvestfarms.com | https://www.pickyourown.org/LAneworleans.htm,C; E,2026-07-15,FF-0037,rediscovered_current_source,research_or_qa_queue,source reports closure and requires affirmative curator decision,Fields selected by evidence grade; every source observation remains separately auditable.
LA-2AA209E284,Bluebird Island Honey,bluebird island honey,farm,merged_exact_name_reviewed,LA,St. Tammany,Slidell,,"2307 Bluebird St, Slidell",public_business_address_reviewed_for_future_reduced_precision,30.27519,-89.78117,"Honey, elderberry syrup; Honey, Processed farm food products (elderberry syrup)",Honey/Specialty; Direct-to-consumer farm; historical statewide directory,(801) 803-0168,,internal_until_public_use_review,,,,,True,False,False,False,False,False,False,2,laobs_ca714ab338d64a0045c0 | laobs_d2071c4e0b02f54ade52,FarmFinder current canonical baseline — identity anchor only | LSU AgCenter statewide farm-food directory, | https://www.lsuagcenter.com/~/media/system/9/1/9/e/919ed83cfbd8ff0bd98b317a65f0604f/directory%20-%20la%20farm%20food%20during%20covidpdfpdf.pdf,E,2026-07-15,FF-0134,rediscovered_current_source,research_or_qa_queue,single grade-E discovery listing needs corroboration,Fields selected by evidence grade; every source observation remains separately auditable.
LA-78038EADA7,Bonnie Blue Farms,bonnie blue farms,farm,unique_source_name_reviewed,LA,St. Tammany,Bush,70431,83188 Press Sharp Rd.,public_business_address_reviewed_for_future_reduced_precision,,,Agritourism and farm activities; see LDAF certified operation description,Certified agritourism,,bonnieblueag@gmail.com,internal_until_public_use_review,https://www.bonnieblueag.com,,,,False,False,False,False,False,False,False,1,laobs_0e90a7b80ff2fb8b7ccb,LDAF certified agritourism operations,https://assets.ctfassets.net/pc5e1rlgfrov/7B8yMZqsUPa8lLZSUToUtw/19d3206a6070dea80e63683408b1552e/agritourism-directory-2023.pdf,B,2026-07-15,,new_state_candidate,promotion_eligible_reviewed,,Fields selected by evidence grade; every source observation remains separately auditable.
LA-6730A5ABCF,Cockeyed Farms,cockeyed farms,farm,merged_exact_name_reviewed,LA,St. Tammany,Folsom,,"85184 Hwy 25, Folsom",public_business_address_reviewed_for_future_reduced_precision,30.63019,-90.1873,"Blueberries, honey, elderberry; Vegetables, Fruit, Meat, Eggs, Milk, Cheese, Seafood, Mushrooms, Nuts, Honey, Processed farm food products",Mixed; Direct-to-consumer farm; historical statewide directory,(337) 354-6252,cockeyedfarms@gmail.com,internal_until_public_use_review,https://www.cockeyedfarms.com/,,,,True,True,False,False,False,False,False,2,laobs_94a96eb64c12d04dd1bd | laobs_9484f32755bcd0017142,FarmFinder current canonical baseline — identity anchor only | LSU AgCenter statewide farm-food directory,https://cockeyedfarms.com/pages/contact | https://www.lsuagcenter.com/~/media/system/9/1/9/e/919ed83cfbd8ff0bd98b317a65f0604f/directory%20-%20la%20farm%20food%20during%20covidpdfpdf.pdf,C; E,2026-07-15,FF-0135,rediscovered_current_source,promotion_eligible_reviewed,,Fields selected by evidence grade; every source observation remains separately auditable.
LA-F2C419A8AD,D&M Farms,d and m farms,farm,unique_source_name_reviewed,LA,St. Tammany,Hickory/Pearl River,,,public_business_address_reviewed_for_future_reduced_precision,30.376026,-89.748397,"Pastured poultry, eggs",Meat,,,internal_until_public_use_review,,,,,True,False,False,False,False,False,False,1,laobs_2adbcb53cdb04dc62c8c,FarmFinder current canonical baseline — identity anchor only,,E,2026-07-15,FF-0268,canonical_baseline_only,research_or_qa_queue,single grade-E discovery listing needs corroboration; canonical baseline farm not rediscovered in current three-pass sources,Fields selected by evidence grade; every source observation remains separately auditable.
LA-071C4600F1,Farmer - Al Johnson,farmer al johnson,farm,merged_exact_name_reviewed,LA,St. Tammany,Mandeville,,"22536 Hwy 1088, Mandeville",public_business_address_reviewed_for_future_reduced_precision,30.35825,-90.06563,"Vegetables, honey, bees; Vegetables, Honey, Bees",Mixed; Direct-to-consumer farm; historical statewide directory,(985) 778-3104,,internal_until_public_use_review,,,,,True,False,False,False,True,False,False,2,laobs_05e5b5fd5018aca43adc | laobs_a8897f923d0d0e2ba5b6,FarmFinder current canonical baseline — identity anchor only | LSU AgCenter statewide farm-food directory, | https://www.lsuagcenter.com/~/media/system/9/1/9/e/919ed83cfbd8ff0bd98b317a65f0604f/directory%20-%20la%20farm%20food%20during%20covidpdfpdf.pdf,E,2026-07-15,FF-0136,rediscovered_current_source,research_or_qa_queue,single grade-E discovery listing needs corroboration,Fields selected by evidence grade; every source observation remains separately auditable.
LA-0914BA1B0D,Fisher Farms,fisher farms,farm,unique_source_name_reviewed,LA,St. Tammany,Abita Springs,,,public_business_address_reviewed_for_future_reduced_precision,30.47864,-90.04008,"Organic produce, livestock",Mixed,,,internal_until_public_use_review,,,,,True,False,False,False,False,False,False,1,laobs_303f7328a609904ec733,FarmFinder current canonical baseline — identity anchor only,,E,2026-07-15,FF-0036,canonical_baseline_only,research_or_qa_queue,single grade-E discovery listing needs corroboration; canonical baseline farm not rediscovered in current three-pass sources,Fields selected by evidence grade; every source observation remains separately auditable.
LA-5E7EB50B5F,Homegrown in Folsom,homegrown in folsom,farm,merged_exact_name_reviewed,LA,St. Tammany,Folsom,70437,81033 N Rolling Hills Ln,public_business_address_reviewed_for_future_reduced_precision,,,Farm products sold through an LDAF-approved roadside stand; arugula; beets; carrots; collards; garlic; kale; lettuce; mustard greens; radishes; salad greens; salad mix; spinach; swiss chard; medicinal herbs; sprouts; cucumber; green beans; tomatoes; blackberries; blueberries; honey; hot peppers; okra; summer squash; sweet peppers,Roadside stand; direct-to-consumer; LocalHarvest Family Farm,(985) 807-7190,,internal_until_public_use_review,https://homegrowninfolsom.com/,http://www.facebook.com/p/Homegrown-In-Folsom-61550352373429/,,,True,False,False,False,False,False,False,2,laobs_53983a4614a27cc1cfad | laobs_93e3ad77ffc2ebaf3c6c,LDAF 2026 FMNP roadside-stand directory | LocalHarvest — Louisiana county-seat gap search,https://www.ldaf.la.gov/fmnp | https://www.localharvest.org/homegrown-in-folsom-M84216,B; D,2026-07-15,,new_state_candidate,promotion_eligible_reviewed,,Fields selected by evidence grade; every source observation remains separately auditable.
LA-E328A40DA6,LA Fruit Stand,la fruit stand,farm,unique_source_name_reviewed,LA,St. Tammany,Slidell,,1921 Gause Blvd. W.,public_business_address_reviewed_for_future_reduced_precision,,,Farm products sold through an LDAF-approved roadside stand,Roadside stand; direct-to-consumer,(985) 774-9236,,internal_until_public_use_review,,,,,True,False,False,False,False,False,False,1,laobs_d2ea74abe9bc2846065d,LDAF 2026 FMNP roadside-stand directory,https://www.ldaf.la.gov/fmnp,B,2026-07-15,,new_state_candidate,promotion_eligible_reviewed,,Fields selected by evidence grade; every source observation remains separately auditable.
LA-B27795D1DF,Mizell's Farm,mizells farm,farm,unique_source_name_reviewed,LA,St. Tammany,Folsom,,,public_business_address_reviewed_for_future_reduced_precision,30.84731,-90.15527,Produce,Produce,(985) 630-9584,mizellfarms@yahoo.com,internal_until_public_use_review,http://www.mizellfarms.com/,,,,True,True,False,False,False,False,False,1,laobs_db49ae6dc8ea10147184,FarmFinder current canonical baseline — identity anchor only,https://marketumbrella.org/news/47/42/Mizells-Farm,C,2026-07-15,FF-0016,canonical_baseline_only,research_or_qa_queue,canonical baseline farm not rediscovered in current three-pass sources,Fields selected by evidence grade; every source observation remains separately auditable.
LA-6FB224DB8D,River Baron Ranch,river baron ranch,farm,merged_exact_name_reviewed,LA,St. Tammany,Covington,,"16245 Million Dollar Rd, Covington",public_business_address_reviewed_for_future_reduced_precision,30.47549,-90.10042,Meat (from butcher); Meat,Meat; Direct-to-consumer farm; historical statewide directory,(985) 264-7563,,internal_until_public_use_review,,,,,False,False,False,False,False,False,False,2,laobs_5d191ccda97fee094c04 | laobs_82b5fb9dfca697f9bfe6,FarmFinder current canonical baseline — identity anchor only | LSU AgCenter statewide farm-food directory, | https://www.lsuagcenter.com/~/media/system/9/1/9/e/919ed83cfbd8ff0bd98b317a65f0604f/directory%20-%20la%20farm%20food%20during%20covidpdfpdf.pdf,C; E,2026-07-15,FF-0137,rediscovered_current_source,promotion_eligible_reviewed,,Fields selected by evidence grade; every source observation remains separately auditable.
LA-C87D5D57C1,Tomkins Farm,tomkins farm,farm,unique_source_name_reviewed,LA,St. Tammany,Covington,,,public_business_address_reviewed_for_future_reduced_precision,30.50463,-90.46293,"Chicken, turkey, pork, lamb, goat, eggs",Mixed,(985) 705-8213,jamestomkins@att.net,internal_until_public_use_review,https://tomkinsfarms.com/,,,,True,False,False,False,False,False,False,1,laobs_40c50ba005a69e29a4d7,FarmFinder current canonical baseline — identity anchor only,https://www.localharvest.org/bogalusa-la/tomkins-farm-csa-M49348,C,2026-07-15,FF-0044,canonical_baseline_only,research_or_qa_queue,canonical baseline farm not rediscovered in current three-pass sources,Fields selected by evidence grade; every source observation remains separately auditable.
LA-1C1F428FF6,Tomkins Farm CSA,tomkins farm csa,farm,unique_source_name_reviewed,LA,St. Tammany,Covington,,,public_business_address_reviewed_for_future_reduced_precision,,,beets; broccoli; cabbage; carrots; cauliflower; chinese greens; collards; daikon; green onions; kale; kohlrabi; lettuce; mushrooms; mustard greens; onions; potatoes; radishes; salad greens; salad mix; spinach; sweet potatoes; swiss chard; turnips; arugula; brussels sprouts; sweet corn; cucumber; green beans; leeks; peas; tomatoes; eggplant; garlic; hot peppers; okra; pumpkins; summer squash; sweet peppers; winter-squash; zucchini; apples; blueberries; figs; peaches; sunchokes; bananas; grapefruit; persimmons; Bourbon Red Turkey; Midget White Turkey; Narragansett Turkey; St. Croix Sheep,LocalHarvest Family Farm,,,internal_until_public_use_review,https://www.tomkinsfarms.com,http://www.facebook.com/tomkinscsa,,,True,False,False,False,False,False,False,1,laobs_9490a4071343669beda5,LocalHarvest — Louisiana county-seat gap search,https://www.localharvest.org/tomkins-farm-csa-M49348,D,2026-07-15,,new_state_candidate,promotion_eligible_reviewed,,Fields selected by evidence grade; every source observation remains separately auditable.
LA-6D2DE1AA54,A&A Acres,a and a acres,farm,merged_exact_name_reviewed,LA,Tangipahoa,Loranger,,"19285 Hwy 442, Loranger",public_business_address_reviewed_for_future_reduced_precision,30.63583,-90.39806,"Meat, eggs; Meat, Eggs, Processed farm food products",Mixed; Direct-to-consumer farm; historical statewide directory,,,internal_until_public_use_review,,,,,False,True,True,False,False,False,False,2,laobs_dac82183e48f3a5f5c3e | laobs_44fd4388f0cd4abdb32b,FarmFinder current canonical baseline — identity anchor only | LSU AgCenter statewide farm-food directory, | https://www.lsuagcenter.com/~/media/system/9/1/9/e/919ed83cfbd8ff0bd98b317a65f0604f/directory%20-%20la%20farm%20food%20during%20covidpdfpdf.pdf,E,2026-07-15,FF-0138,rediscovered_current_source,research_or_qa_queue,single grade-E discovery listing needs corroboration,Fields selected by evidence grade; every source observation remains separately auditable.
LA-3B8513032F,Berry Hill Farm,berry hill farm,farm,merged_exact_name_reviewed,LA,Tangipahoa,Loranger,,"21168 Hwy 40, Loranger",public_business_address_reviewed_for_future_reduced_precision,30.63583,-90.39806,"Produce, grass-fed beef, eggs, honey; Vegetables, Fruit, Meat (grass-fed beef), Eggs, Honey, Processed farm food products",Mixed; Direct-to-consumer farm; historical statewide directory,(985) 320-2774,,internal_until_public_use_review,https://www.berryhillcsa.com/,,,,False,False,True,True,False,False,False,2,laobs_eb3f01b2cea73c306f5a | laobs_6518a2bd17839024a7f8,FarmFinder current canonical baseline — identity anchor only | LSU AgCenter statewide farm-food directory,https://www.berryhillcsa.com/ | https://www.lsuagcenter.com/~/media/system/9/1/9/e/919ed83cfbd8ff0bd98b317a65f0604f/directory%20-%20la%20farm%20food%20during%20covidpdfpdf.pdf,C; E,2026-07-15,FF-0139,rediscovered_current_source,promotion_eligible_reviewed,,Fields selected by evidence grade; every source observation remains separately auditable.
LA-8D98F1A812,Berry Town Produce,berry town produce,farm,merged_exact_name_reviewed,LA,Tangipahoa,Ponchatoula,,201 SW Railroad Ave.,public_business_address_reviewed_for_future_reduced_precision,,,Farm products sold through an LDAF-approved roadside stand,Roadside stand; direct-to-consumer,(985) 345-0048,,internal_until_public_use_review,,,,,True,False,False,False,False,False,False,2,laobs_97e1393315793db8cd4d | laobs_656bcc3d09cfd16cb251,LDAF 2026 FMNP roadside-stand directory,https://www.ldaf.la.gov/fmnp,B,2026-07-15,,new_state_candidate,promotion_eligible_reviewed,,Fields selected by evidence grade; every source observation remains separately auditable.
LA-480AB4E312,Boogs Farm,boogs farm,farm,unique_source_name_reviewed,LA,Tangipahoa,Tickfaw,,50307 Abene Rd.,public_business_address_reviewed_for_future_reduced_precision,,,Farm products sold through an LDAF-approved roadside stand,Roadside stand; direct-to-consumer,(985) 514-3607,,internal_until_public_use_review,,,,,True,False,False,False,False,False,False,1,laobs_d59fc13e84f984ed78d4,LDAF 2026 FMNP roadside-stand directory,https://www.ldaf.la.gov/fmnp,B,2026-07-15,,new_state_candidate,promotion_eligible_reviewed,,Fields selected by evidence grade; every source observation remains separately auditable.
LA-7984D0BA59,Brushy Branch Christmas Tree Farm & Pumpkin Patch,brushy branch christmas tree farm and pumpkin patch,farm,unique_source_name_reviewed,LA,Tangipahoa,Loranger,70446,51211 Narretto Road,public_business_address_reviewed_for_future_reduced_precision,,,Agritourism and farm activities; see LDAF certified operation description,Certified agritourism,985-920-2124,natdephillips@gmail.com,internal_until_public_use_review,,,,,False,False,False,False,False,False,False,1,laobs_b3f4f9dd709cdd3bcefa,LDAF certified agritourism operations,https://assets.ctfassets.net/pc5e1rlgfrov/7B8yMZqsUPa8lLZSUToUtw/19d3206a6070dea80e63683408b1552e/agritourism-directory-2023.pdf,B,2026-07-15,,new_state_candidate,promotion_eligible_reviewed,,Fields selected by evidence grade; every source observation remains separately auditable.
LA-1B6C9B24CC,Burg's Bees,burgs bees,farm,unique_source_name_reviewed,LA,Tangipahoa,Amite,,,public_business_address_reviewed_for_future_reduced_precision,30.50463,-90.46293,"Honey, bee products",Honey/Specialty,,,internal_until_public_use_review,,,,,False,True,False,False,False,False,False,1,laobs_6722122bb09ec07d53b5,FarmFinder current canonical baseline — identity anchor only,https://www.crescentcityfarmersmarket.org/news/1173/42/Burgs-Bees,C,2026-07-15,FF-0018,canonical_baseline_only,research_or_qa_queue,canonical baseline farm not rediscovered in current three-pass sources,Fields selected by evidence grade; every source observation remains separately auditable.
LA-C95EBF4699,Carona Farms,carona farms,farm,merged_exact_name_reviewed,LA,Tangipahoa,Independence,,"54398 N Larussa Ln, Independence",public_business_address_reviewed_for_future_reduced_precision,30.50463,-90.46293,Strawberries and seasonal specialty vegetables; Fruit (strawberries),Produce; Direct-to-consumer farm; historical statewide directory,(985) 507-3105,caronafarms@gmail.com,internal_until_public_use_review,,,,,True,True,False,False,False,False,False,2,laobs_94ff0491011482d68ab5 | laobs_062d0d04137d02659120,FarmFinder current canonical baseline — identity anchor only | LSU AgCenter statewide farm-food directory,https://marketumbrella.org/news/1283/42/Carona-Farms | https://www.lsuagcenter.com/~/media/system/9/1/9/e/919ed83cfbd8ff0bd98b317a65f0604f/directory%20-%20la%20farm%20food%20during%20covidpdfpdf.pdf,C; E,2026-07-15,FF-0140,rediscovered_current_source,promotion_eligible_reviewed,,Fields selected by evidence grade; every source observation remains separately auditable.
LA-DDC2DAD53F,Christmas Town Christmas Tree Farm,christmas town christmas tree farm,farm,unique_source_name_reviewed,LA,Tangipahoa,Kentwood,70444,23237 Hwy. 1057,public_business_address_reviewed_for_future_reduced_precision,,,Agritourism and farm activities; see LDAF certified operation description,Certified agritourism,225.202.7362,miller.alisa.a@gmail.com,internal_until_public_use_review,,,,,False,False,False,False,False,False,False,1,laobs_37a06034c81aff8c17c9,LDAF certified agritourism operations,https://assets.ctfassets.net/pc5e1rlgfrov/7B8yMZqsUPa8lLZSUToUtw/19d3206a6070dea80e63683408b1552e/agritourism-directory-2023.pdf,B,2026-07-15,,new_state_candidate,promotion_eligible_reviewed,,Fields selected by evidence grade; every source observation remains separately auditable.
LA-C964F1A479,Cicada Calling Farm,cicada calling farm,farm,unique_source_name_reviewed,LA,Tangipahoa,Independence,,,public_business_address_reviewed_for_future_reduced_precision,30.47549,-90.10042,"Produce, flowers",Produce,,cicadacallingfarm@gmail.com,internal_until_public_use_review,https://cicadacallingfarm.com/,,,,True,True,False,False,False,False,False,1,laobs_84c7eef15b31f2828049,FarmFinder current canonical baseline — identity anchor only,https://cicadacallingfarm.com/,C,2026-07-15,FF-0030,canonical_baseline_only,research_or_qa_queue,canonical baseline farm not rediscovered in current three-pass sources,Fields selected by evidence grade; every source observation remains separately auditable.
LA-BC53CCB1AB,Covey Rise Farm,covey rise farm,farm,unique_source_name_reviewed,LA,Tangipahoa,Husser,,,public_business_address_reviewed_for_future_reduced_precision,30.67944,-90.33722,30+ vegetable varieties year-round,Produce,(985) 974-0031,,internal_until_public_use_review,,,,,True,True,False,False,False,False,False,1,laobs_9c96526665553492cb77,FarmFinder current canonical baseline — identity anchor only,,E,2026-07-15,FF-0003,canonical_baseline_only,research_or_qa_queue,single grade-E discovery listing needs corroboration; canonical baseline farm not rediscovered in current three-pass sources,Fields selected by evidence grade; every source observation remains separately auditable.
LA-6CF1D2AD9B,Credo Farms,credo farms,farm,unique_source_name_reviewed,LA,Tangipahoa,Amite,,,public_business_address_reviewed_for_future_reduced_precision,30.72657,-90.50898,"Pasture-raised chicken, eggs, pork, broth, soap",Mixed,,,internal_until_public_use_review,https://credofarms.com,,,,True,True,True,True,False,False,False,1,laobs_05485a3ac41100fcfce4,FarmFinder current canonical baseline — identity anchor only,https://credofarms.com,C,2026-07-15,FF-0002,canonical_baseline_only,research_or_qa_queue,canonical baseline farm not rediscovered in current three-pass sources,Fields selected by evidence grade; every source observation remains separately auditable.
LA-209F25CA28,Deluxe Harvest,deluxe harvest,farm,unique_source_name_reviewed,LA,Tangipahoa,Hammond,,14065 W. Club Deluxe Rd.,public_business_address_reviewed_for_future_reduced_precision,,,Farm products sold through an LDAF-approved roadside stand,Roadside stand; direct-to-consumer,(985) 345-3317,,internal_until_public_use_review,,,,,True,False,False,False,False,False,False,1,laobs_143287e8ac8bdfc40393,LDAF 2026 FMNP roadside-stand directory,https://www.ldaf.la.gov/fmnp,B,2026-07-15,,new_state_candidate,promotion_eligible_reviewed,,Fields selected by evidence grade; every source observation remains separately auditable.
LA-1B29FF9638,Double K Farms and Cattle,double k farms and cattle,farm,merged_exact_name_reviewed,LA,Tangipahoa,Amite,,"63399 Friendship Church Rd, Amite",public_business_address_reviewed_for_future_reduced_precision,30.72657,-90.50898,"Blueberries, eggs, U-pick; Meat (grass-fed beef)",Mixed; Direct-to-consumer farm; historical statewide directory,(504) 201-4142,,internal_until_public_use_review,,,,,True,False,False,True,True,False,False,2,laobs_fd2398d3fb253f50f66a | laobs_2cffcf9caa75a766bf04,FarmFinder current canonical baseline — identity anchor only | LSU AgCenter statewide farm-food directory, | https://www.lsuagcenter.com/~/media/system/9/1/9/e/919ed83cfbd8ff0bd98b317a65f0604f/directory%20-%20la%20farm%20food%20during%20covidpdfpdf.pdf,E,2026-07-15,FF-0141,rediscovered_current_source,research_or_qa_queue,single grade-E discovery listing needs corroboration,Fields selected by evidence grade; every source observation remains separately auditable.
LA-0CDF160AF2,Epney Farms Premium Beef,epney farms premium beef,farm,unique_source_name_reviewed,LA,Tangipahoa,Amite,,,public_business_address_reviewed_for_future_reduced_precision,30.72657,-90.50898,Grass-fed beef,Meat,,,internal_until_public_use_review,,,,,False,False,False,True,False,False,False,1,laobs_aa5208015bbe3f06ce9b,FarmFinder current canonical baseline — identity anchor only,,E,2026-07-15,FF-0142,canonical_baseline_only,research_or_qa_queue,single grade-E discovery listing needs corroboration; canonical baseline farm not rediscovered in current three-pass sources,Fields selected by evidence grade; every source observation remains separately auditable.
LA-17094313F5,Faust Farms,faust farms,farm,merged_exact_name_reviewed,LA,Tangipahoa,Amite,,"12519 Liuzza Ln, Amite",public_business_address_reviewed_for_future_reduced_precision,30.72657,-90.50898,"Vegetables, fruit; Vegetables, Fruit",Produce; Direct-to-consumer farm; historical statewide directory,(985) 517-4625,faust@insighthelps.com,internal_until_public_use_review,,,,,False,True,False,False,False,False,False,2,laobs_be1c6019112111252747 | laobs_8a6cda320b592e78d7d8,FarmFinder current canonical baseline — identity anchor only | LSU AgCenter statewide farm-food directory, | https://www.lsuagcenter.com/~/media/system/9/1/9/e/919ed83cfbd8ff0bd98b317a65f0604f/directory%20-%20la%20farm%20food%20during%20covidpdfpdf.pdf,E,2026-07-15,FF-0014,rediscovered_current_source,research_or_qa_queue,single grade-E discovery listing needs corroboration,Fields selected by evidence grade; every source observation remains separately auditable.
LA-6F329B8E4F,Fletcher Farm,fletcher farm,farm,merged_exact_name_reviewed,LA,Tangipahoa,Ponchatoula,,"2 West Thomas St, Hammond",public_business_address_reviewed_for_future_reduced_precision,30.4388,-90.44148,"Vegetables, fruit, strawberries; Vegetables, Fruit, Meat, Eggs, Nuts, Honey, Processed farm food products",Produce; Direct-to-consumer farm; historical statewide directory,(985) 507-1840,,internal_until_public_use_review,,,,,True,True,False,False,False,False,False,2,laobs_b46d4a5009e451e1d8e7 | laobs_96ab5289e4380b354a8b,FarmFinder current canonical baseline — identity anchor only | LSU AgCenter statewide farm-food directory, | https://www.lsuagcenter.com/~/media/system/9/1/9/e/919ed83cfbd8ff0bd98b317a65f0604f/directory%20-%20la%20farm%20food%20during%20covidpdfpdf.pdf,C; E,2026-07-15,FF-0143,rediscovered_current_source,promotion_eligible_reviewed,,Fields selected by evidence grade; every source observation remains separately auditable.
LA-D225D88D6D,"Fleur De Lis Tea Company, LLC.",fleur de lis tea,farm,unique_source_name_reviewed,LA,Tangipahoa,Hammond,70403,42165 Autumn Run Drive,public_business_address_reviewed_for_future_reduced_precision,,,Agritourism and farm activities; see LDAF certified operation description,Certified agritourism,985.507.7452,fleurdelisteaco@gmail.com,internal_until_public_use_review,https://www.fleurdelisteaco.com,,,,False,False,False,False,False,False,False,1,laobs_abcd264043747e13b089,LDAF certified agritourism operations,https://assets.ctfassets.net/pc5e1rlgfrov/7B8yMZqsUPa8lLZSUToUtw/19d3206a6070dea80e63683408b1552e/agritourism-directory-2023.pdf,B,2026-07-15,,new_state_candidate,promotion_eligible_reviewed,,Fields selected by evidence grade; every source observation remains separately auditable.
LA-2CCC6B2521,High Cotton Meat Company,high cotton meat,farm,unique_source_name_reviewed,LA,Tangipahoa,Kentwood,,,public_business_address_reviewed_for_future_reduced_precision,30.93824,-90.50898,Certified LA Angus beef (grain-fed),Meat,,,internal_until_public_use_review,,,,,True,False,False,False,False,False,False,1,laobs_f426e7825d115f276d7b,FarmFinder current canonical baseline — identity anchor only,,E,2026-07-15,FF-0269,canonical_baseline_only,research_or_qa_queue,single grade-E discovery listing needs corroboration; canonical baseline farm not rediscovered in current three-pass sources,Fields selected by evidence grade; every source observation remains separately auditable.
LA-688D572FF9,Homestyle Natural Beef,homestyle natural beef,farm,unique_source_name_reviewed,LA,Tangipahoa,Loranger,70446,51367 Narretto Road,public_business_address_reviewed_for_future_reduced_precision,,,beef,LocalHarvest Family Farm,(985) 507-3186,,internal_until_public_use_review,,http://www.facebook.com/HomestyleNaturalGrassfedBeef,,,True,False,False,False,False,False,False,1,laobs_7ba128c0e0230f01fa95,LocalHarvest — Louisiana county-seat gap search,https://www.localharvest.org/homestyle-natural-beef-M41507,D,2026-07-15,,new_state_candidate,promotion_eligible_reviewed,,Fields selected by evidence grade; every source observation remains separately auditable.
LA-D2B846C1CC,Iverstine Farms & Butcher,iverstine farms and butcher,farm,unique_source_name_reviewed,LA,Tangipahoa,Kentwood,,,public_business_address_reviewed_for_future_reduced_precision,30.93824,-90.50898,"Pasture-raised beef, pork, chicken, eggs, dairy, and local farm goods",Meat,(225) 349-8200,galen@iverstinefarms.com,internal_until_public_use_review,https://www.iverstinebutcher.com/,,,,True,False,True,True,False,False,False,1,laobs_e3c0dca8c4feac0bab70,FarmFinder current canonical baseline — identity anchor only,https://www.iverstinebutcher.com/,C,2026-07-15,FF-0076,canonical_baseline_only,research_or_qa_queue,canonical baseline farm not rediscovered in current three-pass sources,Fields selected by evidence grade; every source observation remains separately auditable.
LA-E2A0FEA061,Joe Fekete's Family Farm,joe feketes family farm,farm,unique_source_name_reviewed,LA,Tangipahoa,Amite,,,public_business_address_reviewed_for_future_reduced_precision,30.50463,-90.46293,Family farm produce,Produce,(985) 517-3080,jandmfekete@gmail.com,internal_until_public_use_review,,https://www.facebook.com/joefeketefarm/,,,True,True,False,False,False,False,False,1,laobs_ea2276a80ca45a30dda9,FarmFinder current canonical baseline — identity anchor only,https://marketumbrella.org/news/231/42/Joe-Feketes-Family-Farm,C,2026-07-15,FF-0047,canonical_baseline_only,research_or_qa_queue,canonical baseline farm not rediscovered in current three-pass sources,Fields selected by evidence grade; every source observation remains separately auditable.
LA-006BC82148,Johndales Farm,johndales farm,farm,unique_source_name_reviewed,LA,Tangipahoa,Ponchatoula,,,public_business_address_reviewed_for_future_reduced_precision,30.50463,-90.46293,Produce,Produce,(985) 969-1040,johndalesfarm@charter.net,internal_until_public_use_review,,,,,True,True,False,False,False,False,False,1,laobs_a97450d96ad765bfb723,FarmFinder current canonical baseline — identity anchor only,https://seasonaljobs.dol.gov/jobs/H-300-25352-494523,C,2026-07-15,FF-0015,canonical_baseline_only,research_or_qa_queue,canonical baseline farm not rediscovered in current three-pass sources,Fields selected by evidence grade; every source observation remains separately auditable.
LA-649E451623,Liuzza Produce Farm,liuzza produce farm,farm,merged_exact_name_reviewed,LA,Tangipahoa,Amite,,"56453 Holden Circle, Amite",public_business_address_reviewed_for_future_reduced_precision,30.72657,-90.50898,"Vegetables, fruit; Vegetables, Fruit",Produce; Direct-to-consumer farm; historical statewide directory,(985) 284-0722,liuzzaland@gmail.com,internal_until_public_use_review,https://www.liuzzalandllc.com/,,,,True,False,False,False,False,False,False,2,laobs_ba063b82b55ac338bc10 | laobs_b3c5b9a70d453f9bad31,FarmFinder current canonical baseline — identity anchor only | LSU AgCenter statewide farm-food directory,https://www.liuzzalandllc.com/about-liuzza-land | https://www.lsuagcenter.com/~/media/system/9/1/9/e/919ed83cfbd8ff0bd98b317a65f0604f/directory%20-%20la%20farm%20food%20during%20covidpdfpdf.pdf,C; E,2026-07-15,FF-0144,rediscovered_current_source,promotion_eligible_reviewed,,Fields selected by evidence grade; every source observation remains separately auditable.
LA-1F917568BF,Morrow Farm,morrow farm,farm,merged_exact_name_reviewed,LA,Tangipahoa,Ponchatoula,,"22602 Fletcher Rd, Ponchatoula",public_business_address_reviewed_for_future_reduced_precision,30.4388,-90.44148,"Vegetables, strawberries, blueberries; Vegetables, Fruit (strawberries, blueberries)",Produce; Direct-to-consumer farm; historical statewide directory,(985) 974-8333,,internal_until_public_use_review,,,,,False,True,False,False,False,False,False,2,laobs_4d06f9752a1595e3eca1 | laobs_3c94ac43c8328ed78261,FarmFinder current canonical baseline — identity anchor only | LSU AgCenter statewide farm-food directory, | https://www.lsuagcenter.com/~/media/system/9/1/9/e/919ed83cfbd8ff0bd98b317a65f0604f/directory%20-%20la%20farm%20food%20during%20covidpdfpdf.pdf,E,2026-07-15,FF-0145,rediscovered_current_source,research_or_qa_queue,single grade-E discovery listing needs corroboration,Fields selected by evidence grade; every source observation remains separately auditable.
LA-94698F312B,Poche Family Farm,poche family farm,farm,merged_exact_name_reviewed,LA,Tangipahoa,Independence,,"51287 Lamarca Ln, Independence",public_business_address_reviewed_for_future_reduced_precision,30.63551,-90.50335,"Vegetables, fruit, eggs; Vegetables, Fruit, Eggs",Produce; Direct-to-consumer farm; historical statewide directory,,,internal_until_public_use_review,,,,,True,True,True,False,False,False,False,2,laobs_87cfc35df8bf668ab067 | laobs_3eb8d84cc6f895eec78e,FarmFinder current canonical baseline — identity anchor only | LSU AgCenter statewide farm-food directory, | https://www.lsuagcenter.com/~/media/system/9/1/9/e/919ed83cfbd8ff0bd98b317a65f0604f/directory%20-%20la%20farm%20food%20during%20covidpdfpdf.pdf,C; E,2026-07-15,FF-0146,rediscovered_current_source,promotion_eligible_reviewed,,Fields selected by evidence grade; every source observation remains separately auditable.
LA-440C817A9B,Rose Wagon Ranch,rose wagon ranch,farm,unique_source_name_reviewed,LA,Tangipahoa,Amite,,,public_business_address_reviewed_for_future_reduced_precision,30.50463,-90.46293,Ranch meats,Meat,(985) 981-3543,,internal_until_public_use_review,https://www.rosewagonranch.com/,,,,True,True,False,False,False,False,False,1,laobs_22937f61003c9cef1f88,FarmFinder current canonical baseline — identity anchor only,https://www.rosewagonranch.com/,C,2026-07-15,FF-0021,canonical_baseline_only,research_or_qa_queue,canonical baseline farm not rediscovered in current three-pass sources,Fields selected by evidence grade; every source observation remains separately auditable.
LA-2D5B11933C,Sams Sprouts,sams sprouts,farm,unique_source_name_reviewed,LA,Tangipahoa,Robert,,,public_business_address_reviewed_for_future_reduced_precision,29.95465,-90.07507,"Sprouts, microgreens",Produce,(985) 249-9690,,internal_until_public_use_review,,,,,False,True,False,False,False,False,False,1,laobs_3fa30dcf88b8fab8da9e,FarmFinder current canonical baseline — identity anchor only,https://marketumbrella.org/news/143/42/Sams-Sprouts,C,2026-07-15,FF-0049,canonical_baseline_only,research_or_qa_queue,canonical baseline farm not rediscovered in current three-pass sources,Fields selected by evidence grade; every source observation remains separately auditable.
LA-517003695C,SNOFA Aquaponics,snofa aquaponics,farm,unique_source_name_reviewed,LA,Tangipahoa,Ponchatoula,,,public_business_address_reviewed_for_future_reduced_precision,30.4388,-90.44148,Aquaponic produce,Produce,,,internal_until_public_use_review,,,,,True,False,False,False,False,False,False,1,laobs_b063ad9dfb3bd5051d0b,FarmFinder current canonical baseline — identity anchor only,,E,2026-07-15,FF-0270,canonical_baseline_only,research_or_qa_queue,single grade-E discovery listing needs corroboration; canonical baseline farm not rediscovered in current three-pass sources,Fields selected by evidence grade; every source observation remains separately auditable.
LA-12F90A8E4D,Sunflower Hill Farm,sunflower hill farm,farm,merged_exact_name_reviewed,LA,Tangipahoa,Tangipahoa Parish,,"15755 Old McMichael Rd, Amite",public_business_address_reviewed_for_future_reduced_precision,30.72657,-90.50898,"Honey, bee products, bath/body; Honey and honey bees, Chicken hatching eggs and chicks",Honey/Specialty; Direct-to-consumer farm; historical statewide directory,985-517-1614,,internal_until_public_use_review,https://sunflowerhillfarmllc.com,,,,True,True,False,False,False,False,False,2,laobs_92dd777f29d92b2d6294 | laobs_cb9278f9af32f500da6c,FarmFinder current canonical baseline — identity anchor only | LSU AgCenter statewide farm-food directory,https://sunflowerhillfarmllc.com | https://www.lsuagcenter.com/~/media/system/9/1/9/e/919ed83cfbd8ff0bd98b317a65f0604f/directory%20-%20la%20farm%20food%20during%20covidpdfpdf.pdf,C; E,2026-07-15,FF-0038,rediscovered_current_source,promotion_eligible_reviewed,,Fields selected by evidence grade; every source observation remains separately auditable.
LA-32ED480F02,Super Natural Organic Farms of America,super natural organic farms of america,farm,unique_source_name_reviewed,LA,Tangipahoa,Ponchatoula,70454,38818 Drott Lane,public_business_address_reviewed_for_future_reduced_precision,,,rabbit; eggs; arugula; beets; cabbage; carrots; celery; cucumber; eggplant; garlic; green onions; hot peppers; lettuce; radishes; salad greens; salad mix; summer squash; sweet peppers; tomatillos; tomatoes; zucchini; strawberries; tangerines; watermelons; medicinal herbs,LocalHarvest Family Farm,(504) 913-3971,,internal_until_public_use_review,https://www.snofa.net,http://www.facebook.com/supernaturalorganicfarmsofamerica,,,True,False,False,False,False,False,False,1,laobs_a37a9d555c5dad377a51,LocalHarvest — Louisiana county-seat gap search,https://www.localharvest.org/super-natural-organic-farms-of-america-M50484,D,2026-07-15,,new_state_candidate,promotion_eligible_reviewed,,Fields selected by evidence grade; every source observation remains separately auditable.
LA-B042B9440A,White Oak Fields,white oak fields,farm,merged_exact_name_reviewed,LA,Tangipahoa,Loranger,,"50247 Hwy 445, Loranger",public_business_address_reviewed_for_future_reduced_precision,30.63583,-90.39806,"Blueberries, honey; Fruit (blueberries), Honey",Mixed; Direct-to-consumer farm; historical statewide directory,(504) 628-6882,,internal_until_public_use_review,,,,,False,True,False,False,False,False,False,2,laobs_7ea7dbd6af92e98c799e | laobs_8f874fd45f5f20c8d150,FarmFinder current canonical baseline — identity anchor only | LSU AgCenter statewide farm-food directory, | https://www.lsuagcenter.com/~/media/system/9/1/9/e/919ed83cfbd8ff0bd98b317a65f0604f/directory%20-%20la%20farm%20food%20during%20covidpdfpdf.pdf,E,2026-07-15,FF-0147,rediscovered_current_source,research_or_qa_queue,single grade-E discovery listing needs corroboration,Fields selected by evidence grade; every source observation remains separately auditable.
LA-AA1B6368EF,Helena Plantation Wildlife Operation,helena plantation wildlife operation,farm,unique_source_name_reviewed,LA,Tensas,St. Joseph,71366,246 Hwy 3009,public_business_address_reviewed_for_future_reduced_precision,,,Agritourism and farm activities; see LDAF certified operation description,Certified agritourism,318-749-3943,helenaplantation@gmail.com,internal_until_public_use_review,,,,,False,False,False,False,False,False,False,1,laobs_69cf4ee469b22756cc16,LDAF certified agritourism operations,https://assets.ctfassets.net/pc5e1rlgfrov/7B8yMZqsUPa8lLZSUToUtw/19d3206a6070dea80e63683408b1552e/agritourism-directory-2023.pdf,B,2026-07-15,,new_state_candidate,promotion_eligible_reviewed,,Fields selected by evidence grade; every source observation remains separately auditable.
LA-72070A7469,Mize Produce,mize produce,farm,unique_source_name_reviewed,LA,Tensas,Waterproof,,168 Providence Rd.,public_business_address_reviewed_for_future_reduced_precision,,,Farm products sold through an LDAF-approved roadside stand,Roadside stand; direct-to-consumer,(318) 452-1509,,internal_until_public_use_review,,,,,True,False,False,False,False,False,False,1,laobs_2e1b1bc77279e6810e8f,LDAF 2026 FMNP roadside-stand directory,https://www.ldaf.la.gov/fmnp,B,2026-07-15,,new_state_candidate,promotion_eligible_reviewed,,Fields selected by evidence grade; every source observation remains separately auditable.
LA-B67D4E930A,Tensas Honey Company,tensas honey,farm,merged_exact_name_reviewed,LA,Tensas,St. Joseph,,"246 Hwy 3009, St. Joseph",public_business_address_reviewed_for_future_reduced_precision,31.91849,-91.23345,Honey,Honey/Specialty; Direct-to-consumer farm; historical statewide directory,(318) 267-6709,,internal_until_public_use_review,,,,,True,True,False,True,False,False,False,2,laobs_6a9cd8ea83a0858ef217 | laobs_74b1bcce09610253339a,FarmFinder current canonical baseline — identity anchor only | LSU AgCenter statewide farm-food directory, | https://www.lsuagcenter.com/~/media/system/9/1/9/e/919ed83cfbd8ff0bd98b317a65f0604f/directory%20-%20la%20farm%20food%20during%20covidpdfpdf.pdf,E,2026-07-15,FF-0218,rediscovered_current_source,research_or_qa_queue,single grade-E discovery listing needs corroboration,Fields selected by evidence grade; every source observation remains separately auditable.
LA-416C2494B0,Anna Marie Seafood,anna marie seafood,producer_requires_type_review,unique_source_name_reviewed,LA,Terrebonne,Montegut,,,public_business_address_reviewed_for_future_reduced_precision,30.50463,-90.46293,Wild-caught seafood,Seafood,(985) 209-2876,annamarieseafood@charter.net,internal_until_public_use_review,https://annamarieshrimp.com/,,,,False,True,False,False,False,False,False,1,laobs_e53281f1bced82abe3a9,FarmFinder current canonical baseline — identity anchor only,https://marketumbrella.org/news/127/42/Anna-Marie-Seafood,C,2026-07-15,FF-0054,canonical_baseline_only,research_or_qa_queue,directory candidate needs independent farm-operation evidence; canonical baseline farm not rediscovered in current three-pass sources,Fields selected by evidence grade; every source observation remains separately auditable.
LA-BEEF163B08,Bluewater Shrimp Company,bluewater shrimp,producer_requires_type_review,unique_source_name_reviewed,LA,Terrebonne,Dulac,,,public_business_address_reviewed_for_future_reduced_precision,29.38883,-90.71398,"Shrimp, softshell, squid",Seafood,(985) 563-4801,,internal_until_public_use_review,,,,,True,False,False,True,False,False,False,1,laobs_fbbcede81e84bd6b60a1,FarmFinder current canonical baseline — identity anchor only,,E,2026-07-15,FF-0181,canonical_baseline_only,research_or_qa_queue,single grade-E discovery listing needs corroboration; directory candidate needs independent farm-operation evidence; canonical baseline farm not rediscovered in current three-pass sources,Fields selected by evidence grade; every source observation remains separately auditable.
LA-257DC4CA49,David Chauvin’s Seafood Of Cocodrie DBA Pier Cocodrie,david chauvins seafood,farm,merged_exact_name_reviewed,LA,Terrebonne,Chauvin,70344,PO Box 99,public_business_address_reviewed_for_future_reduced_precision,29.38883,-90.71398,"Shrimp, softshell, squid; Agritourism and farm activities; see LDAF certified operation description",Seafood; Certified agritourism,985-257-1200,kimchauvin@yahoo.com,internal_until_public_use_review,https://www.downthebayoushrimptours.com,,,,True,False,False,True,False,False,False,3,laobs_ea59b5e83be3b335e14c | laobs_9a8d72e47d6394a2cd25 | laobs_0fb072d73b84aa4d778e,FarmFinder current canonical baseline — identity anchor only | LDAF certified agritourism operations,http://www.davidchauvinsseafood.com/ | https://assets.ctfassets.net/pc5e1rlgfrov/7B8yMZqsUPa8lLZSUToUtw/19d3206a6070dea80e63683408b1552e/agritourism-directory-2023.pdf,B; C,2026-07-15,FF-0182,rediscovered_current_source,promotion_eligible_reviewed,,Fields selected by evidence grade; every source observation remains separately auditable.
LA-2894EC485D,DeHart Jax of All Trades,dehart jax of all trades,farm,unique_source_name_reviewed,LA,Terrebonne,Gray,,7 days/week 8:00 a.m.-5:00 p.m.,public_business_address_reviewed_for_future_reduced_precision,,,Farm products sold through an LDAF-approved roadside stand,Roadside stand; direct-to-consumer,(985) 855-6807,,internal_until_public_use_review,,,,,True,False,False,False,False,False,False,1,laobs_2f6c3ee0a4fb53b3993f,LDAF 2026 FMNP roadside-stand directory,https://www.ldaf.la.gov/fmnp,B,2026-07-15,,new_state_candidate,promotion_eligible_reviewed,,Fields selected by evidence grade; every source observation remains separately auditable.
LA-AACEEAE4BE,DeHart’s Jax of All Trades 2,deharts jax of all trades 2,farm,unique_source_name_reviewed,LA,Terrebonne,Houma,,7 days/week 7:30 a.m.-5:30 p.m.,public_business_address_reviewed_for_future_reduced_precision,,,Farm products sold through an LDAF-approved roadside stand,Roadside stand; direct-to-consumer,(985) 855-6823,,internal_until_public_use_review,,,,,True,False,False,False,False,False,False,1,laobs_97ea2b9bcba9bd9fc50b,LDAF 2026 FMNP roadside-stand directory,https://www.ldaf.la.gov/fmnp,B,2026-07-15,,new_state_candidate,promotion_eligible_reviewed,,Fields selected by evidence grade; every source observation remains separately auditable.
LA-167A20A4D9,LA Fresh Farms LLC,la fresh farms,farm,unique_source_name_reviewed,LA,Terrebonne,Schriever,,,public_business_address_reviewed_for_future_reduced_precision,29.74215,-90.81037,"Raw honey, scrubs, lip balm, soap",Honey/Specialty,(504) 478-3801,,internal_until_public_use_review,,,,,False,True,False,False,False,False,False,1,laobs_c0426aba5b3defef80c5,FarmFinder current canonical baseline — identity anchor only,,E,2026-07-15,FF-0040,canonical_baseline_only,research_or_qa_queue,single grade-E discovery listing needs corroboration; canonical baseline farm not rediscovered in current three-pass sources,Fields selected by evidence grade; every source observation remains separately auditable.
LA-9EE879E0D5,Lil Macky's Fresh Shrimp,lil mackys fresh shrimp,producer_requires_type_review,unique_source_name_reviewed,LA,Terrebonne,Theriot,,,public_business_address_reviewed_for_future_reduced_precision,29.46139,-90.75139,Shrimp,Seafood,(985) 855-2664,,internal_until_public_use_review,,,,,True,False,False,False,False,False,False,1,laobs_a75c64c7acdfd7fd3e58,FarmFinder current canonical baseline — identity anchor only,,E,2026-07-15,FF-0183,canonical_baseline_only,research_or_qa_queue,single grade-E discovery listing needs corroboration; directory candidate needs independent farm-operation evidence; canonical baseline farm not rediscovered in current three-pass sources,Fields selected by evidence grade; every source observation remains separately auditable.
LA-3FF2A8E1BD,Luke's Seafood,lukes seafood,producer_requires_type_review,unique_source_name_reviewed,LA,Terrebonne,Dulac,,,public_business_address_reviewed_for_future_reduced_precision,29.38883,-90.71398,"Blue crab, soft shell crab, shrimp, crab cakes",Seafood,(985) 665-4271,,internal_until_public_use_review,,,,,True,False,False,True,False,False,False,1,laobs_046749719329324278bc,FarmFinder current canonical baseline — identity anchor only,,E,2026-07-15,FF-0184,canonical_baseline_only,research_or_qa_queue,single grade-E discovery listing needs corroboration; directory candidate needs independent farm-operation evidence; canonical baseline farm not rediscovered in current three-pass sources,Fields selected by evidence grade; every source observation remains separately auditable.
LA-6D5FF9091A,Dixie Bulb Farm,dixie bulb farm,farm,unique_source_name_reviewed,LA,Union,Bernice,71222,172 White Oak Ln.,public_business_address_reviewed_for_future_reduced_precision,,,seeds,LocalHarvest Family Farm,(318) 368-2006,,internal_until_public_use_review,https://www.dixiebulbs.com,,,,True,False,False,False,False,False,False,1,laobs_55697778d1ebd9c3b25c,LocalHarvest — Louisiana county-seat gap search,https://www.localharvest.org/dixie-bulb-farm-M30958,D,2026-07-15,,new_state_candidate,promotion_eligible_reviewed,,Fields selected by evidence grade; every source observation remains separately auditable.
LA-9086F77BB0,P&L Farms,p and l farms,farm,merged_exact_name_reviewed,LA,Union,Spearsville,,"1861 Hwy 3121, Spearsville",public_business_address_reviewed_for_future_reduced_precision,32.93194,-92.6,"Vegetables, fruit, beef; Vegetables, Fruit, Meat (beef)",Mixed; Direct-to-consumer farm; historical statewide directory,(870) 918-2246,,internal_until_public_use_review,,,,,True,True,False,True,False,False,False,2,laobs_8be43c92d94fdc0325a1 | laobs_1cb6856089c5ff95712f,FarmFinder current canonical baseline — identity anchor only | LSU AgCenter statewide farm-food directory, | https://www.lsuagcenter.com/~/media/system/9/1/9/e/919ed83cfbd8ff0bd98b317a65f0604f/directory%20-%20la%20farm%20food%20during%20covidpdfpdf.pdf,E,2026-07-15,FF-0219,rediscovered_current_source,research_or_qa_queue,single grade-E discovery listing needs corroboration,Fields selected by evidence grade; every source observation remains separately auditable.
LA-362631110B,Yak's Produce,yaks produce,farm,split_due_county_conflict,LA,Union,Farmerville,,12095 Hwy. 33,public_business_address_reviewed_for_future_reduced_precision,,,Farm products sold through an LDAF-approved roadside stand,Roadside stand; direct-to-consumer,(318) 368-4546,,internal_until_public_use_review,,,,,True,False,False,False,False,False,False,1,laobs_4e4ff7aa864090318fef,LDAF 2026 FMNP roadside-stand directory,https://www.ldaf.la.gov/fmnp,B,2026-07-15,,new_state_candidate,research_or_qa_queue,same normalized name appears in multiple counties,Fields selected by evidence grade; every source observation remains separately auditable.
LA-D59B18DE79,Bacque Farms,bacque farms,farm,unique_source_name_reviewed,LA,Vermilion,Abbeville,,,public_business_address_reviewed_for_future_reduced_precision,29.97465,-92.13429,"Grass-fed beef, eggs",Meat,,max@bacquefarms.com,internal_until_public_use_review,,,,,False,True,False,False,False,False,False,1,laobs_a957ad06b74e7840309b,FarmFinder current canonical baseline — identity anchor only,,E,2026-07-15,FF-0236,canonical_baseline_only,research_or_qa_queue,single grade-E discovery listing needs corroboration; canonical baseline farm not rediscovered in current three-pass sources,Fields selected by evidence grade; every source observation remains separately auditable.
LA-3F79813AC8,Baker Farms,baker farms,farm,unique_source_name_reviewed,LA,Vermilion,Gueydan,,,public_business_address_reviewed_for_future_reduced_precision,30.02604,-92.50847,Gourmet popcorn rice,Rice,(337) 536-7052,,internal_until_public_use_review,,,,,False,True,False,False,False,False,False,1,laobs_54fc26e69d266fd23dc7,FarmFinder current canonical baseline — identity anchor only,,E,2026-07-15,FF-0237,canonical_baseline_only,research_or_qa_queue,single grade-E discovery listing needs corroboration; canonical baseline farm not rediscovered in current three-pass sources,Fields selected by evidence grade; every source observation remains separately auditable.
LA-87B76A8FCE,Brookshire Farm,brookshire farm,farm,merged_cross_county_identity_reviewed,LA,Vermilion,Abbeville,70510,"8916 Brookshire Road, Abbeville LA 70510",public_business_address_reviewed_for_future_reduced_precision,29.97465,-92.13429,"Pastured livestock and/or farm products; see source listing; Grass-finished beef, veal, goats; Vegetables (garlic); beef; chicken; pork",Pastured-product farm; direct sales; Meat; Direct-to-consumer farm; historical statewide directory; LocalHarvest Family Farm,(337) 893-5115,blanchets@brookshirefarm.com,internal_until_public_use_review,https://brookshirefarm.com,http://www.facebook.com/BrookshireFarm,https://instagram.com/brookshirefarm,,True,False,False,False,False,False,False,4,laobs_1662ed39bbef100a0884 | laobs_f74ce118a3ece2ce9e40 | laobs_307c6ef9a2d5ffc66f13 | laobs_ce16baf8d32fda4b703a,EatWild Louisiana directory | FarmFinder current canonical baseline — identity anchor only | LSU AgCenter statewide farm-food directory | LocalHarvest — Louisiana county-seat gap search,https://www.eatwild.com/products/louisiana.html | https://brookshirefarm.com | https://www.lsuagcenter.com/~/media/system/9/1/9/e/919ed83cfbd8ff0bd98b317a65f0604f/directory%20-%20la%20farm%20food%20during%20covidpdfpdf.pdf | https://www.localharvest.org/brookshire-farm-M14128,C; D; E,2026-07-15,FF-0058,rediscovered_current_source,promotion_eligible_reviewed,,Fields selected by evidence grade; every source observation remains separately auditable.
LA-27C164CFB7,Pecans and More in South LA,pecans and more in south la,farm,unique_source_name_reviewed,LA,Vermilion,Kaplan,,,public_business_address_reviewed_for_future_reduced_precision,30.003188,-92.286015,"Pecans, vegetables, eggs, pies",Honey/Specialty,,pecansandmore@hotmail.com,internal_until_public_use_review,,,,,True,False,False,False,False,False,False,1,laobs_812ce08e7c29544f5504,FarmFinder current canonical baseline — identity anchor only,,E,2026-07-15,FF-0255,canonical_baseline_only,research_or_qa_queue,single grade-E discovery listing needs corroboration; canonical baseline farm not rediscovered in current three-pass sources,Fields selected by evidence grade; every source observation remains separately auditable.
LA-E51C897A7E,The Farm (Garlic),the farm garlic,farm,unique_source_name_reviewed,LA,Vermilion,Rayne,,,public_business_address_reviewed_for_future_reduced_precision,30.23493,-92.26846,Garlic,Produce,(337) 652-8799,,internal_until_public_use_review,,,,,True,False,False,False,False,False,False,1,laobs_0195c1aa88b05f65780f,FarmFinder current canonical baseline — identity anchor only,,E,2026-07-15,FF-0187,canonical_baseline_only,research_or_qa_queue,single grade-E discovery listing needs corroboration; canonical baseline farm not rediscovered in current three-pass sources,Fields selected by evidence grade; every source observation remains separately auditable.
LA-6635211781,Vermilion Oaks Ranch,vermilion oaks ranch,farm,merged_cross_county_identity_reviewed,LA,Vermilion,Abbeville,18002,"18002 W LA Hwy 330, Abbeville",public_business_address_reviewed_for_future_reduced_precision,29.97465,-92.13429,Grass-fed beef; Meat (grass-fed beef),Meat; Direct-to-consumer farm; historical statewide directory,(337) 344-8832,,internal_until_public_use_review,https://vermilionoaksranch.com/,,,,True,True,True,True,False,False,False,2,laobs_a5be53d93120dc1ba841 | laobs_f9a2f85a0c29568654d8,FarmFinder current canonical baseline — identity anchor only | LSU AgCenter statewide farm-food directory,https://vermilionoaksranch.com/ | https://www.lsuagcenter.com/~/media/system/9/1/9/e/919ed83cfbd8ff0bd98b317a65f0604f/directory%20-%20la%20farm%20food%20during%20covidpdfpdf.pdf,C; E,2026-07-15,FF-0185,rediscovered_current_source,promotion_eligible_reviewed,,Fields selected by evidence grade; every source observation remains separately auditable.
LA-B88CA3B8B5,Wright Honey,wright honey,farm,merged_cross_county_identity_reviewed,LA,Vermilion,Gueydan,,"9030 Baker Rd, Gueydan",public_business_address_reviewed_for_future_reduced_precision,30.02604,-92.50847,"Honey; Vegetables, Fruit, Meat, Eggs, Milk, Cheese, Seafood, Mushrooms, Nuts, Honey, Processed farm food products",Honey/Specialty; Direct-to-consumer farm; historical statewide directory,(337) 412-4752,,internal_until_public_use_review,https://wrighthoney.com/,,,,True,True,True,True,False,False,False,2,laobs_2d5a07b4637ba420a677 | laobs_f1fa81fb531862549332,FarmFinder current canonical baseline — identity anchor only | LSU AgCenter statewide farm-food directory,https://wrighthoney.com/ | https://www.lsuagcenter.com/~/media/system/9/1/9/e/919ed83cfbd8ff0bd98b317a65f0604f/directory%20-%20la%20farm%20food%20during%20covidpdfpdf.pdf,C; E,2026-07-15,FF-0186,rediscovered_current_source,promotion_eligible_reviewed,,Fields selected by evidence grade; every source observation remains separately auditable.
LA-5A18C46AA7,Double AJ Farm,double aj farm,farm,unique_source_name_reviewed,LA,Vernon,Pitkin,,"1761 Lone Star Church Rd, Pitkin",public_business_address_reviewed_for_future_reduced_precision,,,Seafood (live & peeled crawfish),Direct-to-consumer farm; historical statewide directory,337-340-1122,,internal_until_public_use_review,,,,,True,True,False,True,False,False,False,1,laobs_6d92b32a888a92a405c0,LSU AgCenter statewide farm-food directory,https://www.lsuagcenter.com/~/media/system/9/1/9/e/919ed83cfbd8ff0bd98b317a65f0604f/directory%20-%20la%20farm%20food%20during%20covidpdfpdf.pdf,E,2026-07-15,,new_state_candidate,research_or_qa_queue,single grade-E discovery listing needs corroboration,Fields selected by evidence grade; every source observation remains separately auditable.
LA-3A8C5BC7E7,Sandy Hill Farm Stand,sandy hill farm stand,farm,unique_source_name_reviewed,LA,Vernon,Leesville,,1268 Pitkin Rd. (Hwy. 10 in Pickering next to,public_business_address_reviewed_for_future_reduced_precision,,,Farm products sold through an LDAF-approved roadside stand,Roadside stand; direct-to-consumer,(337) 353-9459,,internal_until_public_use_review,,,,,True,False,False,False,False,False,False,1,laobs_3681e81c1d590bfae90c,LDAF 2026 FMNP roadside-stand directory,https://www.ldaf.la.gov/fmnp,B,2026-07-15,,new_state_candidate,promotion_eligible_reviewed,,Fields selected by evidence grade; every source observation remains separately auditable.
LA-15AC0A40BB,Triple H Farms,triple h farms,farm,unique_source_name_reviewed,LA,Vernon,Leesville,71446,297 Eubanks rd,public_business_address_reviewed_for_future_reduced_precision,,,"Small local farm specializing in providing our community non sprayed pesticide free vegetables! Tomatoes, cucumbers, carrots, lettuce, eggplant, yellow squash, zucchini squash, okra, snap beans, sweet peppers, hot peppers, along with some interesting vegetables like cucuzzi & red malabar spinach. By spring of 2026 we fully intend to have tomatoes, cucumbers & butter lettuce growing year round. Farmer Ollie will be sure that everyone knows 😁!",LocalHarvest Family Farm,,,internal_until_public_use_review,,http://www.facebook.com/share/1EjLbj6iyF/,,,True,False,False,False,False,False,False,1,laobs_98b9a824768bdcadf43d,LocalHarvest — Louisiana county-seat gap search,https://www.localharvest.org/triple-h-farms-M85748,D,2026-07-15,,new_state_candidate,promotion_eligible_reviewed,,Fields selected by evidence grade; every source observation remains separately auditable.
LA-F6C20792F3,3D Blueberry Farm,3d blueberry farm,farm,unique_source_name_reviewed,LA,Washington,Franklinton,70438,,public_business_address_reviewed_for_future_reduced_precision,,,U-pick crops; agritourism,U-pick; agritourism,,info@3dblueberries.com,internal_until_public_use_review,,https://www.facebook.com/3DBlueberryFarm/,,,True,False,False,False,True,False,False,1,laobs_8e987ddab1f6db00ff21,PickYourOwn — New Orleans and Southeast Louisiana,https://www.pickyourown.org/LAneworleans.htm,E,2026-07-15,,new_state_candidate,research_or_qa_queue,single grade-E discovery listing needs corroboration; source reports closure and requires affirmative curator decision,Fields selected by evidence grade; every source observation remains separately auditable.
LA-BF01FD743C,Circle M Farms / Southern Maids Dairy,circle m farms southern maids dairy,farm,merged_exact_name_reviewed,LA,Washington,Franklinton,,"31367 Cleve Kennedy Rd, Franklinton",public_business_address_reviewed_for_future_reduced_precision,30.84731,-90.15527,"Goat dairy, eggs; Dairy (goat), Eggs, Processed farm food products",Dairy; Direct-to-consumer farm; historical statewide directory,(985) 237-8545,circlemfarmsla@gmail.com,internal_until_public_use_review,,,,,True,True,False,False,False,False,False,2,laobs_bf241bc5919a51267c58 | laobs_dad87b0defdc8fbe4b84,FarmFinder current canonical baseline — identity anchor only | LSU AgCenter statewide farm-food directory,https://marketumbrella.org/news/1280/42/Southern-Maids-Dairy | https://www.lsuagcenter.com/~/media/system/9/1/9/e/919ed83cfbd8ff0bd98b317a65f0604f/directory%20-%20la%20farm%20food%20during%20covidpdfpdf.pdf,C; E,2026-07-15,FF-0148,rediscovered_current_source,promotion_eligible_reviewed,,Fields selected by evidence grade; every source observation remains separately auditable.
LA-79C1985D33,Cryer’s Family Produce,cryers family produce,farm,merged_exact_name_reviewed,LA,Washington,Mount Hermon,,37122 Thomas Cryer Rd.,public_business_address_reviewed_for_future_reduced_precision,30.96,-90.28,"Vegetables, fruit, eggs, mushrooms; Farm products sold through an LDAF-approved roadside stand; Vegetables, Fruit, Eggs, Mushrooms, Processed farm food products",Produce; Roadside stand; direct-to-consumer; Direct-to-consumer farm; historical statewide directory,(818) 679-2088,,internal_until_public_use_review,,,,,True,True,False,False,False,False,False,3,laobs_29119f6cf5e6ca4683ce | laobs_5a6d0413408144f08a99 | laobs_629939e9fcb548b9a248,FarmFinder current canonical baseline — identity anchor only | LDAF 2026 FMNP roadside-stand directory | LSU AgCenter statewide farm-food directory, | https://www.ldaf.la.gov/fmnp | https://www.lsuagcenter.com/~/media/system/9/1/9/e/919ed83cfbd8ff0bd98b317a65f0604f/directory%20-%20la%20farm%20food%20during%20covidpdfpdf.pdf,B; E,2026-07-15,FF-0149,rediscovered_current_source,promotion_eligible_reviewed,,Fields selected by evidence grade; every source observation remains separately auditable.
LA-AF2C3556C1,Duncan's Produce,duncans produce,farm,unique_source_name_reviewed,LA,Washington,Bogalusa,,,public_business_address_reviewed_for_future_reduced_precision,30.79102,-89.84869,"Produce, eggs, honey",Mixed,(985) 516-1259,,internal_until_public_use_review,,,,,True,False,False,False,False,False,False,1,laobs_fcd0984d4e6d3bb096d4,FarmFinder current canonical baseline — identity anchor only,,E,2026-07-15,FF-0039,canonical_baseline_only,research_or_qa_queue,single grade-E discovery listing needs corroboration; canonical baseline farm not rediscovered in current three-pass sources,Fields selected by evidence grade; every source observation remains separately auditable.
LA-B95E82AB39,Elle’s Mini Mercantile,elles mini mercantile,farm,unique_source_name_reviewed,LA,Washington,Franklinton,,27131 Hwy. 62 (In Pine community),public_business_address_reviewed_for_future_reduced_precision,,,Farm products sold through an LDAF-approved roadside stand,Roadside stand; direct-to-consumer,(985) 750-3636,,internal_until_public_use_review,,,,,True,False,False,False,False,False,False,1,laobs_7401575e3bba678e704c,LDAF 2026 FMNP roadside-stand directory,https://www.ldaf.la.gov/fmnp,B,2026-07-15,,new_state_candidate,promotion_eligible_reviewed,,Fields selected by evidence grade; every source observation remains separately auditable.
LA-CE76AA59F6,Four H Farms,four h farms,farm,merged_exact_name_reviewed,LA,Washington,Franklinton,,"25444 Buford Creel Rd, Franklinton",public_business_address_reviewed_for_future_reduced_precision,30.84731,-90.15527,Vegetables,Produce; Direct-to-consumer farm; historical statewide directory,(504) 610-7963,,internal_until_public_use_review,https://four-h-farms.square.site/,,,,True,True,True,True,False,False,False,2,laobs_90b00897d1937be27eeb | laobs_4e1d695e9ae71f6643bd,FarmFinder current canonical baseline — identity anchor only | LSU AgCenter statewide farm-food directory,https://four-h-farms.square.site/ | https://www.lsuagcenter.com/~/media/system/9/1/9/e/919ed83cfbd8ff0bd98b317a65f0604f/directory%20-%20la%20farm%20food%20during%20covidpdfpdf.pdf,C; E,2026-07-15,FF-0150,rediscovered_current_source,promotion_eligible_reviewed,,Fields selected by evidence grade; every source observation remains separately auditable.
LA-D838A510D3,Harrison's Fresh Produce,harrisons fresh produce,farm,merged_exact_name_reviewed,LA,Washington,Franklinton,,"26212 W Old Columbia Rd, Franklinton",public_business_address_reviewed_for_future_reduced_precision,30.84731,-90.15527,"Vegetables, melons; Vegetables, Fruit (melons)",Produce; Direct-to-consumer farm; historical statewide directory,(985) 335-5827,,internal_until_public_use_review,,,,,True,False,False,False,False,False,False,2,laobs_e8994c8b7471e369bea7 | laobs_6465e172f428cde7826f,FarmFinder current canonical baseline — identity anchor only | LSU AgCenter statewide farm-food directory, | https://www.lsuagcenter.com/~/media/system/9/1/9/e/919ed83cfbd8ff0bd98b317a65f0604f/directory%20-%20la%20farm%20food%20during%20covidpdfpdf.pdf,E,2026-07-15,FF-0151,rediscovered_current_source,research_or_qa_queue,single grade-E discovery listing needs corroboration,Fields selected by evidence grade; every source observation remains separately auditable.
LA-DE621668DC,L & E Blueberries,l and e blueberries,farm,merged_exact_name_reviewed,LA,Washington,Franklinton,,"27159 James Creel Rd, Franklinton",public_business_address_reviewed_for_future_reduced_precision,30.84731,-90.15527,Blueberries U-pick; Fruit (blueberries),Produce; Direct-to-consumer farm; historical statewide directory,(504) 858-3086,,internal_until_public_use_review,,,,,True,False,False,False,True,False,False,2,laobs_323a297a3a0101ed49cd | laobs_080ca8a254ffbc2c4a8b,FarmFinder current canonical baseline — identity anchor only | LSU AgCenter statewide farm-food directory, | https://www.lsuagcenter.com/~/media/system/9/1/9/e/919ed83cfbd8ff0bd98b317a65f0604f/directory%20-%20la%20farm%20food%20during%20covidpdfpdf.pdf,E,2026-07-15,FF-0152,rediscovered_current_source,research_or_qa_queue,single grade-E discovery listing needs corroboration,Fields selected by evidence grade; every source observation remains separately auditable.
LA-03BD85F9D1,Local Cooling Farms,local cooling farms,farm,unique_source_name_reviewed,LA,Washington,Bogalusa,,,public_business_address_reviewed_for_future_reduced_precision,30.79102,-89.84869,"Pork, beef, eggs, goat meat",Mixed,(504) 234-3564,,internal_until_public_use_review,https://laughingbuddhanursery.com,,,,True,True,True,True,False,False,False,1,laobs_8bea7337bf40691729af,FarmFinder current canonical baseline — identity anchor only,https://laughingbuddhanursery.com,C,2026-07-15,FF-0001,canonical_baseline_only,research_or_qa_queue,canonical baseline farm not rediscovered in current three-pass sources,Fields selected by evidence grade; every source observation remains separately auditable.
LA-7B93CF09D2,"Lutz Cattle Co., LLC",lutz cattle,farm,merged_exact_name_reviewed,LA,Washington,Franklinton,,"18458 Hwy 450, Franklinton",public_business_address_reviewed_for_future_reduced_precision,30.84731,-90.15527,Beef; Fruit (watermelon),Meat; Direct-to-consumer farm; historical statewide directory,(985) 590-7068,,internal_until_public_use_review,,,,,False,False,False,False,False,False,False,2,laobs_7378929fad7e500e9934 | laobs_d45080c70ae478ed13f6,FarmFinder current canonical baseline — identity anchor only | LSU AgCenter statewide farm-food directory, | https://www.lsuagcenter.com/~/media/system/9/1/9/e/919ed83cfbd8ff0bd98b317a65f0604f/directory%20-%20la%20farm%20food%20during%20covidpdfpdf.pdf,E,2026-07-15,FF-0153,rediscovered_current_source,research_or_qa_queue,single grade-E discovery listing needs corroboration,Fields selected by evidence grade; every source observation remains separately auditable.
LA-25762512E4,Olive Shoot Acres,olive shoot acres,farm,unique_source_name_reviewed,LA,Washington,Franklinton,70438,40094 Archie Wallace Rd,public_business_address_reviewed_for_future_reduced_precision,,,chicken; lamb; honey; wool; eggs; American Bronze Turkey; Gulf Coast Sheep; St. Croix Sheep; Wyandotte Chicken,LocalHarvest Family Farm,(985) 590-8016,,internal_until_public_use_review,,https://www.facebook.com/share/1ANjEN194V/?mibextid=wwXIfr,,,True,False,False,False,False,False,False,1,laobs_948e694c79ccdf80ba2f,LocalHarvest — Louisiana county-seat gap search,https://www.localharvest.org/olive-shoot-acres-M86337,D,2026-07-15,,new_state_candidate,promotion_eligible_reviewed,,Fields selected by evidence grade; every source observation remains separately auditable.
LA-5D464EA0C0,PTF Enterprises,ptf enterprises,farm,unique_source_name_reviewed,LA,Washington,Bogalusa,,,public_business_address_reviewed_for_future_reduced_precision,30.79102,-89.84869,Watermelon,Produce,(985) 732-3797,,internal_until_public_use_review,,,,,True,False,False,True,False,False,False,1,laobs_5c92d2838718ff43d683,FarmFinder current canonical baseline — identity anchor only,,E,2026-07-15,FF-0154,canonical_baseline_only,research_or_qa_queue,single grade-E discovery listing needs corroboration; canonical baseline farm not rediscovered in current three-pass sources,Fields selected by evidence grade; every source observation remains separately auditable.
LA-5EF2F9FA1C,Stoney Point Farm,stoney point farm,farm,unique_source_name_reviewed,LA,Washington,Franklinton,,,public_business_address_reviewed_for_future_reduced_precision,30.84731,-90.15527,"Honey, eggs, produce, berries",Mixed,(504) 330-3549,,internal_until_public_use_review,,,,,True,False,False,False,False,False,False,1,laobs_95b0e1fb6704f068da13,FarmFinder current canonical baseline — identity anchor only,,E,2026-07-15,FF-0041,canonical_baseline_only,research_or_qa_queue,single grade-E discovery listing needs corroboration; canonical baseline farm not rediscovered in current three-pass sources,Fields selected by evidence grade; every source observation remains separately auditable.
LA-ECCA62A8C4,Willis Farm,willis farm,farm,unique_source_name_reviewed,LA,Webster,Doyline,71023,P.O. Box 719,public_business_address_reviewed_for_future_reduced_precision,,,Agritourism and farm activities; see LDAF certified operation description,Certified agritourism,318-745-3048,willisfarmnursery@gmail.com,internal_until_public_use_review,http://www.willisfarm.net,,,,False,False,False,False,False,False,False,1,laobs_7ad0f7d0d2d5a3f929cb,LDAF certified agritourism operations,https://assets.ctfassets.net/pc5e1rlgfrov/7B8yMZqsUPa8lLZSUToUtw/19d3206a6070dea80e63683408b1552e/agritourism-directory-2023.pdf,B,2026-07-15,,new_state_candidate,promotion_eligible_reviewed,,Fields selected by evidence grade; every source observation remains separately auditable.
LA-66AF9C72F2,Cajun Country Corn Maze,cajun country corn maze,farm,unique_source_name_reviewed,LA,West Baton Rouge,Port Allen,70767,P.O. Box 1198,public_business_address_reviewed_for_future_reduced_precision,,,Agritourism and farm activities; see LDAF certified operation description,Certified agritourism,1-877-843-9421,louisianamaze@hotmail.com,internal_until_public_use_review,https://www.cajuncountrycorn.com,,,,False,False,False,False,False,False,False,1,laobs_01cd0e754e465f2771fd,LDAF certified agritourism operations,https://assets.ctfassets.net/pc5e1rlgfrov/7B8yMZqsUPa8lLZSUToUtw/19d3206a6070dea80e63683408b1552e/agritourism-directory-2023.pdf,B,2026-07-15,,new_state_candidate,promotion_eligible_reviewed,,Fields selected by evidence grade; every source observation remains separately auditable.
LA-380D80F4E8,Howell's Family Farm,howell family farms,farm,merged_exact_name_reviewed,LA,West Carroll,Pioneer,71266,2844 Hwy 585,public_business_address_reviewed_for_future_reduced_precision,32.73806,-91.43806,Vegetables; beets; broccoli; cabbage; carrots; cauliflower; chinese greens; collards; cucumber; daikon; eggplant; kale; kohlrabi; mustard greens; onions; peas; radishes; rutabagas; sweet peppers; swiss chard; tomatoes; turnips; green onions; hot peppers; lettuce; okra; summer squash; zucchini; parsnips; Cherokee Purple Tomato; Radiator Charlie's Mortgage Lifter Tomato,Produce; Direct-to-consumer farm; historical statewide directory; LocalHarvest Family Farm,(318) 926-0839,,internal_until_public_use_review,,http://www.facebook.com/howellfamilyfarmsinc,,,True,False,False,False,False,False,False,3,laobs_b758253f584582dcbbee | laobs_53fd0aa0d4bc9f9e9b53 | laobs_aef788e3a609840ee751,FarmFinder current canonical baseline — identity anchor only | LSU AgCenter statewide farm-food directory | LocalHarvest — Louisiana county-seat gap search, | https://www.lsuagcenter.com/~/media/system/9/1/9/e/919ed83cfbd8ff0bd98b317a65f0604f/directory%20-%20la%20farm%20food%20during%20covidpdfpdf.pdf | https://www.localharvest.org/howells-family-farm-M7717,D; E,2026-07-15,FF-0220,rediscovered_current_source,promotion_eligible_reviewed,,Fields selected by evidence grade; every source observation remains separately auditable.
LA-D6F12CCEEC,Kovac Cattle Inc,kovac cattle,farm,merged_exact_name_reviewed,LA,West Carroll,Oak Grove,,"1696 Bar K Rd, Oak Grove",public_business_address_reviewed_for_future_reduced_precision,32.86096,-91.38845,Beef; Meat (beef),Meat; Direct-to-consumer farm; historical statewide directory,(318) 282-0908,,internal_until_public_use_review,,,,,False,False,False,False,False,False,False,2,laobs_eb194f2006339dcd421d | laobs_7e01a033437912f65cbd,FarmFinder current canonical baseline — identity anchor only | LSU AgCenter statewide farm-food directory, | https://www.lsuagcenter.com/~/media/system/9/1/9/e/919ed83cfbd8ff0bd98b317a65f0604f/directory%20-%20la%20farm%20food%20during%20covidpdfpdf.pdf,E,2026-07-15,FF-0221,rediscovered_current_source,research_or_qa_queue,single grade-E discovery listing needs corroboration,Fields selected by evidence grade; every source observation remains separately auditable.
LA-C43FA6BF4B,Produce Ridge,produce ridge,farm,merged_exact_name_reviewed,LA,West Carroll,Pioneer,71266,195 Orchard Ln.,public_business_address_reviewed_for_future_reduced_precision,32.73806,-91.43806,"Vegetables, fruit, honey, spreads; Farm products sold through an LDAF-approved roadside stand; Agritourism and farm activities; see LDAF certified operation description; Seafood (No longer serving fresh seafood at this time)",Produce; Roadside stand; direct-to-consumer; Certified agritourism; Direct-to-consumer farm; historical statewide directory,(318) 282-1410,hollecharles@gmail.com,internal_until_public_use_review,,,,,True,True,False,False,False,False,False,4,laobs_f7f5851b474380488ea0 | laobs_739d01d507f3d39739c4 | laobs_52e79f21ae9449ee38f5 | laobs_6ef923e820021de4978c,FarmFinder current canonical baseline — identity anchor only | LDAF 2026 FMNP roadside-stand directory | LDAF certified agritourism operations | LSU AgCenter statewide farm-food directory, | https://www.ldaf.la.gov/fmnp | https://assets.ctfassets.net/pc5e1rlgfrov/7B8yMZqsUPa8lLZSUToUtw/19d3206a6070dea80e63683408b1552e/agritourism-directory-2023.pdf | https://www.lsuagcenter.com/~/media/system/9/1/9/e/919ed83cfbd8ff0bd98b317a65f0604f/directory%20-%20la%20farm%20food%20during%20covidpdfpdf.pdf,B; E,2026-07-15,FF-0222,rediscovered_current_source,promotion_eligible_reviewed,,Fields selected by evidence grade; every source observation remains separately auditable.
LA-602022E0D7,Bayou Sarah Farms,bayou sarah farms,farm,unique_source_name_reviewed,LA,West Feliciana,St. Francisville,,,public_business_address_reviewed_for_future_reduced_precision,30.7799,-91.3765,Produce,Produce,,sarah@bayousarahfarms.org,internal_until_public_use_review,https://www.bayousarahfarms.org/,,,,True,True,False,False,False,False,False,1,laobs_44846f6036eeb459f3ac,FarmFinder current canonical baseline — identity anchor only,https://www.bayousarahfarms.org/,C,2026-07-15,FF-0009,canonical_baseline_only,research_or_qa_queue,canonical baseline farm not rediscovered in current three-pass sources,Fields selected by evidence grade; every source observation remains separately auditable.
LA-6E96906104,Ewing Farms Dairy,ewing farms dairy,farm,merged_exact_name_reviewed,LA,West Feliciana,St. Francisville,,"9775 Hwy 421, St. Francisville",public_business_address_reviewed_for_future_reduced_precision,30.7799,-91.3765,Goat dairy; Dairy (goat),Dairy; Direct-to-consumer farm; historical statewide directory,(225) 931-6386,,internal_until_public_use_review,https://www.ewingfarmsdairy.com/,,,,True,True,False,False,False,False,False,2,laobs_eeee1d84f43098373c0c | laobs_67a8b10732b1f0c32784,FarmFinder current canonical baseline — identity anchor only | LSU AgCenter statewide farm-food directory,https://www.ewingfarmsdairy.com/ | https://www.lsuagcenter.com/~/media/system/9/1/9/e/919ed83cfbd8ff0bd98b317a65f0604f/directory%20-%20la%20farm%20food%20during%20covidpdfpdf.pdf,C; E,2026-07-15,FF-0155,rediscovered_current_source,promotion_eligible_reviewed,,Fields selected by evidence grade; every source observation remains separately auditable.
LA-BE154BD037,Hashagen Farms,hashagen farms,farm,merged_exact_name_reviewed,LA,West Feliciana,St. Francisville,,"11674 Hwy 61, St. Francisville",public_business_address_reviewed_for_future_reduced_precision,30.7799,-91.3765,"Vegetables, processed products; Vegetables, Processed farm food products",Produce; Direct-to-consumer farm; historical statewide directory,(225) 635-0265,,internal_until_public_use_review,,,,,False,True,False,False,False,False,False,2,laobs_adc8545a2a9b2d03964f | laobs_920a373ca5187978d847,FarmFinder current canonical baseline — identity anchor only | LSU AgCenter statewide farm-food directory, | https://www.lsuagcenter.com/~/media/system/9/1/9/e/919ed83cfbd8ff0bd98b317a65f0604f/directory%20-%20la%20farm%20food%20during%20covidpdfpdf.pdf,E,2026-07-15,FF-0156,rediscovered_current_source,research_or_qa_queue,single grade-E discovery listing needs corroboration,Fields selected by evidence grade; every source observation remains separately auditable.
LA-74BB238593,Mushroom Maggie's Farm,mushroom maggies farm,farm,merged_exact_name_reviewed,LA,West Feliciana,St. Francisville,12299,"12299 LA Highway 965, St. Francisville",public_business_address_reviewed_for_future_reduced_precision,30.7799,-91.3765,Mushrooms,Produce; Direct-to-consumer farm; historical statewide directory,(225) 281-2309,,internal_until_public_use_review,,,,,False,True,False,True,False,False,False,2,laobs_0a70c4b80f26cd680b95 | laobs_b11893c2b4e03653e929,FarmFinder current canonical baseline — identity anchor only | LSU AgCenter statewide farm-food directory, | https://www.lsuagcenter.com/~/media/system/9/1/9/e/919ed83cfbd8ff0bd98b317a65f0604f/directory%20-%20la%20farm%20food%20during%20covidpdfpdf.pdf,E,2026-07-15,FF-0157,rediscovered_current_source,research_or_qa_queue,single grade-E discovery listing needs corroboration,Fields selected by evidence grade; every source observation remains separately auditable.
LA-41A6441C0C,Ritchie Farms,ritchie farms,farm,unique_source_name_reviewed,LA,West Feliciana,St. Francisville,,8691 Tunica Trace (3 miles down Hwy. 66),public_business_address_reviewed_for_future_reduced_precision,,,Farm products sold through an LDAF-approved roadside stand,Roadside stand; direct-to-consumer,(225) 245-1752,,internal_until_public_use_review,,,,,True,False,False,False,False,False,False,1,laobs_789539d2a13a9a8bcbb0,LDAF 2026 FMNP roadside-stand directory,https://www.ldaf.la.gov/fmnp,B,2026-07-15,,new_state_candidate,promotion_eligible_reviewed,,Fields selected by evidence grade; every source observation remains separately auditable.
LA-2010C2FC40,Three Twelve Beef,three twelve beef,farm,merged_exact_name_reviewed,LA,West Feliciana,St. Francisville,,"7569 Hwy 421, St. Francisville",public_business_address_reviewed_for_future_reduced_precision,30.7799,-91.3765,"Grass-fed beef, eggs, milk, cheese; Meat (grass-fed, pasture raised beef), Eggs, Milk, Cheese",Mixed; Direct-to-consumer farm; historical statewide directory,(225) 721-1313,,internal_until_public_use_review,https://threetwelvebeef.square.site/,,,,False,True,True,True,False,False,False,2,laobs_6c764f473a27312c3b4d | laobs_1db026f8271b0467b424,FarmFinder current canonical baseline — identity anchor only | LSU AgCenter statewide farm-food directory,https://threetwelvebeef.square.site/ | https://www.lsuagcenter.com/~/media/system/9/1/9/e/919ed83cfbd8ff0bd98b317a65f0604f/directory%20-%20la%20farm%20food%20during%20covidpdfpdf.pdf,C; E,2026-07-15,FF-0158,rediscovered_current_source,promotion_eligible_reviewed,,Fields selected by evidence grade; every source observation remains separately auditable.
LA-A372DB58D5,Westdome Nursery,westdome nursery,farm,merged_exact_name_reviewed,LA,West Feliciana,St. Francisville,,"10818 Wakefield Dr South, St. Francisville",public_business_address_reviewed_for_future_reduced_precision,30.7799,-91.3765,"Vegetables, eggs, milk, cheese, mushrooms; Vegetables",Mixed; Direct-to-consumer farm; historical statewide directory,(225) 245-0259,,internal_until_public_use_review,https://westdomenursery.com/,,,,True,False,False,True,False,False,False,2,laobs_fd77684f945bda1c1ff7 | laobs_17cdc9607b4c901c9cb7,FarmFinder current canonical baseline — identity anchor only | LSU AgCenter statewide farm-food directory,https://westdomenursery.com/ | https://www.lsuagcenter.com/~/media/system/9/1/9/e/919ed83cfbd8ff0bd98b317a65f0604f/directory%20-%20la%20farm%20food%20during%20covidpdfpdf.pdf,C; E,2026-07-15,FF-0159,rediscovered_current_source,promotion_eligible_reviewed,,Fields selected by evidence grade; every source observation remains separately auditable.
