entity_id,farm_name,normalized_name,entity_type,identity_decision,state,county_equivalent,city,postal_code,address_internal,public_location_classification,latitude,longitude,products,business_types,phone_internal,email_internal,contact_visibility,website_url,facebook_url,instagram_url,tiktok_url,on_farm_sales,farmers_market_sales,online_sales,local_delivery,u_pick,wholesale,farm_to_school,source_observation_count,source_observation_ids,source_names,source_urls,evidence_grades,last_retrieved,promotion_status,promotion_blockers,notes
TX-77C8F678C2,4K River Ranch,4k river ranch,farm,unique_source_name_reviewed,TX,Palo Pinto,Mineral Wells,76068,825 Benavides Lane,public_business_address_reviewed_for_future_reduced_precision,,,"Beekeeper and grower. We sell honey, chemical-free hay and veggies in season. We don't use any chemicals on our land at all. None, nada, never. Want to support the bees and a family farm, give us a call, come visit, or drop us a note. We have rain capture system, solar power, permaculture orchard, and hoop house.",LocalHarvest Family Farm,(817) 597-0582,,internal_until_public_use_review,,http://www.facebook.com/kentolson,,,True,False,False,False,False,False,False,1,txobs_781994de0293ebbc5ff0,LocalHarvest — Texas county-seat gap search,https://www.localharvest.org/4k-river-ranch-M70620,D,2026-07-16,promotion_eligible_reviewed,,County assigned from the published Mineral Wells location in Palo Pinto County.
TX-5D4C7A0D27,Acadian Family Farm LLC,acadian family farm,farm,unique_source_name_reviewed,TX,,,,,public_business_address_reviewed_for_future_reduced_precision,,,sweet potatoes; green onions; potatoes; spinach; cantaloupes; watermelons,LocalHarvest Family Farm,(405) 562-5248,,internal_until_public_use_review,https://www.acadianfamilyfarm.com,http://www.facebook.com/@acadianfamilyfarm,https://instagram.com/acadianfamilyfarm,,True,False,False,False,False,False,False,1,txobs_90bcbb5b9eddd2729d06,LocalHarvest — Texas county-seat gap search,https://www.localharvest.org/acadian-family-farm-llc-M45871,D,2026-07-15,research_or_qa_queue,county missing; city or safe public service area missing,Fields selected by evidence grade; all underlying observations remain separately auditable.
TX-8EE6C3B736,Alaiyo Farm,alaiyo farm,farm,unique_source_name_reviewed,TX,Fort Bend,Katy,,,public_business_address_reviewed_for_future_reduced_precision,,,artichokes; beets; broccoli; carrots; cauliflower; collards; cucumber; eggplant; green beans; kale; kohlrabi; leeks; lettuce; radishes; spinach; swiss chard; turnips; zucchini; fresh flowers; cabbage; okra; onions; summer squash; tomatillos; tomatoes; cantaloupes,LocalHarvest Family Farm,(281) 356-0561,,internal_until_public_use_review,https://www.alaiyofarm.com,http://www.facebook.com/AlaiyoFarm,,,True,False,False,False,False,False,False,1,txobs_ae945a453b9ac7cda314,LocalHarvest — Texas county-seat gap search,https://www.localharvest.org/alaiyo-farm-M67917,D,2026-07-16,promotion_eligible_reviewed,,County assigned from the published Katy location in Fort Bend County.
TX-0B592915A7,Augustus Ranch,augustus ranch,farm,merged_exact_name_reviewed,TX,,Yoakum,77995,"500 Airport Rd., Yoakum, TX",public_business_address_reviewed_for_future_reduced_precision,,,beef; pork; Meat,LocalHarvest Family Farm; Farm-to-school vendor candidate,+1 (361) 293-2777,,internal_until_public_use_review,https://www.augustusranch.com/,http://www.facebook.com/AugustusRanch,,,True,False,False,False,False,True,True,2,txobs_8961c25eac1b25c2eebb | txobs_f67129cf73af02f82da7,LocalHarvest — Texas county-seat gap search | Texas Department of Agriculture — Farm to School vendor resource list,https://www.localharvest.org/augustus-ranch-M71061 | https://www.squaremeals.org/Portals/8/files/NSLP/LFS/LFS%20Vendor%20Resource%20List%20Updated%20Nov%202024.pdf?ver=I7PGgvoElV78S-FFin0OiQ%3D%3D,D,2026-07-15,research_or_qa_queue,county missing,Fields selected by evidence grade; all underlying observations remain separately auditable.
TX-CF0842905A,Bee Space Apiaries,bee space apiaries,farm,unique_source_name_reviewed,TX,,Wylie,75098,McMillen Rd,public_business_address_reviewed_for_future_reduced_precision,,,eggs; bee pollen; honey,LocalHarvest Family Farm,(469) 772-0890,,internal_until_public_use_review,,http://www.facebook.com/groups/362867034156585/,,,True,False,False,False,False,False,False,1,txobs_a30b86e418fb59ce9d02,LocalHarvest — Texas county-seat gap search,https://www.localharvest.org/bee-space-apiaries-M84147,D,2026-07-15,research_or_qa_queue,county missing,Fields selected by evidence grade; all underlying observations remain separately auditable.
TX-E3CF4DB14B,Big Oaks Ranch,big oaks ranch,farm,unique_source_name_reviewed,TX,,Kilgore ,75662,,public_business_address_reviewed_for_future_reduced_precision,,,Pastured livestock and/or farm products; see source profile,Pastured-product farm; direct sales,(903) 643-7436,info@bigoaksranch.net,internal_until_public_use_review,,,,,True,False,False,False,False,False,False,1,txobs_4ca435bd651f385b3b44,EatWild Texas directory,https://www.eatwild.com/products/texas.html,D,2026-07-15,research_or_qa_queue,county missing,Fields selected by evidence grade; all underlying observations remain separately auditable.
TX-A06A5B17AC,Bluebonnet Meat Company,bluebonnet meat company,producer_requires_type_review,unique_source_name_reviewed,TX,,Trenton & Granbury,76049,"Granbury, TX 76049",public_business_address_reviewed_for_future_reduced_precision,,,Meat,Farm-to-school vendor candidate,903.989.2293/ 817-910-8000,,internal_until_public_use_review,https://bluebonnetmeatcompany.com/,,,,False,False,False,False,False,True,True,1,txobs_f52c1a0dc14041dbd9c3,Texas Department of Agriculture — Farm to School vendor resource list,https://www.squaremeals.org/Portals/8/files/NSLP/LFS/LFS%20Vendor%20Resource%20List%20Updated%20Nov%202024.pdf?ver=I7PGgvoElV78S-FFin0OiQ%3D%3D,E,2026-07-15,research_or_qa_queue,county missing; single grade-E discovery listing needs corroboration; member/vendor directory candidate needs independent farm-operation evidence,Fields selected by evidence grade; all underlying observations remain separately auditable.
TX-EE56DC285D,Bob's Garden,bobs garden,farm,unique_source_name_reviewed,TX,,,,,public_business_address_reviewed_for_future_reduced_precision,,,onions; radishes; salad mix; sweet peppers; beets; summer squash; tomatoes; zucchini; spinach,LocalHarvest Family Farm,(575) 491-4782,,internal_until_public_use_review,,,,,True,False,False,False,False,False,False,1,txobs_eea7319f2d30d7b6f9f0,LocalHarvest — Texas county-seat gap search,https://www.localharvest.org/bobs-garden-M64164,D,2026-07-15,research_or_qa_queue,county missing; city or safe public service area missing,Fields selected by evidence grade; all underlying observations remain separately auditable.
TX-14E44A6B99,Briarhill Farms,briarhill farms,farm,unique_source_name_reviewed,TX,,,,,public_business_address_reviewed_for_future_reduced_precision,,,eggs; goat yogurt; raw milk; baked goods; soap; cucumber; radishes; sweet corn; okra; summer squash; sweet peppers; tomatoes; zucchini; medicinal herbs; celery; sweet potatoes; winter-squash,LocalHarvest Family Farm,(318) 957-2224,,internal_until_public_use_review,,http://www.facebook.com/share/1DcXXN3hoF/,https://instagram.com/briarhill_farms?igsh=MTA4ajdscWNqYTAyNQ==,,True,False,False,False,False,False,False,1,txobs_9426ccfbb3710575394f,LocalHarvest — Texas county-seat gap search,https://www.localharvest.org/briarhill-farms-M14827,D,2026-07-15,research_or_qa_queue,county missing; city or safe public service area missing,Fields selected by evidence grade; all underlying observations remain separately auditable.
TX-AD9EC71E06,Broken B Ranch,broken b ranch,farm,unique_source_name_reviewed,TX,Bexar,San Antonio,,,public_business_address_reviewed_for_future_reduced_precision,,,eggs; chicken; raw milk; honey; pecans,LocalHarvest Family Farm,,,internal_until_public_use_review,https://www.brokenb.com,,,,True,False,False,False,False,False,False,1,txobs_2ae7c605cbdd0b23ef88,LocalHarvest — Texas county-seat gap search,https://www.localharvest.org/broken-b-ranch-M3846,D,2026-07-16,promotion_eligible_reviewed,,County assigned from the published San Antonio location in Bexar County.
TX-7A2F11E103,Brookshire Farm,brookshire farm,farm,unique_source_name_reviewed,TX,,,,,public_business_address_reviewed_for_future_reduced_precision,,,beef; chicken; pork,LocalHarvest Family Farm,(337) 654-2574,,internal_until_public_use_review,https://brookshirefarm.com,http://www.facebook.com/BrookshireFarm,https://instagram.com/brookshirefarm,,True,False,False,False,False,False,False,1,txobs_229c997e49e9ceda4ffa,LocalHarvest — Texas county-seat gap search,https://www.localharvest.org/brookshire-farm-M14128,D,2026-07-15,research_or_qa_queue,county missing; city or safe public service area missing,Fields selected by evidence grade; all underlying observations remain separately auditable.
TX-F83A077C44,Buena Tierra,buena tierra,producer_requires_type_review,unique_source_name_reviewed,TX,,Fredonia,76842,"399 Cr 383, Fredonia, 76842",public_business_address_reviewed_for_future_reduced_precision,,,"Fruits, Vegetables",Farm-to-school vendor candidate,(325) 429-6301,buenatierrafredonia@gmail.com,internal_until_public_use_review,,,,,False,False,False,False,False,True,True,1,txobs_6d728e3d56caeb69cbe2,Texas Department of Agriculture — Farm to School vendor resource list,https://www.squaremeals.org/Portals/8/files/NSLP/LFS/LFS%20Vendor%20Resource%20List%20Updated%20Nov%202024.pdf?ver=I7PGgvoElV78S-FFin0OiQ%3D%3D,E,2026-07-15,research_or_qa_queue,county missing; single grade-E discovery listing needs corroboration; member/vendor directory candidate needs independent farm-operation evidence,Fields selected by evidence grade; all underlying observations remain separately auditable.
TX-15B082CC5C,Buffalo Dream Ranch & Services,buffalo dream ranch and services,farm,unique_source_name_reviewed,TX,,,,,public_business_address_reviewed_for_future_reduced_precision,,,beef,LocalHarvest Family Farm,(580) 919-3271,,internal_until_public_use_review,https://www.buffalodream.com,http://www.facebook.com/mobile.Buffalo-Dream-Ranch-Services-644943928879972/,,,True,False,False,False,False,False,False,1,txobs_9ef7ca2e37043bd94099,LocalHarvest — Texas county-seat gap search,https://www.localharvest.org/buffalo-dream-ranch-services-M74962,D,2026-07-15,research_or_qa_queue,county missing; city or safe public service area missing,Fields selected by evidence grade; all underlying observations remain separately auditable.
TX-88F96C8E57,Caprock Farms,caprock farms,farm,unique_source_name_reviewed,TX,,,,,public_business_address_reviewed_for_future_reduced_precision,,,chicken; duck; goat; pork; eggs; goat yogurt; milk; baked goods; bread; preserves; soap; Wyandotte Chicken; Fish Pepper; New Mexican Native Chile Pepper,LocalHarvest Family Farm,(575) 650-1143,,internal_until_public_use_review,https://caprockfarms.com,,,,True,False,False,False,False,False,False,1,txobs_d55463c6aee17092328a,LocalHarvest — Texas county-seat gap search,https://www.localharvest.org/caprock-farms-M13137,D,2026-07-15,research_or_qa_queue,county missing; city or safe public service area missing,Fields selected by evidence grade; all underlying observations remain separately auditable.
TX-738BEA1DB4,Cimarron Organics,cimarron organics,farm,unique_source_name_reviewed,TX,,Amarillo,,,public_business_address_reviewed_for_future_reduced_precision,,,beets; carrots; cucumber; green beans; green onions; hot peppers; lettuce; okra; onions; peas; potatoes; spinach; summer squash; sweet peppers; sweet potatoes; tomatoes; turnips; zucchini; cantaloupes; watermelons,LocalHarvest Family Farm,,,internal_until_public_use_review,,,,,True,False,False,False,False,False,False,1,txobs_8356322c11b191e20a43,LocalHarvest — Texas county-seat gap search,https://www.localharvest.org/cimarron-organics-M12919,D,2026-07-15,research_or_qa_queue,county missing,Fields selected by evidence grade; all underlying observations remain separately auditable.
TX-A01CC4281D,Come April Farm,come april farm,farm,unique_source_name_reviewed,TX,,,,,public_business_address_reviewed_for_future_reduced_precision,,,goat yogurt; raw milk,LocalHarvest Family Farm,(575) 746-6490,,internal_until_public_use_review,,http://www.facebook.com/comeaprilnubians,,,True,False,False,False,False,False,False,1,txobs_ee94d3231f0e28606788,LocalHarvest — Texas county-seat gap search,https://www.localharvest.org/come-april-farm-M85204,D,2026-07-15,research_or_qa_queue,county missing; city or safe public service area missing,Fields selected by evidence grade; all underlying observations remain separately auditable.
TX-C6CD7E3DC7,Cottonwood Springs Ranch,cottonwood springs ranch,farm,unique_source_name_reviewed,TX,,,,,public_business_address_reviewed_for_future_reduced_precision,,,pork,LocalHarvest Family Farm,,,internal_until_public_use_review,https://app.barn2door.com/e/QZm0b/all,http://www.facebook.com/cwsranch/,,,True,False,False,False,False,False,False,1,txobs_5fdfbbc61a2b110b185b,LocalHarvest — Texas county-seat gap search,https://www.localharvest.org/cottonwood-springs-ranch-M81678,D,2026-07-15,research_or_qa_queue,county missing; city or safe public service area missing,Fields selected by evidence grade; all underlying observations remain separately auditable.
TX-3D7989349E,Crispin Grass-Fed Beef,crispin grass fed beef,farm,unique_source_name_reviewed,TX,,,,,public_business_address_reviewed_for_future_reduced_precision,,,beef,LocalHarvest Family Farm,,,internal_until_public_use_review,https://crispin-grassfedbeef.com,http://www.facebook.com/CrispinGrassFedBeef,,,True,False,False,False,False,False,False,1,txobs_7f656cd822e3edac61b0,LocalHarvest — Texas county-seat gap search,https://www.localharvest.org/crispin-grass-fed-beef-M62522,D,2026-07-15,research_or_qa_queue,county missing; city or safe public service area missing,Fields selected by evidence grade; all underlying observations remain separately auditable.
TX-9CB49F9047,Dale Family Farms,dale family farms,farm,unique_source_name_reviewed,TX,,,,,public_business_address_reviewed_for_future_reduced_precision,,,beef; chicken; goat; jerky; pork; rabbit; turkey; eggs; cucumber; green beans; hot peppers; okra; salad mix; sweet peppers; zucchini; pumpkins; Red Wattle Hog,LocalHarvest Family Farm,(620) 622-4473,,internal_until_public_use_review,https://www.DaleFamilyFarms.com,http://www.facebook.com/pages/Dale-Family-Farms/295881491632,,,True,False,False,False,False,False,False,1,txobs_d86e6ba2c538ffc7b65e,LocalHarvest — Texas county-seat gap search,https://www.localharvest.org/dale-family-farms-M28903,D,2026-07-15,research_or_qa_queue,county missing; city or safe public service area missing,Fields selected by evidence grade; all underlying observations remain separately auditable.
TX-BAA2198F11,Daniel's Farm/Ranch,daniels farm ranch,farm,unique_source_name_reviewed,TX,Fort Bend,Katy,,,public_business_address_reviewed_for_future_reduced_precision,,,chicken; duck; emu; gamebird; geese; turkey; eggs,LocalHarvest Family Farm,,,internal_until_public_use_review,,,,,True,False,False,False,False,False,False,1,txobs_80f956142a1d30ecf206,LocalHarvest — Texas county-seat gap search,https://www.localharvest.org/daniels-farm-ranch-M84021,D,2026-07-16,promotion_eligible_reviewed,,County assigned from the published Katy location in Fort Bend County.
TX-C397B4CB81,Dark Water Ranch,dark water ranch,farm,unique_source_name_reviewed,TX,,,,,public_business_address_reviewed_for_future_reduced_precision,,,cabbage; carrots; cucumber; eggplant; lettuce; spinach; sweet peppers; tomatoes; eggs; pecans; soap; peas; radishes; salad greens; strawberries; green beans; okra; onions; potatoes; summer squash; winter-squash; zucchini; blackberries; cantaloupes; raspberries; beef; chicken; pumpkins; tomatillos; lamb,LocalHarvest Family Farm,(405) 779-5388,,internal_until_public_use_review,https://darkwaterranch.com,http://www.facebook.com/pages/Dark-Water-Ranch/164755870240299,,,True,False,False,False,False,False,False,1,txobs_c1b0a769f2acf3f72a1a,LocalHarvest — Texas county-seat gap search,https://www.localharvest.org/dark-water-ranch-M19441,D,2026-07-15,research_or_qa_queue,county missing; city or safe public service area missing,Fields selected by evidence grade; all underlying observations remain separately auditable.
TX-F86DC2D2F3,Dautobi Acres,dautobi acres,farm,unique_source_name_reviewed,TX,Hopkins,Brashear,75420,,public_business_address_reviewed_for_future_reduced_precision,,,Pastured livestock and/or farm products; see source profile,Pastured-product farm; direct sales,(903) 453-5343,dautobiacres@yahoo.com,internal_until_public_use_review,,,,,True,False,False,False,False,False,False,1,txobs_396ec40e9fd4a18591f8,EatWild Texas directory,https://www.eatwild.com/products/texas.html,D,2026-07-16,promotion_eligible_reviewed,,County assigned from the published Brashear location in Hopkins County.
TX-F4681CA01D,Desert Micro,desert micro,farm,unique_source_name_reviewed,TX,,,,,public_business_address_reviewed_for_future_reduced_precision,,,arugula; beets; lettuce; mustard greens; salad greens; salad mix; spinach; sprouts; wheat grass,LocalHarvest Family Farm,(415) 532-7385,,internal_until_public_use_review,https://www.desertmicro.life,,https://instagram.com/desert_micro,,True,False,False,False,False,False,False,1,txobs_7f0a9e6945a3d62af4c9,LocalHarvest — Texas county-seat gap search,https://www.localharvest.org/desert-micro-M78988,D,2026-07-15,research_or_qa_queue,county missing; city or safe public service area missing,Fields selected by evidence grade; all underlying observations remain separately auditable.
TX-D420DE29B5,Desert Micro - Organic Microgreens,desert micro organic microgreens,farm,unique_source_name_reviewed,TX,,,,,public_business_address_reviewed_for_future_reduced_precision,,,wheat grass,LocalHarvest Family Farm,(415) 532-7385,,internal_until_public_use_review,https://www.desertmicro.life,http://www.facebook.com/desertmicro,https://instagram.com/desert_micro,,True,False,False,False,False,False,False,1,txobs_61ad6c2c5a408d9d70d1,LocalHarvest — Texas county-seat gap search,https://www.localharvest.org/desert-micro-organic-microgreens-M82201,D,2026-07-15,research_or_qa_queue,county missing; city or safe public service area missing,Fields selected by evidence grade; all underlying observations remain separately auditable.
TX-2A6F186A7A,Direct Source Meats,direct source meats,producer_requires_type_review,unique_source_name_reviewed,TX,,San Antonio,,"4424 Dividend Rd,",public_business_address_reviewed_for_future_reduced_precision,,,Meat,Farm-to-school vendor candidate,(210) 304-3456,dsmsales@labattfood.com,internal_until_public_use_review,,,,,False,False,False,False,False,True,True,1,txobs_e6d141eb5dbcd29543cd,Texas Department of Agriculture — Farm to School vendor resource list,https://www.squaremeals.org/Portals/8/files/NSLP/LFS/LFS%20Vendor%20Resource%20List%20Updated%20Nov%202024.pdf?ver=I7PGgvoElV78S-FFin0OiQ%3D%3D,E,2026-07-15,research_or_qa_queue,county missing; single grade-E discovery listing needs corroboration; member/vendor directory candidate needs independent farm-operation evidence,Fields selected by evidence grade; all underlying observations remain separately auditable.
TX-73169E4F45,Dixie Chickens,dixie chickens,farm,unique_source_name_reviewed,TX,,,,,public_business_address_reviewed_for_future_reduced_precision,,,chicken,LocalHarvest Family Farm,,,internal_until_public_use_review,,http://www.facebook.com/pages/Dixie-Chickens/144154932276626,,,True,False,False,False,False,False,False,1,txobs_33062b4ba322ff2a3c55,LocalHarvest — Texas county-seat gap search,https://www.localharvest.org/dixie-chickens-M36537,D,2026-07-15,research_or_qa_queue,county missing; city or safe public service area missing,Fields selected by evidence grade; all underlying observations remain separately auditable.
TX-52A04CB04F,Dusty Road Farm,dusty road farm,farm,unique_source_name_reviewed,TX,,Normangee,77871,FM 3,public_business_address_reviewed_for_future_reduced_precision,,,"Goat Milk Bath & Body Care, Home Fragrances and Leather & Cowhide Designs, GOTEXAN MEMBERS, Veteran Owned and Operated",Shop Texas Farms member,,,internal_until_public_use_review,,,,,True,False,False,False,False,False,False,1,txobs_fc5eeef0789e120bd65f,Shop Texas Farms — member business directory,https://shoptexasfarms.com/business-directory/entry/6rocd/,D,2026-07-15,research_or_qa_queue,county missing,Fields selected by evidence grade; all underlying observations remain separately auditable.
TX-E00EB96BB4,Elisabeth Murphy,elisabeth murphy,farm,unique_source_name_reviewed,TX,,,,,public_business_address_reviewed_for_future_reduced_precision,,,beets; broccoli; carrots; kale; lettuce; salad greens; spinach; winter-squash; cabbage; celery; collards; cucumber; eggplant; garlic; green beans; green onions; mustard greens; onions; potatoes; radishes; sweet peppers; swiss chard; turnips; zucchini; blueberries; cantaloupes; watermelons; tomatoes; apricots; peaches; plums; raspberries; pumpkins; sweet potatoes; apples; strawberries,LocalHarvest Family Farm,(580) 875-6084,,internal_until_public_use_review,https://www.murphyfarmsorchard.com,http://www.facebook.com/MurphyFarms,,,True,False,False,False,False,False,False,1,txobs_d1c6344fd8d31f528cc6,LocalHarvest — Texas county-seat gap search,https://www.localharvest.org/elisabeth-murphy-M65019,D,2026-07-15,research_or_qa_queue,county missing; city or safe public service area missing,Fields selected by evidence grade; all underlying observations remain separately auditable.
TX-F9876D5843,Ficarro Farms,ficarro farms,farm,unique_source_name_reviewed,TX,Nueces,Corpus Christi,,,public_business_address_reviewed_for_future_reduced_precision,,,onions; sunflower seeds; pet food; medicinal herbs; fresh flowers; sprouts; seeds,LocalHarvest Family Farm,(361) 799-2325,,internal_until_public_use_review,https://ficarrofarms.com/,http://www.facebook.com/ficarrofarms,https://instagram.com/ficarrofarms,,True,False,False,False,False,False,False,1,txobs_46beaa8075493c70314b,LocalHarvest — Texas county-seat gap search,https://www.localharvest.org/ficarro-farms-M77526,D,2026-07-16,promotion_eligible_reviewed,,County assigned from the published Corpus Christi location in Nueces County.
TX-873A8A4A0C,Five Pines Farm,five pines farm,farm,unique_source_name_reviewed,TX,,,,,public_business_address_reviewed_for_future_reduced_precision,,,"We offer Old Line Berkshire pork that has been rotated on pasture and woods. Our pork is well marbled, deep pink to red in color and packed with flavor. Pure, clean heritage pork raised the way pork was intended.",Shop Texas Farms member,,,internal_until_public_use_review,,,,,True,False,False,False,False,False,False,1,txobs_6d2a94a4fa2914888c2a,Shop Texas Farms — member business directory,https://shoptexasfarms.com/business-directory/entry/qpkkk/,D,2026-07-15,research_or_qa_queue,county missing; city or safe public service area missing,Fields selected by evidence grade; all underlying observations remain separately auditable.
TX-F53CEECC07,Floriography NM,floriography nm,farm,unique_source_name_reviewed,TX,,,,,public_business_address_reviewed_for_future_reduced_precision,,,fresh flowers,LocalHarvest Family Farm,(915) 525-8859,,internal_until_public_use_review,https://www.floriographynm.com,,,,True,False,False,False,False,False,False,1,txobs_a5319767c33a6c0b81e6,LocalHarvest — Texas county-seat gap search,https://www.localharvest.org/floriography-nm-M54201,D,2026-07-15,research_or_qa_queue,county missing; city or safe public service area missing,Fields selected by evidence grade; all underlying observations remain separately auditable.
TX-1EEA02146E,Four Winds Ranch,four winds ranch,farm,unique_source_name_reviewed,TX,Fannin,Telephone,,,public_business_address_reviewed_for_future_reduced_precision,,,beef,LocalHarvest Family Farm,(903) 449-6269,,internal_until_public_use_review,https://www.FWRcattle.com,http://www.facebook.com/FourWindsRanch,https://instagram.com/fwrcattle,,True,False,False,False,False,False,False,1,txobs_ff8330841b6c785ca07d,LocalHarvest — Texas county-seat gap search,https://www.localharvest.org/four-winds-ranch-M81149,D,2026-07-16,promotion_eligible_reviewed,,County assigned from the published Telephone location in Fannin County.
TX-EE5CDFFF60,Fruitful Hill Farm LLC,fruitful hill farm,farm,unique_source_name_reviewed,TX,,,,,public_business_address_reviewed_for_future_reduced_precision,,,potatoes; sweet potatoes; collards; green onions; leeks; lettuce; mustard greens; onions; radishes; salad greens; spinach; summer squash; swiss chard; turnips; arugula; beets; broccoli; cabbage; carrots; cauliflower; celery; chinese greens; sweet corn; cucumber; daikon; garlic; hot peppers; kale; kohlrabi; sweet peppers; tomatoes; winter-squash; zucchini; apples; melons; peaches; watermelons,LocalHarvest Family Farm,(512) 360-7484,,internal_until_public_use_review,https://www.fruitfulhillfarm.com,,,,True,False,False,False,False,False,False,1,txobs_7c5dd6565209cc5534ac,LocalHarvest — Texas county-seat gap search,https://www.localharvest.org/fruitful-hill-farm-llc-M19090,D,2026-07-15,research_or_qa_queue,county missing; city or safe public service area missing,Fields selected by evidence grade; all underlying observations remain separately auditable.
TX-524F1E1A32,G & L Farms,g and l farms,farm,unique_source_name_reviewed,TX,,,,,public_business_address_reviewed_for_future_reduced_precision,,,lettuce; swiss chard; winter-squash; cucumber; eggplant; hot peppers; summer squash; sweet peppers; tomatoes; zucchini,LocalHarvest Family Farm,(575) 760-7837,,internal_until_public_use_review,https://glfarms.webs.com,,,,True,False,False,False,False,False,False,1,txobs_d0c392bd933c2a1a5005,LocalHarvest — Texas county-seat gap search,https://www.localharvest.org/g-l-farms-M67829,D,2026-07-15,research_or_qa_queue,county missing; city or safe public service area missing,Fields selected by evidence grade; all underlying observations remain separately auditable.
TX-655D5968AA,Galway Microgreens Farm,galway microgreens farm,farm,unique_source_name_reviewed,TX,,,,,public_business_address_reviewed_for_future_reduced_precision,,,Herbs; Microgreens; Vegetables,Farms & Ranches,+1 956-371-0664,galwaymicrogreens777@gmail.com,internal_until_public_use_review,,https://www.facebook.com/profile.php?id=61559663935611,https://www.instagram.com/galwaymicrogreensfarm/,,False,False,False,False,False,False,False,1,txobs_6af757144d521e878a02,Texas Center for Local Food — Farms & Ranches,https://texaslocalfood.org/tclf-partner/galway-microgreens-farm/,D,2026-07-15,research_or_qa_queue,county missing; city or safe public service area missing,Fields selected by evidence grade; all underlying observations remain separately auditable.
TX-71E1CA866C,Good Flow Honey,good flow honey,farm,unique_source_name_reviewed,TX,Travis,Austin,,6001 TECHNI CENTER DRIVE UNIT 3,public_business_address_reviewed_for_future_reduced_precision,,,Other,Farm-to-school vendor candidate,+1 (512) 472-6714,info@goodflowhoney.com,internal_until_public_use_review,https://goodflowhoney.com/pages/about-us,,,,False,False,False,False,False,True,True,1,txobs_88c8321ff7334f12aca2,Texas Department of Agriculture — Farm to School vendor resource list,https://www.squaremeals.org/Portals/8/files/NSLP/LFS/LFS%20Vendor%20Resource%20List%20Updated%20Nov%202024.pdf?ver=I7PGgvoElV78S-FFin0OiQ%3D%3D,D,2026-07-16,promotion_eligible_reviewed,,County assigned from the published Austin location in Travis County.
TX-96C01D4A97,Grow It 4 Dinner,grow it 4 dinner,farm,unique_source_name_reviewed,TX,Walker,Walker Co,77320,Hwy 30W,public_business_address_reviewed_for_future_reduced_precision,,,beets; carrots; collards; garlic; kale; leeks; lettuce; mushrooms; mustard greens; radishes; salad greens; spinach; swiss chard; turnips; chicken; arugula; broccoli; cabbage; cauliflower; celery; chinese greens; cucumber; green beans; green onions; onions; peas; potatoes; salad mix; shallots; tomatoes; blackberries; blueberries; cantaloupes; eggs; pickles; preserves; fresh flowers; seeds; dry beans; eggplant; hot peppers; okra; summer squash; sweet peppers; sweet potatoes; zucchini; melons; plums; watermelons; peanuts; sunflower seeds; dried fruits; brussels sprouts; pumpkins; winter-squash; turkey,LocalHarvest Family Farm,,,internal_until_public_use_review,https://growit4dinner.ck.page/,,https://instagram.com/growit4dinner,,True,False,False,False,False,False,False,1,txobs_48e7a914f35d702b1b2a,LocalHarvest — Texas county-seat gap search,https://www.localharvest.org/grow-it-4-dinner-M82496,D,2026-07-16,promotion_eligible_reviewed,,County assigned from the explicit Walker County location.
TX-F3FC866054,Happy Feet Farm,happy feet farm,farm,unique_source_name_reviewed,TX,Midland,Midland,79706,County Rd 140,public_business_address_reviewed_for_future_reduced_precision,,,"Hi Everyone, We have shut the farm down for the current season, hope to open back up later this next year or maybe the year after. Thanks for everyone coming out and buying our products.",LocalHarvest Family Farm,(432) 978-1215,,internal_until_public_use_review,https://happyfeetfarm.com,,,,True,False,False,False,False,False,False,1,txobs_3d042bfc81c8823a7866,LocalHarvest — Texas county-seat gap search,https://www.localharvest.org/happy-feet-farm-M22012,D,2026-07-16,promotion_eligible_reviewed,,County assigned from the published Midland location in Midland County; seasonal closure language is not affirmative permanent-closure evidence.
TX-DEE565F3A9,Hardcastle Land and Cattle,hardcastle land and cattle,farm,unique_source_name_reviewed,TX,,,,,public_business_address_reviewed_for_future_reduced_precision,,,"beef; jerky; eggs; dried fruits; pet food; soap; broccoli; carrots; cucumber; hot peppers; kale; lettuce; okra; onions; potatoes; salad greens; salad mix; sweet peppers; tomatoes; zucchini; chicken; pork; American Bronze Turkey; Buckeye Chicken; Heritage Texas Longhorn; Rhode Island Red Chicken, ""Old-Type""; Wyandotte Chicken",LocalHarvest Family Farm,(405) 464-6771,,internal_until_public_use_review,https://www.hlclonghorns.com,,https://instagram.com/hardcastlelandandcattle,,True,False,False,False,False,False,False,1,txobs_c28e1713099d2e76bae9,LocalHarvest — Texas county-seat gap search,https://www.localharvest.org/hardcastle-land-and-cattle-M85196,D,2026-07-15,research_or_qa_queue,county missing; city or safe public service area missing,Fields selected by evidence grade; all underlying observations remain separately auditable.
TX-3CBF4A56AB,Harmony Hollow Apiaries,harmony hollow apiaries,farm,unique_source_name_reviewed,TX,,Richardson,,,public_business_address_reviewed_for_future_reduced_precision,,,beeswax; honey,LocalHarvest Family Farm,(469) 251-2233,,internal_until_public_use_review,https://www.bohemianutopia.com,http://www.facebook.com/HarmonyHollowApiaries,,,True,False,False,False,False,False,False,1,txobs_afecddcb0646265e0b29,LocalHarvest — Texas county-seat gap search,https://www.localharvest.org/harmony-hollow-apiaries-M52935,D,2026-07-15,research_or_qa_queue,county missing,Fields selected by evidence grade; all underlying observations remain separately auditable.
TX-348D44ADD5,Harvest Organic,harvest organic,farm,unique_source_name_reviewed,TX,,,,,public_business_address_reviewed_for_future_reduced_precision,,,collards; cucumber; garlic; green beans; green onions; mustard greens; tomatoes; winter-squash; medicinal herbs; gourds; sweet corn; dry beans; eggplant; hot peppers; peas; potatoes; zucchini; blackberries; blueberries; figs; grapes; lemons; limes; peaches; fresh flowers; apples; asian-pears; avocados; kiwis; oranges; pears; persimmons; plums; tangerines; pumpkins; turnips,LocalHarvest Family Farm,(337) 478-3048,,internal_until_public_use_review,,,,,True,False,False,False,False,False,False,1,txobs_51e1b80a7748340ed137,LocalHarvest — Texas county-seat gap search,https://www.localharvest.org/harvest-organic-M33712,D,2026-07-15,research_or_qa_queue,county missing; city or safe public service area missing,Fields selected by evidence grade; all underlying observations remain separately auditable.
TX-CE06BC77BA,Hershey Homestead,hershey homestead,farm,unique_source_name_reviewed,TX,,,,,public_business_address_reviewed_for_future_reduced_precision,,,kale; lettuce; salad mix; spinach; eggs; baked goods; bread; asparagus; beets; broccoli; cabbage; carrots; potatoes; radishes; pork; fresh flowers; sweet corn; cucumber; eggplant; green beans; okra; pumpkins; sweet potatoes; tomatoes; winter-squash; chicken,LocalHarvest Family Farm,(815) 901-5091,,internal_until_public_use_review,https://thewanderinghomesteader.com,http://www.facebook.com/thewanderinghomesteader,https://instagram.com/thewanderinghomesteader,,True,False,False,False,False,False,False,1,txobs_2b49dc2f2af46f124653,LocalHarvest — Texas county-seat gap search,https://www.localharvest.org/hershey-homestead-M84123,D,2026-07-15,research_or_qa_queue,county missing; city or safe public service area missing,Fields selected by evidence grade; all underlying observations remain separately auditable.
TX-DCB8EE439B,Hi Fi Mycology,hi fi mycology,farm,unique_source_name_reviewed,TX,,Austin,,9702 GRAY,public_business_address_reviewed_for_future_reduced_precision,,,Vegetables,Farm-to-school vendor candidate,(512) 431-9735,hifimycology@gmail.com,internal_until_public_use_review,https://www.hifimyco.com/,,,,False,False,False,False,False,True,True,1,txobs_90e9b094d1e26dc513c7,Texas Department of Agriculture — Farm to School vendor resource list,https://www.squaremeals.org/Portals/8/files/NSLP/LFS/LFS%20Vendor%20Resource%20List%20Updated%20Nov%202024.pdf?ver=I7PGgvoElV78S-FFin0OiQ%3D%3D,D,2026-07-15,research_or_qa_queue,county missing,Fields selected by evidence grade; all underlying observations remain separately auditable.
TX-D4050436BC,Hill Crest Creamery LLC,hill crest creamery,farm,unique_source_name_reviewed,TX,,,,,public_business_address_reviewed_for_future_reduced_precision,,,chicken; pork; butter; buttermilk; eggs; milk; yogurt,LocalHarvest Family Farm,,,internal_until_public_use_review,https://hillcrestcreamery.net,,,,True,False,False,False,False,False,False,1,txobs_34c1fc95f4c272d6d536,LocalHarvest — Texas county-seat gap search,https://www.localharvest.org/hill-crest-creamery-llc-M77003,D,2026-07-15,research_or_qa_queue,county missing; city or safe public service area missing,Fields selected by evidence grade; all underlying observations remain separately auditable.
TX-0239D4BF80,Honeymoon Farm,honeymoon farm,farm,unique_source_name_reviewed,TX,,,,,public_business_address_reviewed_for_future_reduced_precision,,,Fruit; Vegetables,Farms & Ranches,936-537-8049,,internal_until_public_use_review,,https://www.facebook.com/profile.php?id=61569312975262,https://www.instagram.com/honeymoonfarmproduce/,,False,False,False,False,False,False,False,1,txobs_800c22b85fc1a6bf7471,Texas Center for Local Food — Farms & Ranches,https://texaslocalfood.org/tclf-partner/honeymoon-farm/,D,2026-07-15,research_or_qa_queue,county missing; city or safe public service area missing,Fields selected by evidence grade; all underlying observations remain separately auditable.
TX-46F04751E6,HooFin Wings Ranch,hoofin wings ranch,farm,unique_source_name_reviewed,TX,,Ft. Worth ,76136,,public_business_address_reviewed_for_future_reduced_precision,,,Pastured livestock and/or farm products; see source profile,Pastured-product farm; direct sales,(817) 456-9446,jay@hoofinwings.com,internal_until_public_use_review,,,,,True,False,False,False,False,False,False,1,txobs_90210c9b3bc24c70e7b0,EatWild Texas directory,https://www.eatwild.com/products/texas.html,D,2026-07-15,research_or_qa_queue,county missing,Fields selected by evidence grade; all underlying observations remain separately auditable.
TX-691C7368E3,Hudson Plains Raw Dairy,hudson plains raw dairy,farm,unique_source_name_reviewed,TX,,Goodnight,79019,FM 2889,public_business_address_reviewed_for_future_reduced_precision,,,eggs; raw milk,LocalHarvest Family Farm,,,internal_until_public_use_review,https://hudsonplains.com,http://www.facebook.com/HudsonPlainsRawDairy,,,True,False,False,False,False,False,False,1,txobs_8cd7e98e60aae8ad01fa,LocalHarvest — Texas county-seat gap search,https://www.localharvest.org/hudson-plains-raw-dairy-M64693,D,2026-07-15,research_or_qa_queue,county missing,Fields selected by evidence grade; all underlying observations remain separately auditable.
TX-6EC0437994,Jim Franks Farm Direct Meat,jim franks farm direct meat,farm,unique_source_name_reviewed,TX,,Yoakum,77995,931 Turkey Bottom Rd,public_business_address_reviewed_for_future_reduced_precision,,,"100% All Narural Grassfed Grass Finished Beef and Pasture Rasied Pork. Chemical Free Processing with Delivery Available Sold by Wholes, Halves, and Quarters priced by meat weight or hanging weight to suit your needs.",Shop Texas Farms member,,,internal_until_public_use_review,,,,,True,False,False,False,False,False,False,1,txobs_336273c1ffb4b6fa4763,Shop Texas Farms — member business directory,https://shoptexasfarms.com/business-directory/entry/euc9r/,D,2026-07-15,research_or_qa_queue,county missing,Fields selected by evidence grade; all underlying observations remain separately auditable.
TX-B0E6FA6742,jjjmgrassfedbeef.com,jjjmgrassfedbeef com,farm,unique_source_name_reviewed,TX,,Celina ,75009,,public_business_address_reviewed_for_future_reduced_precision,,,Pastured livestock and/or farm products; see source profile,Pastured-product farm; direct sales,(913) 744-5827,larryjurgensmeyer@gmail.com,internal_until_public_use_review,https://jjjmgrassfedbeef.com/,,,,True,False,False,False,False,False,False,1,txobs_047d6e69ab937ddb4d6d,EatWild Texas directory,https://www.eatwild.com/products/texas.html,D,2026-07-15,research_or_qa_queue,county missing,Fields selected by evidence grade; all underlying observations remain separately auditable.
TX-829C5A1968,Jornada Alpaca Ranch,jornada alpaca ranch,farm,unique_source_name_reviewed,TX,,,,,public_business_address_reviewed_for_future_reduced_precision,,,alpaca,LocalHarvest Family Farm,(620) 356-4019,,internal_until_public_use_review,,,,,True,False,False,False,False,False,False,1,txobs_7b912bb81f1c9a8a14a2,LocalHarvest — Texas county-seat gap search,https://www.localharvest.org/jornada-alpaca-ranch-M31746,D,2026-07-15,research_or_qa_queue,county missing; city or safe public service area missing,Fields selected by evidence grade; all underlying observations remain separately auditable.
TX-44321E383F,JV Farms,jv farms,farm,unique_source_name_reviewed,TX,,,,,public_business_address_reviewed_for_future_reduced_precision,,,turnips; chicken; pork; rabbit; eggs; luffa; beets; broccoli; cabbage; carrots; garlic; green onions; kale; lettuce; mustard greens; okra; peas; potatoes; radishes; summer squash; swiss chard; zucchini; duck; fresh flowers; shallots; sweet potatoes; tomatoes; gourds; geese; turkey,LocalHarvest Family Farm,(501) 732-9093,,internal_until_public_use_review,https://www.jvfarms71929.com,http://www.facebook.com/Jvfarms,,,True,False,False,False,False,False,False,1,txobs_81540b454ac51d50f9b5,LocalHarvest — Texas county-seat gap search,https://www.localharvest.org/jv-farms-M75542,D,2026-07-15,research_or_qa_queue,county missing; city or safe public service area missing,Fields selected by evidence grade; all underlying observations remain separately auditable.
TX-8A5379C71C,JX Ranch Natural Beef,jx ranch natural beef,farm,unique_source_name_reviewed,TX,,,,,public_business_address_reviewed_for_future_reduced_precision,,,beef,LocalHarvest Family Farm,(575) 403-6904,,internal_until_public_use_review,https://leannaturalbeef.com,,,,True,False,False,False,False,False,False,1,txobs_66df33f64eedddba4c81,LocalHarvest — Texas county-seat gap search,https://www.localharvest.org/jx-ranch-natural-beef-M31106,D,2026-07-15,research_or_qa_queue,county missing; city or safe public service area missing,Fields selected by evidence grade; all underlying observations remain separately auditable.
TX-E4CD62A677,Kingdom Cattle Co.,kingdom cattle co,farm,unique_source_name_reviewed,TX,,,,,public_business_address_reviewed_for_future_reduced_precision,,,beef; lamb,LocalHarvest Family Farm,(575) 799-9500,,internal_until_public_use_review,https://kingdomcattle.com,,https://instagram.com/katharine_fly/,,True,False,False,False,False,False,False,1,txobs_dfd8451a119fd612b3e9,LocalHarvest — Texas county-seat gap search,https://www.localharvest.org/kingdom-cattle-co--M79885,D,2026-07-15,research_or_qa_queue,county missing; city or safe public service area missing,Fields selected by evidence grade; all underlying observations remain separately auditable.
TX-D4D68FEF61,La Semilla Food Center,la semilla food center,farm,unique_source_name_reviewed,TX,,,TX,,public_business_address_reviewed_for_future_reduced_precision,31.7601164,-106.4870404,Fruit; Herbs; Specialty Products; Vegetables,Farms & Ranches; Food & Ag Resource; Grocery & Shops,575-882-2393,info@lasemillafoodcenter.org,internal_until_public_use_review,https://lasemillafoodcenter.org/,https://www.facebook.com/lasemillafoodcenter,https://www.instagram.com/lasemillafoodcenter/,,True,False,False,False,False,False,False,1,txobs_ee792ac3bcb46535a651,Texas Center for Local Food — Farms & Ranches,https://texaslocalfood.org/tclf-partner/la-semilla-food-center/,D,2026-07-15,research_or_qa_queue,county missing; city or safe public service area missing,Fields selected by evidence grade; all underlying observations remain separately auditable.
TX-32441A0116,LCF Ranch,lcf ranch,farm,unique_source_name_reviewed,TX,,Salt Flat,79847,2900 Anna Pierre Road,public_business_address_reviewed_for_future_reduced_precision,,,artichokes; arugula; asparagus; broccoli; carrots; cauliflower; celery; collards; sweet corn; cucumber; dry beans; eggplant; garlic; green beans; green onions; hot peppers; kale; lettuce; mustard greens; okra; onions; peas; pumpkins; salad greens; salad mix; sweet peppers; tomatillos; tomatoes; apples; blackberries; blueberries; cantaloupes; grapes; pears; raspberries; strawberries; watermelons; chicken; jerky; rabbit; venison; eggs; sunflower seeds; medicinal herbs,LocalHarvest Family Farm,(814) 403-6541,,internal_until_public_use_review,https://lcfranch.com,http://www.facebook.com/LCFRanch,,,True,False,False,False,False,False,False,1,txobs_1a258e889de06e8ce139,LocalHarvest — Texas county-seat gap search,https://www.localharvest.org/lcf-ranch-M74836,D,2026-07-15,research_or_qa_queue,county missing,Fields selected by evidence grade; all underlying observations remain separately auditable.
TX-3278EFCDD5,Little Thicket Farm,little thicket farm,farm,unique_source_name_reviewed,TX,,,,,public_business_address_reviewed_for_future_reduced_precision,,,Small Acreage Regenerative Farm,Shop Texas Farms member,,,internal_until_public_use_review,,,,,True,False,False,False,False,False,False,1,txobs_db0354c8d5d3927596b5,Shop Texas Farms — member business directory,https://shoptexasfarms.com/business-directory/entry/p8v7r/,D,2026-07-15,research_or_qa_queue,county missing; city or safe public service area missing,Fields selected by evidence grade; all underlying observations remain separately auditable.
TX-B2F5EE539A,"Mac Ranch, Llc",mac ranch,farm,unique_source_name_reviewed,TX,,,,,public_business_address_reviewed_for_future_reduced_precision,,,beef; goat; lamb; pork; angora rabbit; wool,LocalHarvest Family Farm,(575) 299-1816,,internal_until_public_use_review,,http://www.facebook.com/Macranch,,,True,False,False,False,False,False,False,1,txobs_5222325c61df8a0aee58,LocalHarvest — Texas county-seat gap search,https://www.localharvest.org/mac-ranch-llc-M82595,D,2026-07-15,research_or_qa_queue,county missing; city or safe public service area missing,Fields selected by evidence grade; all underlying observations remain separately auditable.
TX-744FD0028B,McDaniel Farm,mcdaniel farm,farm,unique_source_name_reviewed,TX,,,,,public_business_address_reviewed_for_future_reduced_precision,,,eggs; peaches; pumpkins; apples,LocalHarvest Family Farm,(806) 205-2850,,internal_until_public_use_review,,,,,True,False,False,False,False,False,False,1,txobs_21e9531007f8ab93bd20,LocalHarvest — Texas county-seat gap search,https://www.localharvest.org/mcdaniel-farm-M18355,D,2026-07-15,research_or_qa_queue,county missing; city or safe public service area missing,Fields selected by evidence grade; all underlying observations remain separately auditable.
TX-54C56EFFED,Merry Meadows,merry meadows,farm,unique_source_name_reviewed,TX,,,,,public_business_address_reviewed_for_future_reduced_precision,,,eggs; raw milk; baked goods; bread; coffee; pickles; preserves; soap; okra; honey; cucumber; summer squash; tomatoes; zucchini; chicken; winter-squash,LocalHarvest Family Farm,(214) 693-1644,,internal_until_public_use_review,https://merrymeadowsok.com/,http://www.facebook.com/merrymeadowsfarmok,https://instagram.com/merrymeadowsfarmok,,True,False,False,False,False,False,False,1,txobs_f282bb978869f026b6ba,LocalHarvest — Texas county-seat gap search,https://www.localharvest.org/merry-meadows-M86011,D,2026-07-15,research_or_qa_queue,county missing; city or safe public service area missing,Fields selected by evidence grade; all underlying observations remain separately auditable.
TX-9DD390E655,Michael Neighbors,michael neighbors,farm,unique_source_name_reviewed,TX,,,,,public_business_address_reviewed_for_future_reduced_precision,,,goat; jerky; duck; eggs,LocalHarvest Family Farm,(903) 383-3030,,internal_until_public_use_review,https://tejasranchpainteddesertsheep.weebly.com/,http://www.facebook.com/tejasranch,,,True,False,False,False,False,False,False,1,txobs_ba79da158612646394fa,LocalHarvest — Texas county-seat gap search,https://www.localharvest.org/michael-neighbors-M84204,D,2026-07-15,research_or_qa_queue,county missing; city or safe public service area missing,Fields selected by evidence grade; all underlying observations remain separately auditable.
TX-EC31F52F39,Mineral Wells Aquaponics,mineral wells aquaponics,farm,unique_source_name_reviewed,TX,,Mineral Wells,,,public_business_address_reviewed_for_future_reduced_precision,,,arugula; kale; lettuce; salad greens; salad mix; eggs; baked goods; sprouts; wheat grass; broccoli; cabbage; mustard greens; spinach; swiss chard; tomatoes; blackberries; blueberries,LocalHarvest Family Farm,,,internal_until_public_use_review,,http://www.facebook.com/dellfarms,,,True,False,False,False,False,False,False,1,txobs_d18fdaf1b38765305360,LocalHarvest — Texas county-seat gap search,https://www.localharvest.org/mineral-wells-aquaponics-M66239,D,2026-07-15,research_or_qa_queue,county missing,Fields selected by evidence grade; all underlying observations remain separately auditable.
TX-0695A422D7,Mountain Meadows Farm,mountain meadows farm,farm,unique_source_name_reviewed,TX,,,,,public_business_address_reviewed_for_future_reduced_precision,,,"beef; chicken; pork; eggs; medicinal herbs; Rhode Island Red Chicken, ""Old-Type""",LocalHarvest Family Farm,(479) 234-8245,,internal_until_public_use_review,https://www.mmfsustainablefarmliving.com,http://www.facebook.com/pages/Mountain-Meadows-Farm/209340022560436,,,True,False,False,False,False,False,False,1,txobs_669696273580511fcf66,LocalHarvest — Texas county-seat gap search,https://www.localharvest.org/mountain-meadows-farm-M61217,D,2026-07-15,research_or_qa_queue,county missing; city or safe public service area missing,Fields selected by evidence grade; all underlying observations remain separately auditable.
TX-B77EAF00B5,Mysterious Horizons Farm,mysterious horizons farm,farm,unique_source_name_reviewed,TX,,,,,public_business_address_reviewed_for_future_reduced_precision,,,arugula; lettuce; radishes; salad greens; salad mix; spinach; pecans; green beans; kale; peas; strawberries; medicinal herbs; fresh flowers; carrots; sweet corn; cucumber; garlic; hot peppers; summer squash; sweet peppers; tomatoes; zucchini; apples; cantaloupes; grapes; peaches; plums; raspberries; watermelons; gourds; pumpkins; winter-squash,LocalHarvest Family Farm,(505) 524-7898,,internal_until_public_use_review,https://www.zianet.com/mysterioushorizons/,,,,True,False,False,False,False,False,False,1,txobs_9eecf244fc5bb3e85e13,LocalHarvest — Texas county-seat gap search,https://www.localharvest.org/mysterious-horizons-farm-M5371,D,2026-07-15,research_or_qa_queue,county missing; city or safe public service area missing,Fields selected by evidence grade; all underlying observations remain separately auditable.
TX-A6133B5D11,Naturally Balanced Farms,naturally balanced farms,farm,unique_source_name_reviewed,TX,,,,,public_business_address_reviewed_for_future_reduced_precision,,,"beets; garlic; lettuce; salad greens; salad mix; spinach; goat; pork; rabbit; turkey; eggs; goat yogurt; baked goods; pet food; preserves; soap; vinegar; medicinal herbs; sprouts; wheat grass; seeds; broccoli; apricots; plums; strawberries; duck; butter; buttermilk; fresh flowers; hot peppers; okra; summer squash; sweet peppers; tomatillos; tomatoes; zucchini; apples; cantaloupes; figs; grapes; peaches; watermelons; chicken; sunflower seeds; cucumber; potatoes; pumpkins; sweet potatoes; luffa; Narragansett Turkey; Rhode Island Red Chicken, ""Old-Type""; Royal Palm Turkey; Slate Turkey; The American Rabbit",LocalHarvest Family Farm,(575) 491-8624,,internal_until_public_use_review,https://Www.naturallybalancedfarms.com,http://www.facebook.com/naturallybalanced,https://instagram.com/Naturallybalanced,,True,False,False,False,False,False,False,1,txobs_4337b32c8664c6673a7f,LocalHarvest — Texas county-seat gap search,https://www.localharvest.org/naturally-balanced-farms-M66854,D,2026-07-15,research_or_qa_queue,county missing; city or safe public service area missing,Fields selected by evidence grade; all underlying observations remain separately auditable.
TX-CE61D8CFC6,Nature's Comeback Bison Ranch,natures comeback bison ranch,farm,unique_source_name_reviewed,TX,,,,,public_business_address_reviewed_for_future_reduced_precision,,,bison; chicken; jerky; wool; lettuce; radishes; salad greens; spinach; duck; eggs; beets; cabbage; carrots; sweet corn; cucumber; green beans; hot peppers; onions; peas; summer squash; sweet peppers; tomatoes; zucchini; rhubarb; garlic; leeks; potatoes; sweet potatoes; winter-squash,LocalHarvest Family Farm,,,internal_until_public_use_review,https://buffalobrian.tripod.com/,,,,True,False,False,False,False,False,False,1,txobs_a3ed6f4a13ab0c759e4c,LocalHarvest — Texas county-seat gap search,https://www.localharvest.org/natures-comeback-bison-ranch-M26924,D,2026-07-15,research_or_qa_queue,county missing; city or safe public service area missing,Fields selected by evidence grade; all underlying observations remain separately auditable.
TX-6729B54CBB,Nitschke Natural Beef/Circle N Ranch,nitschke natural beef circle n ranch,farm,unique_source_name_reviewed,TX,,,,,public_business_address_reviewed_for_future_reduced_precision,,,beef,LocalHarvest Family Farm,(214) 207-5573,,internal_until_public_use_review,https://www.nnbeef.com,,,,True,False,False,False,False,False,False,1,txobs_06468bf63d518f3d49d9,LocalHarvest — Texas county-seat gap search,https://www.localharvest.org/nitschke-natural-beef-circle-n-ranch-M30333,D,2026-07-15,research_or_qa_queue,county missing; city or safe public service area missing,Fields selected by evidence grade; all underlying observations remain separately auditable.
TX-447517F5C6,Painted Angels Farms LLC,painted angels farms,farm,unique_source_name_reviewed,TX,,,,,public_business_address_reviewed_for_future_reduced_precision,,,Meat; Vegetables,Farms & Ranches,409-837-5145,painted.angels.farm@gmail.com,internal_until_public_use_review,,https://www.facebook.com/paintedangelsfarm,,,False,False,False,False,False,False,False,1,txobs_5d35021d91bb339329b4,Texas Center for Local Food — Farms & Ranches,https://texaslocalfood.org/tclf-partner/painted-angels-farms-llc/,D,2026-07-15,research_or_qa_queue,county missing; city or safe public service area missing,Fields selected by evidence grade; all underlying observations remain separately auditable.
TX-DB8B40B06E,Provenza Ranch,provenza ranch,farm,unique_source_name_reviewed,TX,,,,,public_business_address_reviewed_for_future_reduced_precision,,,Baked Goods; Herbs; Meat; Vegetables,Farms & Ranches,,,internal_until_public_use_review,,,https://www.instagram.com/provenza_ranch/,,False,False,False,False,False,False,False,1,txobs_0acc3173c8561af1860e,Texas Center for Local Food — Farms & Ranches,https://texaslocalfood.org/tclf-partner/provenza-ranch/,D,2026-07-15,research_or_qa_queue,county missing; city or safe public service area missing,Fields selected by evidence grade; all underlying observations remain separately auditable.
TX-F97BD73EB6,Quail Haven Urban Farm,quail haven urban farm,farm,unique_source_name_reviewed,TX,,Fort Worth,,,public_business_address_reviewed_for_future_reduced_precision,,,eggs,LocalHarvest Family Farm,(805) 220-8616,,internal_until_public_use_review,,http://www.facebook.com/Quailhavenurbanfarm,https://instagram.com/Quailhavenurbanfarm,,True,False,False,False,False,False,False,1,txobs_500a4d2e007ab6a5d1da,LocalHarvest — Texas county-seat gap search,https://www.localharvest.org/quail-haven-urban-farm-M80332,D,2026-07-15,research_or_qa_queue,county missing,Fields selected by evidence grade; all underlying observations remain separately auditable.
TX-FEBCFD3B63,Raccoon Bend Farms,raccoon bend farms,farm,unique_source_name_reviewed,TX,,,,,public_business_address_reviewed_for_future_reduced_precision,,,arugula; beets; broccoli; cabbage; carrots; cauliflower; collards; kale; lettuce; mustard greens; radishes; salad greens; salad mix; spinach; swiss chard; turnips; eggs; baked goods; bread; honey; pasta/soups; pickles; soap; vinegar; asparagus; onions; strawberries; fresh flowers; seeds; sweet corn; cucumber; edamame soybeans; eggplant; garlic; hot peppers; okra; peas; summer squash; sweet peppers; tomatoes; zucchini; cantaloupes; figs; melons; watermelons; potatoes; pumpkins; winter-squash; persimmons; gourds; Red Mulberry; Wild American Elderberry; Yellow-Meated Watermelon; Aunt Molly's Ground Cherry; Cherokee Purple Tomato; Landrace Red Creole Onion; Seven Top Turnip,LocalHarvest Family Farm,,,internal_until_public_use_review,https://www.raccoonbendfarms.com,http://www.facebook.com/raccoonbendfarms,,,True,False,False,False,False,False,False,1,txobs_b6aef09384abbcb86075,LocalHarvest — Texas county-seat gap search,https://www.localharvest.org/raccoon-bend-farms-M80404,D,2026-07-15,research_or_qa_queue,county missing; city or safe public service area missing,Fields selected by evidence grade; all underlying observations remain separately auditable.
TX-E75FABBA33,Red Truck Farm,red truck farm,farm,unique_source_name_reviewed,TX,,,,,public_business_address_reviewed_for_future_reduced_precision,,,beef; eggs; raw milk; chicken; lamb; turkey; Narragansett Turkey; Plymouth Rock Chicken,LocalHarvest Family Farm,(580) 919-0967,,internal_until_public_use_review,,http://www.facebook.com/Red-Truck-Farm-1441855589413794,,,True,False,False,False,False,False,False,1,txobs_914d6c51e6295fbe4376,LocalHarvest — Texas county-seat gap search,https://www.localharvest.org/red-truck-farm-M58932,D,2026-07-15,research_or_qa_queue,county missing; city or safe public service area missing,Fields selected by evidence grade; all underlying observations remain separately auditable.
TX-9F9B128FB1,Redger Farms,redger farms,farm,unique_source_name_reviewed,TX,,,,,public_business_address_reviewed_for_future_reduced_precision,,,beef,LocalHarvest Family Farm,(620) 655-8971,,internal_until_public_use_review,https://www.redgerfarms.com,http://www.facebook.com/RedgerFarms,,,True,False,False,False,False,False,False,1,txobs_2e4abaf6c22067fa4f18,LocalHarvest — Texas county-seat gap search,https://www.localharvest.org/redger-farms-M64723,D,2026-07-15,research_or_qa_queue,county missing; city or safe public service area missing,Fields selected by evidence grade; all underlying observations remain separately auditable.
TX-B5CD548D5C,Ritchie Family Farms,ritchie family farms,farm,unique_source_name_reviewed,TX,,Lapryor,,1560 W US HWY 57,public_business_address_reviewed_for_future_reduced_precision,,,Vegetables,Farm-to-school vendor candidate,830-365-4124,info@tirotresfarms.com,internal_until_public_use_review,https://www.tirotresfarms.com/,,,,False,False,False,False,False,True,True,1,txobs_8253edb9ade02e74470a,Texas Department of Agriculture — Farm to School vendor resource list,https://www.squaremeals.org/Portals/8/files/NSLP/LFS/LFS%20Vendor%20Resource%20List%20Updated%20Nov%202024.pdf?ver=I7PGgvoElV78S-FFin0OiQ%3D%3D,D,2026-07-15,research_or_qa_queue,county missing,Fields selected by evidence grade; all underlying observations remain separately auditable.
TX-9D03350108,RNR Cattle Company,rnr cattle company,farm,unique_source_name_reviewed,TX,,Crafton,,,public_business_address_reviewed_for_future_reduced_precision,,,beets; lettuce; salad greens; salad mix; spinach; blackberries; peaches; plums; beef; duck; gamebird; pork; venison; eggs; pecans; baked goods; bee pollen; honey; pickles; preserves; asparagus; brussels sprouts; carrots; sweet corn; cucumber; garlic; green beans; green onions; hot peppers; okra; onions; potatoes; radishes; summer squash; tomatoes; zucchini; cantaloupes; pears; watermelons; pumpkins,LocalHarvest Family Farm,(940) 389-6235,,internal_until_public_use_review,https://www.rnrcattleco.com,http://www.facebook.com/rnrcattlecompany,,,True,False,False,False,False,False,False,1,txobs_1cb7580fb038711e59dd,LocalHarvest — Texas county-seat gap search,https://www.localharvest.org/rnr-cattle-company-M72326,D,2026-07-15,research_or_qa_queue,county missing,Fields selected by evidence grade; all underlying observations remain separately auditable.
TX-6A1008504F,"Salli's Corner Patch, LLC",sallis corner patch,farm,unique_source_name_reviewed,TX,,,,,public_business_address_reviewed_for_future_reduced_precision,,,beets; carrots; kale; lettuce; onions; salad greens; sweet potatoes; turnips; winter-squash; garlic; green onions; summer squash; zucchini; eggs; fresh flowers; asparagus; sweet corn; cucumber; green beans; hot peppers; sweet peppers; cantaloupes; tomatoes,LocalHarvest Family Farm,,,internal_until_public_use_review,,,,,True,False,False,False,False,False,False,1,txobs_f8d90c4d9a00811dbdba,LocalHarvest — Texas county-seat gap search,https://www.localharvest.org/sallis-corner-patch-llc-M56467,D,2026-07-15,research_or_qa_queue,county missing; city or safe public service area missing,Fields selected by evidence grade; all underlying observations remain separately auditable.
TX-54537AFE32,Sandy Land Farm,sandy land farm,farm,unique_source_name_reviewed,TX,,,,,public_business_address_reviewed_for_future_reduced_precision,,,asparagus; garlic; green onions; mustard greens; peas; radishes; spinach; strawberries; sweet corn; cucumber; green beans; kohlrabi; okra; onions; parsnips; pumpkins; summer squash; sweet peppers; tomatoes; winter-squash; apples; apricots; cantaloupes; watermelons,LocalHarvest Family Farm,(620) 492-6271,,internal_until_public_use_review,,,,,True,False,False,False,False,False,False,1,txobs_1c9c3464db88f10396bc,LocalHarvest — Texas county-seat gap search,https://www.localharvest.org/sandy-land-farm-M53688,D,2026-07-15,research_or_qa_queue,county missing; city or safe public service area missing,Fields selected by evidence grade; all underlying observations remain separately auditable.
TX-A32986A351,Sassy's Farm and Ranch,sassys farm and ranch,farm,unique_source_name_reviewed,TX,,,,,public_business_address_reviewed_for_future_reduced_precision,,,"We raise heritage chickens and turkeys for eggs and meat. We also raise and board swine and beef. Temporary boarding for horses is available. We raise fruits and vegetables without the use of store bought fertilizers, pesticides, or herbicides. It is our belief that a low stress environment has a positive effect on the quality of our meat. We offer boarding service for beef from bottle through processing. We also manage honey bees.",LocalHarvest Family Farm,,,internal_until_public_use_review,,,,,True,False,False,False,False,False,False,1,txobs_b940a972d75ed74060f6,LocalHarvest — Texas county-seat gap search,https://www.localharvest.org/sassys-farm-and-ranch-M57506,D,2026-07-15,research_or_qa_queue,county missing; city or safe public service area missing,Fields selected by evidence grade; all underlying observations remain separately auditable.
TX-D419092650,Soileau Family Cajun Farm,soileau family cajun farm,farm,unique_source_name_reviewed,TX,,,,,public_business_address_reviewed_for_future_reduced_precision,,,brussels sprouts; chicken; duck; geese; lamb; rabbit; eggs; peas; sweet peppers; tomatoes; blackberries; medicinal herbs; wool; broccoli; sweet corn; cucumber; dry beans; eggplant; garlic; green onions; hot peppers; leeks; okra; summer squash; turnips; cantaloupes; figs; watermelons; corn; pumpkins; shallots; sweet potatoes; sunflower seeds,LocalHarvest Family Farm,(337) 459-7875,,internal_until_public_use_review,,,,,True,False,False,False,False,False,False,1,txobs_9bfedf52afccef7da90c,LocalHarvest — Texas county-seat gap search,https://www.localharvest.org/soileau-family-cajun-farm-M76023,D,2026-07-15,research_or_qa_queue,county missing; city or safe public service area missing,Fields selected by evidence grade; all underlying observations remain separately auditable.
TX-48FF2CFCD4,South Texas Mushrooms,south texas mushrooms,farm,unique_source_name_reviewed,TX,,,,,public_business_address_reviewed_for_future_reduced_precision,,,Farm/ranch products; see current statewide profile,Farms & Ranches,,alvaro.gurrola@southtexasmushrooms.com,internal_until_public_use_review,https://www.southtexasmushrooms.com/shop,https://www.facebook.com/southtexasmushrooms,https://www.instagram.com/southtexasmushrooms/,,False,False,True,False,False,False,False,1,txobs_b8577e039b025d735ee6,Texas Center for Local Food — Farms & Ranches,https://texaslocalfood.org/tclf-partner/south-texas-mushrooms/,D,2026-07-15,research_or_qa_queue,county missing; city or safe public service area missing,Fields selected by evidence grade; all underlying observations remain separately auditable.
TX-480A0BCD55,Sovereignty Ranch,sovereignty ranch,farm,unique_source_name_reviewed,TX,,,,,public_business_address_reviewed_for_future_reduced_precision,,,Baked Goods; Dairy; Eggs; Fruit; Meat; Non-food; Specialty Products; Vegetables,Farmers Markets & Farm Stands; Farms & Ranches; Food & Ag Resource; Grocery & Shops; Restaurants & Food Trucks; Specialty Producers,(818) 939-7248,howdy@sovereigntyranch.com,internal_until_public_use_review,https://www.sovereigntyranch.com/,https://www.facebook.com/sovereigntyranch,https://www.instagram.com/sovereigntyranch,,True,False,False,False,False,False,False,1,txobs_2133e0f01681a10c1a7b,Texas Center for Local Food — Farms & Ranches,https://texaslocalfood.org/tclf-partner/sovereignty-ranch/,D,2026-07-15,research_or_qa_queue,county missing; city or safe public service area missing,Fields selected by evidence grade; all underlying observations remain separately auditable.
TX-9EC6908DF3,Star G Honey Company,star g honey company,farm,unique_source_name_reviewed,TX,,,,,public_business_address_reviewed_for_future_reduced_precision,,,bee pollen; beeswax; honey; preserves; seeds,LocalHarvest Family Farm,(575) 673-2325,,internal_until_public_use_review,,,,,True,False,False,False,False,False,False,1,txobs_123beebe5e570979ad99,LocalHarvest — Texas county-seat gap search,https://www.localharvest.org/star-g-honey-company-M11079,D,2026-07-15,research_or_qa_queue,county missing; city or safe public service area missing,Fields selected by evidence grade; all underlying observations remain separately auditable.
TX-B87D7323D4,Strickland Farms,strickland farms,producer_requires_type_review,unique_source_name_reviewed,TX,,,,,public_business_address_reviewed_for_future_reduced_precision,,,"Strickland Farms is a multi-generational farming operation dedicated to bringing you fresh, Texas-grown grains. In partnership with our family, we supply these whole wheat berries that can be used to mill fresh flour or to be eaten as a whole grain side. I also operate Strickland Farms Provisions a cottage food production kitchen, where I mill those same berries into fresh whole-grain flour. Nothing beats the flavor, nutrition, and baking performance of flour milled right before use. Whether you need berries to mill yourself or ready-to-bake fresh flour, we’re here to support your from-scratch baking with local, traceable grains!",Shop Texas Farms member,,,internal_until_public_use_review,,,,,True,False,False,False,False,False,False,1,txobs_4631dee0a8c58e7c6c78,Shop Texas Farms — member business directory,https://shoptexasfarms.com/business-directory/entry/wf6lo/,D,2026-07-15,research_or_qa_queue,county missing; city or safe public service area missing; member/vendor directory candidate needs independent farm-operation evidence,Fields selected by evidence grade; all underlying observations remain separately auditable.
TX-59D747412D,Synergic Farms,synergic farms,farm,unique_source_name_reviewed,TX,,Desdemona,,,public_business_address_reviewed_for_future_reduced_precision,,,beef; eggs; soap; chicken; goat; turkey; pecans,LocalHarvest Family Farm,,,internal_until_public_use_review,https://www.synergicfarms.com,http://www.facebook.com/Synergicfarms,,,True,False,False,False,False,False,False,1,txobs_409b4ac5b157df0e622a,LocalHarvest — Texas county-seat gap search,https://www.localharvest.org/synergic-farms-M60157,D,2026-07-15,research_or_qa_queue,county missing,Fields selected by evidence grade; all underlying observations remain separately auditable.
TX-721E8A1111,Texas Farm Patch,texas farm patch,farm,unique_source_name_reviewed,TX,,Austin & Pleasanton,78064,"9715 Burnet Rd., Building 7, Suite 400, Austin TX 78758 or 677 Private Road A94, Pleasanton, TX 78064",public_business_address_reviewed_for_future_reduced_precision,,,"Fruit, Vegetables",Farm-to-school vendor candidate,979-822-7209,info@farmhousedelivery.com,internal_until_public_use_review,,,,,False,False,False,False,False,True,True,1,txobs_486dddfe8dfb456dd8c3,Texas Department of Agriculture — Farm to School vendor resource list,https://www.squaremeals.org/Portals/8/files/NSLP/LFS/LFS%20Vendor%20Resource%20List%20Updated%20Nov%202024.pdf?ver=I7PGgvoElV78S-FFin0OiQ%3D%3D,D,2026-07-15,research_or_qa_queue,county missing,Fields selected by evidence grade; all underlying observations remain separately auditable.
TX-CC06BE95B2,The Veggie Mart,the veggie mart,farm,unique_source_name_reviewed,TX,,,,,public_business_address_reviewed_for_future_reduced_precision,,,"The Veggie Mart of Alamogordo, located at 119 North Florida, is now closed for the season. Our hours were Wed.4-6 PM and Sat. 8-11 AM. We have one of the largest vegetable and melon farms in Otero County, and we continue to strive to bring fresh vegetables from our farm to your table. This winter we will be improving our soil, planning our planting, ordering our seed and irrigation supplies, and reflecting on how to bring more veggies and melons in the year 2018. Next spring you can come in and relax while you shop for your favorite veggies. You won't have to fight the crowds here. For updates of Spring opening search, ""The Veggie Mart"" on Bookoo Holloman Yard Sale and we will list it here t",LocalHarvest Family Farm,(575) 491-5292,,internal_until_public_use_review,,,,,True,False,False,False,False,False,False,1,txobs_23d88835a6e09186a0cd,LocalHarvest — Texas county-seat gap search,https://www.localharvest.org/the-veggie-mart-M54746,D,2026-07-15,research_or_qa_queue,county missing; city or safe public service area missing,Fields selected by evidence grade; all underlying observations remain separately auditable.
TX-7EA67FE5B7,Triple H Farms,triple h farms,farm,unique_source_name_reviewed,TX,,,,,public_business_address_reviewed_for_future_reduced_precision,,,"Small local farm specializing in providing our community non sprayed pesticide free vegetables! Tomatoes, cucumbers, carrots, lettuce, eggplant, yellow squash, zucchini squash, okra, snap beans, sweet peppers, hot peppers, along with some interesting vegetables like cucuzzi & red malabar spinach. By spring of 2026 we fully intend to have tomatoes, cucumbers & butter lettuce growing year round. Farmer Ollie will be sure that everyone knows 😁!",LocalHarvest Family Farm,,,internal_until_public_use_review,,http://www.facebook.com/share/1EjLbj6iyF/,,,True,False,False,False,False,False,False,1,txobs_6c4c2857f41363b6eb84,LocalHarvest — Texas county-seat gap search,https://www.localharvest.org/triple-h-farms-M85748,D,2026-07-15,research_or_qa_queue,county missing; city or safe public service area missing,Fields selected by evidence grade; all underlying observations remain separately auditable.
TX-25236E8958,Vaughan Cattle Company,vaughan cattle company,farm,unique_source_name_reviewed,TX,,,,,public_business_address_reviewed_for_future_reduced_precision,,,beef,LocalHarvest Family Farm,(956) 533-6575,,internal_until_public_use_review,,,,,True,False,False,False,False,False,False,1,txobs_848893dbc79944651284,LocalHarvest — Texas county-seat gap search,https://www.localharvest.org/vaughan-cattle-company-M55482,D,2026-07-15,research_or_qa_queue,county missing; city or safe public service area missing,Fields selected by evidence grade; all underlying observations remain separately auditable.
TX-42467F4B90,W Diamond L Ranch and Produce,w diamond l ranch and produce,farm,unique_source_name_reviewed,TX,,,,,public_business_address_reviewed_for_future_reduced_precision,,,tomatoes; asparagus; beets; spinach; cucumber; green beans; hot peppers; okra; zucchini,LocalHarvest Family Farm,,,internal_until_public_use_review,https://wdiamondlranch.com,http://www.facebook.com/WDiamondLRanch,,,True,False,False,False,False,False,False,1,txobs_3198334d4aef1a7c38e0,LocalHarvest — Texas county-seat gap search,https://www.localharvest.org/w-diamond-l-ranch-and-produce-M50341,D,2026-07-15,research_or_qa_queue,county missing; city or safe public service area missing,Fields selected by evidence grade; all underlying observations remain separately auditable.
TX-582D835215,Wild Herd Cattle & Kitchen,wild herd cattle and kitchen,farm,unique_source_name_reviewed,TX,,Pontotoc,,,public_business_address_reviewed_for_future_reduced_precision,,,beef; pork; turkey; Bourbon Red Turkey,LocalHarvest Family Farm,(325) 805-3260,,internal_until_public_use_review,https://wildherdtx.com,,https://instagram.com/wildherdtx,,True,False,False,False,False,False,False,1,txobs_d69f281f0abf4a3793b6,LocalHarvest — Texas county-seat gap search,https://www.localharvest.org/wild-herd-cattle-kitchen-M83360,D,2026-07-15,research_or_qa_queue,county missing,Fields selected by evidence grade; all underlying observations remain separately auditable.
TX-C9BFE70ADE,Windrush Alpacas,windrush alpacas,farm,unique_source_name_reviewed,TX,,,,,public_business_address_reviewed_for_future_reduced_precision,,,alpaca; llama,LocalHarvest Family Farm,(575) 683-5177,,internal_until_public_use_review,https://www.windrushalpacas.com,http://www.facebook.com/WindrushAlpacas/,,,True,False,False,False,False,False,False,1,txobs_6e7832b0421ad050c3d6,LocalHarvest — Texas county-seat gap search,https://www.localharvest.org/windrush-alpacas-M21146,D,2026-07-15,research_or_qa_queue,county missing; city or safe public service area missing,Fields selected by evidence grade; all underlying observations remain separately auditable.
TX-A907531AA9,Caddo Springs Farm,caddo springs farm,farm,merged_exact_name_reviewed,TX,Anderson,Frankston,75763,1700 US Hwy 175,public_business_address_reviewed_for_future_reduced_precision,,,"preserves; duck; lamb; turkey; eggs; pears; persimmons; American Bronze Turkey; Rhode Island Red Chicken, ""Old-Type""; St. Croix Sheep; Wild Catfish; Eggs; Meat; Specialty Products",LocalHarvest Family Farm; Farmers Markets & Farm Stands; Farms & Ranches; Food & Ag Resource; Specialty Producers,5208612665,Info@CaddoSpringsTX.com,internal_until_public_use_review,https://www.caddospringstx.com/,https://www.facebook.com/profile.php?id=100080063182266,,,True,False,False,False,False,False,True,2,txobs_61a130eb9bb70eeb25a6 | txobs_309649eb740544df6bfe,LocalHarvest — Texas county-seat gap search | Texas Center for Local Food — Farms & Ranches,https://www.localharvest.org/caddo-springs-farm-M83978 | https://texaslocalfood.org/tclf-partner/caddo-springs-farm/,D,2026-07-15,promotion_eligible_reviewed,,Fields selected by evidence grade; all underlying observations remain separately auditable.
TX-EDEC69A5D1,East Texas Beef; Llc,east texas beef,farm,unique_source_name_reviewed,TX,Anderson,Frankston,75763,1499 Us Highway 175,public_business_address_reviewed_for_future_reduced_precision,,,All Of Our Beef And Pork Products,GO TEXAN Farm And Ranch; Product,(903) 876-2882,,internal_until_public_use_review,,,,,True,False,False,False,False,False,False,1,txobs_4c3b454286c1e1926968,Texas Department of Agriculture — GO TEXAN Farm And Ranch,https://bridge.texasagriculture.gov/GoTexanSearch/?resultsFormat=CommaSeparatedValues&searchType=Advanced&pageSize=2147483647&businessType=Farm+And+Ranch&pageNumber=1,B,2026-07-15,promotion_eligible_reviewed,,Fields selected by evidence grade; all underlying observations remain separately auditable.
TX-BDCF52B162,Lake Creek Blueberry Farm,lake creek blueberry farm,farm,unique_source_name_reviewed,TX,Anderson,Montalba,75853,1471 W 321,public_business_address_reviewed_for_future_reduced_precision,,,"No pesticides are used , blueberries, restrooms",U-pick; agritourism,(903) 386-8200,lakecreekblueberries@gmail.com,internal_until_public_use_review,,https://www.facebook.com/Lake-Creek-Blueberry-Farm-126413634041178/,,,True,False,False,False,True,False,False,1,txobs_301e9380b017b69b7bad,PickYourOwn — Northeast,https://www.pickyourown.org/TXnortheast.htm,D,2026-07-15,promotion_eligible_reviewed,,Fields selected by evidence grade; all underlying observations remain separately auditable.
TX-ED3196EA52,Lang Cattle Company,lang cattle company,farm,unique_source_name_reviewed,TX,Anderson,Frankston,75763,"1499 US-175, Frankston, TX 75763",public_business_address_reviewed_for_future_reduced_precision,,,Meat,Farm-to-school vendor candidate,(903) 876-2882,greg@etxbeef.com,internal_until_public_use_review,https://www.etxbeef.com,,,,False,False,False,False,False,True,True,1,txobs_ddfe48f833b8a87183ad,Texas Department of Agriculture — Farm to School vendor resource list,https://www.squaremeals.org/Portals/8/files/NSLP/LFS/LFS%20Vendor%20Resource%20List%20Updated%20Nov%202024.pdf?ver=I7PGgvoElV78S-FFin0OiQ%3D%3D,D,2026-07-15,promotion_eligible_reviewed,,Fields selected by evidence grade; all underlying observations remain separately auditable.
TX-084C103234,Angelica Farms,angelica farms,farm,unique_source_name_reviewed,TX,Angelina,Pollok,75969,2500 FM 1819,public_business_address_reviewed_for_future_reduced_precision,,,pork; eggs,LocalHarvest Family Farm,,,internal_until_public_use_review,https://www.angelicafarms.com,,,,True,False,False,False,False,False,False,1,txobs_0ad25215654240b28c2c,LocalHarvest — Texas county-seat gap search,https://www.localharvest.org/angelica-farms-M18482,D,2026-07-15,promotion_eligible_reviewed,,Fields selected by evidence grade; all underlying observations remain separately auditable.
TX-63E44B36F5,Grimes Blueberry Farm,grimes blueberry farm,farm,unique_source_name_reviewed,TX,Angelina,Lufkin,75904,1605 Verna St.,public_business_address_reviewed_for_future_reduced_precision,,,blueberries,LocalHarvest Family Farm,,,internal_until_public_use_review,,http://www.facebook.com/GrimesBlueberryFarm,,,True,False,False,False,False,False,False,1,txobs_fddbd56a104d4556a499,LocalHarvest — Texas county-seat gap search,https://www.localharvest.org/grimes-blueberry-farm-M38709,D,2026-07-15,promotion_eligible_reviewed,,Fields selected by evidence grade; all underlying observations remain separately auditable.
TX-BF572BF24F,Humble Homestead,humble homestead,farm,unique_source_name_reviewed,TX,Angelina,Lufkin,,,public_business_address_reviewed_for_future_reduced_precision,,,eggs; baked goods; soap,LocalHarvest Family Farm,(936) 404-9260,,internal_until_public_use_review,https://humblehomestead.us,http://www.facebook.com/humblehomesteadbusybee,,,True,False,False,False,False,False,False,1,txobs_29b156ca2d8c1624d136,LocalHarvest — Texas county-seat gap search,https://www.localharvest.org/humble-homestead-M66227,D,2026-07-15,promotion_eligible_reviewed,,Fields selected by evidence grade; all underlying observations remain separately auditable.
TX-A60ACCC08B,Lucky Penny Homestead,lucky penny homestead,producer_requires_type_review,unique_source_name_reviewed,TX,Angelina,Lufkin,75901,506 Surrey Lane,public_business_address_reviewed_for_future_reduced_precision,,,Small homestead offering pasture-raised whole chicken (processed spring and fall) along with a few seasonal items including immune-boosting elderberry syrup.,Shop Texas Farms member,,,internal_until_public_use_review,,,,,True,False,False,False,False,False,False,1,txobs_4afc69d9a445a321a7d7,Shop Texas Farms — member business directory,https://shoptexasfarms.com/business-directory/entry/o7b4t/,D,2026-07-16,research_or_qa_queue,member/vendor directory candidate needs independent farm-operation evidence,"Current Shop Texas Farms listing still describes a Lufkin homestead and pasture-raised poultry, but no independent farm-owned or corroborating source was found; retain in QA."
TX-9AC569CC28,Rock Iron Cattle Company,rock iron cattle company,farm,unique_source_name_reviewed,TX,Angelina,Pollok,75969,"15306 N. US HWY 69, Suite 5",public_business_address_reviewed_for_future_reduced_precision,,,"Local, Natural, Dry-Aged Angus Beef.",Shop Texas Farms member,,,internal_until_public_use_review,,,,,True,False,False,False,False,False,False,1,txobs_06996b5e4a429d6a1fb5,Shop Texas Farms — member business directory,https://shoptexasfarms.com/business-directory/entry/p1v2w/,D,2026-07-15,promotion_eligible_reviewed,,Fields selected by evidence grade; all underlying observations remain separately auditable.
TX-E28D5E8A8B,Spoiled Hen Coop & Run,spoiled hen coop and run,farm,unique_source_name_reviewed,TX,Angelina,Diboll,75941,853 Neyland Road,public_business_address_reviewed_for_future_reduced_precision,,,eggs,LocalHarvest Family Farm,(936) 671-0204,,internal_until_public_use_review,https://localhens.com/farms/profile/spoiled-hen-c-r/,,,,True,False,False,False,False,False,False,1,txobs_0658dc5d7f9678d3c670,LocalHarvest — Texas county-seat gap search,https://www.localharvest.org/spoiled-hen-coop-run-M62618,D,2026-07-15,promotion_eligible_reviewed,,Fields selected by evidence grade; all underlying observations remain separately auditable.
TX-F9CC2033DA,Steeple Berry Farms,steeple berry farms,farm,unique_source_name_reviewed,TX,Angelina,Huntington,75949,370 Ben Williams Rd,public_business_address_reviewed_for_future_reduced_precision,,,"blackberries,",U-pick; agritourism,936-422-5999,steepleberryfarm@hotmail.com,internal_until_public_use_review,,https://www.facebook.com/profile.php?id=100062980373587,,,True,False,False,False,True,False,False,1,txobs_3f08ad1898609342ff89,PickYourOwn — Northeast,https://www.pickyourown.org/TXnortheast.htm,D,2026-07-15,promotion_eligible_reviewed,,Fields selected by evidence grade; all underlying observations remain separately auditable.
TX-ABF944E442,Big Tree Oyster Company,big tree oyster company,farm,unique_source_name_reviewed,TX,Aransas,Rockport,78382,162 Bernardy,public_business_address_reviewed_for_future_reduced_precision,,,Farm/ranch products; see current statewide profile,Farms & Ranches; Specialty Producers,,info@bigtreeoysters.com,internal_until_public_use_review,https://www.bigtreeoysters.com/,,https://www.instagram.com/bigtreeoysters/#,,False,False,False,False,False,False,False,1,txobs_818e85473b49d7c75954,Texas Center for Local Food — Farms & Ranches,https://texaslocalfood.org/tclf-partner/big-tree-oyster-company/,D,2026-07-15,promotion_eligible_reviewed,,Fields selected by evidence grade; all underlying observations remain separately auditable.
TX-EF9E92EEA9,Blackjack Point Oyster Company,blackjack point oyster company,farm,unique_source_name_reviewed,TX,Aransas,Rockport,78382,46 Magnolia St.,public_business_address_reviewed_for_future_reduced_precision,,,Farm/ranch products; see current statewide profile,Farms & Ranches; Specialty Producers,361-205-2826,captaj@blackjackpointoysters.com,internal_until_public_use_review,https://www.blackjackpointoysters.com/,https://www.facebook.com/p/Blackjack-Point-Oyster-Company-61551241229441/,https://www.instagram.com/blackjackpointoystercompany/?hl=en,,False,False,False,False,False,False,False,1,txobs_c5f051e566f8cd01f143,Texas Center for Local Food — Farms & Ranches,https://texaslocalfood.org/tclf-partner/blackjack-point-oyster-company/,D,2026-07-15,promotion_eligible_reviewed,,Fields selected by evidence grade; all underlying observations remain separately auditable.
TX-1F514C4E54,Four String Farm,four string farm,farm,merged_exact_name_reviewed,TX,Aransas,Rockport,78382,111 N. Austin Street,public_business_address_reviewed_for_future_reduced_precision,,,Pastured pork; pastured poultry; eggs; seasonal vegetables and herbs; asparagus; broccoli; brussels sprouts; cabbage; carrots; cauliflower; celery; chinese greens; collards; daikon; kale; kohlrabi; leeks; lettuce; mustard greens; parsnips; radishes; rutabagas; salad greens; salad mix; spinach; swiss chard; turnips; chicken; duck; pork; sweet corn; cucumber; dry beans; eggplant; garlic; green beans; green onions; onions; peas; tomatoes; winter-squash; zucchini; hot peppers; okra; summer squash; sweet peppers; tomatillos; turkey,Direct-market heritage farm; LocalHarvest Family Farm,(361) 729-4443,,internal_until_public_use_review,https://fourstringfarm.com/,http://www.facebook.com/justin.allen.184881#!/pages/Four-String-Farm/1713867,,,True,False,False,False,False,False,False,2,txobs_8c5cd33877974b9a7d96 | txobs_c6b7cd6b6dc1ed04ac5a,FarmFinder curator verification — farm-owned or authoritative evidence | LocalHarvest — Texas county-seat gap search,https://fourstringfarm.com/about/ | https://www.localharvest.org/four-string-farm-M54056,C; D,2026-07-15,promotion_eligible_reviewed,,Fields selected by evidence grade; all underlying observations remain separately auditable.
TX-E4FED56808,4G Reyes Farms,4g reyes farms,farm,unique_source_name_reviewed,TX,Atascosa,Poteet,78065,590 E Ditto Road,public_business_address_reviewed_for_future_reduced_precision,,,strawberries,U-pick; agritourism,(830) 570-1630,jagarcia2000@hotmail.com,internal_until_public_use_review,,https://www.facebook.com/Poteet.Strawberries.4GREYESFARMS/,,,True,False,False,False,True,False,False,1,txobs_a467d70c7b80f68b39a4,PickYourOwn — San Antonio,https://www.pickyourown.org/TXsanantonio.htm,D,2026-07-15,promotion_eligible_reviewed,,Fields selected by evidence grade; all underlying observations remain separately auditable.
TX-85763FEA39,Atascosa Legacy Enterprises; Llc,atascosa legacy enterprises,farm,unique_source_name_reviewed,TX,Atascosa,Poteet,78065,3541 W. Fm 476,public_business_address_reviewed_for_future_reduced_precision,,,Freeze Dried Poteet Strawberries,GO TEXAN Farm And Ranch; Product,(210) 748-9660,,internal_until_public_use_review,,,,,True,False,False,False,False,True,False,1,txobs_77ac88cee65076eab872,Texas Department of Agriculture — GO TEXAN Farm And Ranch,https://bridge.texasagriculture.gov/GoTexanSearch/?resultsFormat=CommaSeparatedValues&searchType=Advanced&pageSize=2147483647&businessType=Farm+And+Ranch&pageNumber=1,B,2026-07-15,promotion_eligible_reviewed,,Fields selected by evidence grade; all underlying observations remain separately auditable.
TX-0A55565207,Born Again Farm,born again farm,farm,unique_source_name_reviewed,TX,Atascosa,Somerset,78069,556 Ranch Rd,public_business_address_reviewed_for_future_reduced_precision,,,Bone Broth; Eggs; Meat,Farms & Ranches,,,internal_until_public_use_review,https://bornagainfarm.com,https://www.facebook.com/profile.php?id=61570208376187,https://www.instagram.com/bornagainfarms/,,True,False,False,False,False,False,True,1,txobs_453367862821dd5bfe52,Texas Center for Local Food — Farms & Ranches,https://texaslocalfood.org/tclf-partner/born-again-farm/,D,2026-07-15,promotion_eligible_reviewed,,Fields selected by evidence grade; all underlying observations remain separately auditable.
TX-211F7DE07F,Busta Molina Farms,busta molina farms,farm,unique_source_name_reviewed,TX,Atascosa,Atascosa County service area,,,public_business_address_reviewed_for_future_reduced_precision,,,"strawberries, | God only knows lane, Somewhere in the county, TX.",U-pick; agritourism,303-881-4175,,internal_until_public_use_review,,https://www.facebook.com/profile.php?id=100057375462472,,,True,False,False,False,True,False,False,1,txobs_50b7ff9139a2ee8f8ca3,PickYourOwn — San Antonio,https://www.pickyourown.org/TXsanantonio.htm,D,2026-07-15,promotion_eligible_reviewed,,Fields selected by evidence grade; all underlying observations remain separately auditable.
TX-E9EC9AA668,Five Cousins' Strawberry Patch,five cousins strawberry patch,farm,unique_source_name_reviewed,TX,Atascosa,Poteet,78654,575 Rutledge Road,public_business_address_reviewed_for_future_reduced_precision,,,"strawberries, U-pick and already picked",U-pick; agritourism,(830) 570-4175,willandann@sbcglobal.net,internal_until_public_use_review,,https://www.facebook.com/Five-Cousins-Strawberry-Patch-575-Rutledge-Road-Poteet-Texas-78065-242442079429249/,,,True,False,False,False,True,False,False,1,txobs_499ca683b1b09aa456ba,PickYourOwn — San Antonio,https://www.pickyourown.org/TXsanantonio.htm,D,2026-07-15,promotion_eligible_reviewed,,Fields selected by evidence grade; all underlying observations remain separately auditable.
TX-0F605869A1,Fresas by Aldalin,fresas by aldalin,farm,unique_source_name_reviewed,TX,Atascosa,Jourdanton,78026,5155 County Rd. 307,public_business_address_reviewed_for_future_reduced_precision,,,"strawberries, you pick or already picked,",U-pick; agritourism,210-620-4840,Fresasbyaldalin@gmail.com,internal_until_public_use_review,,https://www.facebook.com/Fresas-By-Aldalin-284686805772904/,,,True,False,False,False,True,False,False,1,txobs_19ef3fa60b34dadade43,PickYourOwn — San Antonio,https://www.pickyourown.org/TXsanantonio.htm,D,2026-07-15,promotion_eligible_reviewed,,Fields selected by evidence grade; all underlying observations remain separately auditable.
TX-5E87BE8A1E,HR Farms,hr farms,farm,unique_source_name_reviewed,TX,Atascosa,Poteet,78065,3457 Brown Road,public_business_address_reviewed_for_future_reduced_precision,,,strawberries,U-pick; agritourism,(210) 872-9368,,internal_until_public_use_review,,https://www.facebook.com/p/HR-Farms-100067356392308/,,,True,False,False,False,True,False,False,1,txobs_471f426d1f070028637f,PickYourOwn — San Antonio,https://www.pickyourown.org/TXsanantonio.htm,D,2026-07-15,promotion_eligible_reviewed,,Fields selected by evidence grade; all underlying observations remain separately auditable.
TX-7BBFB39D74,KH Farm,kh farm,farm,merged_exact_name_reviewed,TX,Atascosa,Poteet,78065,200 West Tank Hollow Road,public_business_address_reviewed_for_future_reduced_precision,,,"Strawberries; seasonal produce; U-pick; strawberries, U-pick and already picked, restrooms, picnic area you may bring your own food",U-pick farm; produce farm; U-pick; agritourism,830-570-3090,khfarmpoteet@gmail.com,internal_until_public_use_review,https://khfarmpoteet.com/,https://www.facebook.com/khfarmpoteet,,,True,False,False,False,True,False,False,2,txobs_0643e587f9c164336009 | txobs_87f45fe14a6d49f6624c,FarmFinder curator verification — farm-owned or authoritative evidence | PickYourOwn — San Antonio,https://khfarmpoteet.com/ | https://www.pickyourown.org/TXsanantonio.htm,C; D,2026-07-15,promotion_eligible_reviewed,,Fields selected by evidence grade; all underlying observations remain separately auditable.
TX-79A66A8568,Kosub Farms Strawberries,kosub farms strawberries,farm,unique_source_name_reviewed,TX,Atascosa,Poteet,78065,3425 Coble Road,public_business_address_reviewed_for_future_reduced_precision,,,"No pesticides are used strawberries, Fresh eggs, U-pick and already picked, gift shop, concessions or refreshment stand, restrooms, picnic area you may bring your own food, farm animals",U-pick; agritourism,(210) 385-7302,rockingrkrustics@gmail.com,internal_until_public_use_review,,https://www.facebook.com/kosubfarmsstrawberries,,,True,False,False,False,True,False,False,1,txobs_d04a678a73446fb5a82c,PickYourOwn — San Antonio,https://www.pickyourown.org/TXsanantonio.htm,D,2026-07-15,promotion_eligible_reviewed,,Fields selected by evidence grade; all underlying observations remain separately auditable.
TX-1257CE2F4C,Mmm Farms,mmm farms,farm,unique_source_name_reviewed,TX,Atascosa,Poteet,78065,2750 FM 2504,public_business_address_reviewed_for_future_reduced_precision,,,strawberries,U-pick; agritourism,(830) 480-4704,,internal_until_public_use_review,,https://www.facebook.com/3MStrawberries/,,,True,False,False,False,True,False,False,1,txobs_0d5e0043e03a20b5d0d3,PickYourOwn — San Antonio,https://www.pickyourown.org/TXsanantonio.htm,D,2026-07-15,promotion_eligible_reviewed,,Fields selected by evidence grade; all underlying observations remain separately auditable.
TX-DA859875C4,Poteet Country Winery Jim Collums Farm,poteet country winery jim collums farm,farm,unique_source_name_reviewed,TX,Atascosa,Poteet,78065,400 Tank Hollow Road,public_business_address_reviewed_for_future_reduced_precision,,,strawberries,U-pick; agritourism,(210) 315-0056,sales@poteetwine.com,internal_until_public_use_review,,https://www.facebook.com/poteetwine,,,True,False,False,False,True,False,False,1,txobs_760f7aaf6f509f8ab2c9,PickYourOwn — San Antonio,https://www.pickyourown.org/TXsanantonio.htm,D,2026-07-15,promotion_eligible_reviewed,,Fields selected by evidence grade; all underlying observations remain separately auditable.
TX-B08F1713AA,Poteet Strawberry Farms Garcia Farms,garcia farms north,farm,merged_exact_name_reviewed,TX,Atascosa,Poteet,78065,745 Rutledge Road,public_business_address_reviewed_for_future_reduced_precision,,,"strawberries,; strawberries",U-pick; agritourism,(830) 200-9118,,internal_until_public_use_review,,https://www.facebook.com/Mr.StrawberryDonovanGarcia/,,,True,False,False,False,True,False,False,2,txobs_547f29e8f57279d65cb7 | txobs_3f1fa75891f313e6b5a5,PickYourOwn — San Antonio,https://www.pickyourown.org/TXsanantonio.htm,D,2026-07-15,promotion_eligible_reviewed,,Fields selected by evidence grade; all underlying observations remain separately auditable.
TX-02B8D3474C,Poteet Sweet Strawberries,poteet sweet strawberries,farm,unique_source_name_reviewed,TX,Atascosa,Poteet,78065,2965 FM 2504,public_business_address_reviewed_for_future_reduced_precision,,,strawberries,U-pick; agritourism,(210) 364-8188,cpj@bleauskye.com,internal_until_public_use_review,,https://www.facebook.com/profile.php?id=100080240232018,,,True,False,False,False,True,False,False,1,txobs_75768ca03c4a2a02dc56,PickYourOwn — San Antonio,https://www.pickyourown.org/TXsanantonio.htm,D,2026-07-15,promotion_eligible_reviewed,,Fields selected by evidence grade; all underlying observations remain separately auditable.
TX-C8C9D34A39,"Poteet,Texas Strawberryville Farm",poteet texas strawberryville farm,farm,unique_source_name_reviewed,TX,Atascosa,Poteet,78065,9022 W FM-476,public_business_address_reviewed_for_future_reduced_precision,,,strawberries,U-pick; agritourism,210-413-5827,dominguezramonfamily@gmail.com,internal_until_public_use_review,,https://www.facebook.com/StrawberryvilleFarmDominguez,,,True,False,False,False,True,False,False,1,txobs_438107c68d4c7776ba17,PickYourOwn — San Antonio,https://www.pickyourown.org/TXsanantonio.htm,D,2026-07-15,promotion_eligible_reviewed,,Fields selected by evidence grade; all underlying observations remain separately auditable.
TX-81583CBFCE,Ramos Farm,ramos farm,farm,unique_source_name_reviewed,TX,Atascosa,Poteet,78065,404 Brooks Lane,public_business_address_reviewed_for_future_reduced_precision,,,strawberries,U-pick; agritourism,(434) 841-2016,,internal_until_public_use_review,,,,,True,False,False,False,True,False,False,1,txobs_5009fd2fdff230400ec5,PickYourOwn — San Antonio,https://www.pickyourown.org/TXsanantonio.htm,D,2026-07-15,promotion_eligible_reviewed,,Fields selected by evidence grade; all underlying observations remain separately auditable.
TX-6618103CAA,Rockberry Ranch,rockberry ranch,farm,unique_source_name_reviewed,TX,Atascosa,Atascosa County service area,,,public_business_address_reviewed_for_future_reduced_precision,,,"strawberries, blackberries, flower farm, lavender farm, pumpkin patch, Wagon Rides, Petting Zoo, Photo Ops, Concessions, Specialty Food, Drinks,",U-pick; agritourism,,info@rockberryranch.com,internal_until_public_use_review,https://www.rockberryranch.com/,https://www.facebook.com/RockberryRanch,,,True,False,False,False,True,False,False,1,txobs_11ee456b0b1479fcae06,PickYourOwn — San Antonio,https://www.pickyourown.org/TXsanantonio.htm,D,2026-07-15,promotion_eligible_reviewed,,Fields selected by evidence grade; all underlying observations remain separately auditable.
TX-AC3E81060C,S and G Farm Pleasanton,s and g farm pleasanton,farm,unique_source_name_reviewed,TX,Atascosa,Atascosa County service area,,,public_business_address_reviewed_for_future_reduced_precision,,,"strawberries,",U-pick; agritourism,,,internal_until_public_use_review,,https://www.facebook.com/solanogarciafarms,,,True,False,False,False,True,False,False,1,txobs_7a0d81ef9c9b0c445130,PickYourOwn — San Antonio,https://www.pickyourown.org/TXsanantonio.htm,D,2026-07-15,promotion_eligible_reviewed,,Fields selected by evidence grade; all underlying observations remain separately auditable.
TX-5DD54BA0E0,Sanchez Family Farm,sanchez family farm,farm,merged_exact_name_reviewed,TX,Atascosa,Poteet,78065,4885 FM 2504,public_business_address_reviewed_for_future_reduced_precision,,,"strawberries,; Baked Goods; Fruit; Herbs; Specialty Products; Vegetables",U-pick; agritourism; Farms & Ranches; Farm-to-school vendor candidate,+1 (210) 415-7316,tsanchez@sanchezfamilyfarm.org,internal_until_public_use_review,https://www.sanchezfamilyfarm.org/,https://www.facebook.com/sanchezfamilyfarm,,,True,False,False,False,True,True,True,3,txobs_8ff68ec635df29358a55 | txobs_4e4679e79b71a8143271 | txobs_a47d586de76e1a690230,PickYourOwn — San Antonio | Texas Center for Local Food — Farms & Ranches | Texas Department of Agriculture — Farm to School vendor resource list,https://www.pickyourown.org/TXsanantonio.htm | https://texaslocalfood.org/tclf-partner/sanchez-family-farm/ | https://www.squaremeals.org/Portals/8/files/NSLP/LFS/LFS%20Vendor%20Resource%20List%20Updated%20Nov%202024.pdf?ver=I7PGgvoElV78S-FFin0OiQ%3D%3D,D,2026-07-15,promotion_eligible_reviewed,,Fields selected by evidence grade; all underlying observations remain separately auditable.
TX-D8DB280908,So Tex Farms,so tex farms,farm,unique_source_name_reviewed,TX,Atascosa,Poteet,78065,2425 Strawberry City Road,public_business_address_reviewed_for_future_reduced_precision,,,strawberries,U-pick; agritourism,(210) 551-5842,,internal_until_public_use_review,,https://www.facebook.com/SoTexFarms/,,,True,False,False,False,True,False,False,1,txobs_b108440f6d5b4d1f1b2a,PickYourOwn — San Antonio,https://www.pickyourown.org/TXsanantonio.htm,D,2026-07-15,promotion_eligible_reviewed,,Fields selected by evidence grade; all underlying observations remain separately auditable.
TX-D554933817,Stevens Farm and Ranch,stevens farm and ranch,farm,unique_source_name_reviewed,TX,Atascosa,Poteet,78065,425 McCaughan Rd,public_business_address_reviewed_for_future_reduced_precision,,,strawberries,U-pick; agritourism,210-842-1489,lstevens0925@hotmail.com,internal_until_public_use_review,,https://www.facebook.com/wesandleahstevens,,,True,False,False,False,True,False,False,1,txobs_dc3ef17695a6862e54c6,PickYourOwn — San Antonio,https://www.pickyourown.org/TXsanantonio.htm,D,2026-07-15,promotion_eligible_reviewed,,Fields selected by evidence grade; all underlying observations remain separately auditable.
TX-4FD6CAAF38,Three Amigos and 1/2 Strawberry Patch,three amigos and 1 2 strawberry patch,farm,unique_source_name_reviewed,TX,Atascosa,Poteet,78065,394 Amphion Rd,public_business_address_reviewed_for_future_reduced_precision,,,"strawberries, U-pick and already picked",U-pick; agritourism,(210) 393-7619,torres@threeamigosstrawberrypatch.com,internal_until_public_use_review,,https://www.facebook.com/p/Three-Amigos-and-12-Strawberry-Patch-100072437485267/,,,True,False,False,False,True,False,False,1,txobs_209030a17599099dbaa2,PickYourOwn — San Antonio,https://www.pickyourown.org/TXsanantonio.htm,D,2026-07-15,promotion_eligible_reviewed,,Fields selected by evidence grade; all underlying observations remain separately auditable.
TX-55C3B40706,Walo's Strawberry Farm,walos strawberry farm,farm,unique_source_name_reviewed,TX,Atascosa,Poteet,78065,1060 Briones Rd,public_business_address_reviewed_for_future_reduced_precision,,,strawberries,U-pick; agritourism,(830) 200-7161,ortasalinasleticia@gmail.com,internal_until_public_use_review,,https://www.facebook.com/WalosStrawberryFarmPoteetTX,,,True,False,False,False,True,False,False,1,txobs_5a534b4c08ee9796605d,PickYourOwn — San Antonio,https://www.pickyourown.org/TXsanantonio.htm,D,2026-07-15,promotion_eligible_reviewed,,Fields selected by evidence grade; all underlying observations remain separately auditable.
TX-06CA4E3699,Willo-berry Farms,willo berry farms,farm,unique_source_name_reviewed,TX,Atascosa,Pleasanton,78064,6457 N. Hwy 281,public_business_address_reviewed_for_future_reduced_precision,,,strawberries,U-pick; agritourism,903-818-6794,willoberryfarms@gmail.com,internal_until_public_use_review,,https://www.facebook.com/Willo-Berry-Farms-286939708557073/,,,True,False,False,False,True,False,False,1,txobs_818ab7146d06a19d1032,PickYourOwn — San Antonio,https://www.pickyourown.org/TXsanantonio.htm,D,2026-07-15,promotion_eligible_reviewed,,Fields selected by evidence grade; all underlying observations remain separately auditable.
TX-291E6CAC4B,Catspring Yaupon,catspring yaupon,farm,unique_source_name_reviewed,TX,Austin,Cat Spring,78933,202 N Front St,public_business_address_reviewed_for_future_reduced_precision,,,Yaupon,GO TEXAN Farm And Ranch; Product,,,internal_until_public_use_review,https://www.catspringtea.com,,,,True,False,False,False,False,True,False,1,txobs_2e67700fb939abbfacf4,Texas Department of Agriculture — GO TEXAN Farm And Ranch,https://bridge.texasagriculture.gov/GoTexanSearch/?resultsFormat=CommaSeparatedValues&searchType=Advanced&pageSize=2147483647&businessType=Farm+And+Ranch&pageNumber=1,B,2026-07-15,promotion_eligible_reviewed,,Fields selected by evidence grade; all underlying observations remain separately auditable.
TX-3599236742,Frydek Heritage Farm,frydek heritage farm,farm,merged_exact_name_reviewed,TX,Austin,Sealy,77474,9073 FM 1458,public_business_address_reviewed_for_future_reduced_precision,29.7662707,-96.1006067,"Frydek Heritage Farm is a small local farm specializing in pasture raised meat, eggs and vegetables. The farm is located just outside of Houston in Sealy, TX. We raise pasture raised chicken, pork, and eggs (both chicken and duck eggs). Once a year, we offer lamb from our flock of sheep. Working with other local farms, we also offer pasture raised beef, raw milk and sustainably raised vegetables. You can find us every Saturday at the Farmers Market on Grand Parkway in Katy, TX. On 2nd and 4th Saturdays, we also attend the Tamina Community Market in Magnolia, TX. Lastly, you can order online and come out to the farm in Sealy, TX for barn-side pickup.; Meat",Shop Texas Farms member; Farms & Ranches,979-473-9073,hello@frydekheritagefarm.com,internal_until_public_use_review,https://frydekheritagefarm.com/,,,,True,False,False,False,False,False,False,2,txobs_9adf271500db9bfd730d | txobs_caa85e85d3da0c4a9a92,Shop Texas Farms — member business directory | Texas Center for Local Food — Farms & Ranches,https://shoptexasfarms.com/business-directory/entry/7q5xi/ | https://texaslocalfood.org/tclf-partner/frydek-heritage-farm/,D,2026-07-15,promotion_eligible_reviewed,,Fields selected by evidence grade; all underlying observations remain separately auditable.
TX-B343A81D71,Kmiec Farm,kmiec farm,farm,unique_source_name_reviewed,TX,Austin,Sealy,77474,"2696 Mixville Rd, Sealy TX 77474",public_business_address_reviewed_for_future_reduced_precision,,,"Fruit, Vegetables",Farm-to-school vendor candidate,979-885-8896,Kmiecfarm@yahoo.com,internal_until_public_use_review,https://kmiecfarm.com/,,,,False,False,False,False,False,True,True,1,txobs_7ba74e7976e874da180d,Texas Department of Agriculture — Farm to School vendor resource list,https://www.squaremeals.org/Portals/8/files/NSLP/LFS/LFS%20Vendor%20Resource%20List%20Updated%20Nov%202024.pdf?ver=I7PGgvoElV78S-FFin0OiQ%3D%3D,D,2026-07-15,promotion_eligible_reviewed,,Fields selected by evidence grade; all underlying observations remain separately auditable.
TX-BEF4524A3D,Lazy A Ranch,lazy a ranch,farm,unique_source_name_reviewed,TX,Austin,Bellville ,77418,,public_business_address_reviewed_for_future_reduced_precision,,,Pastured livestock and/or farm products; see source profile,Pastured-product farm; direct sales,(979) 865-5337,margot.heard@snschools.com,internal_until_public_use_review,https://lazyatexas.com/,,,,True,False,False,False,False,False,False,1,txobs_4dc57857fcc22a7a03cb,EatWild Texas directory,https://www.eatwild.com/products/texas.html,D,2026-07-15,promotion_eligible_reviewed,,Fields selected by evidence grade; all underlying observations remain separately auditable.
TX-832399E8B0,Thomas Family Ranch,thomas family ranch,farm,merged_exact_name_reviewed,TX,Austin,Sealy,77474,12753 Hahn Rd,public_business_address_reviewed_for_future_reduced_precision,,,"Blueberries; quarter horses; U-pick; blackberries, blueberries",U-pick farm; ranch; U-pick; agritourism,(281) 772-4778,jenny@thomasfamilyranch.com,internal_until_public_use_review,https://www.thomasfamilyranch.com,https://www.facebook.com/profile.php?id=100040526727189,,,True,False,False,False,True,False,False,2,txobs_90ceafa57c3ed44ed557 | txobs_a0420f0c2aac07a8e5ea,FarmFinder curator verification — farm-owned or authoritative evidence | PickYourOwn — Houston / Southeast,https://www.thomasfamilyranch.com/ | https://www.pickyourown.org/TXhouston.htm,C; D,2026-07-15,promotion_eligible_reviewed,,Fields selected by evidence grade; all underlying observations remain separately auditable.
TX-C1A5E629BB,A Garden in Every Home,a garden in every home,farm,unique_source_name_reviewed,TX,Bandera,Bandera,78003,251 Lost Oak,public_business_address_reviewed_for_future_reduced_precision,,,arugula; beets; kale; lettuce; salad greens; spinach; swiss chard; eggs; pecans; honey; medicinal herbs; seeds; artichokes; broccoli; cabbage; carrots; cauliflower; collards; garlic; green beans; green onions; peas; radishes; sweet peppers; peaches; plums; strawberries; fresh flowers; cucumber; eggplant; hot peppers; okra; tomatoes; zucchini; blackberries; figs; grapes; lemons,LocalHarvest Family Farm,(210) 413-7392,,internal_until_public_use_review,https://www.agardenineveryhome.com/,http://www.facebook.com/AGardenInEveryHome,,,True,False,False,False,False,False,False,1,txobs_139fcfa5f2e71d145347,LocalHarvest — Texas county-seat gap search,https://www.localharvest.org/a-garden-in-every-home-M64856,D,2026-07-15,promotion_eligible_reviewed,,Fields selected by evidence grade; all underlying observations remain separately auditable.
TX-84321FAEC0,Gwen's Garden Goodies,gwens garden goodies,farm,unique_source_name_reviewed,TX,Bandera,Pipe Creek,78063,,public_business_address_reviewed_for_future_reduced_precision,,,Eggs,Farms & Ranches,210-260-2323,Gwen@GGGoodies.com,internal_until_public_use_review,https://www.gggoodies.com/,,,,False,False,False,False,False,False,False,1,txobs_2e71268fba59dcf91e7f,Texas Center for Local Food — Farms & Ranches,https://texaslocalfood.org/tclf-partner/gwens-garden-goodies/,D,2026-07-15,promotion_eligible_reviewed,,Fields selected by evidence grade; all underlying observations remain separately auditable.
TX-C0D28EF8A2,Imagine Lavender Farm,imagine lavender farm,farm,merged_exact_name_reviewed,TX,Bandera,Vanderpool,78885,17582 Farm To Market 337 East,public_business_address_reviewed_for_future_reduced_precision,,,"Lavender; lavender-derived products; No pesticides are used , lavender, gift shop, picnic area",Lavender farm; farmers-market seller; U-pick; agritourism,830-966-5105,info@imaginelavender.com,internal_until_public_use_review,https://www.imaginelavender.com,,,,True,False,False,False,True,False,False,2,txobs_c26345a51d5158298a6d | txobs_f4bff14c2062a5366cdf,FarmFinder curator verification — farm-owned or authoritative evidence | PickYourOwn — San Antonio,https://www.imaginelavender.com/pages/about-us | https://www.pickyourown.org/TXsanantonio.htm,C; D,2026-07-15,promotion_eligible_reviewed,,Fields selected by evidence grade; all underlying observations remain separately auditable.
TX-A782C82B5A,Love Creek Orchards,love creek orchards,farm,unique_source_name_reviewed,TX,Bandera,Medina,78055,14024 State highway 16 North,public_business_address_reviewed_for_future_reduced_precision,,,U-pick crops; agritourism,U-pick; agritourism,830-529-2202,hutzler@lovecreekorchards.com,internal_until_public_use_review,https://www.lovecreekorchards.com,https://www.facebook.com/Love-Creek-Orchards-and-The-Apple-Store-115310675182854,,,True,False,False,False,True,False,False,1,txobs_758793153099aa42ff42,PickYourOwn — San Antonio,https://www.pickyourown.org/TXsanantonio.htm,D,2026-07-15,promotion_eligible_reviewed,,Fields selected by evidence grade; all underlying observations remain separately auditable.
TX-797EFE0C92,Austin Community College Agricultural Sciences,austin community college agricultural sciences,farm,merged_cross_county_identity_reviewed,TX,Bastrop,Elgin,78621,6101 Highland Campus Dr,public_business_address_reviewed_for_future_reduced_precision,30.35402275,-97.40593341286122,Vegetables; greenhouse crops; livestock; honey; Farm/ranch products; see current statewide profile; Fruit,Educational working farm; farm stand; Farms & Ranches; Food & Ag Resource; Farmers Markets & Farm Stands,512-223-9464,savannah.rugg@austincc.edu,internal_until_public_use_review,https://dmcat.austincc.edu/agricultural-sciences/,https://www.facebook.com/acc.agricultural.sciences/,,,False,False,False,False,False,False,False,4,txobs_f366dc70255504f4f33e | txobs_3ef0c5cfca507285ae3a | txobs_55dd6c028c59cb9974c6 | txobs_6c10979b829c1cd3a394,FarmFinder curator verification — farm-owned or authoritative evidence | Texas Center for Local Food — Farms & Ranches,https://dmcat.austincc.edu/agricultural-sciences/sustainable-student-farm/ | https://texaslocalfood.org/tclf-partner/austin-community-college-agricultural-sciences/ | https://texaslocalfood.org/tclf-partner/austin-community-college-elgin-farm-stand/ | https://texaslocalfood.org/tclf-partner/austin-community-college-highland-farm-stand/,C; D,2026-07-15,promotion_eligible_reviewed,,Fields selected by evidence grade; all underlying observations remain separately auditable.
TX-B14F43916C,Backroads Apiary,backroads apiary,farm,unique_source_name_reviewed,TX,Bastrop,Elgin,79621,,public_business_address_reviewed_for_future_reduced_precision,30.3495084,-97.371118,Honey,Farms & Ranches,(512) 247-1357,backroadsapiary@gmail.com,internal_until_public_use_review,,https://www.facebook.com/BackroadsApiary/,https://www.instagram.com/backroadsapiary/,,False,False,False,False,False,False,False,1,txobs_af94ef4fab38a794babb,Texas Center for Local Food — Farms & Ranches,https://texaslocalfood.org/tclf-partner/backroads-apiary/,D,2026-07-15,promotion_eligible_reviewed,,Fields selected by evidence grade; all underlying observations remain separately auditable.
TX-18C71D2589,Bastrop Cattle Company,bastrop cattle company,farm,unique_source_name_reviewed,TX,Bastrop,Bastrop,78602,Highway 304,public_business_address_reviewed_for_future_reduced_precision,30.0835057,-97.3668705,Meat,Farms & Ranches,,sales@BastropCattleCompany.com,internal_until_public_use_review,https://www.bastropcattlecompany.com/,https://www.facebook.com/BastropCattleCompany,https://www.instagram.com/bastropcattleco/,,True,False,False,False,False,False,False,1,txobs_52a8dc5e579b4f74d38d,Texas Center for Local Food — Farms & Ranches,https://texaslocalfood.org/tclf-partner/bastrop-cattle-company/,D,2026-07-15,promotion_eligible_reviewed,,Fields selected by evidence grade; all underlying observations remain separately auditable.
TX-C3E65B6F19,Bernhardt's Fruit & Veggie Farm,bernhardts fruit and veggie farm,farm,unique_source_name_reviewed,TX,Bastrop,Elgin,,FM 1704,public_business_address_reviewed_for_future_reduced_precision,30.3496528,-97.3702735,Fruit; Vegetables,Farms & Ranches,(512) 791-8404,bernhardtsfarm@gmail.com,internal_until_public_use_review,,https://www.facebook.com/bernhardts.farm/,https://www.instagram.com/bernhardtsfarm/,,False,False,False,False,False,False,True,1,txobs_381bbfaf01513f899042,Texas Center for Local Food — Farms & Ranches,https://texaslocalfood.org/tclf-partner/bernhardts-fruit-veggie-farm/,D,2026-07-15,promotion_eligible_reviewed,,Fields selected by evidence grade; all underlying observations remain separately auditable.
TX-5DC004D1AC,Blinderhund Ranch,blinderhund ranch,farm,unique_source_name_reviewed,TX,Bastrop,Bastrop,78602,,public_business_address_reviewed_for_future_reduced_precision,30.1104947,-97.3152701,Eggs; Honey,Farms & Ranches,(512) 867-5603,beekeeper@bastropbees.com,internal_until_public_use_review,https://www.blinderhundranch.com/,,,,False,False,False,False,False,False,False,1,txobs_637292563f291dbcc499,Texas Center for Local Food — Farms & Ranches,https://texaslocalfood.org/tclf-partner/blinderhund-ranch/,D,2026-07-15,promotion_eligible_reviewed,,Fields selected by evidence grade; all underlying observations remain separately auditable.
TX-A5F9498604,BP Homestead TX,bp homestead tx,farm,unique_source_name_reviewed,TX,Bastrop,Smithville,,High Crossing Road,public_business_address_reviewed_for_future_reduced_precision,,,Eggs; Honey,Farms & Ranches,512-304-8250,benjamin@bphomestead.com,internal_until_public_use_review,https://www.bphomestead.com/,https://www.facebook.com/bphomesteadtx,https://www.instagram.com/bphomestead,,False,False,False,False,False,False,False,1,txobs_320af4b8cba588f0e477,Texas Center for Local Food — Farms & Ranches,https://texaslocalfood.org/tclf-partner/bp-homestead-tx/,D,2026-07-15,promotion_eligible_reviewed,,Fields selected by evidence grade; all underlying observations remain separately auditable.
TX-A743F04116,Castaneda Beef Llc,castaneda beef,farm,unique_source_name_reviewed,TX,Bastrop,Flatonia,77406,115 Hellinger Road,public_business_address_reviewed_for_future_reduced_precision,,,Akaushi Beef,GO TEXAN Farm And Ranch; Product,(830) 569-7235,,internal_until_public_use_review,,,,,True,False,False,False,False,False,False,1,txobs_7889ed9839d73a4a7247,Texas Department of Agriculture — GO TEXAN Farm And Ranch,https://bridge.texasagriculture.gov/GoTexanSearch/?resultsFormat=CommaSeparatedValues&searchType=Advanced&pageSize=2147483647&businessType=Farm+And+Ranch&pageNumber=1,B,2026-07-15,promotion_eligible_reviewed,,Fields selected by evidence grade; all underlying observations remain separately auditable.
TX-9155D07ACE,Country Chick Farms,country chick farms,farm,unique_source_name_reviewed,TX,Bastrop,Smithville,78957,Hwy. 304,public_business_address_reviewed_for_future_reduced_precision,29.9638031,-97.2976828,Eggs,Farms & Ranches,512-798-3398,Eggs@countrychickfarms.com,internal_until_public_use_review,https://www.countrychickfarms.com/,https://www.facebook.com/countrychickfarms,https://www.instagram.com/countrychickfarms/,,False,False,False,False,False,False,False,1,txobs_e5960086ad705a71c6f9,Texas Center for Local Food — Farms & Ranches,https://texaslocalfood.org/tclf-partner/country-chick-farms/,D,2026-07-15,promotion_eligible_reviewed,,Fields selected by evidence grade; all underlying observations remain separately auditable.
TX-F0512B81E2,Dell's Favorite Texas Olive Ranch,dells favorite texas olive ranch,farm,unique_source_name_reviewed,TX,Bastrop,Elgin,78621,186 Youngs Prairie,public_business_address_reviewed_for_future_reduced_precision,30.2947232,-97.4004666,Fruit,Farms & Ranches,512-229-8443,fmajfarm@gmail.com,internal_until_public_use_review,https://www.dellsfavorite.com/,http://www.facebook.com/DFTOR2011,,,True,False,False,False,False,False,False,1,txobs_af15d497cab907ee58bb,Texas Center for Local Food — Farms & Ranches,https://texaslocalfood.org/tclf-partner/dells-favorite-texas-olive-ranch/,D,2026-07-15,promotion_eligible_reviewed,,Fields selected by evidence grade; all underlying observations remain separately auditable.
TX-507A4C8B5C,Eden East Farm,eden east farm,farm,unique_source_name_reviewed,TX,Bastrop,Bastrop,78602,1910 Main St.,public_business_address_reviewed_for_future_reduced_precision,30.122332,-97.3205534,Eggs; Herbs; Meat; Vegetables,Farmers Markets & Farm Stands; Farms & Ranches,,david@edeneastaustin.com,internal_until_public_use_review,https://storehousebastrop.com/eden-east-farm,https://www.facebook.com/edeneastfarm,https://www.instagram.com/farmeredeneast/?hl=en,,False,False,False,False,True,False,False,1,txobs_8adecaee15bece137eb8,Texas Center for Local Food — Farms & Ranches,https://texaslocalfood.org/tclf-partner/eden-east-farm/,D,2026-07-15,promotion_eligible_reviewed,,Fields selected by evidence grade; all underlying observations remain separately auditable.
TX-076C931763,Evergreen Farms Christmas Trees,evergreen farms christmas trees,farm,merged_exact_name_reviewed,TX,Bastrop,Elgin,78621,242 Monkey Road,public_business_address_reviewed_for_future_reduced_precision,,,"Christmas trees; pumpkins; seasonal agritourism; pumpkins, train rides, and prepicked produce, gift shop, snacks and refreshment stand, restrooms, picnic area, tractor-pulled hay rides",Christmas-tree farm; U-pick; agritourism,512-281-4833,evergreen@evergreen-farms.com,internal_until_public_use_review,https://www.evergreenfarms.biz/,https://www.facebook.com/evergreenfarmschristmastrees/,,,True,False,False,False,True,False,False,2,txobs_95232c4028299f942195 | txobs_70328bb5d4b4c875f31e,FarmFinder curator verification — farm-owned or authoritative evidence | PickYourOwn — Austin,https://www.evergreenfarms.biz/ | https://www.pickyourown.org/TXaustin.htm,C; D,2026-07-15,promotion_eligible_reviewed,,Fields selected by evidence grade; all underlying observations remain separately auditable.
TX-32A9C0898F,Farmshare Austin,farmshare austin,farm,unique_source_name_reviewed,TX,Bastrop,Cedar Creek,78612,3608 River Rd,public_business_address_reviewed_for_future_reduced_precision,,,Eggs; Honey; Vegetables,Farms & Ranches; Food & Ag Resource,512-337-2211,info@farmshareaustin.org; education@farmshareaustin.org,internal_until_public_use_review,https://www.farmshareaustin.org/,https://www.facebook.com/FarmshareAustin,https://www.instagram.com/farmshareatx/,,True,False,False,False,False,False,False,1,txobs_a240e70e94b61f8ae8c6,Texas Center for Local Food — Farms & Ranches,https://texaslocalfood.org/tclf-partner/farmshare-austin/,D,2026-07-15,promotion_eligible_reviewed,,Fields selected by evidence grade; all underlying observations remain separately auditable.
TX-068732C76F,Flying Pony Farm,flying pony farm,farm,unique_source_name_reviewed,TX,Bastrop,Smithville,78957,,public_business_address_reviewed_for_future_reduced_precision,30.0085542,-97.1594321,Meat,Farms & Ranches,(512) 575-5782,flyingponyfarm@gmail.com,internal_until_public_use_review,https://www.flyingponyfarm.com/,https://www.facebook.com/FlyingPonyFarmTX,,,False,False,False,False,False,False,False,1,txobs_9c9873a0d410701f1e06,Texas Center for Local Food — Farms & Ranches,https://texaslocalfood.org/tclf-partner/flying-pony-farm/,D,2026-07-15,promotion_eligible_reviewed,,Fields selected by evidence grade; all underlying observations remain separately auditable.
TX-64C1FC2B25,Greener Pastures Chicken,greener pastures chicken,farm,merged_exact_name_reviewed,TX,Bastrop,Elgin,78621,"8MXF+XW, Elgin, TX 78621",public_business_address_reviewed_for_future_reduced_precision,30.3496528,-97.3702735,Chicken; Meat,Farms & Ranches; Farm-to-school vendor candidate,+1 (512) 921-7315,info@GreenerPasturesChicken.com,internal_until_public_use_review,https://greenerpastureschicken.com/,https://www.facebook.com/GreenerPasturesChicken/,https://www.instagram.com/greenerpastureschicken/,,True,False,False,False,False,True,True,2,txobs_9eb656eec0bafa8c06e5 | txobs_a36b20d5cde6758c54b1,Texas Center for Local Food — Farms & Ranches | Texas Department of Agriculture — Farm to School vendor resource list,https://texaslocalfood.org/tclf-partner/greener-pastures-chicken/ | https://www.squaremeals.org/Portals/8/files/NSLP/LFS/LFS%20Vendor%20Resource%20List%20Updated%20Nov%202024.pdf?ver=I7PGgvoElV78S-FFin0OiQ%3D%3D,D; E,2026-07-15,promotion_eligible_reviewed,,Fields selected by evidence grade; all underlying observations remain separately auditable.
TX-3167874BF5,Hatchitt Hill Ranch,hatchitt hill ranch,farm,unique_source_name_reviewed,TX,Bastrop,Dale,78616,,public_business_address_reviewed_for_future_reduced_precision,29.9274436,-97.5644418,Meat,Farms & Ranches,(512) 695-1025,chatchitt@gmail.com,internal_until_public_use_review,https://hatchitthillranch.com/,https://www.facebook.com/hatchitthillranch/,https://www.instagram.com/hatchitthillranch/,,True,False,False,False,False,False,False,1,txobs_4b87faae307a17d5ba1d,Texas Center for Local Food — Farms & Ranches,https://texaslocalfood.org/tclf-partner/hatchitt-hill-ranch/,D,2026-07-15,promotion_eligible_reviewed,,Fields selected by evidence grade; all underlying observations remain separately auditable.
TX-1346A5E4E4,Headlong Farm,headlong farm,farm,merged_exact_name_reviewed,TX,Bastrop,Elgin,78621,965 FM 3000,public_business_address_reviewed_for_future_reduced_precision,30.349893,-97.3696191,beef; bison; chicken; goat; pork; cheese; eggs; milk; yogurt; baked goods; bread; coffee; flour; honey; preserves; soap; seeds; cucumber; pumpkins; Baked Goods; Eggs; Herbs; Honey; Meat; Vegetables,LocalHarvest Family Farm; Farmers Markets & Farm Stands; Farms & Ranches,(512) 981-5101,headlongfarm@gmail.com,internal_until_public_use_review,https://headlongfarm.myshopify.com/,https://www.facebook.com/headlongfarm,https://www.instagram.com/headlongfarm/,,True,False,True,False,False,False,False,2,txobs_e392a120bdf75a4972ff | txobs_415e3a20a316eeece601,LocalHarvest — Texas county-seat gap search | Texas Center for Local Food — Farms & Ranches,https://www.localharvest.org/headlong-farm-M84907 | https://texaslocalfood.org/tclf-partner/headlong-farm/,D,2026-07-15,promotion_eligible_reviewed,,Fields selected by evidence grade; all underlying observations remain separately auditable.
TX-CD8B6A0E87,Hot Spell Farm,hot spell farm,farm,unique_source_name_reviewed,TX,Bastrop,Elgin,78621,,public_business_address_reviewed_for_future_reduced_precision,,,Herbs; Vegetables,Farms & Ranches,,,internal_until_public_use_review,https://hotspellfarm.com/,,https://www.instagram.com/hotspellfarm/,,True,False,False,False,False,False,False,1,txobs_a85caab96757e1453027,Texas Center for Local Food — Farms & Ranches,https://texaslocalfood.org/tclf-partner/hot-spell-farm/,D,2026-07-15,promotion_eligible_reviewed,,Fields selected by evidence grade; all underlying observations remain separately auditable.
TX-0BA743C2D7,Ivory Acres Farm,ivory acres farm,farm,unique_source_name_reviewed,TX,Bastrop,Paige,78659,Antiock Road,public_business_address_reviewed_for_future_reduced_precision,,,Eggs; Flowers; Honey; Vegetables,Farms & Ranches,,courtney@ivoryacresfarm.com,internal_until_public_use_review,https://ivoryacresfarm.com/,https://www.facebook.com/ivoryacresfarm/,https://www.instagram.com/ivoryacresfarm/,,True,False,False,False,False,False,False,1,txobs_9ce0b7065c1a9f015027,Texas Center for Local Food — Farms & Ranches,https://texaslocalfood.org/tclf-partner/ivory-acres-farm/,D,2026-07-15,promotion_eligible_reviewed,,Fields selected by evidence grade; all underlying observations remain separately auditable.
TX-8248440450,"Lantana Farms, LLC, DBA Local Honey Bee Company",lantana farms llc dba local honey bee company,farm,unique_source_name_reviewed,TX,Bastrop,Bastrop,78621,,public_business_address_reviewed_for_future_reduced_precision,30.1104947,-97.3152701,Farm/ranch products; see current statewide profile,Farms & Ranches,(512) 308-6242,Localhbco@gmail.com,internal_until_public_use_review,https://localhoneybeecompany.com/,https://www.facebook.com/localhoneybeeco,https://www.instagram.com/local_honey_bee_company/,,True,False,False,False,False,False,False,1,txobs_4230638c06a0bcb0cc92,Texas Center for Local Food — Farms & Ranches,https://texaslocalfood.org/tclf-partner/local-honey-bee-company-lantana-farms-llc/,D,2026-07-15,promotion_eligible_reviewed,,Fields selected by evidence grade; all underlying observations remain separately auditable.
TX-3A719B042C,Lofty Pines Farm,lofty pines farm,farm,unique_source_name_reviewed,TX,Bastrop,Smithville,78957,,public_business_address_reviewed_for_future_reduced_precision,30.0085542,-97.1594321,Honey; Vegetables,Farms & Ranches,512-221-0536,info@loftypinesfarm.com,internal_until_public_use_review,https://www.loftypinesfarm.com/,https://www.facebook.com/profile.php?id=61556136020313,https://www.instagram.com/loftypinesfarm/,,True,False,False,False,False,False,False,1,txobs_f8892b5a88a4b43e2c48,Texas Center for Local Food — Farms & Ranches,https://texaslocalfood.org/tclf-partner/lofty-pines-farm/,D,2026-07-15,promotion_eligible_reviewed,,Fields selected by evidence grade; all underlying observations remain separately auditable.
TX-7D06EC7D52,Lone Oak Farm and Tech,lone oak farm and tech,farm,unique_source_name_reviewed,TX,Bastrop,Smithville,78957,Davis Tusia Rd,public_business_address_reviewed_for_future_reduced_precision,,,Baked Goods; Eggs; Herbs; Vegetables,Farms & Ranches; Food & Ag Resource,713-859-5268,aj@loneoakfarmtech.com,internal_until_public_use_review,https://www.loneoakfarmtech.com,https://www.facebook.com/loneoakfarmandtech/#,https://www.instagram.com/loneoakfarmandtech,,False,False,False,False,False,False,True,1,txobs_22d0eeae6096502769c7,Texas Center for Local Food — Farms & Ranches,https://texaslocalfood.org/tclf-partner/lone-oak-farm-and-tech/,D,2026-07-15,promotion_eligible_reviewed,,Fields selected by evidence grade; all underlying observations remain separately auditable.
TX-DCAC497EC4,Lonesome Pines Ranch,lonesome pines ranch,farm,unique_source_name_reviewed,TX,Bastrop,Smithville,78957,Randolph Road,public_business_address_reviewed_for_future_reduced_precision,30.0504657,-97.1861189,Farm/ranch products; see current statewide profile,Farms & Ranches,512-360-4299 or 713-703-8458,lpinesranch@aol.com,internal_until_public_use_review,http://www.lonesomepinesranch.com/,https://www.facebook.com/Lonesome-Pines-Longhorn-Ranch-538285456269775/,,,False,False,False,False,False,False,False,1,txobs_901213408b9d542e42ca,Texas Center for Local Food — Farms & Ranches,https://texaslocalfood.org/tclf-partner/lonesome-pines-ranch/,D,2026-07-15,promotion_eligible_reviewed,,Fields selected by evidence grade; all underlying observations remain separately auditable.
TX-C25DA7521F,Luminaria Acres,luminaria acres,farm,unique_source_name_reviewed,TX,Bastrop,Paige,78659,Antioch Road,public_business_address_reviewed_for_future_reduced_precision,,,Dairy; Herbs; Honey; Vegetables,Farms & Ranches,,katie@luminariaacres.com,internal_until_public_use_review,https://www.luminariaacres.com/,,https://www.instagram.com/luminariaacres/,,True,False,False,False,False,False,False,1,txobs_0feabcfaf341ec49d48d,Texas Center for Local Food — Farms & Ranches,https://texaslocalfood.org/tclf-partner/luminaria-acres/,D,2026-07-15,promotion_eligible_reviewed,,Fields selected by evidence grade; all underlying observations remain separately auditable.
TX-DF5708878F,Lynch's Red Rock Land & Cattle Co. LLC,lynchs red rock land and cattle co,farm,unique_source_name_reviewed,TX,Bastrop,Red Rock,,,public_business_address_reviewed_for_future_reduced_precision,31.2638905,-98.5456116,Meat,Farms & Ranches,210.268.3555 (Randal) or 210.268.3557 (Kay),redrockland&cattle@gvtc.com,internal_until_public_use_review,https://www.redrocklandandcattle.com/,,,,True,False,False,False,False,False,False,1,txobs_44dcaffe669907ddc411,Texas Center for Local Food — Farms & Ranches,https://texaslocalfood.org/tclf-partner/lynchs-red-rock-land-cattle-co-llc/,D,2026-07-15,promotion_eligible_reviewed,,Fields selected by evidence grade; all underlying observations remain separately auditable.
TX-BFF1E0894B,Mellifex Farm,mellifex farm,farm,unique_source_name_reviewed,TX,Bastrop,Bastrop,78602,,public_business_address_reviewed_for_future_reduced_precision,30.1104947,-97.3152701,Honey,Farms & Ranches,512-718-9979,mellifexfarm@gmail.com,internal_until_public_use_review,https://mellifexfarm.carrd.co/,https://www.facebook.com/mellifexfarm,,,False,False,False,False,False,False,False,1,txobs_5a4cb25e035578f73b99,Texas Center for Local Food — Farms & Ranches,https://texaslocalfood.org/tclf-partner/mellifex-farm/,D,2026-07-15,promotion_eligible_reviewed,,Fields selected by evidence grade; all underlying observations remain separately auditable.
TX-F07D18C488,Olson Family Farm,olson family farm,farm,unique_source_name_reviewed,TX,Bastrop,Elgin,78621,,public_business_address_reviewed_for_future_reduced_precision,30.3495084,-97.371118,Eggs; Meat; Vegetables,Farms & Ranches,(512) 538-4395,molsontwin331@gmail.com,internal_until_public_use_review,,https://www.facebook.com/Olson.Family.Farm2014/,https://www.instagram.com/olson.family.farm/,,False,False,False,False,False,False,False,1,txobs_ec546948d20713b8c5ea,Texas Center for Local Food — Farms & Ranches,https://texaslocalfood.org/tclf-partner/olson-family-farm/,D,2026-07-15,promotion_eligible_reviewed,,Fields selected by evidence grade; all underlying observations remain separately auditable.
TX-CDB99EBD05,Pecan Grove Farms,pecan grove farms,farm,unique_source_name_reviewed,TX,Bastrop,Cedar Creek,78612,Berdoll Ln.,public_business_address_reviewed_for_future_reduced_precision,30.1881606,-97.5034158,Trees,Farms & Ranches,1-844-841-3655,info@pecangrovefarms.com,internal_until_public_use_review,https://pecangrovefarms.com/,https://www.facebook.com/pecangrovefarms1/,https://www.instagram.com/pgfoninsta/?hl=en,,False,False,False,False,False,False,False,1,txobs_def96425f394ef786da2,Texas Center for Local Food — Farms & Ranches,https://texaslocalfood.org/tclf-partner/pecan-grove-farms/,D,2026-07-15,promotion_eligible_reviewed,,Fields selected by evidence grade; all underlying observations remain separately auditable.
TX-CDCDE039F7,Ponderosa Pecan Farms,ponderosa pecan farms,farm,unique_source_name_reviewed,TX,Bastrop,Bastrop,78602,Ponderosa Rd,public_business_address_reviewed_for_future_reduced_precision,30.0394,-97.227617,Meat,Farms & Ranches,"469-233-1097 (Sebastian, Español) - 346-216-8339 (Kenneth, English)",sales@ponderosapecans.com,internal_until_public_use_review,https://ponderosapecans.com/,https://www.facebook.com/profile.php?id=100072000014774,https://www.instagram.com/ponderosapecans/,https://www.tiktok.com/@ponderosapecans,True,False,False,False,False,False,False,1,txobs_281def75768a1a116251,Texas Center for Local Food — Farms & Ranches,https://texaslocalfood.org/tclf-partner/ponderosa-pecan-farms/,D,2026-07-15,promotion_eligible_reviewed,,Fields selected by evidence grade; all underlying observations remain separately auditable.
TX-47428342A8,Red Heron Farm,red heron farm,farm,unique_source_name_reviewed,TX,Bastrop,Elgin,78621,,public_business_address_reviewed_for_future_reduced_precision,30.3496528,-97.3702735,Chicken; Flowers; Honey; Vegetables,Farms & Ranches,,contactus@redheronfarm.com,internal_until_public_use_review,https://www.redheronfarm.com/,,https://www.instagram.com/redheronfarm/,,True,False,False,False,False,False,False,1,txobs_0a749f4f5b66b3314096,Texas Center for Local Food — Farms & Ranches,https://texaslocalfood.org/tclf-partner/red-heron-farm/,D,2026-07-15,promotion_eligible_reviewed,,Fields selected by evidence grade; all underlying observations remain separately auditable.
TX-1651B4641A,Rhizome Revival,rhizome revival,farm,unique_source_name_reviewed,TX,Bastrop,Bastrop,78602,Agnes St.,public_business_address_reviewed_for_future_reduced_precision,30.1046128,-97.3378046,Herbs,Farms & Ranches,,ramapriya@leesalyn.com,internal_until_public_use_review,http://www.rhizomerevival.org/,https://www.facebook.com/groups/1414696752795083,https://www.instagram.com/rhizome_revival/,,False,False,False,False,False,False,False,1,txobs_71861aa4333b77d9a825,Texas Center for Local Food — Farms & Ranches,https://texaslocalfood.org/tclf-partner/rhizome-revival/,D,2026-07-15,promotion_eligible_reviewed,,Fields selected by evidence grade; all underlying observations remain separately auditable.
TX-00CB6D5F90,Rune Exchange LLC,rune exchange,farm,unique_source_name_reviewed,TX,Bastrop,Mcdade,78650,,public_business_address_reviewed_for_future_reduced_precision,30.2864972,-97.240054,Honey; Vegetables,Farms & Ranches,,RuneExchangeTx@gmail.com,internal_until_public_use_review,https://www.runeexchangetx.com/,,https://www.instagram.com/runeexchangetx/,,True,False,False,False,False,False,False,1,txobs_1c484ce11c385dbade75,Texas Center for Local Food — Farms & Ranches,https://texaslocalfood.org/tclf-partner/rune-exchange-llc/,D,2026-07-15,promotion_eligible_reviewed,,Fields selected by evidence grade; all underlying observations remain separately auditable.
TX-57D10E8269,Shepard's Flock Farm,shepards flock farm,farm,unique_source_name_reviewed,TX,Bastrop,Elgin,78621,Brandy Ln,public_business_address_reviewed_for_future_reduced_precision,,,Baked Goods; Vegetables,Farms & Ranches,(832) 865-6675,info@shepardsflockfarm.com,internal_until_public_use_review,https://www.shepardsflockfarm.com/,,https://www.instagram.com/shepardsflockfarm,,False,False,False,False,False,False,False,1,txobs_fb2a48e5e4123de2f4cd,Texas Center for Local Food — Farms & Ranches,https://texaslocalfood.org/tclf-partner/shepards-flock-farm/,D,2026-07-15,promotion_eligible_reviewed,,Fields selected by evidence grade; all underlying observations remain separately auditable.
TX-28ED9FA3CD,Shipps Lake Ranch,shipps lake ranch,farm,unique_source_name_reviewed,TX,Bastrop,Smithville,78957,,public_business_address_reviewed_for_future_reduced_precision,,,Farm/ranch products; see current statewide profile,Farms & Ranches,512-784-3066,grey_skelley@hotmail.com,internal_until_public_use_review,https://shippslakeranch.com/,https://www.facebook.com/ShippsLakeRanch,https://www.instagram.com/shippslakeranch,,False,False,False,False,False,False,False,1,txobs_421e50f33de8efe8ac6a,Texas Center for Local Food — Farms & Ranches,https://texaslocalfood.org/tclf-partner/shipps-lake-ranch/,D,2026-07-15,promotion_eligible_reviewed,,Fields selected by evidence grade; all underlying observations remain separately auditable.
TX-0B5987E5CA,Simple Promise Farms,simple promise farms,farm,unique_source_name_reviewed,TX,Bastrop,Elgin,78621,Roemer Road,public_business_address_reviewed_for_future_reduced_precision,,,Flowers; Herbs; Specialty Products; Vegetables,Farms & Ranches,(512) 661-2054,veggies@simplepromisefarms.org,internal_until_public_use_review,https://www.simplepromisefarms.org/,https://www.facebook.com/SimplePromiseFarms,https://www.instagram.com/simple_promise_farms/,,False,False,False,False,False,False,False,1,txobs_cdd9ad1fde2065160b79,Texas Center for Local Food — Farms & Ranches,https://texaslocalfood.org/tclf-partner/simple-promise-farms/,D,2026-07-15,promotion_eligible_reviewed,,Fields selected by evidence grade; all underlying observations remain separately auditable.
TX-3DA1D1416B,The Farm at Caracara,the farm at caracara,farm,unique_source_name_reviewed,TX,Bastrop,Red Rock,78662,,public_business_address_reviewed_for_future_reduced_precision,29.9596656,-97.4461058,Flowers; Vegetables,Farms & Ranches,,thefarmatcaracara@gmail.com,internal_until_public_use_review,https://www.thefarmatcaracara.com/,https://www.facebook.com/thefarmatcaracara,https://www.instagram.com/thefarmatcaracara/,,True,False,False,False,False,False,False,1,txobs_da92ad9e55d424112935,Texas Center for Local Food — Farms & Ranches,https://texaslocalfood.org/tclf-partner/the-farm-at-caracara/,D,2026-07-15,promotion_eligible_reviewed,,Fields selected by evidence grade; all underlying observations remain separately auditable.
TX-8D15D07BFE,The Green Woman Farm,the green woman farm,farm,unique_source_name_reviewed,TX,Bastrop,Elgin,78621,Old Sayers Road,public_business_address_reviewed_for_future_reduced_precision,30.254764,-97.3521612,Eggs; Herbs,Farms & Ranches,,Tessa.mcdonald122@outlook.com,internal_until_public_use_review,https://greenwomanfarm.com/,https://www.facebook.com/profile.php?id=61559075191194,https://www.instagram.com/greenwomanfarm20,https://www.tiktok.com/@greenwomanf,True,False,False,False,False,False,False,1,txobs_7b6a647936cbcb2a9e6e,Texas Center for Local Food — Farms & Ranches,https://texaslocalfood.org/tclf-partner/the-green-woman-farm/,D,2026-07-15,promotion_eligible_reviewed,,Fields selected by evidence grade; all underlying observations remain separately auditable.
TX-0A56DE0750,The Refugee Collective Farm,the refugee collective farm,farm,unique_source_name_reviewed,TX,Bastrop,Elgin,78621,Littig Road,public_business_address_reviewed_for_future_reduced_precision,,,Eggs; Herbs; Vegetables,Farms & Ranches; Food & Ag Resource,(512) 537-7312,info@therefugeecollective.org,internal_until_public_use_review,http://therefugeecollective.org/farm,https://www.facebook.com/multiculturalrefugeecoalition,,,True,False,False,False,False,False,False,1,txobs_a03368d45682a7d3e7e8,Texas Center for Local Food — Farms & Ranches,https://texaslocalfood.org/tclf-partner/the-refugee-collective-farm/,D,2026-07-15,promotion_eligible_reviewed,,Fields selected by evidence grade; all underlying observations remain separately auditable.
TX-1A2E6B20D4,Trosi Farms,trosi farms,farm,unique_source_name_reviewed,TX,Bastrop,Elgin,78621,,public_business_address_reviewed_for_future_reduced_precision,30.3495084,-97.371118,Fruit; Vegetables,Farms & Ranches,,,internal_until_public_use_review,,,https://www.instagram.com/trosifarms/,,False,False,False,False,False,False,False,1,txobs_bd58969c3718403de965,Texas Center for Local Food — Farms & Ranches,https://texaslocalfood.org/tclf-partner/trosi-farms/,D,2026-07-15,promotion_eligible_reviewed,,Fields selected by evidence grade; all underlying observations remain separately auditable.
TX-4934CF9D9C,Vrdnt,vrdnt,farm,official_source_current_farm_operation,TX,Bastrop,Bastrop,,159 CARMEN HILL LANE,public_business_address_reviewed_for_future_reduced_precision,,,Fruit; vegetables,Farm; CSA; farmers-market seller; wholesale,(480) 406-3889,vrdnt.farm@gmail.com,internal_until_public_use_review,https://www.vrdnt.farm/jobs,,,,True,True,False,False,False,True,True,1,txobs_798566512c91790dfb43,Texas Department of Agriculture — Farm to School vendor resource list,https://www.vrdnt.farm/jobs,E;B,2026-07-16,promotion_eligible_reviewed,,"Official VRDNT Farm evidence identifies a bio-intensive vegetable farm in Bastrop with year-round CSA, farmers markets, and local wholesale activity."
TX-78A807C18F,VRDNT Farm,vrdnt farm,farm,unique_source_name_reviewed,TX,Bastrop,Bastrop,,,public_business_address_reviewed_for_future_reduced_precision,30.0541116,-97.3887764,Vegetables,Farms & Ranches,,vrdnt.farm@gmail.com,internal_until_public_use_review,https://www.vrdnt.farm/,https://www.facebook.com/vrdnt.farm/,https://www.instagram.com/vrdnt.farm/,,False,False,False,False,False,False,False,1,txobs_282157ca4dd4b6d1b84e,Texas Center for Local Food — Farms & Ranches,https://texaslocalfood.org/tclf-partner/vrdnt-farm/,D,2026-07-15,promotion_eligible_reviewed,,Fields selected by evidence grade; all underlying observations remain separately auditable.
TX-F86186AD32,Watterson Ranch,watterson ranch,farm,merged_exact_name_reviewed,TX,Bastrop,Bastrop ,78602,Watterson Road,public_business_address_reviewed_for_future_reduced_precision,29.9988715,-97.3660153,Pastured livestock and/or farm products; see source profile; Meat,Pastured-product farm; direct sales; Farms & Ranches,(512) 332-6084,trina@wattersonranch.com,internal_until_public_use_review,https://www.wattersonranch.com/,,https://www.instagram.com/watterson_ranch_beef/?hl=en,,True,False,False,False,False,False,False,2,txobs_ecf959f759584d19c991 | txobs_0951de52ac6239c980e5,EatWild Texas directory | Texas Center for Local Food — Farms & Ranches,https://www.eatwild.com/products/texas.html | https://texaslocalfood.org/tclf-partner/watterson-ranch/,D,2026-07-15,promotion_eligible_reviewed,,Fields selected by evidence grade; all underlying observations remain separately auditable.
TX-E4B927D39C,Youngs Prairie Dairy,youngs prairie dairy,farm,unique_source_name_reviewed,TX,Bastrop,Elgin,78621,356 Youngs Prairie Road,public_business_address_reviewed_for_future_reduced_precision,30.300514,-97.4119429,Dairy,Farms & Ranches,(512) 304-5201,ypdairy@gmail.com,internal_until_public_use_review,https://sharpgoatranch.com/,https://www.facebook.com/YoungsPrairieDairy,,,False,False,False,False,False,False,False,1,txobs_20494a4dc5bfd32eb42a,Texas Center for Local Food — Farms & Ranches,https://texaslocalfood.org/tclf-partner/youngs-prairie-dairy/,D,2026-07-15,promotion_eligible_reviewed,,Fields selected by evidence grade; all underlying observations remain separately auditable.
TX-11CB4C4EA2,Papalote Pea Patch,papalote pea patch,farm,unique_source_name_reviewed,TX,Bee,Papalote,78387,,public_business_address_reviewed_for_future_reduced_precision,,,"Cream Peas, Black eye Peas, purple-hull peas, Green Beans. | Highway 181, Papalote, TX 78387.",U-pick; agritourism,361-287-3506,,internal_until_public_use_review,,https://www.facebook.com/p/Papalote-PeaPatch-100068070984569/,,,True,False,False,False,True,False,False,1,txobs_1c5edcb3230f699c5364,PickYourOwn — Corpus Christi,https://www.pickyourown.org/TXcorpus.htm; https://pickyourown.farm/farms/corpus-christi-tx/; https://mail.pickyourown.org/pea-farms/TXcorpus-peas.php,E;D,2026-07-16,research_or_qa_queue,single grade-E discovery listing needs corroboration,"Current regional directories still list the seasonal pea farm and phone number, but the current evidence says to call before visiting and does not independently confirm current operation; retain in QA."
TX-9003DD0390,Aboud Family Farm,aboud family farm,farm,unique_source_name_reviewed,TX,Bell,Salado,76571,918 Hackberry Road,public_business_address_reviewed_for_future_reduced_precision,,,"Uses natural growing practices , blackberries, sunflowers, tulips,",U-pick; agritourism,(512) 656-2670,jpaboud80@yahoo.com,internal_until_public_use_review,,https://www.facebook.com/AboudFamilyFarm,,,True,False,False,False,True,False,False,1,txobs_8e38bd6308f0a34ba2a0,PickYourOwn — Austin,https://www.pickyourown.org/TXaustin.htm,D,2026-07-15,promotion_eligible_reviewed,,Fields selected by evidence grade; all underlying observations remain separately auditable.
TX-6D45721334,Baker’s Acres,bakers acres,farm,unique_source_name_reviewed,TX,Bell,Rogers,76569,15718 Stringtown Rd,public_business_address_reviewed_for_future_reduced_precision,,,Veteran owned farm providing A2A2 Jersey & goat milk herdshares! Local source of natural pasture raised pork & eggs!,Shop Texas Farms member,,,internal_until_public_use_review,,,,,True,False,False,False,False,False,False,1,txobs_acf7b7de3590f6774ecd,Shop Texas Farms — member business directory,https://shoptexasfarms.com/business-directory/entry/iait2/,D,2026-07-15,promotion_eligible_reviewed,,Fields selected by evidence grade; all underlying observations remain separately auditable.
TX-2B70BC3A8F,Bouldin Food Forest,bouldin food forest,farm,unique_source_name_reviewed,TX,Bell,Rogers,,,public_business_address_reviewed_for_future_reduced_precision,30.9315763,-97.2267205,Fruit; Vegetables,Farms & Ranches,,,internal_until_public_use_review,https://bouldinfoodforest.com/,https://www.facebook.com/bouldinfoodforest,https://www.instagram.com/bouldinfoodforest/,,False,False,False,False,False,False,False,1,txobs_1cde388e1620dffc8f33,Texas Center for Local Food — Farms & Ranches,https://texaslocalfood.org/tclf-partner/bouldin-food-forest/,D,2026-07-15,promotion_eligible_reviewed,,Fields selected by evidence grade; all underlying observations remain separately auditable.
TX-0786637EA1,Camp Cowboy,camp cowboy,farm,unique_source_name_reviewed,TX,Bell,Kempner,76539,2700 Sikes Dr.,public_business_address_reviewed_for_future_reduced_precision,,,Farm/ranch products; see official GO TEXAN profile,GO TEXAN Farm And Ranch; Associate,(253) 370-4987,,internal_until_public_use_review,https://www.campcowboy.org,,,,False,False,False,False,False,False,False,1,txobs_ad1de597f0ed986dff76,Texas Department of Agriculture — GO TEXAN Farm And Ranch,https://bridge.texasagriculture.gov/GoTexanSearch/?resultsFormat=CommaSeparatedValues&searchType=Advanced&pageSize=2147483647&businessType=Farm+And+Ranch&pageNumber=1,B,2026-07-15,promotion_eligible_reviewed,,Fields selected by evidence grade; all underlying observations remain separately auditable.
TX-B71AC324C5,Dr. Baker’s Grassfed Beef,dr bakers grassfed beef,farm,unique_source_name_reviewed,TX,Bell,Belton,76513,,public_business_address_reviewed_for_future_reduced_precision,,,Pastured livestock and/or farm products; see source profile,Pastured-product farm; direct sales,(254) 760-9127,dudleybaker@me.com,internal_until_public_use_review,,,,,True,False,False,False,False,False,False,1,txobs_4f8bd562174cff5199a6,EatWild Texas directory,https://www.eatwild.com/products/texas.html,D,2026-07-15,promotion_eligible_reviewed,,Fields selected by evidence grade; all underlying observations remain separately auditable.
TX-397B6E2F3A,Fifth Branch Farms,fifth branch farms,farm,unique_source_name_reviewed,TX,Bell,Florence,76549,"2450 Briggs Rd., Florence Texas 76549",public_business_address_reviewed_for_future_reduced_precision,,,Vegetables,Farm-to-school vendor candidate,+1 (512) 966-6505,fifthbranchfarms@gmail.com,internal_until_public_use_review,,,,,False,False,False,False,False,True,True,1,txobs_b1cf4b63ee62b157d750,Texas Department of Agriculture — Farm to School vendor resource list,https://www.squaremeals.org/Portals/8/files/NSLP/LFS/LFS%20Vendor%20Resource%20List%20Updated%20Nov%202024.pdf?ver=I7PGgvoElV78S-FFin0OiQ%3D%3D,D,2026-07-15,promotion_eligible_reviewed,,Fields selected by evidence grade; all underlying observations remain separately auditable.
TX-AA4A6CAC34,Gilmore Beef and Cattle Inc.,gilmore beef and cattle,farm,unique_source_name_reviewed,TX,Bell,Troy,,,public_business_address_reviewed_for_future_reduced_precision,,,Meat,Farm-to-school vendor candidate,,,internal_until_public_use_review,,https://www.facebook.com/people/Gilmore-Beef-and-Cattle-LLC/100089183265708/,,,False,False,False,False,False,True,True,1,txobs_84c0b8d9604e20821720,Texas Department of Agriculture — Farm to School vendor resource list,https://www.squaremeals.org/Portals/8/files/NSLP/LFS/LFS%20Vendor%20Resource%20List%20Updated%20Nov%202024.pdf?ver=I7PGgvoElV78S-FFin0OiQ%3D%3D,D,2026-07-15,promotion_eligible_reviewed,,Fields selected by evidence grade; all underlying observations remain separately auditable.
TX-7134CCD645,Halvorson's Hidden Harvest,halvorsons hidden harvest,farm,unique_source_name_reviewed,TX,Bell,Temple,76501,3200 Chief The Land,public_business_address_reviewed_for_future_reduced_precision,,,Baked Goods; Eggs; Fruit; Meat; Specialty Products; Vegetables,Farmers Markets & Farm Stands; Farms & Ranches; Food & Ag Resource; Grocery & Shops,2544231958,farm@halvorsonhiddenharvest.com,internal_until_public_use_review,https://www.halvorsonhiddenharvest.com,https://www.facebook.com/HalvorsonsHiddenHarvest/,,,True,False,False,False,False,False,True,1,txobs_c4f7a539b807a477027c,Texas Center for Local Food — Farms & Ranches,https://texaslocalfood.org/tclf-partner/halvorsons-hidden-harvest/,D,2026-07-15,promotion_eligible_reviewed,,Fields selected by evidence grade; all underlying observations remain separately auditable.
TX-57B85CC381,TrueHarvest Farms,trueharvest farms,farm,merged_exact_name_reviewed,TX,Bell,Belton,76513,"111 Trueharvest Wy, Belton, TX 76513",public_business_address_reviewed_for_future_reduced_precision,,,Farm/ranch products; see current statewide profile; Vegetables,Farms & Ranches; Specialty Producers; Farm-to-school vendor candidate,+1 (760) 583-3362,Lexi@TrueHarvestFarms.com,internal_until_public_use_review,https://trueharvestfarms.com/,https://www.facebook.com/trueharvestfarms,https://www.instagram.com/trueharvestfarms/,,False,False,False,False,False,True,True,2,txobs_e0a8fcbb535799859bc3 | txobs_64e728d3e2cd95f511e8,Texas Center for Local Food — Farms & Ranches | Texas Department of Agriculture — Farm to School vendor resource list,https://texaslocalfood.org/tclf-partner/trueharvest-farms/ | https://www.squaremeals.org/Portals/8/files/NSLP/LFS/LFS%20Vendor%20Resource%20List%20Updated%20Nov%202024.pdf?ver=I7PGgvoElV78S-FFin0OiQ%3D%3D,D,2026-07-15,promotion_eligible_reviewed,,Fields selected by evidence grade; all underlying observations remain separately auditable.
TX-B1ADE81DDF,Welch Farms & Cattle,welch farms and cattle,farm,unique_source_name_reviewed,TX,Bell,Troy,76579,"PO Box 578 Troy, TX 76579",public_business_address_reviewed_for_future_reduced_precision,,,Meat,Farm-to-school vendor candidate,(254)760-5890,mowelch@hughes.net,internal_until_public_use_review,,,,,False,False,False,False,False,True,True,1,txobs_7d03ea4122e9d44b68b1,Texas Department of Agriculture — Farm to School vendor resource list,https://www.squaremeals.org/Portals/8/files/NSLP/LFS/LFS%20Vendor%20Resource%20List%20Updated%20Nov%202024.pdf?ver=I7PGgvoElV78S-FFin0OiQ%3D%3D,D,2026-07-15,promotion_eligible_reviewed,,Fields selected by evidence grade; all underlying observations remain separately auditable.
TX-C184F453AC,Armadillo Gardens,armadillo gardens,farm,merged_exact_name_reviewed,TX,Bexar,San Antonio,78209,Eleanor Ave,public_business_address_reviewed_for_future_reduced_precision,,,Seasonal vegetables; CSA shares; arugula; beets; broccoli; cabbage; carrots; chinese greens; collards; green onions; kale; leeks; lettuce; radishes; rutabagas; salad greens; salad mix; spinach; celery; cucumber; green beans; potatoes; summer squash; sweet peppers; swiss chard; tomatoes; zucchini; fresh flowers; okra; sweet potatoes,Urban market garden; CSA; LocalHarvest Family Farm,(210) 878-5686,,internal_until_public_use_review,https://www.armadillogardens.com/,,https://instagram.com/armadillo_gardens/,,True,False,False,False,False,False,False,2,txobs_1790e938fcb0d25cb613 | txobs_c880853c11a0b7e5d894,FarmFinder curator verification — farm-owned or authoritative evidence | LocalHarvest — Texas county-seat gap search,https://www.armadillogardens.com/ | https://www.localharvest.org/armadillo-gardens-M86257,C; D,2026-07-15,promotion_eligible_reviewed,,Fields selected by evidence grade; all underlying observations remain separately auditable.
TX-4872010896,Behind the Oaks Farm,behind the oaks farm,farm,unique_source_name_reviewed,TX,Bexar,Schertz,78154,8522 Greaves Lane,public_business_address_reviewed_for_future_reduced_precision,29.5139301,-98.2550087,Dairy; Dog Treats; Eggs; Fish; Meat; Tallow,Farmers Markets & Farm Stands; Farms & Ranches,(210)793-1027,info@behindtheoaksfarm.com,internal_until_public_use_review,https://www.behindtheoaksfarm.com,,https://www.instagram.com/behindtheoaksfarm,,True,False,False,False,False,False,True,1,txobs_bf7a7153a540635b6724,Texas Center for Local Food — Farms & Ranches,https://texaslocalfood.org/tclf-partner/behind-the-oaks-farm/,D,2026-07-15,promotion_eligible_reviewed,,Fields selected by evidence grade; all underlying observations remain separately auditable.
TX-FA6B41B33F,Drains Made Simple,drains made simple,farm,unique_source_name_reviewed,TX,Bexar,San Antonio,78216,7340 Blanco Road - Suite 117,public_business_address_reviewed_for_future_reduced_precision,,,Farm/ranch products; see official GO TEXAN profile,GO TEXAN Farm And Ranch; Associate,(954) 465-6014,,internal_until_public_use_review,https://drainsmadesimple.com,,,,True,False,False,False,False,False,False,1,txobs_1c4fb0f0807b882f2d4e,Texas Department of Agriculture — GO TEXAN Farm And Ranch,https://bridge.texasagriculture.gov/GoTexanSearch/?resultsFormat=CommaSeparatedValues&searchType=Advanced&pageSize=2147483647&businessType=Farm+And+Ranch&pageNumber=1,B,2026-07-15,promotion_eligible_reviewed,,Fields selected by evidence grade; all underlying observations remain separately auditable.
TX-F080A09C11,Growtopia Farms LLC,growtopia farms,farm,unique_source_name_reviewed,TX,Bexar,Converse,78109,,public_business_address_reviewed_for_future_reduced_precision,29.8832105,-97.6736292,Vegetables,Farms & Ranches,512-745-5884,growtopiafarmsllc@gmail.com,internal_until_public_use_review,https://growtopiafarmstx.com/,https://www.facebook.com/growtopia.farms.7,https://www.instagram.com/growtopiatx/,,True,False,False,False,False,False,False,1,txobs_d77751b22a2f73e56091,Texas Center for Local Food — Farms & Ranches,https://texaslocalfood.org/tclf-partner/growtopia-farms-llc/,D,2026-07-15,promotion_eligible_reviewed,,Fields selected by evidence grade; all underlying observations remain separately auditable.
TX-E950512C2B,Puro Beef,puro beef,farm,unique_source_name_reviewed,TX,Bexar,Von Ormy,78073,5350 South Loop 1604 West,public_business_address_reviewed_for_future_reduced_precision,,,Premium Texas Beef Delivered to Your Doorstep With Free S&H in Texas. From 1 lb to a Whole Cow.,Shop Texas Farms member,,,internal_until_public_use_review,,,,,True,False,False,False,False,False,False,1,txobs_4b9cf8e2766036ec600b,Shop Texas Farms — member business directory,https://shoptexasfarms.com/business-directory/entry/c1zpb/,D,2026-07-15,promotion_eligible_reviewed,,Fields selected by evidence grade; all underlying observations remain separately auditable.
TX-EECC339171,Rancho Seco,rancho seco,farm,merged_exact_name_reviewed,TX,Bexar,Atascosa,78002,16012 Wheeler Rd,public_business_address_reviewed_for_future_reduced_precision,,,Broth Bones; Eggs; Meat; Specialty Products; Tallow; Beef; Chicken; Pecans; Pork,Farmers Markets & Farm Stands; Farms & Ranches; Food & Ag Resource; GO TEXAN Farm And Ranch; Product,(210) 347-9694,info@ranchosecocattleco.com,internal_until_public_use_review,https://www.ranchosecocattleco.com,,,,True,False,False,False,False,False,True,2,txobs_4be4be1e0ab133ef51a1 | txobs_e9e002c834ea2a5da19c,Texas Center for Local Food — Farms & Ranches | Texas Department of Agriculture — GO TEXAN Farm And Ranch,https://texaslocalfood.org/tclf-partner/rancho-seco/ | https://bridge.texasagriculture.gov/GoTexanSearch/?resultsFormat=CommaSeparatedValues&searchType=Advanced&pageSize=2147483647&businessType=Farm+And+Ranch&pageNumber=1,B; D,2026-07-15,promotion_eligible_reviewed,,Fields selected by evidence grade; all underlying observations remain separately auditable.
TX-FAD58D4507,Shady Falls Farm,shady falls farm,farm,unique_source_name_reviewed,TX,Bexar,Elmendorf,78112,17049 Shady Falls,public_business_address_reviewed_for_future_reduced_precision,,,goat; lamb; pork; chicken; duck; rabbit; turkey; eggs; American Bronze Turkey; Bourbon Red Turkey; New Hampshire Chicken; Plymouth Rock Chicken; Royal Palm Turkey,LocalHarvest Family Farm,(210) 288-8041,,internal_until_public_use_review,https://www.shadyfallsfarm.com,http://www.facebook.com/ShadyFallsFarm,,,True,False,False,False,False,False,False,1,txobs_a23ce393210b7530083b,LocalHarvest — Texas county-seat gap search,https://www.localharvest.org/shady-falls-farm-M25437,D,2026-07-15,promotion_eligible_reviewed,,Fields selected by evidence grade; all underlying observations remain separately auditable.
TX-62FF15C73C,Soli,soli,farm,unique_source_name_reviewed,TX,Bexar,San Antonio,78223,3315 Global Way,public_business_address_reviewed_for_future_reduced_precision,,,Soli Organic 0.5oz Basil; Soli Organic 0.5oz Chives; Soli Organic 0.5oz Cilantro; Soli Organic 0.5oz Dill; Soli Organic 0.5oz Italian Parsley; Soli Organic 0.5oz Mint; Soli Organic 0.5oz Oregano; Soli Organic 0.5oz Rosemary; Soli Organic 0.5oz Sage; Soli Organic 0.5oz Thyme; Soli Organic Potted Living Organic Herbs,GO TEXAN Farm And Ranch; Product,,,internal_until_public_use_review,https://www.soliorganic.com/,,,,False,False,False,False,False,True,False,1,txobs_3d3d043bd4d9458756c4,Texas Department of Agriculture — GO TEXAN Farm And Ranch,https://bridge.texasagriculture.gov/GoTexanSearch/?resultsFormat=CommaSeparatedValues&searchType=Advanced&pageSize=2147483647&businessType=Farm+And+Ranch&pageNumber=1,B,2026-07-15,promotion_eligible_reviewed,,Fields selected by evidence grade; all underlying observations remain separately auditable.
TX-24E8E9F284,The Betsy Blue Farm,the betsy blue farm,farm,unique_source_name_reviewed,TX,Bexar,San Antonio,78253,6312 FM 471 North,public_business_address_reviewed_for_future_reduced_precision,29.5044873,-98.7316966,Eggs; Fruit; Non-food; Specialty Products; Vegetables,Farmers Markets & Farm Stands; Farms & Ranches,(512) 585-9547,thebetsybluefarm@hotmail.com,internal_until_public_use_review,https://thebetsybluefarm.com/,https://www.facebook.com/betsybluefarm,,,True,False,False,False,False,False,False,1,txobs_35724e0729a594fad0c1,Texas Center for Local Food — Farms & Ranches,https://texaslocalfood.org/tclf-partner/the-betsy-blue-farm/,D,2026-07-15,promotion_eligible_reviewed,,Fields selected by evidence grade; all underlying observations remain separately auditable.
TX-3BEC72BBE6,The Wild Farm SATX,the wild farm satx,farm,unique_source_name_reviewed,TX,Bexar,San Antonio,78228,410 E. Cheryl Dr.,public_business_address_reviewed_for_future_reduced_precision,,,Flowers; Herbs; Vegetables,Community Gardens; Farms & Ranches,,thewildfarmsatx@gmail.com,internal_until_public_use_review,https://www.tiktok/thewildfarm,https://www.facebook.com/Thewildfarmsatx,https://www.instagram.com/thewildfarmsatx,,False,False,False,False,False,False,True,1,txobs_551aef8087e369205d21,Texas Center for Local Food — Farms & Ranches,https://texaslocalfood.org/tclf-partner/the-wild-farm-satx/,D,2026-07-15,promotion_eligible_reviewed,,Fields selected by evidence grade; all underlying observations remain separately auditable.
TX-7B5A58A20A,Hill Country Lavender,hill country lavender,farm,unique_source_name_reviewed,TX,Blanco,Blanco County service area,,,public_business_address_reviewed_for_future_reduced_precision,,,Lavender,U-pick; agritourism,830-833-2294,info@hillcountrylavender.com,internal_until_public_use_review,https://www.hillcountrylavender.com,,,,True,False,False,False,True,False,False,1,txobs_7497510383eab6dc0572,PickYourOwn — Austin,https://www.pickyourown.org/TXaustin.htm,D,2026-07-15,promotion_eligible_reviewed,,Fields selected by evidence grade; all underlying observations remain separately auditable.
TX-CFF027C9BF,M & J Lavender Farm,m and j lavender farm,farm,official_and_directory_corroborated,TX,Blanco,Johnson City,78636,2484 Round Mountain Sandy Road,public_business_address_reviewed_for_future_reduced_precision,,,Lavender; flowers; agritourism,Farm; U-pick; agritourism,830-693-6624,mstep@hughes.net,internal_until_public_use_review,https://www.mjlavenderfarm.com,,,,True,True,False,False,True,False,False,1,txobs_a8583aea6fd188adb9e2,PickYourOwn — Austin,https://www.mjlavenderfarm.com; https://pickyourown.farm/farm/m-j-lavender-farm-6984/; https://www.allbiz.com/business/m-j-lavender-farm-830-385-3336,E;D,2026-07-16,promotion_eligible_reviewed,,Current directory and independent business evidence corroborate the Johnson City lavender farm; one directory lists ZIP 78663 while the current retained public service address remains 78636.
TX-3C3CA407A4,Orobianco,orobianco,farm,unique_source_name_reviewed,TX,Blanco,Blanco,78606,503 Main St,public_business_address_reviewed_for_future_reduced_precision,,,Burrata; Butter; Gelato; Mozzarella; Ricotta,GO TEXAN Farm And Ranch; Product,(830) 998-4221,,internal_until_public_use_review,https://www.orobiancomilk.com,,,,True,False,False,False,False,True,False,1,txobs_ce2b619d3e3db8a51145,Texas Department of Agriculture — GO TEXAN Farm And Ranch,https://bridge.texasagriculture.gov/GoTexanSearch/?resultsFormat=CommaSeparatedValues&searchType=Advanced&pageSize=2147483647&businessType=Farm+And+Ranch&pageNumber=1,B,2026-07-15,promotion_eligible_reviewed,,Fields selected by evidence grade; all underlying observations remain separately auditable.
TX-0ECFF2528D,William Chris Vineyards,william chris vineyards,farm,unique_source_name_reviewed,TX,Blanco,Hye,78635,10352 Hwy 290,public_business_address_reviewed_for_future_reduced_precision,,,Grapes; Wine,GO TEXAN Farm And Ranch; Product,,,internal_until_public_use_review,https://williamchriswines.com,,,,True,False,False,False,False,True,False,1,txobs_fc9d8c030aa7418c5516,Texas Department of Agriculture — GO TEXAN Farm And Ranch,https://bridge.texasagriculture.gov/GoTexanSearch/?resultsFormat=CommaSeparatedValues&searchType=Advanced&pageSize=2147483647&businessType=Farm+And+Ranch&pageNumber=1,B,2026-07-15,promotion_eligible_reviewed,,Fields selected by evidence grade; all underlying observations remain separately auditable.
TX-6C2D08E286,Lovejoy Farm,lovejoy farm,farm,unique_source_name_reviewed,TX,Bosque,Clifton ,76634,,public_business_address_reviewed_for_future_reduced_precision,,,Pastured livestock and/or farm products; see source profile,Pastured-product farm; direct sales,(254) 332-0037,lovejoy61833@centurylink.net,internal_until_public_use_review,https://lovejoyfarm.com/,https://www.facebook.com/people/Lovejoy-Farm/100079622367512/,https://www.instagram.com/lovejoy_farm/,,True,False,False,False,False,False,False,1,txobs_0755924a1d3a5f890e43,EatWild Texas directory,https://www.eatwild.com/products/texas.html,D,2026-07-15,promotion_eligible_reviewed,,Fields selected by evidence grade; all underlying observations remain separately auditable.
TX-5BA7FFEF0F,Anderson Family Farms,anderson family farms,farm,unique_source_name_reviewed,TX,Bowie,Maud,75567,332 County Road 1107,public_business_address_reviewed_for_future_reduced_precision,,,"Uses natural growing practices , apples, beans, broccoli, corn (sweet), cucumbers, herbs/spices, melons, onions, pears, peas, peaches, pecans, peppers, plums, winter squash, tomatoes, other vegetables, watermelons, Fresh eggs",U-pick; agritourism,(903) 276-7474,frontierman1969@yahoo.com,internal_until_public_use_review,,https://www.facebook.com/Anderson-Family-Farms-312857766070213/,,,True,False,False,False,True,False,False,1,txobs_d0b1211bab793de218ae,PickYourOwn — Northeast,https://www.pickyourown.org/TXnortheast.htm,D,2026-07-15,promotion_eligible_reviewed,,Fields selected by evidence grade; all underlying observations remain separately auditable.
TX-594E3EAC7B,Moss Springs Berry Farm,moss springs berry farm,farm,unique_source_name_reviewed,TX,Bowie,New Boston,75570,1529 Fm 2149 West,public_business_address_reviewed_for_future_reduced_precision,,,"blackberries,",U-pick; agritourism,903-826-3164,belum1@windstream.net,internal_until_public_use_review,,https://www.facebook.com/Moss-Springs-Berry-Farm-192045577509177,,,True,False,False,False,True,False,False,1,txobs_ceb26f89797cff2f7ff1,PickYourOwn — Northeast,https://www.pickyourown.org/TXnortheast.htm,D,2026-07-15,promotion_eligible_reviewed,,Fields selected by evidence grade; all underlying observations remain separately auditable.
TX-C556B0DC73,Rock Bar Meatworks,rock bar meatworks,farm,unique_source_name_reviewed,TX,Bowie,Hooks,75561,1258 Palmer Drive,public_business_address_reviewed_for_future_reduced_precision,,,beef; pork,LocalHarvest Family Farm,(903) 277-7210,,internal_until_public_use_review,,https://www.facebook.com/RockBarMeatworks,,,True,False,False,False,False,False,False,1,txobs_3bc24b0ad8561cada9dd,LocalHarvest — Texas county-seat gap search,https://www.localharvest.org/rock-bar-meatworks-M81810,D,2026-07-15,promotion_eligible_reviewed,,Fields selected by evidence grade; all underlying observations remain separately auditable.
TX-9EBC5FC91B,Bellecreek Farm,bellecreek farm,farm,unique_source_name_reviewed,TX,Brazoria,Rosharon,77583,4520 County Road 64,public_business_address_reviewed_for_future_reduced_precision,,,lamb; eggs; chicken,LocalHarvest Family Farm,(281) 431-5060,,internal_until_public_use_review,,,,,True,False,False,False,False,False,False,1,txobs_08d4b6048834c71ba2c7,LocalHarvest — Texas county-seat gap search,https://www.localharvest.org/bellecreek-farm-M23276,D,2026-07-15,promotion_eligible_reviewed,,Fields selected by evidence grade; all underlying observations remain separately auditable.
TX-DABE2DB1D7,Buster's Chickens,busters chickens,farm,unique_source_name_reviewed,TX,Brazoria,Rosharon,,,public_business_address_reviewed_for_future_reduced_precision,,,"okra; potatoes; tangerines; chicken; gamebird; rabbit; squab; eggs; pecans; honey; seeds; carrots; summer squash; zucchini; fresh flowers; Cayuga Duck; Dominique Chicken; Midget White Turkey; Narragansett Turkey; Plymouth Rock Chicken; Rhode Island Red Chicken, ""Old-Type""; Royal Palm Turkey",LocalHarvest Family Farm,(713) 306-0377,,internal_until_public_use_review,https://www.busterschickens.com,http://www.facebook.com/busters.chickens.85,,,True,False,False,False,False,False,False,1,txobs_9751f243559c34934a0d,LocalHarvest — Texas county-seat gap search,https://www.localharvest.org/busters-chickens-M16948,D,2026-07-15,promotion_eligible_reviewed,,Fields selected by evidence grade; all underlying observations remain separately auditable.
TX-11C766ACE0,Circle M Eggs - Alvin Texas,circle m eggs alvin texas,farm,unique_source_name_reviewed,TX,Brazoria,Alvin,,,public_business_address_reviewed_for_future_reduced_precision,,,eggs,LocalHarvest Family Farm,,,internal_until_public_use_review,https://circlemeggs.com,http://www.facebook.com/circlemeggs,,,True,False,False,False,False,False,False,1,txobs_c79cbe7e79e639e4f307,LocalHarvest — Texas county-seat gap search,https://www.localharvest.org/circle-m-eggs-alvin-texas-M48593,D,2026-07-15,promotion_eligible_reviewed,,Fields selected by evidence grade; all underlying observations remain separately auditable.
TX-A5D7105534,Froberg Vegetable & Fruit Farm,froberg vegetable and fruit farm,farm,merged_exact_name_reviewed,TX,Brazoria,Alvin,77511,11875 County Road 190,public_business_address_reviewed_for_future_reduced_precision,,,"Strawberries; vegetables; fruit; U-pick; seasonal crops; PYO strawberries, citrus, Satsumas, Texas Naval Oranges, Tangelo's, Grapefruit, Sweet Kumquats, Meyer Lemons, and prepicked fruit and vegetables, autumn corn maze and Fall festival, corn maze, pumpkins, Christmas trees,",Produce farm; U-pick; farm store; agritourism,(281) 585-3531,frobergsfarm@frobergsfarm.com,internal_until_public_use_review,https://frobergsfarm.com/,https://www.facebook.com/FrobergFarm/,,,True,False,False,False,True,False,False,2,txobs_d82ba6bfb817afa932a2 | txobs_323d3c72602aa78ac720,FarmFinder curator verification — farm-owned or authoritative evidence | PickYourOwn — Houston / Southeast,https://frobergsfarm.com/ | https://www.pickyourown.org/TXhouston.htm,C; D,2026-07-15,promotion_eligible_reviewed,,Fields selected by evidence grade; all underlying observations remain separately auditable.
TX-7169ABEAF7,Gina's Acres,ginas acres,farm,merged_exact_name_reviewed,TX,Brazoria,Damon,77430,1818 CR 18,public_business_address_reviewed_for_future_reduced_precision,,,Grass-fed beef; pasture-raised pork; eggs; beef; pork; Red Wattle Hog,Livestock farm; direct-market farm; LocalHarvest Family Farm,(832) 451-2202,,internal_until_public_use_review,https://www.grittyfarmgirl.com/home2,http://www.facebook.com/GinasAcres,https://instagram.com/ginasacres,,True,False,False,False,False,False,False,2,txobs_1132f34fc2ffefead14e | txobs_a9d2e25b1eb05c7c239a,FarmFinder curator verification — farm-owned or authoritative evidence | LocalHarvest — Texas county-seat gap search,https://www.grittyfarmgirl.com/home2 | https://www.localharvest.org/ginas-acres-M80024,C; D,2026-07-15,promotion_eligible_reviewed,,Fields selected by evidence grade; all underlying observations remain separately auditable.
TX-59AF2C12AC,Jolly Farms Chickens,jolly farms chickens,farm,merged_exact_name_reviewed,TX,Brazoria,Alvin,77511,618 CR 192,public_business_address_reviewed_for_future_reduced_precision,,,Pasture-raised chicken; chicken,Poultry farm; direct-market farm; LocalHarvest Family Farm,(713) 922-3652,,internal_until_public_use_review,https://www.jollyfarms.org,http://www.facebook.com/grass-raised-chicken,,,True,False,False,False,False,False,False,2,txobs_ac3f398e0475c358c54b | txobs_1215e6f5a6a8cc146446,FarmFinder curator verification — farm-owned or authoritative evidence | LocalHarvest — Texas county-seat gap search,https://www.jollyfarms.org/ | https://www.localharvest.org/jolly-farms-chickens-M70650,C; D,2026-07-15,promotion_eligible_reviewed,,Fields selected by evidence grade; all underlying observations remain separately auditable.
TX-DE7A8E57FD,Murdock's Country Place,murdocks country place,farm,unique_source_name_reviewed,TX,Brazoria,Alvin,77511,13527 Amanda dr,public_business_address_reviewed_for_future_reduced_precision,,,eggs,LocalHarvest Family Farm,(281) 912-4146,,internal_until_public_use_review,https://lauraemurdock.blogspot.com/,http://www.facebook.com/MurdocksCountryPlace,,,True,False,False,False,False,False,False,1,txobs_540ce2cef7f950d787bf,LocalHarvest — Texas county-seat gap search,https://www.localharvest.org/murdocks-country-place-M64687,D,2026-07-15,promotion_eligible_reviewed,,Fields selected by evidence grade; all underlying observations remain separately auditable.
TX-CFAA3F37CE,Stroope Family Honey Farm,stroope family honey farm,farm,unique_source_name_reviewed,TX,Brazoria,Pearland,77581,"1915 Quinn Rd, Pearland, TX 77581",public_business_address_reviewed_for_future_reduced_precision,,,Honey,Farm-to-school vendor candidate,2819967890 ​Lstroope@StroopeFarms.com,,internal_until_public_use_review,http://www.stroopefarms.com/,,,,False,False,False,False,False,True,True,1,txobs_feaeeb1ecdb5962f2bce,Texas Department of Agriculture — Farm to School vendor resource list,https://www.squaremeals.org/Portals/8/files/NSLP/LFS/LFS%20Vendor%20Resource%20List%20Updated%20Nov%202024.pdf?ver=I7PGgvoElV78S-FFin0OiQ%3D%3D,D,2026-07-15,promotion_eligible_reviewed,,Fields selected by evidence grade; all underlying observations remain separately auditable.
TX-BB2774D616,Tegwende Organic Farming,tegwende organic farming,farm,unique_source_name_reviewed,TX,Brazoria,Freeport,77541,,public_business_address_reviewed_for_future_reduced_precision,28.9541368,-95.3596617,Farm/ranch products; see current statewide profile,Farms & Ranches,832-274-9484,jroub2kpi2@yahoo.fr,internal_until_public_use_review,https://www.youtube.com/@tegwendejoubda3425,https://www.facebook.com/profile.php?id=100093493269371&sk=about,,,False,False,False,False,False,False,False,1,txobs_c09bc1777c48e847a8e2,Texas Center for Local Food — Farms & Ranches,https://texaslocalfood.org/tclf-partner/tegwende-organic-farming/,D,2026-07-15,promotion_eligible_reviewed,,Fields selected by evidence grade; all underlying observations remain separately auditable.
TX-CF19D55FBC,Wild Turkey Farm,wild turkey farm,farm,unique_source_name_reviewed,TX,Brazoria,Brazoria,,,public_business_address_reviewed_for_future_reduced_precision,,,cabbage; carrots; cauliflower; chinese greens; collards; potatoes; radishes; sweet potatoes; winter-squash; limes; rhubarb; eggs; beets; cucumber; daikon; green onions; leeks; onions; peas; salad greens; summer squash; tomatoes; zucchini; blackberries; tropicals; sweet corn; eggplant; hot peppers; okra; shallots; sweet peppers; asian-pears; cantaloupes; figs; melons; pears; persimmons; plums; watermelons; pumpkins; gourds,LocalHarvest Family Farm,,,internal_until_public_use_review,,http://www.facebook.com/WildTurkeyFarm,,,True,False,False,False,False,False,False,1,txobs_2af16ee42d1f192f2dbb,LocalHarvest — Texas county-seat gap search,https://www.localharvest.org/wild-turkey-farm-M27180,D,2026-07-15,promotion_eligible_reviewed,,Fields selected by evidence grade; all underlying observations remain separately auditable.
TX-C341E6F886,Growin on Faith Farm,growin on faith farm,farm,unique_source_name_reviewed,TX,Brazos,College Station,77845,1606 Feather Run,public_business_address_reviewed_for_future_reduced_precision,,,Meat,Farms & Ranches,,growinonfaithfarmtx@gmail.com,internal_until_public_use_review,https://www.gofaithfarm.com/,https://www.facebook.com/Growinonfaith/,,,True,False,False,False,False,False,False,1,txobs_89144f9d8d01281216b7,Texas Center for Local Food — Farms & Ranches,https://texaslocalfood.org/tclf-partner/growin-on-faith-farm/,D,2026-07-15,promotion_eligible_reviewed,,Fields selected by evidence grade; all underlying observations remain separately auditable.
TX-4BAFEF1C5D,Hurst Livestock Co.,hurst livestock co,farm,unique_source_name_reviewed,TX,Brazos,Bryan,77808,8477 Hopkins Lane,public_business_address_reviewed_for_future_reduced_precision,,,Baked Goods; Eggs; Meat; Specialty Products; Vegetables,Farmers Markets & Farm Stands; Farms & Ranches,,hurstlivestockco@gmail.com,internal_until_public_use_review,https://www.hurstlivestockco.com,,,,True,False,False,False,False,False,True,1,txobs_60f43e02d21c805bd77f,Texas Center for Local Food — Farms & Ranches,https://texaslocalfood.org/tclf-partner/hurst-livestock-co/,D,2026-07-15,promotion_eligible_reviewed,,Fields selected by evidence grade; all underlying observations remain separately auditable.
TX-B842C977D3,Readfield'S Butcher Shoppe,readfields butcher shoppe,farm,unique_source_name_reviewed,TX,Brazos,Bryan,77802,2130 East William Joel Bryan Par,public_business_address_reviewed_for_future_reduced_precision,,,Chedder And Bacon Smoked Sausage; Country Style Smoked Sausage; Jalapeno And Cheese Smoked Sausage; Jerky Snack Sticks; Old German Receipt Smoked Sausage; Smoked Sausage Links; Summer Sausage,GO TEXAN Farm And Ranch; Product,(646) 249-2436,,internal_until_public_use_review,,,,,True,False,False,False,False,True,False,1,txobs_745261a9f53b98817953,Texas Department of Agriculture — GO TEXAN Farm And Ranch,https://bridge.texasagriculture.gov/GoTexanSearch/?resultsFormat=CommaSeparatedValues&searchType=Advanced&pageSize=2147483647&businessType=Farm+And+Ranch&pageNumber=1,B,2026-07-15,promotion_eligible_reviewed,,Fields selected by evidence grade; all underlying observations remain separately auditable.
TX-CE7BF860D9,Rockin' S Ranch,rockin s ranch,farm,unique_source_name_reviewed,TX,Brazos,Bryan,77808,7324 Bickham Cemetery Rd,public_business_address_reviewed_for_future_reduced_precision,,,Farm/ranch products; see current statewide profile,Farms & Ranches,(979) 318-2110,siegertllc@gmail.com,internal_until_public_use_review,https://www.rockinstx.com/,https://www.facebook.com/rockinstx/,,,False,False,False,False,False,False,False,1,txobs_f3fc534922e75b2d003b,Texas Center for Local Food — Farms & Ranches,https://texaslocalfood.org/tclf-partner/rockin-s-ranch/,D,2026-07-15,promotion_eligible_reviewed,,Fields selected by evidence grade; all underlying observations remain separately auditable.
TX-5CA0385B6E,The Urban Howdy Farm,the urban howdy farm,farm,unique_source_name_reviewed,TX,Brazos,College Station,77840,555 Floriculture Rd,public_business_address_reviewed_for_future_reduced_precision,,,Farm/ranch products; see current statewide profile,Farms & Ranches,,thehowdyfarm@gmail.com,internal_until_public_use_review,http://tamuhowdyfarm.weebly.com/,,https://www.instagram.com/urbanhowdyfarm/?hl=en,,False,False,False,False,False,False,False,1,txobs_e84407971ea8fe3e1c73,Texas Center for Local Food — Farms & Ranches,https://texaslocalfood.org/tclf-partner/the-urban-howdy-farm/,D,2026-07-15,promotion_eligible_reviewed,,Fields selected by evidence grade; all underlying observations remain separately auditable.
TX-372CD811F2,Karleen Farmstead,karleen farmstead,farm,unique_source_name_reviewed,TX,Brewster,Alpine,79832,805 West Fort Davis Avenue,public_business_address_reviewed_for_future_reduced_precision,,,"sunflowers, zinnias, flowers, herbs or spices,",U-pick; agritourism,(432) 294-0667,karleenfarmstead@gmail.com,internal_until_public_use_review,,https://www.facebook.com/karleen.farmstead/,https://www.instagram.com/karleenfarmstead,,True,False,False,False,True,False,False,1,txobs_2d1db1f46ca256835960,PickYourOwn — Far West,https://www.pickyourown.org/TXfarwest.htm,D,2026-07-15,promotion_eligible_reviewed,,Fields selected by evidence grade; all underlying observations remain separately auditable.
TX-3A21AB114B,Kokernot O6 Ranch; Inc,kokernot o6 ranch,farm,unique_source_name_reviewed,TX,Brewster,Alpine,79830,410 N 5th Street,public_business_address_reviewed_for_future_reduced_precision,,,Beef,GO TEXAN Farm And Ranch; Product,(432) 386-3402,,internal_until_public_use_review,https://www.o6ranchtexas.com,,,,True,False,False,False,False,False,False,1,txobs_35c6ac09cd3323f0c817,Texas Department of Agriculture — GO TEXAN Farm And Ranch,https://bridge.texasagriculture.gov/GoTexanSearch/?resultsFormat=CommaSeparatedValues&searchType=Advanced&pageSize=2147483647&businessType=Farm+And+Ranch&pageNumber=1,B,2026-07-15,promotion_eligible_reviewed,,Fields selected by evidence grade; all underlying observations remain separately auditable.
TX-69F245D962,3jk Meat And Provisions; Llc,3jk meat and provisions,farm,unique_source_name_reviewed,TX,Brown,Zephyr,76890,2025 Cr 304,public_business_address_reviewed_for_future_reduced_precision,,,Beef; Pork; Seasonings,GO TEXAN Farm And Ranch; Product,(325) 200-8641,,internal_until_public_use_review,,,,,True,False,False,False,False,False,False,1,txobs_9e011599318c76bbe14c,Texas Department of Agriculture — GO TEXAN Farm And Ranch,https://bridge.texasagriculture.gov/GoTexanSearch/?resultsFormat=CommaSeparatedValues&searchType=Advanced&pageSize=2147483647&businessType=Farm+And+Ranch&pageNumber=1,B,2026-07-15,promotion_eligible_reviewed,,Fields selected by evidence grade; all underlying observations remain separately auditable.
TX-427A04B6E8,Brownwood Area Farmers Market CSA Group,brownwood area farmers market csa group,farm,unique_source_name_reviewed,TX,Brown,Brownwood,76801,"Brady Ave. , Under the Austin Ave. Overpass",public_business_address_reviewed_for_future_reduced_precision,,,eggs; arugula; beets; cucumber; green beans; kale; leeks; lettuce; mustard greens; peas; radishes; salad greens; salad mix; spinach; swiss chard; apricots; blackberries; plums; strawberries; pecans; medicinal herbs; sprouts; carrots; celery; chinese greens; collards; sweet corn; daikon; eggplant; garlic; okra; onions; potatoes; shallots; summer squash; sweet peppers; sweet potatoes; tomatoes; turnips; winter-squash; zucchini; asian-pears; cantaloupes; figs; guavas; quince; watermelons; persimmons,LocalHarvest Family Farm,(325) 646-1422,,internal_until_public_use_review,,,,,True,False,False,False,False,False,False,1,txobs_5052f445ffc5c72daeda,LocalHarvest — Texas county-seat gap search,https://www.localharvest.org/brownwood-area-farmers-market-csa-group-M29699,D,2026-07-15,promotion_eligible_reviewed,,Fields selected by evidence grade; all underlying observations remain separately auditable.
TX-EC503462CE,McClatchy Ranch,mcclatchy ranch,farm,unique_source_name_reviewed,TX,Brown,Bangs ,76823,,public_business_address_reviewed_for_future_reduced_precision,,,Pastured livestock and/or farm products; see source profile,Pastured-product farm; direct sales,(325) 348-3049,merridee@web-access.net,internal_until_public_use_review,http://www.mcclatchyranch.com,,,,True,False,False,False,False,False,False,1,txobs_271bceade6bf2d13a4a9,EatWild Texas directory,https://www.eatwild.com/products/texas.html,D,2026-07-15,promotion_eligible_reviewed,,Fields selected by evidence grade; all underlying observations remain separately auditable.
TX-B2D6FE4C21,Todd's Organic Garden,todds organic garden,farm,unique_source_name_reviewed,TX,Brown,Brownwood,76801,2 Cindy Cove,public_business_address_reviewed_for_future_reduced_precision,,,arugula; salad greens; salad mix; spinach; swiss chard; eggs; peas; radishes; fresh flowers; beets; carrots; cucumber; eggplant; okra; sweet peppers; tomatoes; figs; pecans,LocalHarvest Family Farm,(325) 646-1422,,internal_until_public_use_review,https://toddsorganicgarden.com,,,,True,False,False,False,False,False,False,1,txobs_c16c9019b637fc68dc9e,LocalHarvest — Texas county-seat gap search,https://www.localharvest.org/todds-organic-garden-M28102,D,2026-07-15,promotion_eligible_reviewed,,Fields selected by evidence grade; all underlying observations remain separately auditable.
TX-ED9E3B5170,Yoes Peach Orchards,yoes peach orchards,farm,unique_source_name_reviewed,TX,Brown,May,76857,15825 N Hwy 183,public_business_address_reviewed_for_future_reduced_precision,,,peaches,LocalHarvest Family Farm,(254) 259-3123,,internal_until_public_use_review,,,,,True,False,False,False,False,False,False,1,txobs_c7abea3310b7036dbe3a,LocalHarvest — Texas county-seat gap search,https://www.localharvest.org/yoes-peach-orchards-M28864,D,2026-07-15,promotion_eligible_reviewed,,Fields selected by evidence grade; all underlying observations remain separately auditable.
TX-A398E8F9BE,BCS Chicken,bcs chicken,farm,unique_source_name_reviewed,TX,Burleson,Somerville,77879,"1510 Oak Forest Dr, Somerville, TX 77879",public_business_address_reviewed_for_future_reduced_precision,,,Farm/ranch products; see current statewide profile,Farms & Ranches,979-484-7256,,internal_until_public_use_review,https://bcschicken.com/store,,,,True,False,False,False,False,False,False,1,txobs_512d2a951f470283e838,Texas Center for Local Food — Farms & Ranches,https://texaslocalfood.org/tclf-partner/bcs-chicken/,D,2026-07-15,promotion_eligible_reviewed,,Fields selected by evidence grade; all underlying observations remain separately auditable.
TX-789232A645,Hope Springs Farm,hope springs farm,farm,unique_source_name_reviewed,TX,Burleson,Caldwell,77836,7513 County Road 309,public_business_address_reviewed_for_future_reduced_precision,,,Eggs; Vegetables,Farms & Ranches,(979) 721-9771,info@hopespringstx.com,internal_until_public_use_review,https://hopespringstx.com/,https://www.facebook.com/hopespringstx/?_rdr,https://www.instagram.com/hopespringsfarm.tx/,,True,False,False,False,False,False,False,1,txobs_fd8e74689a909b2ab0fe,Texas Center for Local Food — Farms & Ranches,https://texaslocalfood.org/tclf-partner/hope-springs-farm/,D,2026-07-15,promotion_eligible_reviewed,,Fields selected by evidence grade; all underlying observations remain separately auditable.
TX-4330F9955A,Kingsbury's Blueberries,kingsburys blueberries,farm,unique_source_name_reviewed,TX,Burleson,Caldwell,77836,760 County Road 316,public_business_address_reviewed_for_future_reduced_precision,,,"blueberries, farm animals",U-pick; agritourism,979-567-9138,berrygrower1@gmail.com,internal_until_public_use_review,,https://www.facebook.com/Kingsbury-Blueberry-Farm-150449671690315/,,,True,False,False,False,True,False,False,1,txobs_3d27a4a4af21a3f3757d,PickYourOwn — Austin,https://www.pickyourown.org/TXaustin.htm,D,2026-07-15,promotion_eligible_reviewed,,Fields selected by evidence grade; all underlying observations remain separately auditable.
TX-DB2A885F2A,Holland Cattle Co.,holland cattle co,farm,merged_exact_name_reviewed,TX,Burnet,Marble Falls,78654,4400 CR 340,public_business_address_reviewed_for_future_reduced_precision,,,Pasture-raised grass-fed beef; lamb; beef,Cattle ranch; livestock farm; direct sales; LocalHarvest Family Farm,(830) 385-2156,,internal_until_public_use_review,https://www.hollandcattleco.com/,http://www.facebook.com/HollandCattleCo.@HollandCattleRanch,https://instagram.com/hollandcattleco,,True,False,False,False,False,False,False,2,txobs_6fe1f89ac141cf89578c | txobs_2928cb2170c718496797,FarmFinder curator verification — farm-owned or authoritative evidence | LocalHarvest — Texas county-seat gap search,https://www.hollandcattleco.com/ | https://www.localharvest.org/holland-cattle-co--M72554,C; D,2026-07-15,promotion_eligible_reviewed,,Fields selected by evidence grade; all underlying observations remain separately auditable.
TX-7A23EDAA9E,Perissos Vineyards,perissos vineyards,farm,unique_source_name_reviewed,TX,Burnet,Burnet,78611,7214 Park Road 4 W,public_business_address_reviewed_for_future_reduced_precision,,,Texas Wine,GO TEXAN Farm And Ranch; Product,(512) 415-7479,,internal_until_public_use_review,https://www.perissosvineyards.com/,,,,True,False,False,False,False,True,False,1,txobs_a66e1194a6f6b6ea04f5,Texas Department of Agriculture — GO TEXAN Farm And Ranch,https://bridge.texasagriculture.gov/GoTexanSearch/?resultsFormat=CommaSeparatedValues&searchType=Advanced&pageSize=2147483647&businessType=Farm+And+Ranch&pageNumber=1,B,2026-07-15,promotion_eligible_reviewed,,Fields selected by evidence grade; all underlying observations remain separately auditable.
TX-792BAE9E05,Sweetberry Farm,sweetberry farm,farm,unique_source_name_reviewed,TX,Burnet,Marble Falls,78654,1801 FM 1980,public_business_address_reviewed_for_future_reduced_precision,,,"strawberries and blackberries in season, new potatoes, tomatoes, pumpkins",U-pick; agritourism,830-798-1462,info@sweetberryfarm.com,internal_until_public_use_review,https://www.sweetberryfarm.com,https://www.facebook.com/Sweet-Berry-Farm-105305619536147,,,True,False,False,False,True,False,False,1,txobs_bd2a78f7190cd9dd644e,PickYourOwn — Austin,https://www.pickyourown.org/TXaustin.htm,D,2026-07-15,promotion_eligible_reviewed,,Fields selected by evidence grade; all underlying observations remain separately auditable.
TX-F4CE76B9BC,Better Days Gardens,better days gardens,farm,merged_exact_name_reviewed,TX,Caldwell,Lockhart,78644,3955 Old McMahan Road,public_business_address_reviewed_for_future_reduced_precision,29.8832105,-97.6736292,arugula; beets; broccoli; cabbage; carrots; cauliflower; chinese greens; collards; daikon; kale; kohlrabi; leeks; lettuce; mustard greens; radishes; salad greens; salad mix; spinach; swiss chard; turnips; green onions; onions; potatoes; sweet peppers; cucumber; eggplant; hot peppers; okra; summer squash; tomatoes; zucchini; cantaloupes; figs; melons; watermelons; sweet potatoes; winter-squash; Vegetables,LocalHarvest Family Farm; Farms & Ranches,512-970-6120,Betterdaysgardens@gmail.com,internal_until_public_use_review,https://www.betterdaysgardens.com/,http://facebook.com/betterdaysgardens,https://instagram.com/Betterdaysgardens,,True,False,False,False,False,False,False,2,txobs_bf1e28c1bd150b798389 | txobs_b31afb2748c459577d27,LocalHarvest — Texas county-seat gap search | Texas Center for Local Food — Farms & Ranches,https://www.localharvest.org/better-days-gardens-M85110 | https://texaslocalfood.org/tclf-partner/better-days-gardens/,D,2026-07-15,promotion_eligible_reviewed,,Fields selected by evidence grade; all underlying observations remain separately auditable.
TX-C936FF942F,Chaparral Cultivation Emporium,chaparral cultivation emporium,farm,unique_source_name_reviewed,TX,Caldwell,Dale,78616,,public_business_address_reviewed_for_future_reduced_precision,29.9274436,-97.5644418,Fruit; Vegetables,Farms & Ranches,512-995-0606,ChaparralCultivationEmporium@gmail.com,internal_until_public_use_review,https://chaparral-cultivation-emporium.square.site/,https://www.facebook.com/chaparralcultivationemporium/,https://www.instagram.com/Chaparralcultivationemporium,,True,False,False,False,False,False,False,1,txobs_5ef89ab83f06d3de8bbd,Texas Center for Local Food — Farms & Ranches,https://texaslocalfood.org/tclf-partner/chaparral-cultivation-emporium/,D,2026-07-15,promotion_eligible_reviewed,,Fields selected by evidence grade; all underlying observations remain separately auditable.
TX-E734B5C396,Gavi & Ava Produce,gavi and ava produce,farm,unique_source_name_reviewed,TX,Caldwell,Martindale,78655,,public_business_address_reviewed_for_future_reduced_precision,29.8413334,-97.8436179,Fruit; Honey; Vegetables,Farms & Ranches,(512) 995-5277,gaviandavasproduce@gmail.com,internal_until_public_use_review,,https://www.facebook.com/groups/245740446827148/,,,False,False,False,False,False,False,False,1,txobs_d05d62f2794d261b24a1,Texas Center for Local Food — Farms & Ranches,https://texaslocalfood.org/tclf-partner/gavi-ava-produce/,D,2026-07-15,promotion_eligible_reviewed,,Fields selected by evidence grade; all underlying observations remain separately auditable.
TX-7CBE892328,Lockhart Honey Company,lockhart honey company,farm,unique_source_name_reviewed,TX,Caldwell,Lockhart,78644,729 S. Colorado St.,public_business_address_reviewed_for_future_reduced_precision,,,Local Honey,GO TEXAN Farm And Ranch; Product,(512) 944-5270,,internal_until_public_use_review,https://www.lockharthoney.com,,,,True,False,False,False,False,True,False,1,txobs_652ad84fbfdc6691c716,Texas Department of Agriculture — GO TEXAN Farm And Ranch,https://bridge.texasagriculture.gov/GoTexanSearch/?resultsFormat=CommaSeparatedValues&searchType=Advanced&pageSize=2147483647&businessType=Farm+And+Ranch&pageNumber=1,B,2026-07-15,promotion_eligible_reviewed,,Fields selected by evidence grade; all underlying observations remain separately auditable.
TX-E338E258D3,Rusty Star Ranch,rusty star ranch,farm,unique_source_name_reviewed,TX,Caldwell,Dale,78616,2670 Silver Mine rd,public_business_address_reviewed_for_future_reduced_precision,,,Dairy,Farms & Ranches,(512) 537-3318,RustyStarTx@gmail.com,internal_until_public_use_review,https://www.rustystartx.com/,https://www.facebook.com/RustyStarTx,https://www.instagram.com/rustystartx,,True,False,False,False,False,False,False,1,txobs_ca4b1577aef6e64a77f8,Texas Center for Local Food — Farms & Ranches,https://texaslocalfood.org/tclf-partner/rusty-star-ranch/,D,2026-07-15,promotion_eligible_reviewed,,Fields selected by evidence grade; all underlying observations remain separately auditable.
TX-FFF7431AA3,Southern Star | Events & Farms,southern star events and farms,farm,unique_source_name_reviewed,TX,Caldwell,Maxwell,78656,480 Mill Rd,public_business_address_reviewed_for_future_reduced_precision,,,Chicken; Eggs; Meat; Vegetables,Farms & Ranches,(830) 463 - 2157,SouthernStarFarmsTx@gmail.com,internal_until_public_use_review,https://www.sseftx.com/,,https://www.instagram.com/southernstarfarms_tx/,,True,False,False,False,False,False,False,1,txobs_2e529407384fdc4d0cc4,Texas Center for Local Food — Farms & Ranches,https://texaslocalfood.org/tclf-partner/southern-star-events-farms/,D,2026-07-15,promotion_eligible_reviewed,,Fields selected by evidence grade; all underlying observations remain separately auditable.
TX-0ACC5BC283,Allison Acres,allison acres,farm,unique_source_name_reviewed,TX,Calhoun,Port Lavaca,77979,6544 FM 1090,public_business_address_reviewed_for_future_reduced_precision,,,duck; emu; geese; squab; Plymouth Rock Chicken,LocalHarvest Family Farm,(832) 443-7150,,internal_until_public_use_review,https://Www.AllisonAcresPL.com,http://www.facebook.com/Allison-acres-102311661758781/,,,True,False,False,False,False,False,False,1,txobs_6549797a2c6ee8fd96b3,LocalHarvest — Texas county-seat gap search,https://www.localharvest.org/allison-acres-M80962,D,2026-07-15,promotion_eligible_reviewed,,Fields selected by evidence grade; all underlying observations remain separately auditable.
TX-9DD4DECF90,Texlan,texlan,farm,unique_source_name_reviewed,TX,Calhoun,Port Lavaca,77979,290 Hackberry Bend,public_business_address_reviewed_for_future_reduced_precision,,,duck; rabbit,LocalHarvest Family Farm,(361) 550-8768,,internal_until_public_use_review,,,,,True,False,False,False,False,False,False,1,txobs_21b9514936ed5bf14d49,LocalHarvest — Texas county-seat gap search,https://www.localharvest.org/texlan-M55228,D,2026-07-15,promotion_eligible_reviewed,,Fields selected by evidence grade; all underlying observations remain separately auditable.
TX-16F8E0A926,Childress Agricultural Enterprises,childress agricultural enterprises,farm,merged_exact_name_reviewed,TX,Callahan,Cross Plains,76443,11028 CR 452,public_business_address_reviewed_for_future_reduced_precision,,,"beef; blackberries; sweet corn; peaches; pecans; Pick-your-own blackeye peas, sweet corn, blackberries, peaches, pecans, picnic area",LocalHarvest Family Farm; U-pick; agritourism,(254) 725-4321,bob@childressfarm.com,internal_until_public_use_review,https://childressfarm.com,https://www.facebook.com/childressfarm,,,True,False,False,False,True,False,False,2,txobs_466eea73ed3372a136f8 | txobs_352c28cf24633a385117,LocalHarvest — Texas county-seat gap search | PickYourOwn — Abilene,https://www.localharvest.org/childress-agricultural-enterprises-M22789 | https://www.pickyourown.org/TXabilene.htm,D,2026-07-15,promotion_eligible_reviewed,,Fields selected by evidence grade; all underlying observations remain separately auditable.
TX-03215D2CFD,Cross Roads Ranch,cross roads ranch,farm,unique_source_name_reviewed,TX,Callahan,Baird,,,public_business_address_reviewed_for_future_reduced_precision,,,okra; onions; summer squash; tomatoes; winter-squash; zucchini; cantaloupes; watermelons; baked goods; bread; Yellow-Meated Watermelon,LocalHarvest Family Farm,,,internal_until_public_use_review,https://www.CrossRoadsRanchTx.com,http://www.facebook.com/CrossRoadsRanchTX,,,True,False,False,False,False,False,False,1,txobs_95dbf3054a8a2f4233cb,LocalHarvest — Texas county-seat gap search,https://www.localharvest.org/cross-roads-ranch-M40844,D,2026-07-15,promotion_eligible_reviewed,,Fields selected by evidence grade; all underlying observations remain separately auditable.
TX-CEEE2EC729,Acacia Farms Growing in Harmony with Nature,acacia farms growing in harmony with nature,farm,unique_source_name_reviewed,TX,Cameron,Bayview,78566,39629 Palm Drive,public_business_address_reviewed_for_future_reduced_precision,,,arugula; beets; broccoli; cabbage; carrots; cauliflower; chinese greens; cucumber; eggplant; green onions; hot peppers; kale; kohlrabi; leeks; lettuce; mustard greens; onions; potatoes; salad greens; salad mix; spinach; summer squash; sweet peppers; sweet potatoes; tomatoes; zucchini; grapefruit; lemons; limes; tangerines; asparagus; garlic; bananas; cantaloupes; figs; melons; peaches; plums; oranges,LocalHarvest Family Farm,(956) 755-9770,,internal_until_public_use_review,,http://www.facebook.com/#/pages/Acacia-Farms-Growing-in-Harmony-with-Nature/208925871227,,,True,False,False,False,False,False,False,1,txobs_84a5a0b60e4ceb423df7,LocalHarvest — Texas county-seat gap search,https://www.localharvest.org/acacia-farms-growing-in-harmony-with-nature-M30827,D,2026-07-15,promotion_eligible_reviewed,,Fields selected by evidence grade; all underlying observations remain separately auditable.
TX-AA602A323C,Acres of Harmony,acres of harmony,farm,unique_source_name_reviewed,TX,Cameron,San Benito,78586,32958 fm 2520,public_business_address_reviewed_for_future_reduced_precision,,,Farm/ranch products; see current statewide profile,Farms & Ranches,(956) 245-9989,audresonger@sbcglobal.net,internal_until_public_use_review,,https://www.facebook.com/acresofharmony/,,,False,False,False,False,False,False,False,1,txobs_a7305cb9f3a849f618c8,Texas Center for Local Food — Farms & Ranches,https://texaslocalfood.org/tclf-partner/acres-of-harmony/,D,2026-07-15,promotion_eligible_reviewed,,Fields selected by evidence grade; all underlying observations remain separately auditable.
TX-4F671C97A0,Bonita Flats Farm & Vineyard,bonita flats farm and vineyard,farm,unique_source_name_reviewed,TX,Cameron,Los Fresnos,78566,32071 FM3069,public_business_address_reviewed_for_future_reduced_precision,26.0925345,-97.4359756,Herbs; Vegetables; Wine,Craft Beverages; Farms & Ranches; Restaurants & Food Trucks,956-479-3845,bonitaflats2016@gmail.com,internal_until_public_use_review,https://bonita-flats.com/,https://www.facebook.com/bonitaflatsfarmandvineyard,https://www.instagram.com/bonita_flats/,,False,False,False,False,False,False,False,1,txobs_facf9ec9fe56e6e2ce18,Texas Center for Local Food — Farms & Ranches,https://texaslocalfood.org/tclf-partner/bonita-flats-farm-vineyard/,D,2026-07-15,promotion_eligible_reviewed,,Fields selected by evidence grade; all underlying observations remain separately auditable.
TX-1620D46198,CD&J Mini Ranch,cd and j mini ranch,farm,merged_exact_name_reviewed,TX,Cameron,San Benito,78586,29575 Adams Road,public_business_address_reviewed_for_future_reduced_precision,,,tomatoes; oranges; beef; chicken; duck; geese; lamb; pork; rabbit; turkey; eggs; baked goods; dried fruits; pickles; preserves; asparagus; cucumber; hot peppers; onions; salad greens; summer squash; sweet peppers; zucchini; figs; peaches; Meat,LocalHarvest Family Farm; Farm-to-school vendor candidate,+1 (956) 456-9600,cdjminiranch@gmail.com,internal_until_public_use_review,https://www.cdjminiranch.com/,http://www.facebook.com/cdjminiranch,https://instagram.com/cdjminiranch,,True,False,False,False,False,True,True,2,txobs_c322aaa453bfd90b5d1e | txobs_6ffaa6fac9e778ff1a5a,LocalHarvest — Texas county-seat gap search | Texas Department of Agriculture — Farm to School vendor resource list,https://www.localharvest.org/cd-j-mini-ranch-M77455 | https://www.squaremeals.org/Portals/8/files/NSLP/LFS/LFS%20Vendor%20Resource%20List%20Updated%20Nov%202024.pdf?ver=I7PGgvoElV78S-FFin0OiQ%3D%3D,D,2026-07-15,promotion_eligible_reviewed,,Fields selected by evidence grade; all underlying observations remain separately auditable.
TX-F223D4B5B5,Eagle Catcher Farm & Ranch,eagle catcher farm and ranch,farm,unique_source_name_reviewed,TX,Cameron,Harlingen,78552,19782 Morris Rd.,public_business_address_reviewed_for_future_reduced_precision,,,beef,LocalHarvest Family Farm,(956) 423-6323,,internal_until_public_use_review,https://eaglecatcherfarm.com,,,,True,False,False,False,False,False,False,1,txobs_63e49cc9cff7b4e78c27,LocalHarvest — Texas county-seat gap search,https://www.localharvest.org/eagle-catcher-farm-ranch-M51868,D,2026-07-15,promotion_eligible_reviewed,,Fields selected by evidence grade; all underlying observations remain separately auditable.
TX-5831153A58,Gracia Farms,gracia farms,farm,unique_source_name_reviewed,TX,Cameron,San Benito,78586,Los Ranchos Rd.,public_business_address_reviewed_for_future_reduced_precision,,,artichokes; arugula; beets; broccoli; cabbage; carrots; cauliflower; collards; sweet corn; cucumber; eggplant; garlic; green beans; green onions; hot peppers; kale; kohlrabi; lettuce; mustard greens; okra; onions; radishes; salad greens; salad mix; spinach; sweet peppers; swiss chard; tomatillos; tomatoes; turnips; zucchini; chicken; goat; pork; turkey; cheese; eggs; raw milk; pet food,LocalHarvest Family Farm,(956) 543-1381,,internal_until_public_use_review,,,,,True,False,False,False,False,False,False,1,txobs_b69416ad9926cad4b1fd,LocalHarvest — Texas county-seat gap search,https://www.localharvest.org/gracia-farms-M34336,D,2026-07-15,promotion_eligible_reviewed,,Fields selected by evidence grade; all underlying observations remain separately auditable.
TX-04A6AAF547,Mid-Valley Ag,mid valley ag,farm,official_and_independent_corroborated,TX,Cameron,La Feria,78559,"24152 N Kansas City Rd, La Feria, Tx 78559",public_business_address_reviewed_for_future_reduced_precision,,,Fruits; vegetables,Farm; grower; wholesale,(956) 277-8001,,internal_until_public_use_review,,,,,False,False,False,False,False,True,True,1,txobs_6a38bd1577b799387ae8,Texas Department of Agriculture — Farm to School vendor resource list,https://www.squaremeals.org/Portals/8/files/NSLP/LFS/LFS%20Vendor%20Resource%20List%20Updated%20Nov%202024.pdf?ver=I7PGgvoElV78S-FFin0OiQ%3D%3D; https://www.expressnews.com/news/local/article/All-shades-of-dead-brown-Freeze-pummeled-15983000.php; https://texasfarmcredit.com/our-story/news/texas-farm-credit-summer-interns-cultivating-a-future-in-agriculture/,E;B;C,2026-07-16,promotion_eligible_reviewed,,"Independent reporting documents Mid-Valley Agriculture organic vegetable fields and current Texas agricultural-finance coverage identifies its Valley operation; retain the La Feria farm entity as eligible."
TX-ECD90CEF4A,Our Family Farms Tx,our family farms tx,farm,merged_exact_name_reviewed,TX,Cameron,Los Fresnos,78566,32049 TX-100,public_business_address_reviewed_for_future_reduced_precision,,,milk; raw milk; yogurt; honey; Dairy,LocalHarvest Family Farm; Farms & Ranches,(956) 640-5556,amber@ourfamilyfarmstx.com,internal_until_public_use_review,https://www.ourfamilyfarmstx.com/,https://www.facebook.com/ourfamilyfarmstx/,https://www.instagram.com/ourfamilyfarmstx/,,True,False,False,False,False,False,False,2,txobs_603520f0468275739577 | txobs_1b4853f4a6abadfcb19d,LocalHarvest — Texas county-seat gap search | Texas Center for Local Food — Farms & Ranches,https://www.localharvest.org/our-family-farms-tx-M85579 | https://texaslocalfood.org/tclf-partner/our-family-farms-tx/,D,2026-07-15,promotion_eligible_reviewed,,Fields selected by evidence grade; all underlying observations remain separately auditable.
TX-90CCB39203,PW Farms,pw farm,farm,merged_exact_name_reviewed,TX,Cameron,San Benito,78586,FM 1577,public_business_address_reviewed_for_future_reduced_precision,,,"chicken; duck; goat; rabbit; turkey; eggs; raw milk; Bourbon Red Turkey; Wyandotte Chicken; Naturally Grown, Farm Fresh Eggs, Chicks for Sale, Fertilized Eggs For Sale. On the farm: Barred Rock Chickens Ameraucana Chickens Olive Eggers Chickens Buff orpington Chickens Maran Chickens Ducks also: Pekin Ducks and Khaki Campbell's, selling eggs and chicks starting in Spring 2018.",LocalHarvest Family Farm,(956) 434-1138,,internal_until_public_use_review,,https://www.facebook.com/PWFarm2010/?ref=page_internal,https://instagram.com/pwfarmsanbenito,,True,False,False,False,False,False,False,2,txobs_6dbcd3431a58936b3f13 | txobs_4571217254ec9d951d28,LocalHarvest — Texas county-seat gap search,https://www.localharvest.org/pw-farms-M49600 | https://www.localharvest.org/pw-farm-M72975,D,2026-07-15,promotion_eligible_reviewed,,Fields selected by evidence grade; all underlying observations remain separately auditable.
TX-D6FFCBBD96,Simmons Tree Farms,simmons tree farms,farm,unique_source_name_reviewed,TX,Cameron,Harlingen,78550,21225 Krupala,public_business_address_reviewed_for_future_reduced_precision,,,Cedar Elm Trees; Dasylirion Or Sotols; Date Palm Trees; Honey Mesquite Trees; Live Oak Trees; Mediterranean Fan Palms; Mexican White Oak Trees; Pindo Palms; Texas Mountain Laurel Trees; Texas Persimmons Trees; Texas Sabal Palm; Vasey'S Adelia Trees; Washingtonia Palms; Western Soapberry Trees; Yucca Rostrata; Yucca Treculeana,GO TEXAN Farm And Ranch; Product,,,internal_until_public_use_review,https://www.simmonsoakfarms.com,,,,False,False,False,False,False,True,False,1,txobs_71c58e2a47ce3fc1bcb0,Texas Department of Agriculture — GO TEXAN Farm And Ranch,https://bridge.texasagriculture.gov/GoTexanSearch/?resultsFormat=CommaSeparatedValues&searchType=Advanced&pageSize=2147483647&businessType=Farm+And+Ranch&pageNumber=1,B,2026-07-15,promotion_eligible_reviewed,,Fields selected by evidence grade; all underlying observations remain separately auditable.
TX-2BB1AA3B24,Thompson Dairy Farms,thompson dairy farms,farm,unique_source_name_reviewed,TX,Cameron,Bayview,78566,38141 fm 510,public_business_address_reviewed_for_future_reduced_precision,,,cheese; goat yogurt; milk; yogurt; baked goods; coffee; honey; soap; sprouts; wheat grass; goat,LocalHarvest Family Farm,,,internal_until_public_use_review,https://southtexasgoatcheese.com,http://www.facebook.com/texascheese,,,True,False,False,False,False,False,False,1,txobs_c6a5ee57b46b9f3cc286,LocalHarvest — Texas county-seat gap search,https://www.localharvest.org/thompson-dairy-farms-M64692,D,2026-07-15,promotion_eligible_reviewed,,Fields selected by evidence grade; all underlying observations remain separately auditable.
TX-5CB7EC4A8E,Universal Farms,universal farms,farm,restored_from_absence_based_closure,TX,Cameron,La Feria,78559,1 2 Mile S Rabb Road,public_business_address_reviewed_for_future_reduced_precision,,,"2025 assumed permanently closed, No pesticides are used , eggplants, herbs or spices, onions, peppers, other vegetables,",U-pick; agritourism,956-797-1853,nvnlx@sbcglobal.net,internal_until_public_use_review,,,,,True,,,,True,,,1,txobs_df0cbfac22bc34f2e2d4,PickYourOwn — Southern Tip,https://www.pickyourown.org/TXsouth.htm; https://pickyourown.farm/farms/cameron-county-tx/; https://www.pickyourown.org/TXsouth.htm,E;D,2026-07-16,research_or_qa_queue,source labels closure as assumed from missing current information; retain and corroborate operation,"Current directory evidence still carries the assumed-closure language and lists a different Rio Hondo address; retain in QA until a farm-owned or independently current source resolves operation and identity."
TX-7236D70F53,Yahweh's All Natural Farm and Garden,yahwehs all natural farm and garden,farm,unique_source_name_reviewed,TX,Cameron,Harlingen,78552,19833 Morris Rd,public_business_address_reviewed_for_future_reduced_precision,,,beets; broccoli; brussels sprouts; cabbage; carrots; cauliflower; celery; collards; kohlrabi; onions; pumpkins; radishes; salad greens; salad mix; spinach; summer squash; swiss chard; tomatillos; tomatoes; turnips; grapefruit; oranges; beef; chicken; lamb; eggs; arugula; sweet corn; cucumber; eggplant; green beans; hot peppers; leeks; lettuce; mustard greens; okra; sweet peppers; zucchini; bananas; guavas; limes; melons; papayas; watermelons; figs; peaches; kale; winter-squash,LocalHarvest Family Farm,(956) 412-4916,,internal_until_public_use_review,https://yahwehfarm.com,http://www.facebook.com/yahwehsfarm,https://instagram.com/yahwehsfarm,,True,False,False,False,False,False,False,1,txobs_9ce95d0e1598800f3f6a,LocalHarvest — Texas county-seat gap search,https://www.localharvest.org/yahwehs-all-natural-farm-and-garden-M29527,D,2026-07-15,promotion_eligible_reviewed,,Fields selected by evidence grade; all underlying observations remain separately auditable.
TX-CECED034C4,Comeback Creek Farm,comeback creek farm,farm,unique_source_name_reviewed,TX,Camp,Pittsburg,,,public_business_address_reviewed_for_future_reduced_precision,,,arugula; broccoli; cabbage; cauliflower; chinese greens; collards; kale; kohlrabi; lettuce; mustard greens; radishes; rutabagas; sweet potatoes; swiss chard; turnips; winter-squash; eggs; beets; carrots; cucumber; green beans; green onions; onions; peas; potatoes; salad greens; salad mix; spinach; summer squash; tomatoes; blueberries; peaches; strawberries; sweet corn; eggplant; hot peppers; okra; sweet peppers; tomatillos; zucchini; cantaloupes; melons; watermelons; pumpkins; Amish Deer Tongue Lettuce; Bull Nose Large Bell pepper; Cherokee Purple Tomato; Djena Lee's Golden Girl Tomato; Jimmy Nardello's Sweet Italian Frying pepper; Speckled Lettuce,LocalHarvest Family Farm,,,internal_until_public_use_review,https://www.comebackcreek.com,,https://instagram.com/comebackcreekfarm,,True,False,False,False,False,False,False,1,txobs_bb8127011eba57ac506e,LocalHarvest — Texas county-seat gap search,https://www.localharvest.org/comeback-creek-farm-M31706,D,2026-07-15,promotion_eligible_reviewed,,Fields selected by evidence grade; all underlying observations remain separately auditable.
TX-3233AD0E2A,Efurd Peach Orchard,efurd peach orchard,farm,unique_source_name_reviewed,TX,Camp,Pittsburg,75686,40004 Hwy 271 S.,public_business_address_reviewed_for_future_reduced_precision,,,"blackberries, blueberries, strawberries",U-pick; agritourism,(866) 770-7936,info@efurdorchards.com,internal_until_public_use_review,https://efurdorchard.com,https://www.facebook.com/efurd.orchards,,,True,False,False,False,True,False,False,1,txobs_f8da7fe13631c90dc05e,PickYourOwn — Northeast,https://www.pickyourown.org/TXnortheast.htm,D,2026-07-15,promotion_eligible_reviewed,,Fields selected by evidence grade; all underlying observations remain separately auditable.
TX-D4B180063A,Los Pinos Ranch Vineyards Llc,los pinos ranch vineyards,farm,unique_source_name_reviewed,TX,Camp,Pittsburg,75686,658 Cr 1334,public_business_address_reviewed_for_future_reduced_precision,,,Dry Wine; Sweet Wine; Wine,GO TEXAN Farm And Ranch; Product,(903) 855-1769,,internal_until_public_use_review,https://www.lospinosranchvineyards.com,,,,True,False,False,False,False,True,False,1,txobs_c6ef5ced56eace85796e,Texas Department of Agriculture — GO TEXAN Farm And Ranch,https://bridge.texasagriculture.gov/GoTexanSearch/?resultsFormat=CommaSeparatedValues&searchType=Advanced&pageSize=2147483647&businessType=Farm+And+Ranch&pageNumber=1,B,2026-07-15,promotion_eligible_reviewed,,Fields selected by evidence grade; all underlying observations remain separately auditable.
TX-420EC41029,McPeak Orchards,mcpeak orchards,farm,current_authoritative_and_directory_corroborated,TX,Camp,Pittsburg,75686,"10939 US-271 N Pittsburg, TX 75686",public_business_address_reviewed_for_future_reduced_precision,,,Peaches; plums; strawberries; blackberries,Farm; orchard; roadside stand; wholesale,903-856-2833,,internal_until_public_use_review,,,,,False,False,False,False,False,True,True,1,txobs_e71eb63a952a0cb1cc92,Texas Department of Agriculture — Farm to School vendor resource list,https://www.squaremeals.org/Portals/8/files/NSLP/LFS/LFS%20Vendor%20Resource%20List%20Updated%20Nov%202024.pdf?ver=I7PGgvoElV78S-FFin0OiQ%3D%3D; https://www.pittsburgtx.gov/470/The-Great-Outdoors; https://seasonaljobs.dol.gov/jobs/H-300-26030-606949; https://public.tdhca.state.tx.us/pub/t_tdhca.mlhf_active_licenses_web,E;B;C,2026-07-16,promotion_eligible_reviewed,,"Current City of Pittsburg coverage, a 2026 farm-labor order, and an active Texas license corroborate McPeak Orchards as a current Camp County orchard."
TX-DED635B689,Green Wolf Vertical Farm,green wolf vertical farm,farm,unique_source_name_reviewed,TX,Carson,Panhandle,,,public_business_address_reviewed_for_future_reduced_precision,,,sprouts; wheat grass; eggplant; lettuce; peas; salad greens; sweet peppers; tomatoes,LocalHarvest Family Farm,(866) 876-1744,,internal_until_public_use_review,https://gwvf.biz,http://www.facebook.com/greenwolfverticalfarm,,,True,False,False,False,False,False,False,1,txobs_04657b049ec2fed6bb20,LocalHarvest — Texas county-seat gap search,https://www.localharvest.org/green-wolf-vertical-farm-M71220,D,2026-07-15,promotion_eligible_reviewed,,Fields selected by evidence grade; all underlying observations remain separately auditable.
TX-0416D6C430,Grassy Knoll Farm,grassy knoll farm,farm,unique_source_name_reviewed,TX,Cass,Atlanta,75551,185 C.R. 4677,public_business_address_reviewed_for_future_reduced_precision,,,carrots; chinese greens; onions; radishes; salad greens; swiss chard; turnips; eggs; preserves; broccoli; cabbage; cauliflower; collards; garlic; green onions; kale; lettuce; mustard greens; spinach; beets; sweet corn; cucumber; green beans; hot peppers; okra; peas; potatoes; summer squash; sweet peppers; sweet potatoes; tomatoes; zucchini; blackberries; blueberries; plums; chicken; medicinal herbs; arugula,LocalHarvest Family Farm,(903) 733-1035,,internal_until_public_use_review,,https://facebook.com/grassyknollfarm,,,True,False,False,False,False,False,False,1,txobs_66e2731c89f2e934f42f,LocalHarvest — Texas county-seat gap search,https://www.localharvest.org/grassy-knoll-farm-M52343,D,2026-07-15,promotion_eligible_reviewed,,Fields selected by evidence grade; all underlying observations remain separately auditable.
TX-BC41D9AC84,Henderson Blueberry Farm,henderson blueberry farm,farm,unique_source_name_reviewed,TX,Cass,Avinger,75630,13986 Texas Highway 155,public_business_address_reviewed_for_future_reduced_precision,,,"No pesticides are used , blueberries, U-pick and already picked, porta-potties and hand wash station are available",U-pick; agritourism,903-235-8061,rlhenderson175@aol.com,internal_until_public_use_review,,https://www.facebook.com/Henderson-Blueberry-Farm-229826867028903,,,True,False,False,False,True,False,False,1,txobs_5ad045a69cdb445123be,PickYourOwn — Northeast,https://www.pickyourown.org/TXnortheast.htm,D,2026-07-15,promotion_eligible_reviewed,,Fields selected by evidence grade; all underlying observations remain separately auditable.
TX-16993BDFDA,O'Farrell Country Vineyards,ofarrell country vineyards,farm,unique_source_name_reviewed,TX,Cass,Atlanta,75551,7152 Farm Market 995,public_business_address_reviewed_for_future_reduced_precision,,,"Muscadines, grapes, restrooms, winery",U-pick; agritourism,903-846-2054,ofarrellvineyards@gmail.com,internal_until_public_use_review,,https://www.facebook.com/OFarrellCountryVineyard/,,,True,False,False,False,True,False,False,1,txobs_babccc84f67d59837217,PickYourOwn — Northeast,https://www.pickyourown.org/TXnortheast.htm,D,2026-07-15,promotion_eligible_reviewed,,Fields selected by evidence grade; all underlying observations remain separately auditable.
TX-3176FA4AB0,Phillip Hamilton,phillip hamilton,farm,unique_source_name_reviewed,TX,Cass,Atlanta,75551,6800 FM 2791,public_business_address_reviewed_for_future_reduced_precision,,,beef; Heritage Texas Longhorn,LocalHarvest Family Farm,(903) 650-9822,,internal_until_public_use_review,https://phamilton7515.wixsite.com/website,,,,True,False,False,False,False,False,False,1,txobs_886d65409451abfcfdf8,LocalHarvest — Texas county-seat gap search,https://www.localharvest.org/phillip-hamilton-M74656,D,2026-07-15,promotion_eligible_reviewed,,Fields selected by evidence grade; all underlying observations remain separately auditable.
TX-2C243992F2,PaiDom,paidom,farm,unique_source_name_reviewed,TX,Castro,Nazareth ,79063,,public_business_address_reviewed_for_future_reduced_precision,,,Pastured livestock and/or farm products; see source profile,Pastured-product farm; direct sales,(806) 945-2218,carnivore@paidom.com,internal_until_public_use_review,,,,,True,False,False,False,False,False,False,1,txobs_b53966c1e3fdeb6cda70,EatWild Texas directory,https://www.eatwild.com/products/texas.html,D,2026-07-15,promotion_eligible_reviewed,,Fields selected by evidence grade; all underlying observations remain separately auditable.
TX-82E46CA3A6,Berryland Farms of Texas,berryland farms of texas,farm,unique_source_name_reviewed,TX,Chambers,Winnie,77665,2877 Fm 1941 Road,public_business_address_reviewed_for_future_reduced_precision,,,"blackberries, blueberries, cucumbers, figs, peppers, plums, summer squash, tomatoes, other vegetables, Honey from hives on the farm, concessions or refreshment stand, porta-potties are available, picnic area you may bring your own food",U-pick; agritourism,713-551-6360,mikendiana33@yahoo.com,internal_until_public_use_review,http://www.berrylandfarmsoftexas.com/,,,,True,False,False,False,True,False,False,1,txobs_c8185f2cefbab13de82c,PickYourOwn — Houston / Southeast,https://www.pickyourown.org/TXhouston.htm,D,2026-07-15,promotion_eligible_reviewed,,Fields selected by evidence grade; all underlying observations remain separately auditable.
TX-EC137F13F4,"CVH Farms, LLC",cvh farms,farm,unique_source_name_reviewed,TX,Chambers,Baytown,77523,4771 Dutton Lake Dr,public_business_address_reviewed_for_future_reduced_precision,,,"About Our Beef Our mission is to provide your family with great tasting, ethically raised, sustainable, Texas beef direct from our farm to your family table. Read more about our operations below! Grass Fed, Grain Finished Marbling is one of the most important influences on the taste of great beef and gives steaks, like the ribeye, that rich, buttery flavor. Our beef is grain finished for a minimum of 120 days, which creates these fantastic flavors and premium steaks that grade as USDA high choice or prime. We guarantee this is some of the best tasting beef you will ever have! Ethically Raised We believe in treating our animals humanely and raising them in a stress free, comfortable environment. Traditionally, cattle are shipped to feedlots where they are confined in small feedlot pens with",Shop Texas Farms member,,,internal_until_public_use_review,,,,,True,False,False,False,False,False,False,1,txobs_5cdf0e5861e7c575b38a,Shop Texas Farms — member business directory,https://shoptexasfarms.com/business-directory/entry/k24ur/,D,2026-07-15,promotion_eligible_reviewed,,Fields selected by evidence grade; all underlying observations remain separately auditable.
TX-FF6DB22B6C,Gentz Cattle Company,gentz cattle company,farm,unique_source_name_reviewed,TX,Chambers,Winnie,77665,1104 Bauer Ranch Rd,public_business_address_reviewed_for_future_reduced_precision,,,Eggs; Meat,Farms & Ranches,409-296-2434,clgjag@windstream.net,internal_until_public_use_review,https://www.gentzlonghornbeef.com/,https://www.facebook.com/profile.php?id=100064289577158#,,,False,False,False,False,False,False,False,1,txobs_90b27a07079656cc52ad,Texas Center for Local Food — Farms & Ranches,https://texaslocalfood.org/tclf-partner/gentz-cattle-company/,D,2026-07-15,promotion_eligible_reviewed,,Fields selected by evidence grade; all underlying observations remain separately auditable.
TX-3C4804B8D8,Sunny Knoll Farm,sunny knoll farm,farm,unique_source_name_reviewed,TX,Chambers,Winnie,77665,3139 FM 1406/1714,public_business_address_reviewed_for_future_reduced_precision,,,blueberries; kumquats; lemons; goat; peaches; figs; pears,LocalHarvest Family Farm,(409) 782-7305,,internal_until_public_use_review,,,,,True,False,False,False,False,False,False,1,txobs_d18eaf304f8562871fbe,LocalHarvest — Texas county-seat gap search,https://www.localharvest.org/sunny-knoll-farm-M62205,D,2026-07-15,promotion_eligible_reviewed,,Fields selected by evidence grade; all underlying observations remain separately auditable.
TX-102F9325EA,Bulah's Best Farm,bulahs best farm,farm,unique_source_name_reviewed,TX,Cherokee,Rusk,75785,2836 County Road 2313,public_business_address_reviewed_for_future_reduced_precision,,,Cranberries; Herbs; Vegetables,Farms & Ranches; Food & Ag Resource; Specialty Producers,9039264875,bulahsbestfarmtx@gmail.com,internal_until_public_use_review,https://www.BulahsBestFarm.com,https://www.facebook.com/BulahsBestBees,,,True,False,False,False,False,False,True,1,txobs_d6a06700d7ad2d98d588,Texas Center for Local Food — Farms & Ranches,https://texaslocalfood.org/tclf-partner/bulahs-best-farm/,D,2026-07-15,promotion_eligible_reviewed,,Fields selected by evidence grade; all underlying observations remain separately auditable.
TX-8F3ABF9420,Cook Peach Farm,cook peach farm,farm,unique_source_name_reviewed,TX,Cherokee,Jacksonville,75766,,public_business_address_reviewed_for_future_reduced_precision,,,"Peaches, Plums | County Road 1714, Jacksonville, TX 75766.",U-pick; agritourism,903-586-6255,,internal_until_public_use_review,,,,,True,False,False,False,True,False,False,1,txobs_bdbc20c2df33bf9c34d4,PickYourOwn — Northeast,https://www.pickyourown.org/TXnortheast.htm,E,2026-07-15,research_or_qa_queue,single grade-E discovery listing needs corroboration,Fields selected by evidence grade; all underlying observations remain separately auditable.
TX-E25C911228,Dodson Farm,dodson farm,farm,unique_source_name_reviewed,TX,Cherokee,Cherokee County service area,,,public_business_address_reviewed_for_future_reduced_precision,,,"peaches, pumpkins,",U-pick; agritourism,903-571-9655,adamsandia@yahoo.com,internal_until_public_use_review,http://www.dodsonplantation.com/,https://www.facebook.com/Dodsonplantation,,,True,False,False,False,True,False,False,1,txobs_f24ce801bb906b728bf6,PickYourOwn — Northeast,https://www.pickyourown.org/TXnortheast.htm,D,2026-07-15,promotion_eligible_reviewed,,Fields selected by evidence grade; all underlying observations remain separately auditable.
TX-684781AC70,Elzner Farms,elzner farms,farm,merged_exact_name_reviewed,TX,Cherokee,Jacksonville,75766,1080 Jennings Rd.,public_business_address_reviewed_for_future_reduced_precision,,,Non-Meat Animal Products; Bee Pollen; Beeswax Beauty-Products From The Hive; Elderberry Kit-Products From The Hive; Honey; Luxury Soap-Products From The Hive,Farms & Ranches; GO TEXAN Farm And Ranch; Product,(618) 410-6239,,internal_until_public_use_review,https://www.elznerfarms.com,https://www.facebook.com/elznerfarms/,https://www.instagram.com/elznerfarms/,,True,False,False,False,False,True,True,2,txobs_7b2b2582c7427124e1d9 | txobs_fe4f9ae89624d791dfab,Texas Center for Local Food — Farms & Ranches | Texas Department of Agriculture — GO TEXAN Farm And Ranch,https://texaslocalfood.org/tclf-partner/elzner-farms/ | https://bridge.texasagriculture.gov/GoTexanSearch/?resultsFormat=CommaSeparatedValues&searchType=Advanced&pageSize=2147483647&businessType=Farm+And+Ranch&pageNumber=1,B; D,2026-07-15,promotion_eligible_reviewed,,Fields selected by evidence grade; all underlying observations remain separately auditable.
TX-3239CBA41A,Lick 'Em Stick 'Em; Llc,lick em stick em,farm,unique_source_name_reviewed,TX,Cherokee,Jacksonville,75766,2001 County Road 3908,public_business_address_reviewed_for_future_reduced_precision,,,Deer Attractant,GO TEXAN Farm And Ranch; Product,(903) 904-7061,,internal_until_public_use_review,https://lickemstickemtx.com,,,,True,False,False,False,False,False,False,1,txobs_429a0d2dfd9e78594c31,Texas Department of Agriculture — GO TEXAN Farm And Ranch,https://bridge.texasagriculture.gov/GoTexanSearch/?resultsFormat=CommaSeparatedValues&searchType=Advanced&pageSize=2147483647&businessType=Farm+And+Ranch&pageNumber=1,B,2026-07-15,promotion_eligible_reviewed,,Fields selected by evidence grade; all underlying observations remain separately auditable.
TX-444FC5F993,Mccown Family Farms,mccown family farms,farm,unique_source_name_reviewed,TX,Cherokee,Troup,75789,651 Cr 4730,public_business_address_reviewed_for_future_reduced_precision,,,Dairy,Farms & Ranches; Specialty Producers,9037872244,mccownfamilyfarm@gmail.com,internal_until_public_use_review,https://Mccownfamilyfarmsdairy.com,,,,True,False,False,False,False,False,False,1,txobs_e79bd9488e63991eb488,Texas Center for Local Food — Farms & Ranches,https://texaslocalfood.org/tclf-partner/mccown-family-farms/,D,2026-07-15,promotion_eligible_reviewed,,Fields selected by evidence grade; all underlying observations remain separately auditable.
TX-CD06233522,Ruby-Farm,ruby farm,farm,unique_source_name_reviewed,TX,Cherokee,Alto,75925,1057 County Road 2732,public_business_address_reviewed_for_future_reduced_precision,,,"peas, restrooms",U-pick; agritourism,936-225-2969,davidrubyvou@gmail.com,internal_until_public_use_review,,https://www.facebook.com/p/Ruby-Farm-100063620379908/,,,True,False,False,False,True,False,False,1,txobs_072861a48eeffd943ac7,PickYourOwn — Northeast,https://www.pickyourown.org/TXnortheast.htm,D,2026-07-15,promotion_eligible_reviewed,,Fields selected by evidence grade; all underlying observations remain separately auditable.
TX-4E141DA5F9,Circle B Ranch,circle b ranch,farm,unique_source_name_reviewed,TX,Childress,Childress,79201,125 Ave B NW,public_business_address_reviewed_for_future_reduced_precision,,,beef,LocalHarvest Family Farm,(972) 523-8826,,internal_until_public_use_review,,,,,True,False,False,False,False,False,False,1,txobs_68edf6751d0a1f719fb1,LocalHarvest — Texas county-seat gap search,https://www.localharvest.org/circle-b-ranch-M81690,D,2026-07-15,promotion_eligible_reviewed,,Fields selected by evidence grade; all underlying observations remain separately auditable.
TX-6C6B7B783D,Davis 20 Beef,davis 20 beef,farm,official_source_current_farm_operation,TX,Clay,Wichita Falls,76305,"989 North Davis Rd., Wichita Falls, TX 76305",public_business_address_reviewed_for_future_reduced_precision,,,Meat,Farm; ranch; wholesale,940-217-8388,will.davis@davis20beef.com,internal_until_public_use_review,https://davis20beef.com/,,,,False,False,False,False,False,True,True,1,txobs_9a59e6c010e662f67d05,Texas Department of Agriculture — Farm to School vendor resource list,https://www.squaremeals.org/Portals/8/files/NSLP/LFS/LFS%20Vendor%20Resource%20List%20Updated%20Nov%202024.pdf?ver=I7PGgvoElV78S-FFin0OiQ%3D%3D; https://davis20beef.com/,E;A,2026-07-16,promotion_eligible_reviewed,,"The current farm-owned Davis 20 Beef site identifies the Wichita Falls ranch operation and direct beef sales; the existing vendor record matches the published address and contact."
TX-ED852E14FA,Restless Prairie Farm,restless prairie farm,farm,unique_source_name_reviewed,TX,Clay,Wichita Falls,76310,383 Soaring Eagle Trail,public_business_address_reviewed_for_future_reduced_precision,,,alpaca; wool,LocalHarvest Family Farm,(940) 636-5660,,internal_until_public_use_review,https://www.restlessprairiefarm.blogspot.com,,,,True,False,False,False,False,False,False,1,txobs_bc6ccc1047dbbe3a452f,LocalHarvest — Texas county-seat gap search,https://www.localharvest.org/restless-prairie-farm-M43162,D,2026-07-15,promotion_eligible_reviewed,,Fields selected by evidence grade; all underlying observations remain separately auditable.
TX-FC09DCAB5E,The King's Good Vineyard & Berry Farm,morath orchard,farm,merged_exact_name_reviewed,TX,Clay,Wichita Falls,76305,10852 W FM 171,public_business_address_reviewed_for_future_reduced_precision,,,"broccoli; cabbage; carrots; cauliflower; chinese greens; kale; lettuce; mustard greens; spinach; blackberries; beets; cucumber; eggplant; green beans; hot peppers; kohlrabi; okra; onions; peas; potatoes; summer squash; sweet peppers; tomatoes; winter-squash; zucchini; apples; cantaloupes; melons; peaches; watermelons; sweet potatoes; pears; strawberries, blackberries, U-pick and already picked, porta-potties, school tours, group reservations, events at your location (call for info)",LocalHarvest Family Farm; U-pick; agritourism,(940) 544-2223,info@kingsgoodvineyard.com,internal_until_public_use_review,http://www.kingsgoodvineyard.com,https://www.facebook.com/MorathOrchard,,,True,False,False,False,True,False,False,2,txobs_e4ae5c1730c8cdd84788 | txobs_5f6ebb623f12b8108d76,LocalHarvest — Texas county-seat gap search | PickYourOwn — Wichita Falls,https://www.localharvest.org/morath-orchard-M43828 | https://www.pickyourown.org/TXwichitafalls.htm,D,2026-07-15,promotion_eligible_reviewed,,Fields selected by evidence grade; all underlying observations remain separately auditable.
TX-437BAE4537,Ramblin' Rodarosa Grassfed Beef,ramblin rodarosa grassfed beef,farm,unique_source_name_reviewed,TX,Coleman,Silver Valley,76834,2492 COUNTY ROAD 458,public_business_address_reviewed_for_future_reduced_precision,,,beef,LocalHarvest Family Farm,(325) 660-5610,,internal_until_public_use_review,https://ramblin-rodarosa-grassfed-beef.com,http://www.facebook.com/ramblinrodarosagrassfedbeef/,https://instagram.com/ramblin_rodarosa/,,True,False,False,False,False,False,False,1,txobs_f7629efb4d40d6f2845f,LocalHarvest — Texas county-seat gap search,https://www.localharvest.org/ramblin-rodarosa-grassfed-beef-M77090,D,2026-07-15,promotion_eligible_reviewed,,Fields selected by evidence grade; all underlying observations remain separately auditable.
TX-273A6D20D7,JJJM Grass Fed Beef,jjjm grass fed beef,farm,unique_source_name_reviewed,TX,Collin,Celina,75009,1500 Cottonwood Dr,public_business_address_reviewed_for_future_reduced_precision,,,beef,LocalHarvest Family Farm,(913) 744-5827,,internal_until_public_use_review,https://jjjmgrassfedbeef.com,http://www.facebook.com/JJJMOrganicFarms,,,True,False,False,False,False,False,False,1,txobs_fdcfcb9f58ae28dd89af,LocalHarvest — Texas county-seat gap search,https://www.localharvest.org/jjjm-grass-fed-beef-M71256,D,2026-07-15,promotion_eligible_reviewed,,Fields selected by evidence grade; all underlying observations remain separately auditable.
TX-9BE3278B18,McClendon Farms,mcclendon farms,farm,merged_exact_name_reviewed,TX,Collin,Lavon,75166,325 McClendon Road,public_business_address_reviewed_for_future_reduced_precision,,,pork; Black Angus Beef,LocalHarvest Family Farm; GO TEXAN Farm And Ranch; Product,(972) 533-8043,,internal_until_public_use_review,,,,,True,False,False,False,False,False,False,2,txobs_26826118340a5c825a24 | txobs_92645a4ed47ec22612a7,LocalHarvest — Texas county-seat gap search | Texas Department of Agriculture — GO TEXAN Farm And Ranch,https://www.localharvest.org/mcclendon-farms-M78104 | https://bridge.texasagriculture.gov/GoTexanSearch/?resultsFormat=CommaSeparatedValues&searchType=Advanced&pageSize=2147483647&businessType=Farm+And+Ranch&pageNumber=1,B; D,2026-07-15,promotion_eligible_reviewed,,Fields selected by evidence grade; all underlying observations remain separately auditable.
TX-691E9B4028,Profound Foods,profound foods,farm,unique_source_name_reviewed,TX,Collin,Fairview,75069,163 Fountain Ct.,public_business_address_reviewed_for_future_reduced_precision,33.13291903963366,-96.65039127477361,Farm/ranch products; see current statewide profile,Farms & Ranches,(214) 680-8535,info@profoundfoods.com,internal_until_public_use_review,https://www.profoundfoods.com/,https://www.facebook.com/profoundfoods,https://www.instagram.com/profoundfoods/,,True,False,False,False,False,False,False,1,txobs_d322385f2d9c090a69e0,Texas Center for Local Food — Farms & Ranches,https://texaslocalfood.org/tclf-partner/profound-foods/,D,2026-07-15,promotion_eligible_reviewed,,Fields selected by evidence grade; all underlying observations remain separately auditable.
TX-D5D556EAF1,Pure La nd Farm,pure la nd farm,farm,unique_source_name_reviewed,TX,Collin,Mckinney,75071,7505 County Road 201,public_business_address_reviewed_for_future_reduced_precision,,,"Uses natural growing practices , beans, beets, blackberries, carrots, herbs or spices, melons, onions, peppers, summer squash, tomatoes, other vegetables, porta-potties",U-pick; agritourism,(469) 795-8585,megan@purelandorganic.com,internal_until_public_use_review,https://www.purelandorganic.com,https://www.facebook.com/purelandfarm,,,True,False,False,False,True,False,False,1,txobs_607f6e7dbbeeedcd7e9b,PickYourOwn — Dallas / Fort Worth,https://www.pickyourown.org/TXdallas.htm,D,2026-07-15,promotion_eligible_reviewed,,Fields selected by evidence grade; all underlying observations remain separately auditable.
TX-2C911C03EC,Reeves Family Farm,reeves family farm,farm,merged_exact_name_reviewed,TX,Collin,Princeton,75407,"3577 FM 1377, Princeton, TX 75407, USA",public_business_address_reviewed_for_future_reduced_precision,,,Farm/ranch products; see current statewide profile; Vegetables,Farmers Markets & Farm Stands; Farms & Ranches; Farm-to-school vendor candidate,(214) 796-8256,reevesfarm316@gmail.com,internal_until_public_use_review,https://www.reevesfamilyfarm.com/,https://www.facebook.com/Reevesfamilyfarm/,,,False,False,False,False,False,True,True,2,txobs_94756f2dd71bd9fb03e9 | txobs_0b713066dbeabd046f94,Texas Center for Local Food — Farms & Ranches | Texas Department of Agriculture — Farm to School vendor resource list,https://texaslocalfood.org/tclf-partner/reeves-family-farm/ | https://www.squaremeals.org/Portals/8/files/NSLP/LFS/LFS%20Vendor%20Resource%20List%20Updated%20Nov%202024.pdf?ver=I7PGgvoElV78S-FFin0OiQ%3D%3D,D,2026-07-15,promotion_eligible_reviewed,,Fields selected by evidence grade; all underlying observations remain separately auditable.
TX-13C42E22A6,Sabine Creek Honey Farm,sabine creek honey farm,farm,unique_source_name_reviewed,TX,Collin,Royse City,75189,22326 County Road 638,public_business_address_reviewed_for_future_reduced_precision,,,Specialty Products,Farms & Ranches,7067617893,sabinecreekhoneyfarm@gmail.com,internal_until_public_use_review,https://www.sabinecreekhoney.com/,https://www.facebook.com/SabineCreekHoney,,,False,False,False,False,False,False,False,1,txobs_0350374e0f27c50a8b82,Texas Center for Local Food — Farms & Ranches,https://texaslocalfood.org/tclf-partner/sabine-creek-honey-farm/,D,2026-07-15,promotion_eligible_reviewed,,Fields selected by evidence grade; all underlying observations remain separately auditable.
TX-461DCD8927,Sunset Trail Farm,sunset trail farm,farm,unique_source_name_reviewed,TX,Collin,Collin County service area,,,public_business_address_reviewed_for_future_reduced_precision,,,"Certified organic , blackberries, pumpkins, pumpkin patch,",U-pick; agritourism,,info@sunsettrail.com,internal_until_public_use_review,https://www.sunsettrail.com/,https://www.facebook.com/sunset.trail.blackberries/,,,True,False,False,False,True,False,False,1,txobs_1d9237f51bb2bd2f4d0f,PickYourOwn — Dallas / Fort Worth,https://www.pickyourown.org/TXdallas.htm,D,2026-07-15,promotion_eligible_reviewed,,Fields selected by evidence grade; all underlying observations remain separately auditable.
TX-A26636FA3C,Talise Microgreens,talise microgreens,farm,merged_exact_name_reviewed,TX,Collin,Dallas,75252,17811 Davenport Road,public_business_address_reviewed_for_future_reduced_precision,32.9913433,-96.7949105,Hydroponic microgreens; Herbs; Vegetables,Urban farm; wholesale restaurant delivery; Farms & Ranches; Specialty Producers,2146163655,info.talise@gmail.com,internal_until_public_use_review,https://www.talisemicrogreens.com,https://www.facebook.com/p/Talise-Microgreens-100076186968209/,https://www.instagram.com/microgreensdfw/?hl=en,,False,False,False,False,False,False,True,2,txobs_b0edf3543e05cc412f7d | txobs_1451a75c8b79ed5bf526,FarmFinder curator verification — farm-owned or authoritative evidence | Texas Center for Local Food — Farms & Ranches,https://www.toogoodtogo.com/en-us/find/dallas/talisemicrogreensllc/groceries/microgreenssurprisebag-48473672925919521 | https://texaslocalfood.org/tclf-partner/talise-microgreens/,C; D,2026-07-15,promotion_eligible_reviewed,,Fields selected by evidence grade; all underlying observations remain separately auditable.
TX-F21037254A,The Giving Garden at Jacob's Reward Farm,the giving garden at jacobs reward farm,farm,unique_source_name_reviewed,TX,Collin,Parker,75002,4308 Church Lane,public_business_address_reviewed_for_future_reduced_precision,,,Meat,Farms & Ranches,2142849218,hello@the-giving-garden.org,internal_until_public_use_review,https://www.the-giving-garden.org,https://www.facebook.com/JacobsRewardFarm,https://www.instagram.com/givinggardenjrf,,False,False,False,False,False,False,True,1,txobs_32810b92357758887543,Texas Center for Local Food — Farms & Ranches,https://texaslocalfood.org/tclf-partner/the-giving-garden-at-jacobs-reward-farm/,D,2026-07-15,promotion_eligible_reviewed,,Fields selected by evidence grade; all underlying observations remain separately auditable.
TX-4B6ABC4E33,Wylie Urban Farm And Market,wylie urban farm and market,farm,merged_exact_name_reviewed,TX,Collin,Wylie,75098,2315 East Stone Road,public_business_address_reviewed_for_future_reduced_precision,,,Fresh produce; organic produce; Farm/ranch products; see official GO TEXAN profile,Community urban farm co-op; direct-to-consumer market; GO TEXAN Farm And Ranch; Associate,(616) 401-4272,,internal_until_public_use_review,https://www.wylieurbanfarmcoop.com,,,,True,False,False,False,False,True,False,2,txobs_71ae5aaddc494dea7d0c | txobs_96e414b76cbcc7f63715,FarmFinder curator verification — farm-owned or authoritative evidence | Texas Department of Agriculture — GO TEXAN Farm And Ranch,https://www.brandoniker.com/projects/wylie-urban-farm-market | https://bridge.texasagriculture.gov/GoTexanSearch/?resultsFormat=CommaSeparatedValues&searchType=Advanced&pageSize=2147483647&businessType=Farm+And+Ranch&pageNumber=1,B; C,2026-07-15,promotion_eligible_reviewed,,Fields selected by evidence grade; all underlying observations remain separately auditable.
TX-056299E70D,Yum Cake Crumbs Llc,yum cake crumbs,farm,unique_source_name_reviewed,TX,Collin,Frisco,75033,8811 Eldorado Pkwy #3131,public_business_address_reviewed_for_future_reduced_precision,,,Custom Cakes,GO TEXAN Farm And Ranch; Product,(469) 426-2870,,internal_until_public_use_review,https://www.yumcakecrumbs.com,,,,True,False,False,False,False,False,False,1,txobs_5836c66d77c3a8ea07de,Texas Department of Agriculture — GO TEXAN Farm And Ranch,https://bridge.texasagriculture.gov/GoTexanSearch/?resultsFormat=CommaSeparatedValues&searchType=Advanced&pageSize=2147483647&businessType=Farm+And+Ranch&pageNumber=1,B,2026-07-15,promotion_eligible_reviewed,,Fields selected by evidence grade; all underlying observations remain separately auditable.
TX-38F51388B0,Lone Mound Ranch,lone mound ranch,farm,unique_source_name_reviewed,TX,Collingsworth,Shamrock,79079,5800 FM 1547,public_business_address_reviewed_for_future_reduced_precision,,,beef; goat; baked goods; pet food; eggs; butter; cheese; raw milk,LocalHarvest Family Farm,(307) 331-4327,,internal_until_public_use_review,https://Lonemoundranch.com,,https://instagram.com/flintranch.tx,,True,False,False,False,False,False,False,1,txobs_93301232ea442a31e6b9,LocalHarvest — Texas county-seat gap search,https://www.localharvest.org/lone-mound-ranch-M82027,D,2026-07-15,promotion_eligible_reviewed,,Fields selected by evidence grade; all underlying observations remain separately auditable.
TX-01E6D11A30,SOS From Texas Organic Cotton Products,sos from texas organic cotton products,farm,unique_source_name_reviewed,TX,Collingsworth,Samnorwood,79077,15781 fm 1036,public_business_address_reviewed_for_future_reduced_precision,,,seeds,LocalHarvest Family Farm,(806) 256-2033,,internal_until_public_use_review,https://www.sosfromtexas.com,http://www.facebook.com/SOSFromTexas,,,True,False,False,False,False,False,False,1,txobs_478152379a05a2f71a54,LocalHarvest — Texas county-seat gap search,https://www.localharvest.org/sos-from-texas-organic-cotton-products-M58179,D,2026-07-15,promotion_eligible_reviewed,,Fields selected by evidence grade; all underlying observations remain separately auditable.
TX-6B7CC21885,Elstner Cattle Co,elstner cattle co,farm,unique_source_name_reviewed,TX,Colorado,Weimar,78692,,public_business_address_reviewed_for_future_reduced_precision,29.7030098,-96.7805399,Meat,Farms & Ranches,979-743-0008,,internal_until_public_use_review,,https://www.facebook.com/p/Elstner-Cattle-Co-100063556629263/,,,False,False,False,False,False,False,False,1,txobs_3d34d9e12ccc730f8a7e,Texas Center for Local Food — Farms & Ranches,https://texaslocalfood.org/tclf-partner/elstner-cattle-co/,D,2026-07-15,promotion_eligible_reviewed,,Fields selected by evidence grade; all underlying observations remain separately auditable.
TX-F4DE8A65E9,Buddysbonz Llc,buddysbonz llc,farm,unique_source_name_reviewed,TX,Comal,Spring Branch,78070,290 Fawn Ln,public_business_address_reviewed_for_future_reduced_precision,,,Antlerz - From Hunting Lease Off I10; Biscuitz - Mesquite Smoked Bladders; Bonz Or Shortz - Pieces We Cut From Cattle Femurs; Buddysbutter - Penut Butter And Coconut Oil; Chicken Jerkyz - Dehydrated Chicken Pieces; Chicken-Duck Feetz - Mesquite Smoked; Liver Chipz - Smoked Collagen Chips With Liver; Popcorn Ballz - Cheesey Bacon Popcorn Balls; Snoutz - Mequite Smoked Pig Noses; Tomahawkz - Pieces We Cut From Cattle Femurs,GO TEXAN Farm And Ranch; Product,(830) 484-4321,,internal_until_public_use_review,https://www.buddysbonz.com,,,,True,False,False,False,False,False,False,1,txobs_0892fd101c8c64016af6,Texas Department of Agriculture — GO TEXAN Farm And Ranch,https://bridge.texasagriculture.gov/GoTexanSearch/?resultsFormat=CommaSeparatedValues&searchType=Advanced&pageSize=2147483647&businessType=Farm+And+Ranch&pageNumber=1,B,2026-07-15,promotion_eligible_reviewed,,Fields selected by evidence grade; all underlying observations remain separately auditable.
TX-197DABBA3F,Cinco H Ranch,cinco h ranch,farm,unique_source_name_reviewed,TX,Comal,Canyon Lake,78133,Texas,public_business_address_reviewed_for_future_reduced_precision,,,Tallow Based Products,GO TEXAN Farm And Ranch; Product,(210) 219-8809,,internal_until_public_use_review,https://www.cincohranchnaturals.com,,,,True,False,False,False,False,False,False,1,txobs_aace4e35c5ec92d18993,Texas Department of Agriculture — GO TEXAN Farm And Ranch,https://bridge.texasagriculture.gov/GoTexanSearch/?resultsFormat=CommaSeparatedValues&searchType=Advanced&pageSize=2147483647&businessType=Farm+And+Ranch&pageNumber=1,B,2026-07-15,promotion_eligible_reviewed,,Fields selected by evidence grade; all underlying observations remain separately auditable.
TX-6418C72ADC,Native American Seed,native american seed,farm,unique_source_name_reviewed,TX,Comal,New Braunfels,78130,10101 FM1102,public_business_address_reviewed_for_future_reduced_precision,,,Seeds and Supplies,Farms & Ranches; Food & Ag Resource,(800) 728-4043,info@seedsource.com,internal_until_public_use_review,https://seedsource.com/,https://www.facebook.com/NativeAmericanSeed/,https://www.instagram.com/nativeamericanseed/,,True,False,False,False,False,False,False,1,txobs_2aa9db3b442060859459,Texas Center for Local Food — Farms & Ranches,https://texaslocalfood.org/tclf-partner/native-american-seed/,D,2026-07-15,promotion_eligible_reviewed,,Fields selected by evidence grade; all underlying observations remain separately auditable.
TX-1353571223,Pure Pastures,pure pastures,farm,merged_exact_name_reviewed,TX,Comal,Canyon Lake,78133,598 Thumper Lane,public_business_address_reviewed_for_future_reduced_precision,,,"PURE PASTURES IS A FAMILY OWNED, HOLISTICALLY MANAGED RANCH LOCATED IN CANYON LAKE, TX Nestled in the heart of the Texas Hill Country, Pure Pastures practices 100% regenerative techniques; holistically managing our animals in a way that revitalizes the ranch’s natural resources. We have been working since 2015 to perfect our rotational grazing practices to provide the most flavorful and nutrient dense meat. Our passions inspired our interest in regenerative and sustainable agriculture, and our drive to implement it’s practices on our ranch. We raise cattle, pigs, and sheep, as well as chickens and ducks (for eggs); our animals live their entire lives the way they are supposed to live: on rich soil in grassy pastures.; Meat",Shop Texas Farms member; Farmers Markets & Farm Stands; Farms & Ranches,830-310-1882,,internal_until_public_use_review,https://purepasturestx.com/,https://www.facebook.com/purepasturestx,https://www.instagram.com/purepasturestx,,True,False,False,False,False,False,False,2,txobs_c986afe2bbc988171798 | txobs_93afb560a694adff1e8a,Shop Texas Farms — member business directory | Texas Center for Local Food — Farms & Ranches,https://shoptexasfarms.com/business-directory/entry/zxxxm/ | https://texaslocalfood.org/tclf-partner/pure-pastures/,D,2026-07-15,promotion_eligible_reviewed,,Fields selected by evidence grade; all underlying observations remain separately auditable.
TX-679E5F6E92,Shook Farm,shook farm,farm,unique_source_name_reviewed,TX,Comal,New Braunfels,78130,229 Ragsdale Way,public_business_address_reviewed_for_future_reduced_precision,,,Baked Goods; Specialty Products; Vegetables,Farms & Ranches,9033735918,shookfarms2021@gmail.com,internal_until_public_use_review,https://shookfarmtx.com,https://www.facebook.com/ShookFarmTX,https://www.instagram.com/shookfarm,,False,False,False,False,False,False,True,1,txobs_7afccd2523c96609b030,Texas Center for Local Food — Farms & Ranches,https://texaslocalfood.org/tclf-partner/shook-farm/,D,2026-07-15,promotion_eligible_reviewed,,Fields selected by evidence grade; all underlying observations remain separately auditable.
TX-2697E484FA,Beaty Cattle Company,beaty cattle company,farm,merged_exact_name_reviewed,TX,Comanche,De Leon,76444,3650 Highway 16,public_business_address_reviewed_for_future_reduced_precision,,,Dairy; Meat; Non-food; Non-Meat Animal Products; Specialty Products; Grain Finished Beef,Farms & Ranches; Grocery & Shops; GO TEXAN Farm And Ranch; Product,254-893-6328,,internal_until_public_use_review,https://beatycattle.com,https://www.facebook.com/beatycattlecompany/,https://www.instagram.com/beatycattlecompany/,,True,False,False,False,False,False,True,3,txobs_9890cc3fae854a36d41f | txobs_c1f29f6ce7de3475279d | txobs_3a16b34e206df8e73570,Texas Center for Local Food — Farms & Ranches | Texas Department of Agriculture — GO TEXAN Farm And Ranch,https://texaslocalfood.org/tclf-partner/beaty-beef-and-more/ | https://texaslocalfood.org/tclf-partner/beaty-cattle-company/ | https://bridge.texasagriculture.gov/GoTexanSearch/?resultsFormat=CommaSeparatedValues&searchType=Advanced&pageSize=2147483647&businessType=Farm+And+Ranch&pageNumber=1,B; D,2026-07-15,promotion_eligible_reviewed,,Fields selected by evidence grade; all underlying observations remain separately auditable.
TX-10D25B825C,beatycattle,beatycattle,farm,unique_source_name_reviewed,TX,Comanche,De Leon,76444,3650 Highway 16,public_business_address_reviewed_for_future_reduced_precision,,,"Beaty Cattle Company is a multi-generational farm & ranch family in De Leon, TX. We primarily raise commercial Brangus/Hereford cross cattle and sell beef direct to customers. Our beef is locally raised, grass fed and grain finished giving you some of the tastiest beef in Texas. We have beef available in bulk (quarter, half or whole) or as individual cuts or bundles. If you are interested in purchasing a half or whole beef, please contact us at beatycattle@gmail.com or visit https://beatycattle.eatfromfarms.com/ for more information on availability and pricing.",Shop Texas Farms member,,,internal_until_public_use_review,,,,,True,False,False,False,False,False,False,1,txobs_917f516013023e05eb2a,Shop Texas Farms — member business directory,https://shoptexasfarms.com/business-directory/entry/yi8gp/,D,2026-07-15,promotion_eligible_reviewed,,Fields selected by evidence grade; all underlying observations remain separately auditable.
TX-898A286493,Cade Richmond Hay; Land & Cattle Llc,cade richmond hay land and cattle,farm,unique_source_name_reviewed,TX,Comanche,De Leon,76444,7491 Highway,public_business_address_reviewed_for_future_reduced_precision,,,Coastal Bermuda Equine Pellets; Horse Quality Coastal Bermuda Hay; Ranch Raised Beef; Ranch Raised Fresh Lamb; Registered Angus Bulls; Registered Brangus Heifers,GO TEXAN Farm And Ranch; Product,(254) 485-8023,,internal_until_public_use_review,https://www.caderichmond.com,,,,True,False,False,False,False,True,False,1,txobs_1d4541e8c8d98c29bc47,Texas Department of Agriculture — GO TEXAN Farm And Ranch,https://bridge.texasagriculture.gov/GoTexanSearch/?resultsFormat=CommaSeparatedValues&searchType=Advanced&pageSize=2147483647&businessType=Farm+And+Ranch&pageNumber=1,B,2026-07-15,promotion_eligible_reviewed,,Fields selected by evidence grade; all underlying observations remain separately auditable.
TX-A960F0F2E6,Texas Fruit & Pecan Orchard,texas fruit and pecan orchard,farm,unique_source_name_reviewed,TX,Comanche,De Leon,76444,3451 State Highway 6,public_business_address_reviewed_for_future_reduced_precision,,,"Peaches, Plums, Apricots, Persimmons, Pecans",U-pick; agritourism,254-893-6875,,internal_until_public_use_review,,,,,True,False,False,False,True,False,False,1,txobs_71fd000ee356035d4482,PickYourOwn — Abilene,https://www.pickyourown.org/TXabilene.htm,E,2026-07-16,research_or_qa_queue,single grade-E discovery listing needs corroboration,"Current search did not find a farm-owned or independently current source beyond the regional directory; retain in QA under the non-deletion policy."
TX-F2695E6032,Windy Hill Organics,windy hill organics,farm,unique_source_name_reviewed,TX,Comanche,Comanche,,,public_business_address_reviewed_for_future_reduced_precision,,,dry beans; garlic; green beans; potatoes; spinach; winter-squash; beef; goat; eggs; pickles; preserves; arugula; asparagus; beets; green onions; hot peppers; kale; lettuce; salad greens; tomatoes; turnips; artichokes; carrots; chinese greens; collards; sweet corn; cucumber; eggplant; mustard greens; okra; onions; peas; radishes; shallots; summer squash; sweet peppers; swiss chard; tomatillos; zucchini; blackberries; cantaloupes; figs; melons; pears; persimmons; plums; watermelons; medicinal herbs; pumpkins; sweet potatoes,LocalHarvest Family Farm,(254) 979-1988,,internal_until_public_use_review,https://www.windyhillfarmTX.com,http://www.facebook.com/WindyhillTX,,,True,False,False,False,False,False,False,1,txobs_78eef02a6ce08d9f8236,LocalHarvest — Texas county-seat gap search,https://www.localharvest.org/windy-hill-organics-M23054,D,2026-07-15,promotion_eligible_reviewed,,Fields selected by evidence grade; all underlying observations remain separately auditable.
TX-2BC9C26237,Back 4T Farms,back 4t farms,farm,merged_exact_name_reviewed,TX,Concho,Melvin,76837,7871 US HWY 87 E,public_business_address_reviewed_for_future_reduced_precision,,,Pastured livestock and/or farm products; see source profile; beef; chicken; pork; eggs; Eggs; Meat,Pastured-product farm; direct sales; LocalHarvest Family Farm; Farms & Ranches; Grocery & Shops,(325) 266-1617,hhowdy@back4tfarms.com,internal_until_public_use_review,https://www.back4tfarms.com,https://www.facebook.com/back4tfarms,https://www.instagram.com/back4tfarms/,,True,False,False,False,False,False,True,3,txobs_f3bf762cabda273f1f8f | txobs_5cf298d3302af7328d67 | txobs_f0f22917d2360ee48954,EatWild Texas directory | LocalHarvest — Texas county-seat gap search | Texas Center for Local Food — Farms & Ranches,https://www.eatwild.com/products/texas.html | https://www.localharvest.org/back-4t-farms-M83949 | https://texaslocalfood.org/tclf-partner/back-4t-farms/,D,2026-07-15,promotion_eligible_reviewed,,Fields selected by evidence grade; all underlying observations remain separately auditable.
TX-644177C516,Lavender Ridge Farms,lavender ridge farms,farm,unique_source_name_reviewed,TX,Cooke,Gainesville,76240,2391 County Road 178,public_business_address_reviewed_for_future_reduced_precision,,,"lavender, zinnia, herbs, gift shop, restrooms, picnic area",U-pick; agritourism,940-665-6938,info@lavenderridgefarms.com,internal_until_public_use_review,http://www.lavenderridgefarms.com,https://www.facebook.com/lavenderridgefarms,,,True,False,False,False,True,False,False,1,txobs_bbb9d5a2475091f098f1,PickYourOwn — Dallas / Fort Worth,https://www.pickyourown.org/TXdallas.htm,D,2026-07-15,promotion_eligible_reviewed,,Fields selected by evidence grade; all underlying observations remain separately auditable.
TX-1A515C8D13,Barnard Beef Cattle Company,barnard beef cattle company,farm,merged_cross_county_identity_reviewed,TX,Coryell,Crawford,76638,P.O Box 32,public_business_address_reviewed_for_future_reduced_precision,,,"Located southwest of Waco, our family-owned ranch provides grass-fed and lightly grain-finished beef to customers along I-35. We offer a variety of purchasing options, from bulk beef to smaller or custom boxes, ensuring that we meet diverse customer needs. Additionally, we occasionally provide pork and chicken to complement our offerings.; Meat",Shop Texas Farms member; Farms & Ranches,2549878121,lori@barnardbeef.com,internal_until_public_use_review,https://www.texasbestbeef.com,,,,True,False,False,False,False,False,True,2,txobs_c031a9b91341c61bea24 | txobs_838f89c706dea2c71855,Shop Texas Farms — member business directory | Texas Center for Local Food — Farms & Ranches,https://shoptexasfarms.com/business-directory/entry/yb69d/ | https://texaslocalfood.org/tclf-partner/barnard-beef-cattle-company/,D,2026-07-15,promotion_eligible_reviewed,,Fields selected by evidence grade; all underlying observations remain separately auditable.
TX-32B6F9F0D4,Regenerative Grace LLC,regenerative grace,farm,unique_source_name_reviewed,TX,Coryell,Copperas Cove,76522,1057 Pheasant Cir,public_business_address_reviewed_for_future_reduced_precision,,,"We are a beginning small farm that believes in utilizing regenerative agriculture to produce clean, healthy food for our family and local communities. We specialize in providing pastured poultry that is free of all chemicals and fed a non-gmo, soy-free, corn-free diet. They are truly on grass from day 1 and are moved to get fresh grass and bugs every day. You can find us at local markets in the Central Texas area, or contact us by email or social media to place an order. Email: info@regenerativegrace.com / Facebook: @RegenerativeGrace",Shop Texas Farms member,,,internal_until_public_use_review,,,,,True,False,False,False,False,False,False,1,txobs_343d2411ff3c204624b6,Shop Texas Farms — member business directory,https://shoptexasfarms.com/business-directory/entry/b012q/,D,2026-07-15,promotion_eligible_reviewed,,Fields selected by evidence grade; all underlying observations remain separately auditable.
TX-376A172177,Buck Creek Land & Cattle,buck creek land and cattle,farm,unique_source_name_reviewed,TX,Cottle,Paducah,79248,358 County Rd 233,public_business_address_reviewed_for_future_reduced_precision,,,beef; chicken; lamb; pork,LocalHarvest Family Farm,(806) 683-2590,,internal_until_public_use_review,https://www.buckcreek.com,http://www.facebook.com/BuckCreekMeats,https://instagram.com/BuckCreekMeats,,True,False,False,False,False,False,False,1,txobs_09d9814e020c77053763,LocalHarvest — Texas county-seat gap search,https://www.localharvest.org/buck-creek-land-cattle-M64586,D,2026-07-15,promotion_eligible_reviewed,,Fields selected by evidence grade; all underlying observations remain separately auditable.
TX-B81292CF7B,Dusty Creek Ranch,dusty creek ranch,farm,unique_source_name_reviewed,TX,Crane,Crane,79731,Jessica Lane,public_business_address_reviewed_for_future_reduced_precision,,,alpaca,LocalHarvest Family Farm,(432) 556-2147,,internal_until_public_use_review,https://www.alpacasintheusa.com/member_show.php?farm=8&sid=8482b1ac8205175454c66d31c127efdb,,,,True,False,False,False,False,False,False,1,txobs_f6589b90ce5d38e04a20,LocalHarvest — Texas county-seat gap search,https://www.localharvest.org/dusty-creek-ranch-M15013,D,2026-07-15,promotion_eligible_reviewed,,Fields selected by evidence grade; all underlying observations remain separately auditable.
TX-CAFC3E1AF6,Harold Koehn Grass Fed Beef,harold koehn grass fed beef,farm,merged_exact_name_reviewed,TX,Dallam,Texline,79087,13034 FM 296,public_business_address_reviewed_for_future_reduced_precision,,,Pastured livestock and/or farm products; see source profile; beef,Pastured-product farm; direct sales; LocalHarvest Family Farm,(806) 333-2043,hkgrassfarmer75@gmail.com,internal_until_public_use_review,,,,,True,False,False,False,False,False,False,2,txobs_d7d05259891781e4e012 | txobs_d500787ace8579cc10d3,EatWild Texas directory | LocalHarvest — Texas county-seat gap search,https://www.eatwild.com/products/texas.html | https://www.localharvest.org/harold-koehn-grass-fed-beef-M72796,D,2026-07-15,promotion_eligible_reviewed,,Fields selected by evidence grade; all underlying observations remain separately auditable.
TX-A2A1C49255,Little Dairy on the Prairie,little dairy on the prairie,farm,unique_source_name_reviewed,TX,Dallam,Dalhart,79022,,public_business_address_reviewed_for_future_reduced_precision,36.0616092,-102.522223,Dairy,Farms & Ranches,,littledairyontheprairie.tx@gmail.com,internal_until_public_use_review,,https://www.facebook.com/profile.php?id=61569953676821,,,False,False,False,False,False,False,False,1,txobs_176cf8fa674e97c2883f,Texas Center for Local Food — Farms & Ranches,https://texaslocalfood.org/tclf-partner/little-dairy-on-the-prairie/,D,2026-07-15,promotion_eligible_reviewed,,Fields selected by evidence grade; all underlying observations remain separately auditable.
TX-3A95828D61,Chisholm Trail Grass-Fed Beef,chisholm trail grass fed beef,farm,unique_source_name_reviewed,TX,Dallas,Dallas ,75251,,public_business_address_reviewed_for_future_reduced_precision,,,Pastured livestock and/or farm products; see source profile,Pastured-product farm; direct sales,(972) 489-3832,m.crawford@eathealthybeef.org,internal_until_public_use_review,http://www.eathealthybeef.org,,,,True,False,False,False,False,False,False,1,txobs_7fc5d591d437e99bd54d,EatWild Texas directory,https://www.eatwild.com/products/texas.html,D,2026-07-15,promotion_eligible_reviewed,,Fields selected by evidence grade; all underlying observations remain separately auditable.
TX-5FAFC0B99E,Joppy Momma's Farm,joppy mommas farm,farm,unique_source_name_reviewed,TX,Dallas,Dallas,75216,7724 Carbondale St,public_business_address_reviewed_for_future_reduced_precision,,,Eggs; Herbs; Specialty Products; Vegetables,Community Gardens; Farmers Markets & Farm Stands; Farms & Ranches; Food & Ag Resource,469-844-5229,info@joppymommasfarm.org,internal_until_public_use_review,https://joppymommasfarm.org/,https://www.facebook.com/profile.php?id=61565006591319,https://www.instagram.com/joppymommasfarm/,,True,False,False,False,False,False,False,1,txobs_1a789e0216102a8a850d,Texas Center for Local Food — Farms & Ranches,https://texaslocalfood.org/tclf-partner/joppy-mommas-farm/,D,2026-07-15,promotion_eligible_reviewed,,Fields selected by evidence grade; all underlying observations remain separately auditable.
TX-658195F12E,Mars Hill Farm,mars hill farm,farm,merged_exact_name_reviewed,TX,Dallas,Ferris,75125,1604 Mars Road,public_business_address_reviewed_for_future_reduced_precision,,,beef; lamb; beets; collards; cucumber; garlic; green beans; green onions; kale; leeks; lettuce; salad greens; turnips; eggs; okra; onions; summer squash; sweet peppers; tomatoes; zucchini; peaches; fresh flowers; U-pick crops; agritourism,LocalHarvest Family Farm; U-pick; agritourism,(972) 503-9375,julia@marshillfarm.com,internal_until_public_use_review,https://www.marshillfarm.com,https://www.facebook.com/marshillfarm,https://instagram.com/marshillfarm,,True,False,False,False,True,False,False,2,txobs_4f42b75b264265c4a252 | txobs_6c46cc98adc31eae4aaa,LocalHarvest — Texas county-seat gap search | PickYourOwn — Dallas / Fort Worth,https://www.localharvest.org/mars-hill-farm-M86431 | https://www.pickyourown.org/TXdallas.htm,D,2026-07-15,promotion_eligible_reviewed,,Fields selected by evidence grade; all underlying observations remain separately auditable.
TX-F4BCB60C09,Pro Health,pro health,producer_requires_type_review,unique_source_name_reviewed,TX,Dallas,Carrollton,75006,"2100 Luna Rd Ste 140, Carrollton, TX 75006",public_business_address_reviewed_for_future_reduced_precision,,,Vegetables,Farm-to-school vendor candidate,+1 (214) 370-6330,mckennalarsen@prohealth.net,internal_until_public_use_review,https://www.pro-health.com/about/,,,,False,False,False,False,False,True,True,1,txobs_14dac811147e21c8c4bc,Texas Department of Agriculture — Farm to School vendor resource list,https://www.squaremeals.org/Portals/8/files/NSLP/LFS/LFS%20Vendor%20Resource%20List%20Updated%20Nov%202024.pdf?ver=I7PGgvoElV78S-FFin0OiQ%3D%3D; https://www.pro-health.com/about/; https://foodmarketmaker.com/business/bus-7912603B.html,E;B,2026-07-16,research_or_qa_queue,single grade-E discovery listing needs corroboration,"Current official evidence describes produce farming techniques, soil, harvesting, packaging, and distribution, while an independent profile labels the business Farm / Ranch; retain in QA pending direct evidence of the Texas production operation."
TX-A0B3DFD9B7,Restorative Farms - Hatcher Station Training Farm,restorative farms hatcher station training farm,farm,unique_source_name_reviewed,TX,Dallas,Dallas,75210,4500 Todd St,public_business_address_reviewed_for_future_reduced_precision,,,Farm/ranch products; see current statewide profile,Farms & Ranches,,info@restorativefarms.org,internal_until_public_use_review,https://www.restorativefarms.org/,https://www.facebook.com/profile.php?id=100072498973518,https://www.instagram.com/restorative_farms/#,,True,False,False,False,False,False,False,1,txobs_e03fbe570dd711d5850e,Texas Center for Local Food — Farms & Ranches,https://texaslocalfood.org/tclf-partner/restorative-farms-hatcher-station-training-farm-3721/,D,2026-07-15,promotion_eligible_reviewed,,Fields selected by evidence grade; all underlying observations remain separately auditable.
TX-D09C9DF0FE,Simply Grace Gardens,simply grace gardens,farm,unique_source_name_reviewed,TX,Dallas,Lancaster,75134,,public_business_address_reviewed_for_future_reduced_precision,32.624244,-96.857233,Herbs; Vegetables,Farms & Ranches; Food & Ag Resource; Specialty Producers,972-534-4399,veronica@simplygracegardens.com,internal_until_public_use_review,https://simplygracegardensllc.com/,,https://www.instagram.com/simplygracegardensllc,,False,False,False,False,False,False,False,1,txobs_6090fcf0180f0d11d9f6,Texas Center for Local Food — Farms & Ranches,https://texaslocalfood.org/tclf-partner/simply-grace-gardens/,D,2026-07-15,promotion_eligible_reviewed,,Fields selected by evidence grade; all underlying observations remain separately auditable.
TX-713BC2462E,Sunnyvale Pecan Orchard,sunnyvale pecan orchard,farm,unique_source_name_reviewed,TX,Dallas,Sunnyvale,75182,137 Rebecca Road,public_business_address_reviewed_for_future_reduced_precision,,,Pecans,U-pick; agritourism,(972) 226-7243,rustysage@gmail.com,internal_until_public_use_review,https://www.e-pecan.org/Pick-Your-Own.html,,,,True,False,False,False,True,False,False,1,txobs_24e1ed31b2bfa6e82566,PickYourOwn — Dallas / Fort Worth,https://www.pickyourown.org/TXdallas.htm,D,2026-07-15,promotion_eligible_reviewed,,Fields selected by evidence grade; all underlying observations remain separately auditable.
TX-99BCD6DD92,1915 Farm LLC,1915 farm,farm,merged_exact_name_reviewed,TX,DeWitt,Meyersville ,77974,224 Fox Crossing Rd,public_business_address_reviewed_for_future_reduced_precision,,,Pastured livestock and/or farm products; see source profile; beef; chicken; pork; Farm/ranch products; see current statewide profile,Pastured-product farm; direct sales; LocalHarvest Family Farm; Farmers Markets & Farm Stands; Farms & Ranches,(361) 333-5295,1915farm@1915farm.com,internal_until_public_use_review,https://1915farm.com/,https://www.facebook.com/1915Farm/,https://www.instagram.com/1915_farm/,,True,False,False,False,False,False,False,3,txobs_abeea3392db69e655c22 | txobs_fe1156e9b78a65b8bfb5 | txobs_d567973a54bc82b1e553,EatWild Texas directory | LocalHarvest — Texas county-seat gap search | Texas Center for Local Food — Farms & Ranches,https://www.eatwild.com/products/texas.html | https://www.localharvest.org/1915-farm-M77357 | https://texaslocalfood.org/tclf-partner/1915-farm/,D,2026-07-15,promotion_eligible_reviewed,,Fields selected by evidence grade; all underlying observations remain separately auditable.
TX-CD9052C741,Circle T Ranch,circle t ranch,farm,unique_source_name_reviewed,TX,DeWitt,Cuero,77954,986 Friar Rd,public_business_address_reviewed_for_future_reduced_precision,,,eggs; sweet corn; cucumber; green beans; hot peppers; okra; onions; peas; potatoes; zucchini; cantaloupes; watermelons,LocalHarvest Family Farm,(361) 652-1228,,internal_until_public_use_review,,,,,True,False,False,False,False,False,False,1,txobs_d9bcaae8893df97cc553,LocalHarvest — Texas county-seat gap search,https://www.localharvest.org/circle-t-ranch-M37493,D,2026-07-15,promotion_eligible_reviewed,,Fields selected by evidence grade; all underlying observations remain separately auditable.
TX-A80D49505C,Double Bar A Ranch,double bar a ranch,farm,unique_source_name_reviewed,TX,Delta,Ben Franklin ,75415,,public_business_address_reviewed_for_future_reduced_precision,,,Pastured livestock and/or farm products; see source profile,Pastured-product farm; direct sales,(903) 325-4448,embarnes@neto.com,internal_until_public_use_review,,,,,True,False,False,False,False,False,False,1,txobs_5ae359136d7e89e1eb03,EatWild Texas directory,https://www.eatwild.com/products/texas.html,D,2026-07-15,promotion_eligible_reviewed,,Fields selected by evidence grade; all underlying observations remain separately auditable.
TX-D090C4306B,Cattleproof,cattleproof,farm,unique_source_name_reviewed,TX,Denton,Frisco,75034,4522 Mira Vista Dr.,public_business_address_reviewed_for_future_reduced_precision,,,Farm/ranch products; see official GO TEXAN profile,GO TEXAN Farm And Ranch; Associate,(202) 257-3182,,internal_until_public_use_review,https://www.cattleproof.com,,,,True,False,False,False,False,False,False,1,txobs_975e0a88aeacc25bfe95,Texas Department of Agriculture — GO TEXAN Farm And Ranch,https://bridge.texasagriculture.gov/GoTexanSearch/?resultsFormat=CommaSeparatedValues&searchType=Advanced&pageSize=2147483647&businessType=Farm+And+Ranch&pageNumber=1,B,2026-07-15,promotion_eligible_reviewed,,Fields selected by evidence grade; all underlying observations remain separately auditable.
TX-462877F8F2,Goober Bubs Orchard and Bakery,goober bubs orchard and bakery,farm,unique_source_name_reviewed,TX,Denton,Justin,76247,10534 Eakin Cemetery Road,public_business_address_reviewed_for_future_reduced_precision,,,"blackberries, strawberries, carving pumpkins, pie pumpkins, gift shop, bakery, Cell service cell phones work here, restrooms, picnic area, picnic area you may bring your own food, events at your location (call for info)",U-pick; agritourism,214-697-6326,gooberbubs@outlook.com,internal_until_public_use_review,https://gooberbubs.com,https://www.facebook.com/gooberbubs/,https://www.instagram.com/gooberbubs/?hl=en,,True,False,False,False,True,False,False,1,txobs_78d2f3aa541aebe7d2c3,PickYourOwn — Dallas / Fort Worth,https://www.pickyourown.org/TXdallas.htm,D,2026-07-15,promotion_eligible_reviewed,,Fields selected by evidence grade; all underlying observations remain separately auditable.
TX-54ACA449FB,Mini Farm Cattle Co.,mini farm cattle co,farm,unique_source_name_reviewed,TX,Denton,Sanger,76266,,public_business_address_reviewed_for_future_reduced_precision,33.3631706,-97.1739028,Farm/ranch products; see current statewide profile,Farms & Ranches,9403951565,minifarmcattleco@gmail.com,internal_until_public_use_review,https://www.minifarmcattleco.com,https://www.facebook.com/profile.php?id=61560753743415,https://www.instagram.com/minifarmcattleco,https://tiktok.com/minifarmcattleco,False,False,False,False,False,False,True,1,txobs_01ded5eff0f34f3f0e28,Texas Center for Local Food — Farms & Ranches,https://texaslocalfood.org/tclf-partner/mini-farm-cattle-co/,D,2026-07-15,promotion_eligible_reviewed,,Fields selected by evidence grade; all underlying observations remain separately auditable.
TX-F62087EB8E,Pecan Creek Strawberry Farm,pecan creek strawberry farm,farm,unique_source_name_reviewed,TX,Denton,Denton County service area,,,public_business_address_reviewed_for_future_reduced_precision,,,"strawberries,",U-pick; agritourism,940-305-4325,Pecancreekstrawberryfarm@gmail.com,internal_until_public_use_review,https://pecancreekstrawberryfarm.com/,https://www.facebook.com/p/Pecan-Creek-Strawberry-Farm-100083415606934/,,,True,False,False,False,True,False,False,1,txobs_5658f51190166918259f,PickYourOwn — Dallas / Fort Worth,https://www.pickyourown.org/TXdallas.htm,D,2026-07-15,promotion_eligible_reviewed,,Fields selected by evidence grade; all underlying observations remain separately auditable.
TX-855B531650,Texas Green Star LLC,texas green star,farm,official_and_industry_corroborated,TX,Denton,Sanger,76266,"4122 Cowling Rd, Sanger, TX 76266",public_business_address_reviewed_for_future_reduced_precision,,,Leafy greens; herbs; basil; cilantro; lettuce,Farm; hydroponic grower; greenhouse; wholesale,,,internal_until_public_use_review,https://www.texasgreenstar.com/,,,,False,False,False,False,False,True,True,1,txobs_44638e8b3bef98c2a137,Texas Department of Agriculture — Farm to School vendor resource list,https://www.squaremeals.org/Portals/8/files/NSLP/LFS/LFS%20Vendor%20Resource%20List%20Updated%20Nov%202024.pdf?ver=I7PGgvoElV78S-FFin0OiQ%3D%3D; https://local.freshpoint.com/store_page/texas-green-star-llc/; https://www.linkedin.com/company/texas-green-star-hydroponics; https://www.texasgreenstar.com/why-hydroponics/,E;B;A,2026-07-16,promotion_eligible_reviewed,,"Current industry and company evidence identify a 322-acre, 1.4-million-square-foot Sanger hydroponic greenhouse growing leafy greens and herbs for the Texas market."
TX-2D8649EE89,Twin Pecan Farms,twin pecan farms,farm,unique_source_name_reviewed,TX,Denton,Oak Point,75068,550 Opal Drive,public_business_address_reviewed_for_future_reduced_precision,,,Alpaca Yarns And Fiber Products; Eggs; Pecans,GO TEXAN Farm And Ranch; Product,(214) 454-7475,,internal_until_public_use_review,https://www.twinpecan.farm,,,,True,False,False,False,False,False,False,1,txobs_f8ab727e89fc2b49f3de,Texas Department of Agriculture — GO TEXAN Farm And Ranch,https://bridge.texasagriculture.gov/GoTexanSearch/?resultsFormat=CommaSeparatedValues&searchType=Advanced&pageSize=2147483647&businessType=Farm+And+Ranch&pageNumber=1,B,2026-07-15,promotion_eligible_reviewed,,Fields selected by evidence grade; all underlying observations remain separately auditable.
TX-9ACBE3DF32,"Wow U-Pick Farms, LLC",wow u pick farms,farm,unique_source_name_reviewed,TX,Denton,Krum,76249,7271 Donald Road,public_business_address_reviewed_for_future_reduced_precision,,,U-pick crops; agritourism,U-pick; agritourism,(940) 312-9889,eva@4ugoodfood.com,internal_until_public_use_review,,https://www.facebook.com/wowupickfarm,,,True,False,False,False,True,False,False,1,txobs_e0f143e6a68320b78b9a,PickYourOwn — Dallas / Fort Worth,https://www.pickyourown.org/TXdallas.htm,D,2026-07-15,promotion_eligible_reviewed,,Fields selected by evidence grade; all underlying observations remain separately auditable.
TX-66178FA492,Texas Olive Ranch,texas olive ranch,farm,unique_source_name_reviewed,TX,Dimmit,Carrizo Springs,,2488 FM 1557,public_business_address_reviewed_for_future_reduced_precision,,,Vegetables,Farm-to-school vendor candidate,(512) 318-5907,josh@texasoliveranch.com,internal_until_public_use_review,,,,,False,False,False,False,False,True,True,1,txobs_f82e9df5a38d486e0097,Texas Department of Agriculture — Farm to School vendor resource list,https://www.squaremeals.org/Portals/8/files/NSLP/LFS/LFS%20Vendor%20Resource%20List%20Updated%20Nov%202024.pdf?ver=I7PGgvoElV78S-FFin0OiQ%3D%3D,D,2026-07-15,promotion_eligible_reviewed,,Fields selected by evidence grade; all underlying observations remain separately auditable.
TX-7A83D6A89A,Mrs Smith's Farm,mrs smiths farm,farm,unique_source_name_reviewed,TX,Donley,Lelia Lake,79240,111 North Front Street,public_business_address_reviewed_for_future_reduced_precision,,,"apples, grapes, Muscadines, grapes,",U-pick; agritourism,,franismith@hotmail.com,internal_until_public_use_review,,,,,True,False,False,False,True,False,False,1,txobs_540d5fae472eb00cdb20,PickYourOwn — Panhandle,https://www.pickyourown.org/TXpanhandle.htm,D,2026-07-15,promotion_eligible_reviewed,,Fields selected by evidence grade; all underlying observations remain separately auditable.
TX-E2F6023C2D,Files Family Farm,files family farm,farm,merged_exact_name_reviewed,TX,Eastland,Carbon,76435,2500 CR 295,public_business_address_reviewed_for_future_reduced_precision,,,"Files Family Farm is located in Eastland County, about 5 miles outside of Carbon, TX, about 15 miles from I-20. David and Nichola Files operate a peach orchard during the months of July/Aug, with the season usually beginning at the first of July and lasting until the first part of Aug. We sell our peaches here at the farm ready picked or you can pick your own. We also sell at the Abilene Farmer's Market during peach season. All our peaches are naturally grown, we have never used any chemicals in the orchard. Our customers tell us they are the best peaches they have ever had. We are hoping to expand our fruit production in the future to include more varieties of fruit. We also have a small he; peaches, grassfed lamb, using free choice mineral and intensive rotational grazing.",LocalHarvest Family Farm; U-pick; agritourism,(254) 307-2521,filesfamilyfarm@gmail.com,internal_until_public_use_review,https://www.filesfamilyfarm.com,https://www.facebook.com/FilesFamilyFarm,,,True,False,False,False,True,False,False,2,txobs_bbacd11d16c53250f86b | txobs_0e00ecae294a63a89278,LocalHarvest — Texas county-seat gap search | PickYourOwn — Abilene,https://www.localharvest.org/files-family-farm-M54132 | https://www.pickyourown.org/TXabilene.htm,D,2026-07-15,promotion_eligible_reviewed,,Fields selected by evidence grade; all underlying observations remain separately auditable.
TX-BA9F6D3A78,Red Wattles,red wattles,farm,unique_source_name_reviewed,TX,Eastland,Gorman,,,public_business_address_reviewed_for_future_reduced_precision,,,beef; jerky; pork; venison,LocalHarvest Family Farm,(917) 499-7306,,internal_until_public_use_review,https://www.legendmeats.com,,,,True,False,False,False,False,False,False,1,txobs_c922a286e85a2b524d84,LocalHarvest — Texas county-seat gap search,https://www.localharvest.org/red-wattles-M49096,D,2026-07-15,promotion_eligible_reviewed,,Fields selected by evidence grade; all underlying observations remain separately auditable.
TX-A1FB556574,Restoration Fields Farm,restoration fields farm,farm,unique_source_name_reviewed,TX,Eastland,Ranger,76470,909 Young St.,public_business_address_reviewed_for_future_reduced_precision,32.4683166,-98.6673123,Flowers; Herbs; Specialty Products; Vegetables,Farmers Markets & Farm Stands; Farms & Ranches,209-840-2519,Restorationfieldsfarm@gmail.com,internal_until_public_use_review,https://restorationfields.com/,https://www.facebook.com/RestorationFieldsFarm/,,,True,False,False,False,False,False,False,1,txobs_54f6e8dd7ed30b15ffaa,Texas Center for Local Food — Farms & Ranches,https://texaslocalfood.org/tclf-partner/restoration-fields-farm/,D,2026-07-15,promotion_eligible_reviewed,,Fields selected by evidence grade; all underlying observations remain separately auditable.
TX-019DCC09D9,Rocking S.O.B.Ranch,rocking s o b ranch,farm,unique_source_name_reviewed,TX,Eastland,Rising Star,76471,13707 U.S. 183 N. CR 264,public_business_address_reviewed_for_future_reduced_precision,,,beef; eggs,LocalHarvest Family Farm,(254) 643-3700,,internal_until_public_use_review,,,,,True,False,False,False,False,False,False,1,txobs_2e1c0f227b2ffaf747a8,LocalHarvest — Texas county-seat gap search,https://www.localharvest.org/rocking-s-o-b-ranch-M25013,D,2026-07-15,promotion_eligible_reviewed,,Fields selected by evidence grade; all underlying observations remain separately auditable.
TX-DBA490F14C,YT Ranch,yt ranch,farm,unique_source_name_reviewed,TX,Ector,Goldsmith,79741,2 miles east on hwy. 158,public_business_address_reviewed_for_future_reduced_precision,,,beef,LocalHarvest Family Farm,(432) 638-8706,,internal_until_public_use_review,,http://www.facebook.com/ytranch,,,True,False,False,False,False,False,False,1,txobs_b6c4e6d664b5293833fe,LocalHarvest — Texas county-seat gap search,https://www.localharvest.org/yt-ranch-M16256,D,2026-07-15,promotion_eligible_reviewed,,Fields selected by evidence grade; all underlying observations remain separately auditable.
TX-39C63A3B3E,Heritage Beef,heritage beef,farm,unique_source_name_reviewed,TX,Edwards,Rocksprings,78880,95 Ranch Road 2630,public_business_address_reviewed_for_future_reduced_precision,,,beef; goat; jerky; lamb; Corriente Cattle,LocalHarvest Family Farm,(830) 683-7198,,internal_until_public_use_review,https://www.heritagebeeftexas.com,,,,True,False,False,False,False,False,False,1,txobs_30b059d30e1b3ee72f11,LocalHarvest — Texas county-seat gap search,https://www.localharvest.org/heritage-beef-M39958,D,2026-07-15,promotion_eligible_reviewed,,Fields selected by evidence grade; all underlying observations remain separately auditable.
TX-93C5F74735,Blessed Organics LLC,blessed organics,farm,merged_exact_name_reviewed,TX,El Paso,El Paso,79932,6176 River Park Place,public_business_address_reviewed_for_future_reduced_precision,,,broccoli; kale; kohlrabi; peas; radishes; Herbs; Vegetables,LocalHarvest Family Farm; Farms & Ranches,(915) 305-3484,info@blessedorganicsllc.com,internal_until_public_use_review,https://www.BlessedOrganicsLLC.com/,https://www.facebook.com/BlessedOrganicsLLC/,https://www.instagram.com/blessedorganicsllc/?hl=en,,True,False,False,False,False,False,False,2,txobs_aacbfa872e6dab9e1cbf | txobs_6ce0b226a30afbe49020,LocalHarvest — Texas county-seat gap search | Texas Center for Local Food — Farms & Ranches,https://www.localharvest.org/blessed-organics-llc-M79573 | https://texaslocalfood.org/tclf-partner/blessed-organics-llc/,D,2026-07-15,promotion_eligible_reviewed,,Fields selected by evidence grade; all underlying observations remain separately auditable.
TX-AF1A252570,Chuco Town Farm,chuco town farm,farm,unique_source_name_reviewed,TX,El Paso,San Elizario,79849,13410 chicken Ranch Rd,public_business_address_reviewed_for_future_reduced_precision,,,Baked Goods; Eggs; Fruit; Non-food; Specialty Products; Vegetables,Community Gardens; Farmers Markets & Farm Stands; Farms & Ranches; Grocery & Shops; Specialty Producers,(915) 765-9547,Chucotownfarmllc@gmail.com,internal_until_public_use_review,https://Chucotownfarm.com,,,,False,False,False,False,False,False,True,1,txobs_d791564dfe66003cd72b,Texas Center for Local Food — Farms & Ranches,https://texaslocalfood.org/tclf-partner/chuco-town-farm/,D,2026-07-15,promotion_eligible_reviewed,,Fields selected by evidence grade; all underlying observations remain separately auditable.
TX-BDB2D1413A,GH-Dairy/Sarah Farms,gh dairy sarah farms,farm,unique_source_name_reviewed,TX,El Paso,El Paso,79927,"9747 Pan American Drive, El Paso TX 79927",public_business_address_reviewed_for_future_reduced_precision,,,Dairy Products,Farm-to-school vendor candidate,+1 (915) 790-2609,aalvarado@ghdairy.com,internal_until_public_use_review,https://sarahfarmsep.com/,,,,False,False,False,False,False,True,True,1,txobs_cccf67ae0ff63d991a80,Texas Department of Agriculture — Farm to School vendor resource list,https://www.squaremeals.org/Portals/8/files/NSLP/LFS/LFS%20Vendor%20Resource%20List%20Updated%20Nov%202024.pdf?ver=I7PGgvoElV78S-FFin0OiQ%3D%3D,D,2026-07-15,promotion_eligible_reviewed,,Fields selected by evidence grade; all underlying observations remain separately auditable.
TX-C6AF31D3AB,Socorro Valley Farms,socorro valley farms,farm,unique_source_name_reviewed,TX,El Paso,Socorro,79927,11810 Alameda Ave,public_business_address_reviewed_for_future_reduced_precision,,,Kieffer Pear; Quince; Quince Cajeta,GO TEXAN Farm And Ranch; Product,(915) 342-6230,,internal_until_public_use_review,https://www.etsy.com/shop/socorrovalleyfarms?ref=s,,,,True,False,False,False,False,False,False,1,txobs_fac68996739b80d52f3e,Texas Department of Agriculture — GO TEXAN Farm And Ranch,https://bridge.texasagriculture.gov/GoTexanSearch/?resultsFormat=CommaSeparatedValues&searchType=Advanced&pageSize=2147483647&businessType=Farm+And+Ranch&pageNumber=1,B,2026-07-15,promotion_eligible_reviewed,,Fields selected by evidence grade; all underlying observations remain separately auditable.
TX-8747101959,Taylor Hood Farms,taylor hood farms,farm,unique_source_name_reviewed,TX,El Paso,Socorro,79927,549 Belen Road,public_business_address_reviewed_for_future_reduced_precision,,,arugula; kale; lettuce; radishes; salad mix; winter-squash; beets; carrots; summer squash; swiss chard; zucchini; eggs; fresh flowers; cucumber; green beans; hot peppers; okra; sweet peppers; tomatoes; figs; chinese greens,LocalHarvest Family Farm,(575) 805-6757,,internal_until_public_use_review,https://www.taylorhoodfarms.com,http://www.facebook.com/taylorhoodfarms,https://instagram.com/taylorhoodfarms,,True,False,False,False,False,False,False,1,txobs_21bcb1898f2e4d133c91,LocalHarvest — Texas county-seat gap search,https://www.localharvest.org/taylor-hood-farms-M77791,D,2026-07-15,promotion_eligible_reviewed,,Fields selected by evidence grade; all underlying observations remain separately auditable.
TX-7A782CE2F0,Volleman'S Family Farm,vollemans family farm,farm,merged_cross_county_identity_reviewed,TX,El Paso,Gustine,76442,15400 Tx 36,public_business_address_reviewed_for_future_reduced_precision,,,Milk; dairy; Farm/ranch products; see current statewide profile; 2 Percent Milk; Banana Cream Milk; Banana Praline Crunch Ice Cream; Blueberry Lemonade; Blueberry Milk; Butter Pecan Milk; Cappuccino Milk; Chocolate Milk; Dutch Chocolate Chunk Ice Cream; Eggnog; Farmhouse Vanilla Bean; Holiday Custard; Horchata Flavored Milk; Lemonade; Mocha Chip Ice Cream; Orange Juice; Peppermint Eggnog; Pumpkin Spice Milk; Raspberry Cheesecake Ice Cream; Root Beer Milk; S'Mores Milk; Strawberries & Cream Ice Cream; Strawberry Lemonade; Strawberry Milk; Sweet Green Tea; Sweet Raspberry Tea; Texas Homemade Vanilla Milk; Volleman'S 2 Percent Milk; Volleman'S Chocolate Milk; Volleman'S Strawberry Milk; Volleman'S Whole Milk; Whole Milk,Dairy farm; Farms & Ranches; GO TEXAN Farm And Ranch; Product,325-667-7420,info@vollemansdairy.com,internal_until_public_use_review,https://vollemansdairy.com,https://www.facebook.com/vollemansfamilyfarm,https://www.instagram.com/vollemansfamilyfarm/#,https://www.tiktok.com/@vollemansdairy,False,False,False,False,False,False,False,3,txobs_d9fc88056091d9dc0554 | txobs_b7e1d9e437f44e972108 | txobs_6ac37b30afe0115a7367,FarmFinder curator verification — farm-owned or authoritative evidence | Texas Center for Local Food — Farms & Ranches | Texas Department of Agriculture — GO TEXAN Farm And Ranch,https://vollemansdairy.com/ | https://texaslocalfood.org/tclf-partner/volleman-dairy-processing/ | https://bridge.texasagriculture.gov/GoTexanSearch/?resultsFormat=CommaSeparatedValues&searchType=Advanced&pageSize=2147483647&businessType=Farm+And+Ranch&pageNumber=1,B; C; D,2026-07-15,promotion_eligible_reviewed,,Fields selected by evidence grade; all underlying observations remain separately auditable.
TX-884B2D8613,Ashcraft Beef LLC,ashcraft beef,farm,merged_exact_name_reviewed,TX,Ellis,Ennis,75119,3609 Buchholz Ave,public_business_address_reviewed_for_future_reduced_precision,,,"Here at Ashcraft Beef, we offer premium Angus beef that is antibiotic and hormone free. We only pick our finest steers, then finish them on grass and grain. 1/4 beef, 1/2 beef or individual cuts available. Feel free to call us anytime, we’ll be glad to answer all your questions!; Broth Bones; Meat; Tallow",Shop Texas Farms member; Farms & Ranches; Grocery & Shops; Specialty Producers,9729980379,Johnashcraft281@gmail.com,internal_until_public_use_review,https://ashcraftbeefllc.com/,https://www.facebook.com/ashcraftbeefllc,https://www.instagram.com/ashcraftbeefllc/,,True,False,False,False,False,False,False,2,txobs_65c17f7aea4aaead8a04 | txobs_f651199ade4700909459,Shop Texas Farms — member business directory | Texas Center for Local Food — Farms & Ranches,https://shoptexasfarms.com/business-directory/entry/jcg8w/ | https://texaslocalfood.org/tclf-partner/ashcraft-beef-llc/,D,2026-07-15,promotion_eligible_reviewed,,Fields selected by evidence grade; all underlying observations remain separately auditable.
TX-6229B7B1F1,Cluckers Creek LLC,cluckers creek,farm,unique_source_name_reviewed,TX,Ellis,Waxahachie,75167,521 Bakers Branch Rd,public_business_address_reviewed_for_future_reduced_precision,,,chicken; turkey; eggs,LocalHarvest Family Farm,,,internal_until_public_use_review,,https://www.facebook.com/share/1AJeQ18NST/,,,True,False,False,False,False,False,False,1,txobs_ef460efe845b106afbf3,LocalHarvest — Texas county-seat gap search,https://www.localharvest.org/cluckers-creek-llc-M85607,D,2026-07-15,promotion_eligible_reviewed,,Fields selected by evidence grade; all underlying observations remain separately auditable.
TX-0C71FBA793,Ginger McMillan,ginger mcmillan,farm,unique_source_name_reviewed,TX,Ellis,Red Oak,75154,118 Stainback ct.,public_business_address_reviewed_for_future_reduced_precision,,,eggs,LocalHarvest Family Farm,(214) 399-1907,,internal_until_public_use_review,,,,,True,False,False,False,False,False,False,1,txobs_1252a5f662db63c2d179,LocalHarvest — Texas county-seat gap search,https://www.localharvest.org/ginger-mcmillan-M70686,D,2026-07-15,promotion_eligible_reviewed,,Fields selected by evidence grade; all underlying observations remain separately auditable.
TX-B9BCF6D359,Hidden Honey Farm,hidden honey farm,farm,unique_source_name_reviewed,TX,Ellis,Waxahachie,75167,7241 Fm1387,public_business_address_reviewed_for_future_reduced_precision,,,"Uses natural growing practices , strawberries, pumpkins, Turkeys (organic, not-hormone-fed), Honey from hives on the farm, Fresh eggs, porta-potties are available, farm animals",U-pick; agritourism,817-296-7003,Info@hiddenhoneyfarm.com,internal_until_public_use_review,,https://www.facebook.com/Hiddenhoneyfarm,,,True,False,False,False,True,False,False,1,txobs_1851345f144742e02a05,PickYourOwn — Dallas / Fort Worth,https://www.pickyourown.org/TXdallas.htm,D,2026-07-15,promotion_eligible_reviewed,,Fields selected by evidence grade; all underlying observations remain separately auditable.
TX-C0DAE2B710,Larken Farms,larken farms,farm,unique_source_name_reviewed,TX,Ellis,Waxahachie,75167,3653 Greathouse Road,public_business_address_reviewed_for_future_reduced_precision,,,"Uses natural growing practices , beets, blackberries, pears, plums, pumpkins, other vegetables, Honey from hives on the farm, already-picked produce, farm animals",U-pick; agritourism,972-230-7038,Khalver439@aol.com,internal_until_public_use_review,,https://www.facebook.com/LarkenFarms/,,,True,False,False,False,True,False,False,1,txobs_68c2ec8d930048237159,PickYourOwn — Dallas / Fort Worth,https://www.pickyourown.org/TXdallas.htm,D,2026-07-15,promotion_eligible_reviewed,,Fields selected by evidence grade; all underlying observations remain separately auditable.
TX-CEE32A2297,McGreen Acres,mcgreen acres,farm,unique_source_name_reviewed,TX,Ellis,Red Oak,75154,2414 Westmoreland Rd,public_business_address_reviewed_for_future_reduced_precision,,,"Locally owned business, focused on Pastured GMO/Soy/Corn Free Chicken, Eggs & Pork Pastured Turkey and Raw Milk Herd Share. If you’ve ever wondered how to feed your family better… McGreen Acres began with the same concerns about GMOs, hormones, and food production.",Shop Texas Farms member,,,internal_until_public_use_review,,,,,True,False,False,False,False,False,False,1,txobs_476546c5aa46e08fa7f4,Shop Texas Farms — member business directory,https://shoptexasfarms.com/business-directory/entry/pae1y/,D,2026-07-15,promotion_eligible_reviewed,,Fields selected by evidence grade; all underlying observations remain separately auditable.
TX-2DF7A4597D,Mendoza Farms,mendoza farms,farm,merged_exact_name_reviewed,TX,Ellis,Ennis,75119,212 Brown Rd,public_business_address_reviewed_for_future_reduced_precision,,,Specialty Products; Hay; Pecans,Farmers Markets & Farm Stands; Farms & Ranches; Food & Ag Resource; GO TEXAN Farm And Ranch; Product,(956) 244-3753,MendozaFarms212@gmail.com,internal_until_public_use_review,,https://www.facebook.com/profile.php?id=61569246806488,,,True,False,False,False,False,False,True,2,txobs_77496eb869dc0c5d00d4 | txobs_2927d9d9ab0d9039f774,Texas Center for Local Food — Farms & Ranches | Texas Department of Agriculture — GO TEXAN Farm And Ranch,https://texaslocalfood.org/tclf-partner/mendoza-farms-flavored-pecans-and-organic-hay/ | https://bridge.texasagriculture.gov/GoTexanSearch/?resultsFormat=CommaSeparatedValues&searchType=Advanced&pageSize=2147483647&businessType=Farm+And+Ranch&pageNumber=1,B; D,2026-07-15,promotion_eligible_reviewed,,Fields selected by evidence grade; all underlying observations remain separately auditable.
TX-49DA5EC8B7,Pastured Steps Family Farm,pastured steps family farm,farm,merged_exact_name_reviewed,TX,Ellis,Midlothian,76065,1505 Indian Creek Dr,public_business_address_reviewed_for_future_reduced_precision,32.407504,-97.0104165,beef; chicken; pork; turkey; eggs; Eggs; Meat,LocalHarvest Family Farm; Farms & Ranches,(469) 612-3531,dan@pasturedsteps.com,internal_until_public_use_review,https://www.pasturedsteps.com,http://www.facebook.com/pasturedstepsfamilyfarm,https://instagram.com/pasturedsteps,,True,False,False,False,False,False,True,2,txobs_902a38d2e1f9928b5f02 | txobs_25c379ad77fb1e7a2b27,LocalHarvest — Texas county-seat gap search | Texas Center for Local Food — Farms & Ranches,https://www.localharvest.org/pastured-steps-family-farm-M75854 | https://texaslocalfood.org/tclf-partner/pastured-steps-family-farm/,D,2026-07-15,promotion_eligible_reviewed,,Fields selected by evidence grade; all underlying observations remain separately auditable.
TX-E97F87D82B,Raised Wild Texas,raised wild texas,farm,merged_exact_name_reviewed,TX,Ellis,Italy,76651,925 Witten Road,public_business_address_reviewed_for_future_reduced_precision,,,Pastured livestock and/or farm products; see source profile; Eggs; Meat,Pastured-product farm; direct sales; Farms & Ranches,945-542-8822,grassfed@raisedwildtexas.com,internal_until_public_use_review,https://www.raisedwildtexas.com/,https://www.facebook.com/raisedwildtexas,https://www.instagram.com/raisedwildtexas/,,True,False,False,False,False,False,True,2,txobs_030953052eb42d3df3c9 | txobs_dfc91b3954be51ba4bd2,EatWild Texas directory | Texas Center for Local Food — Farms & Ranches,https://www.eatwild.com/products/texas.html | https://texaslocalfood.org/tclf-partner/raised-wild-texas/,D,2026-07-15,promotion_eligible_reviewed,,Fields selected by evidence grade; all underlying observations remain separately auditable.
TX-4064A33A5E,Blue Jay Dairy,blue jay dairy,farm,official_cooperative_farmer_corroborated,TX,Erath,Dublin,76446,"19996 FM 219, Dublin TX 76446",public_business_address_reviewed_for_future_reduced_precision,,,Dairy products,Farm; dairy; cooperative member; wholesale,+1 (254) 968-2371,,internal_until_public_use_review,https://hygeiadairy.com/,,,,False,False,False,False,False,True,True,1,txobs_49daedfa1969687e30e0,Texas Department of Agriculture — Farm to School vendor resource list,https://www.squaremeals.org/Portals/8/files/NSLP/LFS/LFS%20Vendor%20Resource%20List%20Updated%20Nov%202024.pdf?ver=I7PGgvoElV78S-FFin0OiQ%3D%3D; https://hygeiadairy.com/meet-our-farmers/,E;A,2026-07-16,promotion_eligible_reviewed,,"Current Hygeia Dairy cooperative evidence lists Blue Jay Dairy as a Dublin farmer member; retain the current farm entity as eligible."
TX-165F1E43EC,BS Farms,bs farms,farm,merged_exact_name_reviewed,TX,Erath,Bluff Dale,76433,"19519 FM 205, Bluff Dale, TX, United States, Texas",public_business_address_reviewed_for_future_reduced_precision,,,"Fruits; vegetables; Fruits, Vegetables",Produce farm; farm-to-school vendor; Farm-to-school vendor candidate,(254) 243-0582,stuartbrannon98@yahoo.com,internal_until_public_use_review,https://bs-farms.square.site/,,,,False,False,False,False,False,True,True,2,txobs_5298122ef846d1ba147a | txobs_24de0c243eb50ea373cd,FarmFinder curator verification — farm-owned or authoritative evidence | Texas Department of Agriculture — Farm to School vendor resource list,https://squaremeals.org/Portals/8/files/NSLP/LFS/LFS%20-%20Vendor%20List.pdf?ver=UChR8wxKtL3Mn5UY-WfSNQ%3D%3D | https://www.squaremeals.org/Portals/8/files/NSLP/LFS/LFS%20Vendor%20Resource%20List%20Updated%20Nov%202024.pdf?ver=I7PGgvoElV78S-FFin0OiQ%3D%3D,C; D,2026-07-15,promotion_eligible_reviewed,,Fields selected by evidence grade; all underlying observations remain separately auditable.
TX-2750023A98,Gold Nugget Farm,gold nugget farm,farm,unique_source_name_reviewed,TX,Erath,Dublin,,,public_business_address_reviewed_for_future_reduced_precision,,,beef,LocalHarvest Family Farm,,,internal_until_public_use_review,https://www.goldnugget-farm.com,http://www.facebook.com/GoldNuggetFarmTX,https://instagram.com/goldnuggetfarmtx,,True,False,False,False,False,False,False,1,txobs_f41ceea340791911712f,LocalHarvest — Texas county-seat gap search,https://www.localharvest.org/gold-nugget-farm-M82022,D,2026-07-15,promotion_eligible_reviewed,,Fields selected by evidence grade; all underlying observations remain separately auditable.
TX-9E07A9A3C1,Teggxas,teggxas,farm,unique_source_name_reviewed,TX,Erath,Dublin,76446,3942 Cr 388,public_business_address_reviewed_for_future_reduced_precision,,,Eggs,GO TEXAN Farm And Ranch; Product,(254) 434-7204,,internal_until_public_use_review,,,,,False,False,False,False,False,False,False,1,txobs_22e0dedd8302d05bff57,Texas Department of Agriculture — GO TEXAN Farm And Ranch,https://bridge.texasagriculture.gov/GoTexanSearch/?resultsFormat=CommaSeparatedValues&searchType=Advanced&pageSize=2147483647&businessType=Farm+And+Ranch&pageNumber=1,B,2026-07-15,promotion_eligible_reviewed,,Fields selected by evidence grade; all underlying observations remain separately auditable.
TX-889C40CD55,Feathered Fork Farms Llc,feathered fork farms,farm,merged_exact_name_reviewed,TX,Falls,Lott,76656,704 Cr 402,public_business_address_reviewed_for_future_reduced_precision,,,Eggs; Meat; Vegetables; Beef; Chicken; Pork,Farms & Ranches; Farm-to-school vendor candidate; GO TEXAN Farm And Ranch; Product,(254) 314-0163,featheredforkfarms@gmail.com,internal_until_public_use_review,https://www.featheredforkfarms.com,https://www.facebook.com/FeatheredForkFarms,,,True,False,False,False,False,True,True,3,txobs_af33c41f033549846f15 | txobs_c348dcf960160fad936d | txobs_0799518dfab5d9dc4bb6,Texas Center for Local Food — Farms & Ranches | Texas Department of Agriculture — Farm to School vendor resource list | Texas Department of Agriculture — GO TEXAN Farm And Ranch,https://texaslocalfood.org/tclf-partner/feathered-fork-farms/ | https://www.squaremeals.org/Portals/8/files/NSLP/LFS/LFS%20Vendor%20Resource%20List%20Updated%20Nov%202024.pdf?ver=I7PGgvoElV78S-FFin0OiQ%3D%3D | https://bridge.texasagriculture.gov/GoTexanSearch/?resultsFormat=CommaSeparatedValues&searchType=Advanced&pageSize=2147483647&businessType=Farm+And+Ranch&pageNumber=1,B; D,2026-07-15,promotion_eligible_reviewed,,Fields selected by evidence grade; all underlying observations remain separately auditable.
TX-FDFE71AA65,Jenkins Farms,jenkins farms,farm,unique_source_name_reviewed,TX,Fannin,Ravenna,75476,269 Cr 1600,public_business_address_reviewed_for_future_reduced_precision,,,"blackberries, peaches, plums, restrooms",U-pick; agritourism,903-583-2220,patclaude@verizon.net,internal_until_public_use_review,https://jenkinsfarmspeachorchard.com/,https://www.facebook.com/jenkinsfarms.peachorchard/,,,True,False,False,False,True,False,False,1,txobs_b9ccb8ceb212bec94a93,PickYourOwn — Dallas / Fort Worth,https://www.pickyourown.org/TXdallas.htm,D,2026-07-15,promotion_eligible_reviewed,,Fields selected by evidence grade; all underlying observations remain separately auditable.
TX-5DBE2BDFD7,Punjab Farms,punjab farms,farm,unique_source_name_reviewed,TX,Fannin,Bonham,75452,5091 Us-82,public_business_address_reviewed_for_future_reduced_precision,,,"No pesticides are used , strawberries, concessions or refreshment stand, porta-potties",U-pick; agritourism,(972) 646-1607,punjabfarmstx@gmail.com,internal_until_public_use_review,,https://www.facebook.com/punjabfarmstexas,,,True,False,False,False,True,False,False,1,txobs_ef9e69183435c444fa4f,PickYourOwn — Dallas / Fort Worth,https://www.pickyourown.org/TXdallas.htm,D,2026-07-15,promotion_eligible_reviewed,,Fields selected by evidence grade; all underlying observations remain separately auditable.
TX-ABFB1C96D3,Walkers Blueberries,walkers blueberries,farm,unique_source_name_reviewed,TX,Fannin,Ravenna,75476,2933 FM 274,public_business_address_reviewed_for_future_reduced_precision,,,"No pesticides are used blueberries, porta-potties are available",U-pick; agritourism,915-204-1346,ahwalker@outlook.com,internal_until_public_use_review,,https://www.facebook.com/Walkers-Blueberries-218711674814990,,,True,False,False,False,True,False,False,1,txobs_aeb22210861cc22f7284,PickYourOwn — Dallas / Fort Worth,https://www.pickyourown.org/TXdallas.htm,D,2026-07-15,promotion_eligible_reviewed,,Fields selected by evidence grade; all underlying observations remain separately auditable.
TX-7A5B51E769,5N Farms,5n farms,farm,unique_source_name_reviewed,TX,Fayette,Fayetteville,78940,,public_business_address_reviewed_for_future_reduced_precision,29.9052013,-96.6751391,Meat; Vegetables,Farms & Ranches,(979) 966-2996,fivenfarms@gmail.com,internal_until_public_use_review,https://www.fivenfarms.com/,https://www.facebook.com/fivenfarms,https://www.instagram.com/fivenfarms,,False,False,False,False,False,False,False,1,txobs_b13ec2746cf9acbfd6cf,Texas Center for Local Food — Farms & Ranches,https://texaslocalfood.org/tclf-partner/5n-farms/,D,2026-07-15,promotion_eligible_reviewed,,Fields selected by evidence grade; all underlying observations remain separately auditable.
TX-6F47BA5D0B,Granny's Garden and Grass-Fed Beef: Rabb's Creek Ranch,grannys garden and grass fed beef rabbs creek ranch,farm,unique_source_name_reviewed,TX,Fayette,La Grange,78945,Schubert Road,public_business_address_reviewed_for_future_reduced_precision,,,Meat; Vegetables,Farms & Ranches,(979) 250-1024,rabbscreekranch@yahoo.com,internal_until_public_use_review,https://www.grannysgardentx.com/,https://www.facebook.com/rabbscreekranchgrassfedbeef/,,,False,False,False,False,False,False,False,1,txobs_1f2d05e56b88f36c8018,Texas Center for Local Food — Farms & Ranches,https://texaslocalfood.org/tclf-partner/grannys-garden-and-grass-fed-beef-rabbs-creek-ranch/,D,2026-07-15,promotion_eligible_reviewed,,Fields selected by evidence grade; all underlying observations remain separately auditable.
TX-533714FC70,Rockin B Ranch,rockin b ranch,farm,unique_source_name_reviewed,TX,Fayette,Schulenburg,78956,10118 Baseball Diamond Lp,public_business_address_reviewed_for_future_reduced_precision,,,Meat; Meat By Products,GO TEXAN Farm And Ranch; Product,(713) 412-2600,,internal_until_public_use_review,,,,,False,False,False,False,False,False,False,1,txobs_1e1c7b2c48cb7d73c35b,Texas Department of Agriculture — GO TEXAN Farm And Ranch,https://bridge.texasagriculture.gov/GoTexanSearch/?resultsFormat=CommaSeparatedValues&searchType=Advanced&pageSize=2147483647&businessType=Farm+And+Ranch&pageNumber=1,B,2026-07-15,promotion_eligible_reviewed,,Fields selected by evidence grade; all underlying observations remain separately auditable.
TX-68690CE501,Weimer Meat Company,weimer meat company,farm,integrated_farm_and_processor_corroborated,TX,Fayette,Weimar,78962,"2109 West US Highway 90 Weimar, TX 78962",public_business_address_reviewed_for_future_reduced_precision,,,Beef; pork,Farm; cattle ranch; meat processor; wholesale; farm-to-table,(979) 725-6203,sadie@weimarmeatco.com,internal_until_public_use_review,https://weimarmeatcompany.com/,,,,False,False,True,False,False,True,True,1,txobs_24351e42ba189bf90871,Texas Department of Agriculture — Farm to School vendor resource list,https://www.squaremeals.org/Portals/8/files/NSLP/LFS/LFS%20Vendor%20Resource%20List%20Updated%20Nov%202024.pdf?ver=I7PGgvoElV78S-FFin0OiQ%3D%3D; https://weimarmeatcompany.com/,E;A,2026-07-16,promotion_eligible_reviewed,,"Current official evidence states that Elstner Cattle Company raises cattle in Weimar and that Weimar Meat Company raises, slaughters, and processes beef and pork at the local operation; the official postal code is 78962."
TX-A3C8BF3858,Smith Land And Cattle Co,smith land and cattle co,farm,unique_source_name_reviewed,TX,Fisher,Mccaulley,79534,1286 County Road 768,public_business_address_reviewed_for_future_reduced_precision,,,Cattle,GO TEXAN Farm And Ranch; Product,(714) 349-6444,,internal_until_public_use_review,https://smithlandandcattleco.com,,,,True,False,False,False,False,False,False,1,txobs_e5d04a2801b5e5e7fa24,Texas Department of Agriculture — GO TEXAN Farm And Ranch,https://bridge.texasagriculture.gov/GoTexanSearch/?resultsFormat=CommaSeparatedValues&searchType=Advanced&pageSize=2147483647&businessType=Farm+And+Ranch&pageNumber=1,B,2026-07-15,promotion_eligible_reviewed,,Fields selected by evidence grade; all underlying observations remain separately auditable.
TX-E285E90742,77 Land & Cattle; Llc,77 land and cattle,farm,unique_source_name_reviewed,TX,Floyd,Lockney,79241,981 Cr 130,public_business_address_reviewed_for_future_reduced_precision,,,Beef,GO TEXAN Farm And Ranch; Product,(806) 231-8033,,internal_until_public_use_review,https://www.77landandcattle.com,,,,True,False,False,False,False,False,False,1,txobs_27368cb998d13d861b11,Texas Department of Agriculture — GO TEXAN Farm And Ranch,https://bridge.texasagriculture.gov/GoTexanSearch/?resultsFormat=CommaSeparatedValues&searchType=Advanced&pageSize=2147483647&businessType=Farm+And+Ranch&pageNumber=1,B,2026-07-15,promotion_eligible_reviewed,,Fields selected by evidence grade; all underlying observations remain separately auditable.
TX-07EAD198F7,All We Need Farm,all we need farm,farm,merged_exact_name_reviewed,TX,Fort Bend,Needville,77461,12902 Dannhaus,public_business_address_reviewed_for_future_reduced_precision,,,pork; eggs; goat; apples; blackberries; figs; plums; Specialty Products,LocalHarvest Family Farm; Farms & Ranches; Processors & Kitchens; Specialty Producers,(713) 305-2005,stacey@allweneedfarm.com,internal_until_public_use_review,https://www.allweneedfarms.com,https://www.facebook.com/allweneedfarms,https://www.instagram.com/allweneedfarm,https://www.tiktok.com/@allweneedfarm,True,False,False,False,False,False,True,2,txobs_df93acf38fecebf90ec5 | txobs_85bfd076a495df8f6d7c,LocalHarvest — Texas county-seat gap search | Texas Center for Local Food — Farms & Ranches,https://www.localharvest.org/all-we-need-farm-M26999 | https://texaslocalfood.org/tclf-partner/all-we-need-farm/,D,2026-07-15,promotion_eligible_reviewed,,Fields selected by evidence grade; all underlying observations remain separately auditable.
TX-D1B7A1F60F,Blessington Farms,blessington farms,farm,merged_cross_county_identity_reviewed,TX,Fort Bend,Simonton,77476,510 Chisolm Trail,public_business_address_reviewed_for_future_reduced_precision,,,U-pick crops; agritourism,U-pick; agritourism,(832) 444-8717,info@blessingtonfarms.com,internal_until_public_use_review,https://www.blessingtonfarms.com,https://www.facebook.com/blessingtonfarms,,,True,False,False,False,True,False,False,2,txobs_98d9e1aec596a18b88ec | txobs_f5dd5701bb0771ef4eca,PickYourOwn — Houston / Southeast,https://www.pickyourown.org/TXhouston.htm,D,2026-07-15,promotion_eligible_reviewed,,Fields selected by evidence grade; all underlying observations remain separately auditable.
TX-60844F240F,Healthy Hart Farms/Microgreens,healthy hart farms microgreens,farm,unique_source_name_reviewed,TX,Fort Bend,Rosenberg,77471,930 Salado Slough Ln,public_business_address_reviewed_for_future_reduced_precision,29.5245547,-95.8203514,Microgreens; Specialty Products; Vegetables,Farms & Ranches; Specialty Producers,8324831465,sales@healthyhartfarmsllc.com,internal_until_public_use_review,https://www.healthyhartfarms.com,,https://www.instagram.com/healthyhartfarms/,,True,False,False,False,False,False,True,1,txobs_51407c9d5bda2884ce0e,Texas Center for Local Food — Farms & Ranches,https://texaslocalfood.org/tclf-partner/healthy-hart-farms-microgreens/,D,2026-07-15,promotion_eligible_reviewed,,Fields selected by evidence grade; all underlying observations remain separately auditable.
TX-3CF054C829,Liberty Provisions,liberty provisions,farm,unique_source_name_reviewed,TX,Fort Bend,Richmond,,,public_business_address_reviewed_for_future_reduced_precision,,,beef; lamb,LocalHarvest Family Farm,(713) 502-8081,,internal_until_public_use_review,,http://www.facebook.com/libprov/,,,True,False,False,False,False,False,False,1,txobs_699496809ed422993f10,LocalHarvest — Texas county-seat gap search,https://www.localharvest.org/liberty-provisions-M71076,D,2026-07-15,promotion_eligible_reviewed,,Fields selected by evidence grade; all underlying observations remain separately auditable.
TX-31DEE76D06,Stuart Ranch Tables,stuart ranch tables,farm,unique_source_name_reviewed,TX,Fort Bend,Richmond,77406,8420 Fm 359,public_business_address_reviewed_for_future_reduced_precision,,,Handmade Wood Crosses; Handmade Wood Shelves And Cabinets; Handmade Wood Tables; Handmade And Painted Wood Benches,GO TEXAN Farm And Ranch; Product,(346) 302-6211,,internal_until_public_use_review,https://www.stuartranchtables.com,,,,True,False,False,False,False,False,False,1,txobs_056299d3634cdda0c9ca,Texas Department of Agriculture — GO TEXAN Farm And Ranch,https://bridge.texasagriculture.gov/GoTexanSearch/?resultsFormat=CommaSeparatedValues&searchType=Advanced&pageSize=2147483647&businessType=Farm+And+Ranch&pageNumber=1,B,2026-07-15,promotion_eligible_reviewed,,Fields selected by evidence grade; all underlying observations remain separately auditable.
TX-A3FB54797F,Sweet Dew Farm,sweet dew farm,farm,unique_source_name_reviewed,TX,Fort Bend,Rosenberg,,,public_business_address_reviewed_for_future_reduced_precision,,,arugula; kale; salad greens; salad mix; eggs; bread; medicinal herbs; sprouts; wheat grass,LocalHarvest Family Farm,,,internal_until_public_use_review,https://sweetdewfarm.com,http://www.facebook.com/sweetdewfarmtx,https://instagram.com/sweetdewfarmtx/,,True,False,False,False,False,False,False,1,txobs_0c4ca6c06df77dd9bd2a,LocalHarvest — Texas county-seat gap search,https://www.localharvest.org/sweet-dew-farm-M84352,D,2026-07-15,promotion_eligible_reviewed,,Fields selected by evidence grade; all underlying observations remain separately auditable.
TX-3083A79B7A,Texas T Kobe Prime Beef,texas t kobe prime beef,farm,unique_source_name_reviewed,TX,Fort Bend,Wallis,77485,4830 Fm 1952,public_business_address_reviewed_for_future_reduced_precision,,,beef,LocalHarvest Family Farm,(713) 298-4482,,internal_until_public_use_review,https://TexasTKobe.com,http://www.facebook.com/TexasTKobe/info,,,True,False,False,False,False,False,False,1,txobs_30259da273c9d1f98897,LocalHarvest — Texas county-seat gap search,https://www.localharvest.org/texas-t-kobe-prime-beef-M55202,D,2026-07-15,promotion_eligible_reviewed,,Fields selected by evidence grade; all underlying observations remain separately auditable.
TX-CBE3FE8A14,TX Farmhouse Beef,tx farmhouse beef,farm,unique_source_name_reviewed,TX,Fort Bend,Sugar Land,77479,19901 SW Frwy,public_business_address_reviewed_for_future_reduced_precision,,,"Born, raised and grazed by our family in the pastures of East Texas! We are thrilled to offer all natural grass finished beef direct! Our love of ranching and agriculture inspired us to “raise the steaks” in our operation, literally. After being cow calf producers for the big guys we decided to take back control of our industry and offer pasture to plate goodness. Our commitment to quality genetics using 44 Farms bulls and F1 Braford mamas our crop results in authentic TX beef – free of antibiotics, GMOs and steroids. These guys are also 100% grass fed and finished. Life in our pastures is good! Try it and your plate will showcase it. We offer individual cuts as well as bulk orders! Pick up locations in Fort Bend, Harris and Trinity County and we ship anywhere in the great state of TEXAS.",Shop Texas Farms member,,,internal_until_public_use_review,,,,,True,False,False,False,False,False,False,1,txobs_97eaa8c7bb1ebca815ae,Shop Texas Farms — member business directory,https://shoptexasfarms.com/business-directory/entry/qh8po/,D,2026-07-15,promotion_eligible_reviewed,,Fields selected by evidence grade; all underlying observations remain separately auditable.
TX-16DA6703AB,Timber Creek Beef,timber creek beef,farm,unique_source_name_reviewed,TX,Franklin,Winnsboro,75494,1664 FM 3357,public_business_address_reviewed_for_future_reduced_precision,,,Meat,Farmers Markets & Farm Stands; Farms & Ranches; Restaurants & Food Trucks,903-975-7468,manager@timbercreekbeef.com,internal_until_public_use_review,https://www.timbercreekbeef.com,https://www.facebook.com/TimberCreekBeef/,https://www.instagram.com/timbercreekbeef/,,True,False,False,False,False,False,False,1,txobs_af39ee6bc049b08eec07,Texas Center for Local Food — Farms & Ranches,https://texaslocalfood.org/tclf-partner/timber-creek-beef/,D,2026-07-15,promotion_eligible_reviewed,,Fields selected by evidence grade; all underlying observations remain separately auditable.
TX-155F663AF2,Glory Farms,glory farms,farm,unique_source_name_reviewed,TX,Freestone,Fairfield ,75840,,public_business_address_reviewed_for_future_reduced_precision,,,Pastured livestock and/or farm products; see source profile,Pastured-product farm; direct sales,(903) 389-2676,rds4@earthlink.net,internal_until_public_use_review,,,,,True,False,False,False,False,False,False,1,txobs_7ea36d71d0c3e2ff92d9,EatWild Texas directory,https://www.eatwild.com/products/texas.html,D,2026-07-15,promotion_eligible_reviewed,,Fields selected by evidence grade; all underlying observations remain separately auditable.
TX-BC895093BB,Torah Poultry,torah poultry,farm,unique_source_name_reviewed,TX,Frio,Moore,78057,1640 County Road 1670,public_business_address_reviewed_for_future_reduced_precision,,,chicken; eggs,LocalHarvest Family Farm,(830) 317-9745,,internal_until_public_use_review,,,,,True,False,False,False,False,False,False,1,txobs_298cf07adef7e21e894c,LocalHarvest — Texas county-seat gap search,https://www.localharvest.org/torah-poultry-M82249,D,2026-07-15,promotion_eligible_reviewed,,Fields selected by evidence grade; all underlying observations remain separately auditable.
TX-E7208B1D80,Celestine Gardens,celestine gardens,farm,unique_source_name_reviewed,TX,Galveston,San Leon,77539,1211 11th Street,public_business_address_reviewed_for_future_reduced_precision,,,arugula; beets; broccoli; carrots; green onions; lettuce; radishes; salad greens; cucumber; hot peppers; sweet peppers; tomatoes; figs; summer squash; watermelons,LocalHarvest Family Farm,(713) 869-1603,,internal_until_public_use_review,https://celestinegardens.com,http://www.facebook.com/celestinegardens,,,True,False,False,False,False,False,False,1,txobs_556fca432d2398f1f7f1,LocalHarvest — Texas county-seat gap search,https://www.localharvest.org/celestine-gardens-M65003,D,2026-07-15,promotion_eligible_reviewed,,Fields selected by evidence grade; all underlying observations remain separately auditable.
TX-2C1E934F76,Fruits and Such Orchard,fruits and such orchard,farm,unique_source_name_reviewed,TX,Galveston,Dickinson,77539,6309 Avenue U (at Bowerman),public_business_address_reviewed_for_future_reduced_precision,,,"blueberries, blackberries, peaches",U-pick; agritourism,832-443-6733,fruitsandsuch@verizon.net,internal_until_public_use_review,,https://www.facebook.com/fruitsnsuch.orchard/?rf=211729292194643,,,True,False,False,False,True,False,False,1,txobs_a49825bd857994cedeb0,PickYourOwn — Houston / Southeast,https://www.pickyourown.org/TXhouston.htm,D,2026-07-15,promotion_eligible_reviewed,,Fields selected by evidence grade; all underlying observations remain separately auditable.
TX-3914AF24E0,Kenz Henz,kenz henz,farm,unique_source_name_reviewed,TX,Galveston,Santa Fe,77517,15701 Fir Rd,public_business_address_reviewed_for_future_reduced_precision,,,chicken; eggs; seeds,LocalHarvest Family Farm,,,internal_until_public_use_review,https://kenzhenz.com,http://www.facebook.com/kenzhenz&hatchery,,,True,False,False,False,False,False,False,1,txobs_ce5751db31ab7611f0a8,LocalHarvest — Texas county-seat gap search,https://www.localharvest.org/kenz-henz-M54022,D,2026-07-15,promotion_eligible_reviewed,,Fields selected by evidence grade; all underlying observations remain separately auditable.
TX-ACFED2E523,Miracle Farms,miracle farms,farm,unique_source_name_reviewed,TX,Galveston,Sante Fe,77517,5791 Pearson Rd,public_business_address_reviewed_for_future_reduced_precision,,,rabbit; eggs; raw milk; soap; goat; lamb; figs,LocalHarvest Family Farm,(409) 925-2566,,internal_until_public_use_review,,,,,True,False,False,False,False,False,False,1,txobs_683a1aadef0977738e4a,LocalHarvest — Texas county-seat gap search,https://www.localharvest.org/miracle-farms-M44516,D,2026-07-15,promotion_eligible_reviewed,,Fields selected by evidence grade; all underlying observations remain separately auditable.
TX-36DA780B9B,Moon Dog Farms,moon dog farms,farm,unique_source_name_reviewed,TX,Galveston,Santa Fe,,,public_business_address_reviewed_for_future_reduced_precision,,,beets; broccoli; brussels sprouts; cabbage; carrots; cauliflower; collards; garlic; kale; leeks; lettuce; mushrooms; onions; salad greens; salad mix; swiss chard; winter-squash; grapefruit; lemons; oranges; pears; arugula; green beans; peas; radishes; fresh flowers; chinese greens; sweet corn; cucumber; dry beans; edamame soybeans; eggplant; green onions; hot peppers; okra; potatoes; sweet peppers; sweet potatoes; tomatillos; tomatoes; zucchini; nectarines; watermelons; luffa; mustard greens; pumpkins,LocalHarvest Family Farm,,,internal_until_public_use_review,,http://www.facebook.com/moondogfarms,,,True,False,False,False,False,False,False,1,txobs_8b11612e482e81ba306b,LocalHarvest — Texas county-seat gap search,https://www.localharvest.org/moon-dog-farms-M59224,D,2026-07-15,promotion_eligible_reviewed,,Fields selected by evidence grade; all underlying observations remain separately auditable.
TX-4E1C9CAD28,On the Acre,on the acre,farm,unique_source_name_reviewed,TX,Galveston,Dickinson,77539,1724 Oleander Dr.,public_business_address_reviewed_for_future_reduced_precision,,,"On the Acre was formed in April of 2018. We grow organic microgreens and edible flowers for the private consumer, farmer's markets, restaurants, caterers, and have a subscription based delivery service. The business is run by myself, Nathan, and my partner Nick. We have always dreamed of owning our own business in the agriculture industry that would allow us to provide for our community. This company grew organically out of our love of plants and our desire to be self sufficient. We hope you will give us a try and look forward to meeting you.",LocalHarvest Family Farm,(281) 813-9500,,internal_until_public_use_review,,https://www.facebook.com/ontheacre,,,True,False,False,False,False,False,False,1,txobs_08a04f810302f937725c,LocalHarvest — Texas county-seat gap search,https://www.localharvest.org/on-the-acre-M75929,D,2026-07-15,promotion_eligible_reviewed,,Fields selected by evidence grade; all underlying observations remain separately auditable.
TX-FF2AB592B3,Canyon Valley Provisions LLC,canyon valley provisions,farm,official_source_current_ranch_operation,TX,Garza,Post,79356,"333 State HWY 207, Post, TX 79356",public_business_address_reviewed_for_future_reduced_precision,,,Beef,Farm; ranch; direct-to-consumer; wholesale,+1 (806) 778-8499,info@canyonvalleyprovisions.com,internal_until_public_use_review,https://www.canyonvalleyprovisions.com/,,,,True,False,True,False,False,True,True,1,txobs_3e8d173c42469e93832d,Texas Department of Agriculture — Farm to School vendor resource list,https://www.squaremeals.org/Portals/8/files/NSLP/LFS/LFS%20Vendor%20Resource%20List%20Updated%20Nov%202024.pdf?ver=I7PGgvoElV78S-FFin0OiQ%3D%3D; https://www.canyonvalleyprovisions.com/; https://canyonvalleyprovisions.com/pages/about,E;A;B,2026-07-16,promotion_eligible_reviewed,,"Current farm-owned evidence identifies Canyon Valley Provisions as a family ranch near Post raising grass-fed and grass-finished beef with ranch pickup and shipping."
TX-FC390CABEB,Diamond Vineyards Lld,diamond vineyards lld,farm,unique_source_name_reviewed,TX,Gillespie,Fredericksbrg,78624,103 Ranger Trail,public_business_address_reviewed_for_future_reduced_precision,,,Hill Country Ava Wine,GO TEXAN Farm And Ranch; Product,(830) 383-6869,,internal_until_public_use_review,https://diamondvineyards.co,,,,True,False,False,False,False,True,False,1,txobs_1fbe7b09810a073ef4c0,Texas Department of Agriculture — GO TEXAN Farm And Ranch,https://bridge.texasagriculture.gov/GoTexanSearch/?resultsFormat=CommaSeparatedValues&searchType=Advanced&pageSize=2147483647&businessType=Farm+And+Ranch&pageNumber=1,B,2026-07-15,promotion_eligible_reviewed,,Fields selected by evidence grade; all underlying observations remain separately auditable.
TX-EC7629DE15,Fredericksburg Grassfed Beef,fredericksburg grassfed beef,farm,unique_source_name_reviewed,TX,Gillespie,Fredericksburg ,78624,,public_business_address_reviewed_for_future_reduced_precision,,,Pastured livestock and/or farm products; see source profile,Pastured-product farm; direct sales,,info@fredericksburg-grassfed-beef.com,internal_until_public_use_review,http://www.fredericksburg-grassfed-beef.com,,,,True,False,False,False,False,False,False,1,txobs_5b169ab3dd58578d6ce1,EatWild Texas directory,https://www.eatwild.com/products/texas.html,D,2026-07-15,promotion_eligible_reviewed,,Fields selected by evidence grade; all underlying observations remain separately auditable.
TX-94973EB67D,Jenschke Orchards,jenschke orchards,farm,unique_source_name_reviewed,TX,Gillespie,Fredericksburg,78624,12862 US-290,public_business_address_reviewed_for_future_reduced_precision,,,"Peaches | Highway East 290, Fredericksburg, TX 78624.",U-pick; agritourism,830-997-8422,sandra@bestfredericksburgpeaches.com,internal_until_public_use_review,https://www.bestfredericksburgpeaches.com/,https://www.facebook.com/fredericksburgpeaches,,,True,False,False,False,True,False,False,1,txobs_fa98299e776d7084d9a8,PickYourOwn — San Antonio,https://www.pickyourown.org/TXsanantonio.htm,D,2026-07-15,promotion_eligible_reviewed,,Fields selected by evidence grade; all underlying observations remain separately auditable.
TX-D12B94EC0B,McMahon Ranch,mcmahon ranch,farm,unique_source_name_reviewed,TX,Gillespie,Harper,,,public_business_address_reviewed_for_future_reduced_precision,,,asparagus; beets; broccoli; cabbage; carrots; cauliflower; green onions; kale; kohlrabi; lettuce; radishes; salad greens; spinach; turnips; flour; preserves; sprouts; wheat grass; sweet corn; cucumber; dry beans; eggplant; garlic; green beans; hot peppers; okra; onions; potatoes; shallots; summer squash; sweet peppers; tomatoes; winter-squash; zucchini; blackberries; cantaloupes; melons; watermelons; pickles; oats; Christmas Lima Bean; Southern Field Peas; Cherokee Purple Tomato; Inchelium Red Garlic; Speckled Lettuce,LocalHarvest Family Farm,,,internal_until_public_use_review,,,https://instagram.com/gardensmcmahonranch,,True,False,False,False,False,False,False,1,txobs_9ac397d0bf4bd68232fd,LocalHarvest — Texas county-seat gap search,https://www.localharvest.org/mcmahon-ranch-M82990,D,2026-07-15,promotion_eligible_reviewed,,Fields selected by evidence grade; all underlying observations remain separately auditable.
TX-8C07DBB7FD,The Artistic Farmer,the artistic farmer,farm,unique_source_name_reviewed,TX,Gillespie,Harper,,,public_business_address_reviewed_for_future_reduced_precision,,,eggs; mohair; wool; gourds; luffa; seeds,LocalHarvest Family Farm,(512) 525-7386,,internal_until_public_use_review,https://www.artisticfarmer.com,http://www.facebook.com/theartisticfarmer,,,True,False,False,False,False,False,False,1,txobs_662790ec2cf7b1a69d92,LocalHarvest — Texas county-seat gap search,https://www.localharvest.org/the-artistic-farmer-M44912,D,2026-07-15,promotion_eligible_reviewed,,Fields selected by evidence grade; all underlying observations remain separately auditable.
TX-951D6FAEC0,Zenner Orchard,zenner orchard,farm,unique_source_name_reviewed,TX,Gillespie,Fredericksburg,,,public_business_address_reviewed_for_future_reduced_precision,,,"Fruits, Vegetables",Farm-to-school vendor candidate,,,internal_until_public_use_review,,https://www.facebook.com/pages/Zenner-Orchard/122450814479790/,,,False,False,False,False,False,True,True,1,txobs_8f0ff12c3be18a549309,Texas Department of Agriculture — Farm to School vendor resource list,https://www.squaremeals.org/Portals/8/files/NSLP/LFS/LFS%20Vendor%20Resource%20List%20Updated%20Nov%202024.pdf?ver=I7PGgvoElV78S-FFin0OiQ%3D%3D,D,2026-07-15,promotion_eligible_reviewed,,Fields selected by evidence grade; all underlying observations remain separately auditable.
TX-2500575337,Garret's Legacy,garrets legacy,farm,unique_source_name_reviewed,TX,Goliad,Goliad,77963,FM 1351,public_business_address_reviewed_for_future_reduced_precision,,,chicken; duck; eggs,LocalHarvest Family Farm,(361) 649-4572,,internal_until_public_use_review,,,,,True,False,False,False,False,False,False,1,txobs_cf9252583a00495ad3aa,LocalHarvest — Texas county-seat gap search,https://www.localharvest.org/garrets-legacy-M41489,D,2026-07-15,promotion_eligible_reviewed,,Fields selected by evidence grade; all underlying observations remain separately auditable.
TX-C9FEDD35D9,Garret's Legacy Farmstead,garrets legacy farmstead,farm,unique_source_name_reviewed,TX,Goliad,Goliad,77963,1432 FM 1351,public_business_address_reviewed_for_future_reduced_precision,,,chinese greens; limes; eggs; bread; seeds; brussels sprouts; carrots; sweet corn; cucumber; garlic; hot peppers; okra; summer squash; tomatoes; blackberries; melons; chicken; duck; turkey; pumpkins,LocalHarvest Family Farm,(361) 400-6612,,internal_until_public_use_review,,https://www.facebook.com/garretslegacy/,,,True,False,False,False,False,False,False,1,txobs_85e0e5c5f4d9f8adf341,LocalHarvest — Texas county-seat gap search,https://www.localharvest.org/garrets-legacy-farmstead-M73676,D,2026-07-15,promotion_eligible_reviewed,,Fields selected by evidence grade; all underlying observations remain separately auditable.
TX-CDC959A9E6,Mesquite Field Farm,mesquite field farm,farm,unique_source_name_reviewed,TX,Gonzales,Nixon,78140,501 S Oak Ave,public_business_address_reviewed_for_future_reduced_precision,,,Chicken; Meat; Turkey,Farms & Ranches; Food & Ag Resource,,,internal_until_public_use_review,https://www.mesquitefieldfarm.com/,https://www.facebook.com/mesquitefieldfarm,https://www.instagram.com/mesquitefieldfarm/,,True,False,False,False,False,False,False,1,txobs_bd9faf636b399d172f0c,Texas Center for Local Food — Farms & Ranches,https://texaslocalfood.org/tclf-partner/mesquite-field-farm/,D,2026-07-15,promotion_eligible_reviewed,,Fields selected by evidence grade; all underlying observations remain separately auditable.
TX-3F815FD783,Sedley's Grass Fed Beef,sedleys grass fed beef,farm,unique_source_name_reviewed,TX,Gonzales,Leesville,78122,,public_business_address_reviewed_for_future_reduced_precision,,,Pastured livestock and/or farm products; see source profile,Pastured-product farm; direct sales,830-660-6398,office@sedleysgrassfedbeef.com,internal_until_public_use_review,http://www.sedleysgrassfedbeef.com,https://www.facebook.com/SedleysGrassfedBeef/,https://www.instagram.com/sedleysgrassfedbeef/,,True,False,False,False,False,False,False,1,txobs_3fd397c437dc8af75a12,EatWild Texas directory,https://www.eatwild.com/products/texas.html,D,2026-07-15,promotion_eligible_reviewed,,Fields selected by evidence grade; all underlying observations remain separately auditable.
TX-19846E63DB,Texas Tribal Buffalo Project,texas tribal buffalo project,farm,official_and_independent_corroborated,TX,Gonzales,Waelder,78959,2463 Farm to Market Rd 1296,public_business_address_reviewed_for_future_reduced_precision,,,Bison; meat,Bison ranch; nonprofit; conservation; direct-to-consumer; wholesale,(512) 595-1584,hello@texastribalbuffaloproject.org,internal_until_public_use_review,https://www.texastribalbuffaloproject.org/,https://www.facebook.com/TexasTribalBuffaloProject,https://www.instagram.com/texastribalbuffaloproject,https://www.tiktok.com/@txtribalbuffaloproject,True,False,True,False,False,True,True,2,txobs_c3798d9af4693d684e2d | txobs_b379da1316650a008aa3,Texas Center for Local Food — Farms & Ranches | Texas Department of Agriculture — Farm to School vendor resource list,https://texaslocalfood.org/tclf-partner/texas-tribal-buffalo-project/ | https://www.squaremeals.org/Portals/8/files/NSLP/LFS/LFS%20Vendor%20Resource%20List%20Updated%20Nov%202024.pdf?ver=I7PGgvoElV78S-FFin0OiQ%3D%3D; https://www.texastribalbuffaloproject.org/; https://www.texastribalbuffaloproject.org/news/healing-woman-returns-buffalo-to-native-land,D; E; B,2026-07-16,promotion_eligible_reviewed,,"Current official and independent evidence documents the Waelder bison operation on tribal land, its herd, and licensed bison-meat activity; retain as an eligible farm/ranch entity."
TX-ADB79615D6,Bloomer's Garden & Wildflower Farm,bloomers garden and wildflower farm,farm,unique_source_name_reviewed,TX,Grayson,Sadler,76264,905 Crawford Road,public_business_address_reviewed_for_future_reduced_precision,,,"Uses natural growing practices , blackberries, blueberries, sunflowers, zinnias, flowers, herbs or spices, gift shop, restrooms, picnic area, picnic area you may bring your own food, farm animals",U-pick; agritourism,(903) 564-5206,lbloomer89@gmail.com,internal_until_public_use_review,https://www.bloomersgardentx.com,https://www.facebook.com/txberry,,,True,False,False,False,True,False,False,1,txobs_151d940a736ea739b635,PickYourOwn — Dallas / Fort Worth,https://www.pickyourown.org/TXdallas.htm,D,2026-07-15,promotion_eligible_reviewed,,Fields selected by evidence grade; all underlying observations remain separately auditable.
TX-F9A11CDD21,BSH Farms,bsh farms,farm,unique_source_name_reviewed,TX,Grayson,Whitesboro,76273,774 Tipps Road,public_business_address_reviewed_for_future_reduced_precision,,,"No pesticides are used , jujube, chicken, Honey from hives on the farm",U-pick; agritourism,(214) 532-5312,bshfarmstx@gmail.com,internal_until_public_use_review,,https://www.facebook.com/StrollingChickensTX/,,,True,False,False,False,True,False,False,1,txobs_566f9d828976935ef9fd,PickYourOwn — Dallas / Fort Worth,https://www.pickyourown.org/TXdallas.htm,D,2026-07-15,promotion_eligible_reviewed,,Fields selected by evidence grade; all underlying observations remain separately auditable.
TX-BC3BA7D660,Carney Cattle Ranch,carney cattle ranch,farm,unique_source_name_reviewed,TX,Grayson,Collinsville,,,public_business_address_reviewed_for_future_reduced_precision,,,Meat,Farm-to-school vendor candidate,,,internal_until_public_use_review,,https://www.facebook.com/people/Carney-Cattle-Ranch/100063577300936/?sk=about,,,False,False,False,False,False,True,True,1,txobs_b33e8f2f934db24bc62c,Texas Department of Agriculture — Farm to School vendor resource list,https://www.squaremeals.org/Portals/8/files/NSLP/LFS/LFS%20Vendor%20Resource%20List%20Updated%20Nov%202024.pdf?ver=I7PGgvoElV78S-FFin0OiQ%3D%3D,D,2026-07-15,promotion_eligible_reviewed,,Fields selected by evidence grade; all underlying observations remain separately auditable.
TX-C66F356863,K Bar K Meats LLC,k bar k meats,farm,unique_source_name_reviewed,TX,Grayson,Pottsboro ,75076,,public_business_address_reviewed_for_future_reduced_precision,,,Pastured livestock and/or farm products; see source profile,Pastured-product farm; direct sales,(903) 271-3257,kbark1986@gmail.com,internal_until_public_use_review,http://www.kbarkmeats.com,,,,True,False,False,False,False,False,False,1,txobs_8972576d3113624a5e3e,EatWild Texas directory,https://www.eatwild.com/products/texas.html,D,2026-07-15,promotion_eligible_reviewed,,Fields selected by evidence grade; all underlying observations remain separately auditable.
TX-73666DDDBB,Prairie Farmstead,prairie farmstead,farm,unique_source_name_reviewed,TX,Grayson,Sherman,75092,4617 Farmington Rd,public_business_address_reviewed_for_future_reduced_precision,,,Bone Broth; Eggs; Meat,Farmers Markets & Farm Stands; Farms & Ranches,903-231-3748,prairiefarmstead@gmail.com,internal_until_public_use_review,https://prairiefarmsteadtx.com,https://www.facebook.com/profile.php?id=100064584800291,https://www.instagram.com/prairiefarmstead/,,True,False,False,False,False,False,False,1,txobs_8e814a9a439c33d2ee80,Texas Center for Local Food — Farms & Ranches,https://texaslocalfood.org/tclf-partner/prairie-farmstead/,D,2026-07-15,promotion_eligible_reviewed,,Fields selected by evidence grade; all underlying observations remain separately auditable.
TX-A53EF1E612,Texas Organic Mushrooms,texas organic mushrooms,farm,unique_source_name_reviewed,TX,Grayson,Denison,,,public_business_address_reviewed_for_future_reduced_precision,,,mushrooms,LocalHarvest Family Farm,(903) 465-8833,,internal_until_public_use_review,https://www.shiitakes.com,,,,True,False,False,False,False,False,False,1,txobs_08a2ee34498002e7978d,LocalHarvest — Texas county-seat gap search,https://www.localharvest.org/texas-organic-mushrooms-M17453,D,2026-07-15,promotion_eligible_reviewed,,Fields selected by evidence grade; all underlying observations remain separately auditable.
TX-AB664FC4BA,Family Farm Strawberry and Vegetable Garden,family farm strawberry and vegetable garden,farm,unique_source_name_reviewed,TX,Grimes,Plantersville,77363,11351 County Road 203,public_business_address_reviewed_for_future_reduced_precision,,,"follows organic methods , strawberries, blackberries, vegetables",U-pick; agritourism,936-894-2766,nfo@familyfarmtexas.com,internal_until_public_use_review,https://www.familyfarmtexas.com/,https://www.facebook.com/jollisantfarm,,,True,False,False,False,True,False,False,1,txobs_2247846053306ad3711b,PickYourOwn — Houston / Southeast,https://www.pickyourown.org/TXhouston.htm,D,2026-07-15,promotion_eligible_reviewed,,Fields selected by evidence grade; all underlying observations remain separately auditable.
TX-AD1C514B08,Hill Top Pecan Farm Llc,hill top pecan farm,farm,unique_source_name_reviewed,TX,Grimes,Anderson,77830,5148 Fm 2819,public_business_address_reviewed_for_future_reduced_precision,,,Cooking Woods; Food; Forestry; Horticulture; Mulch; Nuts/Seeds; Pecan; Pecans,GO TEXAN Farm And Ranch; Product,(972) 939-9018,,internal_until_public_use_review,https://www.hilltoppecanfarm.com,,,,True,False,False,False,False,False,False,1,txobs_46ed4c6273ad0f6c8962,Texas Department of Agriculture — GO TEXAN Farm And Ranch,https://bridge.texasagriculture.gov/GoTexanSearch/?resultsFormat=CommaSeparatedValues&searchType=Advanced&pageSize=2147483647&businessType=Farm+And+Ranch&pageNumber=1,B,2026-07-15,promotion_eligible_reviewed,,Fields selected by evidence grade; all underlying observations remain separately auditable.
TX-8BA7FC20BC,Shear Joy Fiber Mill,shear joy fiber mill,farm,unique_source_name_reviewed,TX,Grimes,Anderson,77830,4308 Fm 149 Rd W,public_business_address_reviewed_for_future_reduced_precision,,,Custom Pet Bed; Dryer Balls; Handwoven Rug; Handwoven Saddle Blanket; Natural Felt; Yarn,GO TEXAN Farm And Ranch; Product,(979) 766-1133,,internal_until_public_use_review,https://www.shearjoytx.com,,,,True,False,False,False,False,True,False,1,txobs_ed7e6461f74da1357e38,Texas Department of Agriculture — GO TEXAN Farm And Ranch,https://bridge.texasagriculture.gov/GoTexanSearch/?resultsFormat=CommaSeparatedValues&searchType=Advanced&pageSize=2147483647&businessType=Farm+And+Ranch&pageNumber=1,B,2026-07-15,promotion_eligible_reviewed,,Fields selected by evidence grade; all underlying observations remain separately auditable.
TX-BA6843E870,Star Haven Farms,star haven farms,farm,unique_source_name_reviewed,TX,Grimes,Iola ,77831,,public_business_address_reviewed_for_future_reduced_precision,,,Pastured livestock and/or farm products; see source profile,Pastured-product farm; direct sales,(936) 394-9072,starhaven@mscc.net,internal_until_public_use_review,http://www.texasgrassfed.com,,,,True,False,False,False,False,False,False,1,txobs_92b27f2025c005708eed,EatWild Texas directory,https://www.eatwild.com/products/texas.html,D,2026-07-15,promotion_eligible_reviewed,,Fields selected by evidence grade; all underlying observations remain separately auditable.
TX-076A002474,Texas US Farms,texas us farms,farm,unique_source_name_reviewed,TX,Grimes,Iola,77861,15631 Autumn Oaks Ln,public_business_address_reviewed_for_future_reduced_precision,,,Farm/ranch products; see current statewide profile,Farms & Ranches,(936) 394-2567,texasusfarms@gmail.com,internal_until_public_use_review,,https://www.facebook.com/TexasUSfarms/,,,False,False,False,False,False,False,False,1,txobs_00001e6f154a3cb39b5f,Texas Center for Local Food — Farms & Ranches,https://texaslocalfood.org/tclf-partner/texas-us-farms/,D,2026-07-15,promotion_eligible_reviewed,,Fields selected by evidence grade; all underlying observations remain separately auditable.
TX-C117695211,Top Essential Farm,top essential farm,farm,unique_source_name_reviewed,TX,Grimes,Bedias,77831,9772 FM 1696,public_business_address_reviewed_for_future_reduced_precision,30.7740339,-95.9561236,Farm/ranch products; see current statewide profile,Farmers Markets & Farm Stands; Farms & Ranches; Processors & Kitchens,(936)-395-1164,topessentialfarmprocessing@gmail.com,internal_until_public_use_review,https://topessentialfarmprocessing.com/,https://www.facebook.com/profile.php?id=61574496325231&rdid=hQ7MIvqZN4PempBq&share_url=https%3A%2F%2Fwww.facebook.com%2Fshare%2F15Z8k86jGM%2F#,https://www.instagram.com/topessentialfarm?igsh=bjMwZ3h4NjFteWJ0,,True,False,False,False,False,False,False,1,txobs_3808d4ccffea03fc7ca4,Texas Center for Local Food — Farms & Ranches,https://texaslocalfood.org/tclf-partner/top-essential-farm/,D,2026-07-15,promotion_eligible_reviewed,,Fields selected by evidence grade; all underlying observations remain separately auditable.
TX-BE39657238,Bryan's Healthy Harvest,bryans healthy harvest,farm,unique_source_name_reviewed,TX,Guadalupe,Seguin,78155,367 Muehl Road,public_business_address_reviewed_for_future_reduced_precision,,,Baked Goods; Eggs; Meat; Specialty Products; Vegetables,Farms & Ranches,(210)606-6870,Info@BryansHealthyHarvest.com,internal_until_public_use_review,https://www.BryansHealthyHarvest.com,https://www.facebook.com/BryansHealthyHarvest,https://www.instagram.com/Bryans_Healthy_Harvest,,True,False,False,False,False,False,False,1,txobs_a56f8756337dd050aff0,Texas Center for Local Food — Farms & Ranches,https://texaslocalfood.org/tclf-partner/bryans-healthy-harvest/,D,2026-07-15,promotion_eligible_reviewed,,Fields selected by evidence grade; all underlying observations remain separately auditable.
TX-1F2E85E28A,C91 Ranches,c91 ranches,farm,unique_source_name_reviewed,TX,Guadalupe,Luling,78065,4370 State Hwy 80,public_business_address_reviewed_for_future_reduced_precision,,,"Farm Direct Beef! Our steers where born and raised on our ranches in Atascosa and Guadalupe counties. During finishing, we hand feed a corn ration for superior taste and marbling. Our steers hang for 21 days at the processor to maximize tenderness. Give it a try, you will not be disappointed!",Shop Texas Farms member,,,internal_until_public_use_review,,,,,True,False,False,False,False,False,False,1,txobs_9e3bf3d2f3874b14b16a,Shop Texas Farms — member business directory,https://shoptexasfarms.com/business-directory/entry/qs8de/,D,2026-07-15,promotion_eligible_reviewed,,Fields selected by evidence grade; all underlying observations remain separately auditable.
TX-2907E32561,Culinary Life Farm,culinary life farm,farm,merged_exact_name_reviewed,TX,Guadalupe,Kingsbury,78638,357 Sherrill Road,public_business_address_reviewed_for_future_reduced_precision,,,Baked Goods; Eggs; Flowers; Herbs; Meat; Non-food; Specialty Products; Swiss Chard; Vegetables; Fig Jam; Fresh Produce; Heritage Pork,Farmers Markets & Farm Stands; Farms & Ranches; Grocery & Shops; GO TEXAN Farm And Ranch; Product,(574) 457-6668,candie@culinarylifefarm.com,internal_until_public_use_review,http://www.culinarylifefarm.com,https://www.facebook.com/CulinaryLifeHome,,,True,False,False,False,False,True,True,2,txobs_49970355acc41ed08a95 | txobs_670686f0aba18cb82e0c,Texas Center for Local Food — Farms & Ranches | Texas Department of Agriculture — GO TEXAN Farm And Ranch,https://texaslocalfood.org/tclf-partner/culinary-life-farm/ | https://bridge.texasagriculture.gov/GoTexanSearch/?resultsFormat=CommaSeparatedValues&searchType=Advanced&pageSize=2147483647&businessType=Farm+And+Ranch&pageNumber=1,B; D,2026-07-15,promotion_eligible_reviewed,,Fields selected by evidence grade; all underlying observations remain separately auditable.
TX-781451FBB1,Everything Jesus! Ranch/MooJesus! Dairy,everything jesus ranch moojesus dairy,farm,unique_source_name_reviewed,TX,Guadalupe,Seguin ,78155,,public_business_address_reviewed_for_future_reduced_precision,,,Pastured livestock and/or farm products; see source profile,Pastured-product farm; direct sales,(830) 491-8557,gina@ejranch.com,internal_until_public_use_review,http://www.moojesus.com,,,,True,False,False,False,False,False,False,1,txobs_c2af4a0f1ab0329f61ba,EatWild Texas directory,https://www.eatwild.com/products/texas.html,D,2026-07-15,promotion_eligible_reviewed,,Fields selected by evidence grade; all underlying observations remain separately auditable.
TX-19DF7E2EB8,The Rowdy Roost,the rowdy roost,farm,merged_exact_name_reviewed,TX,Guadalupe,Kingsbury ,78638,1221 Shawnee Lane,public_business_address_reviewed_for_future_reduced_precision,,,Pastured livestock and/or farm products; see source profile; chicken; duck; geese; pork; eggs; baked goods; bread; turkey; pickles; American Bronze Turkey; Cherokee Purple Tomato,Pastured-product farm; direct sales; LocalHarvest Family Farm,512-924-8833,info@therowdyroost.com,internal_until_public_use_review,https://www.therowdyroost.com/,https://www.facebook.com/therowdyroosttx,http://www.instagram.com/therowdyroost.tx,,True,False,False,False,False,False,False,2,txobs_5ee494f296bf5be54604 | txobs_4dcc444f1cda434f4b41,EatWild Texas directory | LocalHarvest — Texas county-seat gap search,https://www.eatwild.com/products/texas.html | https://www.localharvest.org/the-rowdy-roost-M83573,D,2026-07-15,promotion_eligible_reviewed,,Fields selected by evidence grade; all underlying observations remain separately auditable.
TX-F87BCA5B73,Trinity Ranch Seguin,trinity ranch seguin,farm,unique_source_name_reviewed,TX,Guadalupe,Seguin,78155,"1431 Ilka Switch, Seguin, TX 78155",public_business_address_reviewed_for_future_reduced_precision,,,Vegetables,Farm-to-school vendor candidate,+1 (830) 491-8917,wbsdls@gmail.com,internal_until_public_use_review,https://trinityranchseguin.square.site/about,,,,False,False,False,False,False,True,True,1,txobs_6cdc7a6707168d1ef251,Texas Department of Agriculture — Farm to School vendor resource list,https://www.squaremeals.org/Portals/8/files/NSLP/LFS/LFS%20Vendor%20Resource%20List%20Updated%20Nov%202024.pdf?ver=I7PGgvoElV78S-FFin0OiQ%3D%3D,D,2026-07-15,promotion_eligible_reviewed,,Fields selected by evidence grade; all underlying observations remain separately auditable.
TX-A02187ED85,Chapman 3C Cattle Company,chapman 3c cattle company,farm,unique_source_name_reviewed,TX,Hamilton,Hico,76457,4513 W FM 219,public_business_address_reviewed_for_future_reduced_precision,,,beef; chicken; jerky; pork,LocalHarvest Family Farm,(254) 977-4337,,internal_until_public_use_review,https://chapman3ccattle.com,http://www.facebook.com/chapman3ccattle/,https://instagram.com/chapman3ccattlecompany/,,True,False,False,False,False,False,False,1,txobs_2254e4f815a1f2ae835a,LocalHarvest — Texas county-seat gap search,https://www.localharvest.org/chapman-3c-cattle-company-M75349,D,2026-07-15,promotion_eligible_reviewed,,Fields selected by evidence grade; all underlying observations remain separately auditable.
TX-B73AE87A96,Simpson Farm,simpson farm,farm,unique_source_name_reviewed,TX,Hardeman,Quanah,,,public_business_address_reviewed_for_future_reduced_precision,,,medicinal herbs; sweet corn; cucumber; okra; summer squash; zucchini; cantaloupes; figs; watermelons; bee pollen; honey; pumpkins,LocalHarvest Family Farm,,,internal_until_public_use_review,,,,,True,False,False,False,False,False,False,1,txobs_c50f780e966d3b096975,LocalHarvest — Texas county-seat gap search,https://www.localharvest.org/simpson-farm-M71608,D,2026-07-15,promotion_eligible_reviewed,,Fields selected by evidence grade; all underlying observations remain separately auditable.
TX-B9BEE9B055,B&M Farms Blueberry Patch,b and m farms blueberry patch,farm,merged_exact_name_reviewed,TX,Hardin,Silsbee,77656,2365 Blueberry Patch Dr,public_business_address_reviewed_for_future_reduced_precision,,,blueberries; coffee; honey; pickles; preserves; soap; sweet corn; cucumber; eggplant; green beans; green onions; hot peppers; onions; peas; potatoes; summer squash; sweet peppers; tomatoes; zucchini; blackberries; cantaloupes; lemons; peaches; fresh flowers; corn; okra; figs; spinach; sweet potatoes; turnips; winter-squash; U-pick crops; agritourism,LocalHarvest Family Farm; U-pick; agritourism,(409) 385-1200,b_mfarms@hotmail.com,internal_until_public_use_review,,https://www.facebook.com/theblueberrypatchsilsbeetexas/,https://instagram.com/B&MFarmsSilsbeeTexas,,True,False,False,False,True,False,False,2,txobs_77d6de6bbb6ad9209eab | txobs_2eb8e9d4e194b34bf934,LocalHarvest — Texas county-seat gap search | PickYourOwn — Houston / Southeast,https://www.localharvest.org/b-m-farms-blueberry-patch-M57839 | https://www.pickyourown.org/TXhouston.htm,D,2026-07-15,promotion_eligible_reviewed,,Fields selected by evidence grade; all underlying observations remain separately auditable.
TX-5C2D2823E3,Long Farms,long farms,farm,unique_source_name_reviewed,TX,Hardin,Silsbee,77656,2024 Twin Bridges Road,public_business_address_reviewed_for_future_reduced_precision,,,beets; collards; sweet corn; cucumber; eggplant; green beans; hot peppers; mustard greens; okra; radishes; summer squash; sweet peppers; tomatoes; turnips; zucchini; pumpkins; winter-squash,LocalHarvest Family Farm,(409) 273-3489,,internal_until_public_use_review,,,,,True,False,False,False,False,False,False,1,txobs_a20bdec95ec5ae2c8c58,LocalHarvest — Texas county-seat gap search,https://www.localharvest.org/long-farms-M43616,D,2026-07-15,promotion_eligible_reviewed,,Fields selected by evidence grade; all underlying observations remain separately auditable.
TX-9F81195904,Moore Honey Farm,moore honey farm,farm,unique_source_name_reviewed,TX,Hardin,Kountze,77625,9767 Bevil Blvd,public_business_address_reviewed_for_future_reduced_precision,,,honey,LocalHarvest Family Farm,,,internal_until_public_use_review,https://moorehoney.com,http://www.facebook.com/moorehoneyfarm,https://instagram.com/moorehoneyfarm,,True,False,False,False,False,False,False,1,txobs_dd651240d03cea40850c,LocalHarvest — Texas county-seat gap search,https://www.localharvest.org/moore-honey-farm-M80985,D,2026-07-15,promotion_eligible_reviewed,,Fields selected by evidence grade; all underlying observations remain separately auditable.
TX-4156F4D25A,Atkinson Farm,atkinson farm,farm,unique_source_name_reviewed,TX,Harris,Spring,77388,3217 Spring Cypress Road,public_business_address_reviewed_for_future_reduced_precision,,,strawberries and blackberries,U-pick; agritourism,832-381-8202,Atkinsonfarms@yahoo.com,internal_until_public_use_review,,https://www.facebook.com/Atkinson4thgeneration/,,,True,False,False,False,True,False,False,1,txobs_5b6cad89428b56fd47d2,PickYourOwn — Houston / Southeast,https://www.pickyourown.org/TXhouston.htm,D,2026-07-15,promotion_eligible_reviewed,,Fields selected by evidence grade; all underlying observations remain separately auditable.
TX-D3E9E903B0,Bee2Bee Honey Collective,bee2bee honey collective,farm,merged_exact_name_reviewed,TX,Harris,Houston,77006,1615 Branard St,public_business_address_reviewed_for_future_reduced_precision,,,beeswax; honey; Specialty Products,LocalHarvest Family Farm; Distributor; Farms & Ranches; Processors & Kitchens; Specialty Producers,(281) 845-4069,,internal_until_public_use_review,https://www.bee2beehoney.com,http://www.facebook.com/bee2beehoneytx/,https://www.instagram.com/bee2beehoney,,True,False,False,False,False,False,True,2,txobs_2c6243685cae081b86c3 | txobs_9ad6c56dda0ebf686f6e,LocalHarvest — Texas county-seat gap search | Texas Center for Local Food — Farms & Ranches,https://www.localharvest.org/bee2bee-honey-collective-M74937 | https://texaslocalfood.org/tclf-partner/bee2bee-honey-collective/,D,2026-07-15,promotion_eligible_reviewed,,Fields selected by evidence grade; all underlying observations remain separately auditable.
TX-0AC50509AB,Bellaire Honey Company,bellaire honey company,farm,unique_source_name_reviewed,TX,Harris,Bellaire,,,public_business_address_reviewed_for_future_reduced_precision,,,honey,LocalHarvest Family Farm,,,internal_until_public_use_review,https://bellairehoneycompany.com,,,,True,False,False,False,False,False,False,1,txobs_2f46b40cbb2cab7eeec2,LocalHarvest — Texas county-seat gap search,https://www.localharvest.org/bellaire-honey-company-M59523,D,2026-07-15,promotion_eligible_reviewed,,Fields selected by evidence grade; all underlying observations remain separately auditable.
TX-833E820CB6,Circle J Meat,circle j meat,farm,merged_cross_county_identity_reviewed,TX,Harris,Hempstead,77445,1521 Antoine Drive,public_business_address_reviewed_for_future_reduced_precision,,,Pastured livestock and/or farm products; see source profile; Meat,Pastured-product farm; direct sales; Farms & Ranches,(979) 399-7362,Info@CircleJMeat.com,internal_until_public_use_review,https://www.circlejmeat.com,https://www.facebook.com/CircleJMeat/,https://www.instagram.com/circlejmeat/?hl=en,https://www.tiktok.com/@circle.j.meat,True,False,False,False,False,False,True,2,txobs_4018f9fd4fb728308dec | txobs_0955fdac6c0b35e0cba6,EatWild Texas directory | Texas Center for Local Food — Farms & Ranches,https://www.eatwild.com/products/texas.html | https://texaslocalfood.org/tclf-partner/circle-j-meat/,D,2026-07-15,promotion_eligible_reviewed,,Fields selected by evidence grade; all underlying observations remain separately auditable.
TX-0406F18A0F,Finca Tres Robles,finca tres robles,farm,unique_source_name_reviewed,TX,Harris,Houston,77011,257 N. Greenwood Street,public_business_address_reviewed_for_future_reduced_precision,,,veggies,U-pick; agritourism,,info@fincatresrobles.org,internal_until_public_use_review,https://www.fincatresrobles.org/,https://www.facebook.com/FincaTresRobles/,,,True,False,False,False,True,False,False,1,txobs_4faf188798549f6a4bb3,PickYourOwn — Houston / Southeast,https://www.pickyourown.org/TXhouston.htm,D,2026-07-15,promotion_eligible_reviewed,,Fields selected by evidence grade; all underlying observations remain separately auditable.
TX-011718F845,Harvest Season Farm,harvest season farm,farm,unique_source_name_reviewed,TX,Harris,Tomball,77377,21110 Bauer Hockley Road,public_business_address_reviewed_for_future_reduced_precision,,,"Blackberries, blueberries, figs, jujube (Asian dates), Asian pears and Asian persimmons (Shizi),",U-pick; agritourism,281-351-7676,info@harvestseasonfarm.com,internal_until_public_use_review,https://www.harvestseasonfarm.com,,,,True,False,False,False,True,False,False,1,txobs_00e1d22a1c67f5dde0d5,PickYourOwn — Houston / Southeast,https://www.pickyourown.org/TXhouston.htm,D,2026-07-15,promotion_eligible_reviewed,,Fields selected by evidence grade; all underlying observations remain separately auditable.
TX-34DE2BC37C,Hope Farms Urban Agricultural Showcase & Training Center,hope farms urban agricultural showcase and training center,farm,unique_source_name_reviewed,TX,Harris,Houston,77051,10401 Scott Street,public_business_address_reviewed_for_future_reduced_precision,,,arugula; beets; broccoli; brussels sprouts; cabbage; carrots; cauliflower; celery; chinese greens; daikon; kale; kohlrabi; leeks; lettuce; mustard greens; onions; radishes; salad greens; salad mix; swiss chard; turnips; winter-squash; kumquats; lemons; limes; oranges; pears; persimmons; strawberries; eggs; baked goods; beeswax; bread; honey; pasta/soups; pickles; preserves; soap; fresh flowers; luffa; collards; cucumber; green onions; peas; spinach; summer squash; sweet peppers; tomatillos; tomatoes; zucchini; asian-pears; blueberries; peaches; eggplant; green beans; hot peppers; okra; figs; grapes; melons; plums; watermelons; cantaloupes; Aunt Molly's Ground Cherry; Aunt Ruby's German Green Tomato; Cherokee Purple Tomato; Chiltepin Pepper; German Pink Tomato; Green Striped Cushaw; Jimmy Nardello's Sweet Italian Frying pepper; Radiator Charlie's Mortgage Lifter Tomato; Speckled Lettuce; White Velvet Okra,LocalHarvest Family Farm,(713) 520-0443,,internal_until_public_use_review,https://HopeFarmsHTX.org,http://www.facebook.com/HopeFarmsHTX,https://instagram.com/R4sfoundation,,True,False,False,False,False,False,False,1,txobs_fd9ebda1cc0c86daddb6,LocalHarvest — Texas county-seat gap search,https://www.localharvest.org/hope-farms-urban-agricultural-showcase-amp-training-center-M74453,D,2026-07-15,promotion_eligible_reviewed,,Fields selected by evidence grade; all underlying observations remain separately auditable.
TX-F2116C4F48,Itchy Acres Gardens And Art,itchy acres gardens and art,farm,unique_source_name_reviewed,TX,Harris,Houston,77018,412 Thornton Rd,public_business_address_reviewed_for_future_reduced_precision,,,Herbs; Vegetables; Pollinator Plants; House Plants; Honey,GO TEXAN Farm And Ranch; Product,(804) 426-1900,,internal_until_public_use_review,,,,,True,False,False,False,False,True,False,1,txobs_9a45b8b80fdc4283cf96,Texas Department of Agriculture — GO TEXAN Farm And Ranch,https://bridge.texasagriculture.gov/GoTexanSearch/?resultsFormat=CommaSeparatedValues&searchType=Advanced&pageSize=2147483647&businessType=Farm+And+Ranch&pageNumber=1,B,2026-07-15,promotion_eligible_reviewed,,Fields selected by evidence grade; all underlying observations remain separately auditable.
TX-EBA691540F,Jolie Vue Farms,jolie vue farms,farm,unique_source_name_reviewed,TX,Harris,Houston,77005,3320 Sunset Blvd,public_business_address_reviewed_for_future_reduced_precision,,,beef; chicken; pork; eggs; peaches; figs; pears,LocalHarvest Family Farm,(713) 839-8610,,internal_until_public_use_review,https://www.jolievuefarms.com,http://www.facebook.com/JolieVueFarms,,,True,False,False,False,False,False,False,1,txobs_f7567ef2bf486cb2c884,LocalHarvest — Texas county-seat gap search,https://www.localharvest.org/jolie-vue-farms-M8970,D,2026-07-15,promotion_eligible_reviewed,,Fields selected by evidence grade; all underlying observations remain separately auditable.
TX-CD971CDFFA,Law Ranch & Cattle Co.,law ranch and cattle co,farm,unique_source_name_reviewed,TX,Harris,Crosby,77532,511 Sloop Ct,public_business_address_reviewed_for_future_reduced_precision,,,Farm/ranch products; see current statewide profile,Farms & Ranches,7134924804,lawranch25@hotmail.com,internal_until_public_use_review,https://www.lawranch.com,https://www.facebook.com/lawranchcattlecompany,https://www.instagram.com/lawranch,,True,False,False,False,False,False,True,1,txobs_d5530914110f4a94dd64,Texas Center for Local Food — Farms & Ranches,https://texaslocalfood.org/tclf-partner/law-ranch-cattle-co/,D,2026-07-15,promotion_eligible_reviewed,,Fields selected by evidence grade; all underlying observations remain separately auditable.
TX-AF810C3805,Mighty Greens,mighty greens,farm,unique_source_name_reviewed,TX,Harris,Houston,77009,4519 North Main Street,public_business_address_reviewed_for_future_reduced_precision,,,Edible Flowers; Vegetables,Farms & Ranches,34631O4989,info@mightygreenshouston.com,internal_until_public_use_review,https://www.mightygreenshouston.com,https://www.facebook.com/mightygreenshouston,https://www.instagram.com/mightygreenshouston,,True,False,False,False,False,False,False,1,txobs_7071824bfbc02be28205,Texas Center for Local Food — Farms & Ranches,https://texaslocalfood.org/tclf-partner/mighty-greens/,D,2026-07-15,promotion_eligible_reviewed,,Fields selected by evidence grade; all underlying observations remain separately auditable.
TX-A8D24E7996,Moonflower Farms,moonflower farms,farm,unique_source_name_reviewed,TX,Harris,Houston,77047,3805 Fuqua St,public_business_address_reviewed_for_future_reduced_precision,,,Hydroponic Butter Lettuce; Hydroponic Crop Growing Cabinet; Hydroponic Genovese Basil; Hydroponic Romaine Lettuce; Microgreen Grow Kits; Tomatoes Roma; Cherry; Beefsteak,GO TEXAN Farm And Ranch; Product,(239) 233-2461,,internal_until_public_use_review,https://www.moonflowerfarms.com,,,,True,False,False,False,False,True,False,1,txobs_ee6f37c77159dc6228ff,Texas Department of Agriculture — GO TEXAN Farm And Ranch,https://bridge.texasagriculture.gov/GoTexanSearch/?resultsFormat=CommaSeparatedValues&searchType=Advanced&pageSize=2147483647&businessType=Farm+And+Ranch&pageNumber=1,B,2026-07-15,promotion_eligible_reviewed,,Fields selected by evidence grade; all underlying observations remain separately auditable.
TX-39497E472A,My Mark 61 Cattle Co.,my mark 61 cattle co,farm,unique_source_name_reviewed,TX,Harris,Tomball,77377,19922 Bauer Hockley Rd,public_business_address_reviewed_for_future_reduced_precision,29.9461802,-96.2486168,Farm/ranch products; see current statewide profile,Farms & Ranches; Processors & Kitchens,979-865-9343,info@mymark61cattleco.com,internal_until_public_use_review,https://mymark61cattleco.com,,,,False,False,False,False,False,False,False,1,txobs_cd1bb34fd838d373940d,Texas Center for Local Food — Farms & Ranches,https://texaslocalfood.org/tclf-partner/my-mark-61-cattle-co/,D,2026-07-15,promotion_eligible_reviewed,,Fields selected by evidence grade; all underlying observations remain separately auditable.
TX-AB4587C63E,Neal's Berry Farm and Farmer's Market,neals berry farm and farmers market,farm,unique_source_name_reviewed,TX,Harris,Waller,77484,21104 Binford Road,public_business_address_reviewed_for_future_reduced_precision,,,U-pick crops; agritourism,U-pick; agritourism,(346) 412-5844,noemail@noemail.com,internal_until_public_use_review,https://www.nealsberryfarm.com,https://www.facebook.com/Neals-Berry-Farm-Farmers-Market-221180603853/,,,True,False,False,False,True,False,False,1,txobs_29d8871a9ad23614ce08,PickYourOwn — Houston / Southeast,https://www.pickyourown.org/TXhouston.htm,D,2026-07-15,promotion_eligible_reviewed,,Fields selected by evidence grade; all underlying observations remain separately auditable.
TX-06686F3625,Nutriport Llc,nutriport llc,farm,unique_source_name_reviewed,TX,Harris,Houston,77018,3729 Yale St.,public_business_address_reviewed_for_future_reduced_precision,,,Partner 10-0-0,GO TEXAN Farm And Ranch; Product,(720) 546-4241,,internal_until_public_use_review,https://nutriportusa.com,,,,False,False,False,False,False,True,False,1,txobs_0e046e8877eff640a2d1,Texas Department of Agriculture — GO TEXAN Farm And Ranch,https://bridge.texasagriculture.gov/GoTexanSearch/?resultsFormat=CommaSeparatedValues&searchType=Advanced&pageSize=2147483647&businessType=Farm+And+Ranch&pageNumber=1,B,2026-07-15,promotion_eligible_reviewed,,Fields selected by evidence grade; all underlying observations remain separately auditable.
TX-70C1BE5900,Saturday Bouquet,saturday bouquet,farm,unique_source_name_reviewed,TX,Harris,Tomball,77375,8719 Cedar Walk Dr,public_business_address_reviewed_for_future_reduced_precision,,,Flowers; Gifts; Herbal Products; Hydrosols; Flower Seeds,GO TEXAN Farm And Ranch; Product,,,internal_until_public_use_review,https://www.scentedbox.com,,,,True,False,False,False,False,False,False,1,txobs_fc0b467766f49cc129f7,Texas Department of Agriculture — GO TEXAN Farm And Ranch,https://bridge.texasagriculture.gov/GoTexanSearch/?resultsFormat=CommaSeparatedValues&searchType=Advanced&pageSize=2147483647&businessType=Farm+And+Ranch&pageNumber=1,B,2026-07-15,promotion_eligible_reviewed,,Fields selected by evidence grade; all underlying observations remain separately auditable.
TX-927798D209,Shamba Ya Amani,shamba ya amani,farm,unique_source_name_reviewed,TX,Harris,Houston,77072,8401 Dairy View Lane,public_business_address_reviewed_for_future_reduced_precision,29.686435,-95.600256,Flowers; Herbs; Vegetables,Farms & Ranches,,info@famhoustontx.org,internal_until_public_use_review,https://www.famhoustontx.org/shamba-ya-amani,https://www.facebook.com/famhoustontx,https://www.instagram.com/famhoustontx,,False,False,False,False,False,False,False,1,txobs_8f91fd167d7c67d9b622,Texas Center for Local Food — Farms & Ranches,https://texaslocalfood.org/tclf-partner/shamba-ya-amani/,D,2026-07-15,promotion_eligible_reviewed,,Fields selected by evidence grade; all underlying observations remain separately auditable.
TX-E1E08AD96F,Sherie's Gardens and More,sheries gardens and more,farm,unique_source_name_reviewed,TX,Harris,Huffman,,25815 Water Ridge Drive,public_business_address_reviewed_for_future_reduced_precision,,,Specialty Products,Farms & Ranches,281-507-4974,sheriesgarden@hotmail.com,internal_until_public_use_review,,https://www.facebook.com/sheriesgardens,,,False,False,False,False,False,False,False,1,txobs_a484ed850fb24a19390e,Texas Center for Local Food — Farms & Ranches,https://texaslocalfood.org/tclf-partner/sherie/,D,2026-07-15,promotion_eligible_reviewed,,Fields selected by evidence grade; all underlying observations remain separately auditable.
TX-5E88AE5427,Taylor Stevenson Ranch Meat Co,taylor stevenson ranch meat co,farm,unique_source_name_reviewed,TX,Harris,Houston,77045,11500 Almeda Rd,public_business_address_reviewed_for_future_reduced_precision,,,Lamb; Meat,Farmers Markets & Farm Stands; Farms & Ranches; Food & Ag Resource,(346) 330-1144,major@taylorstevensonranch.com,internal_until_public_use_review,https://taylorstevensonranch.com/,https://www.facebook.com/taylorstevensonranch,,,True,False,False,False,False,False,False,1,txobs_8bfc8d7a43390ccb1de4,Texas Center for Local Food — Farms & Ranches,https://texaslocalfood.org/tclf-partner/taylor-stevenson-ranch/,D,2026-07-15,promotion_eligible_reviewed,,Fields selected by evidence grade; all underlying observations remain separately auditable.
TX-A61313B59A,The Berry Patch,the berry patch,farm,official_source_current_farm_operation,TX,Hardin,Kountze,77625,"2569 Villa Road, Kountze, TX 77625",public_business_address_reviewed_for_future_reduced_precision,,,blueberries,Farm; u-pick; agritourism; direct-to-consumer,,info@theberrypatchtx.com,internal_until_public_use_review,https://theberrypatchtx.com/,https://www.facebook.com/profile.php?id=61574617062648,,,True,False,False,False,True,False,False,1,txobs_47fda39276c9d0911496,PickYourOwn — Houston / Southeast,https://www.pickyourown.org/TXhouston.htm; https://theberrypatchtx.com/,A;E,2026-07-16,promotion_eligible_reviewed,,Current farm-owned evidence identifies the active Kountze blueberry farm and corrects the prior Houston-area service classification to Hardin County.
TX-13B2E7BD9E,The Last Organic Outpost,last organic outpost,farm,merged_exact_name_reviewed,TX,Harris,Houston,77020,711 Emile St,public_business_address_reviewed_for_future_reduced_precision,,,arugula; broccoli; cabbage; carrots; celery; collards; garlic; kale; lettuce; mustard greens; salad greens; salad mix; spinach; swiss chard; winter-squash; medicinal herbs; beets; eggplant; hot peppers; onions; peas; sweet peppers; tomatoes; peaches; cucumber; okra; pumpkins; summer squash; sweet potatoes; tomatillos; zucchini; cantaloupes; figs; melons; papayas; watermelons; fresh flowers; luffa; green beans; green onions; U-pick crops; agritourism,LocalHarvest Family Farm; U-pick; agritourism,(832) 422-8407,communications@lastorganicoutpost.com,internal_until_public_use_review,https://www.lastorganicoutpost.com,http://www.facebook.com/pages/Last-Organic-Outpost/506253839431910,,,True,False,False,False,True,False,False,2,txobs_2e977f6362c1bd457312 | txobs_84ac46acf71877f68e0e,LocalHarvest — Texas county-seat gap search | PickYourOwn — Houston / Southeast,https://www.localharvest.org/the-last-organic-outpost-M5344 | https://www.pickyourown.org/TXhouston.htm,D,2026-07-15,promotion_eligible_reviewed,,Fields selected by evidence grade; all underlying observations remain separately auditable.
TX-45501048DA,Three Sisters Farm,three sisters farm,farm,unique_source_name_reviewed,TX,Harris,Tomball,,,public_business_address_reviewed_for_future_reduced_precision,,,Eggs,Farms & Ranches,281-854-8488,3sisterfarms@gmail.com,internal_until_public_use_review,https://threesisterfarms.com/,https://www.facebook.com/threesisterfarms,,,False,False,False,False,False,False,False,1,txobs_e7977a127691bc2c8804,Texas Center for Local Food — Farms & Ranches,https://texaslocalfood.org/tclf-partner/three-sisters-farm/,D,2026-07-15,promotion_eligible_reviewed,,Fields selected by evidence grade; all underlying observations remain separately auditable.
TX-548B7887E6,Triple J Farms,triple j farms,farm,unique_source_name_reviewed,TX,Harris,Tomball,77375,18918 Piney Way Dr.,public_business_address_reviewed_for_future_reduced_precision,,,Comb Honey; Honey; Honeybees; Pollen; Wax Products,GO TEXAN Farm And Ranch; Product,,,internal_until_public_use_review,,,,,True,False,False,False,False,False,False,1,txobs_3d1e0324c3ab11f29e6e,Texas Department of Agriculture — GO TEXAN Farm And Ranch,https://bridge.texasagriculture.gov/GoTexanSearch/?resultsFormat=CommaSeparatedValues&searchType=Advanced&pageSize=2147483647&businessType=Farm+And+Ranch&pageNumber=1,B,2026-07-15,promotion_eligible_reviewed,,Fields selected by evidence grade; all underlying observations remain separately auditable.
TX-DF9894B739,JMR Sustainable Farms,jmr sustainable farms,farm,unique_source_name_reviewed,TX,Harrison,Marshall,,,public_business_address_reviewed_for_future_reduced_precision,,,broccoli; cabbage; cauliflower; celery; kale; leeks; lettuce; chicken; eggs; raw milk; soap; medicinal herbs; cucumber; onions; spinach; eggplant; garlic; green beans; green onions; hot peppers; potatoes; summer squash; sweet peppers; tomatoes; zucchini; carrots; sweet potatoes,LocalHarvest Family Farm,(972) 762-3122,,internal_until_public_use_review,https://www.jmrsustainablefarms.com,http://www.facebook.com/jmrsustainablefarms,,,True,False,False,False,False,False,False,1,txobs_59a57f29375ca7fc8b9d,LocalHarvest — Texas county-seat gap search,https://www.localharvest.org/jmr-sustainable-farms-M62942,D,2026-07-15,promotion_eligible_reviewed,,Fields selected by evidence grade; all underlying observations remain separately auditable.
TX-D7AB8DDB8E,Rise And Shine Hills; Llc,rise and shine hills,farm,unique_source_name_reviewed,TX,Harrison,Hallsville,75650,10179 Fm 968 W,public_business_address_reviewed_for_future_reduced_precision,,,Bee Products; Beef; Chicken; Duck; Eggs; Firewood; Fruit; Goat; Hay; Honey; Lamb; Live Animals; Pork; Rabbit; Salsa; Vegetables,GO TEXAN Farm And Ranch; Product,(903) 238-7559,,internal_until_public_use_review,https://www.riseandshinehills.com,,,,True,False,False,False,False,False,False,1,txobs_a17d029618ced052619a,Texas Department of Agriculture — GO TEXAN Farm And Ranch,https://bridge.texasagriculture.gov/GoTexanSearch/?resultsFormat=CommaSeparatedValues&searchType=Advanced&pageSize=2147483647&businessType=Farm+And+Ranch&pageNumber=1,B,2026-07-15,promotion_eligible_reviewed,,Fields selected by evidence grade; all underlying observations remain separately auditable.
TX-A7C6C438E1,Ribbonwire Ranch Llc,ribbonwire ranch,farm,unique_source_name_reviewed,TX,Hartley,Dalhart,79022,10410 Cr 6,public_business_address_reviewed_for_future_reduced_precision,,,Organic Beef Cuts Steaks; Organic Beef Sticks; Organic Ground Beef,GO TEXAN Farm And Ranch; Product,(806) 681-9401,,internal_until_public_use_review,,,,,True,False,False,False,False,True,False,1,txobs_353e1a4758bd7fa7e470,Texas Department of Agriculture — GO TEXAN Farm And Ranch,https://bridge.texasagriculture.gov/GoTexanSearch/?resultsFormat=CommaSeparatedValues&searchType=Advanced&pageSize=2147483647&businessType=Farm+And+Ranch&pageNumber=1,B,2026-07-15,promotion_eligible_reviewed,,Fields selected by evidence grade; all underlying observations remain separately auditable.
TX-C9B08C5727,Agarita Hills Ranch Llc,agarita hills ranch,farm,merged_exact_name_reviewed,TX,Hays,Austin,78737,12900 Trail Driver,public_business_address_reviewed_for_future_reduced_precision,,,Texas native and heirloom plants; nursery crops; Hill Country Adapted Heirloom Plants; Rare Peppers; 5th Generation Heirlooms Farmers Market Exclusive; Rare Tomatillos De Milpa - Hill Country 5th Generation Heirlooms Farmers Market Exclusive; Texas Native Plants,Small farm; native-plant grower; GO TEXAN Farm And Ranch; Product,(512) 850-5352,,internal_until_public_use_review,https://www.agaritahillsranch.com,,,,True,False,False,False,False,False,False,2,txobs_c37e500d950df8a5c919 | txobs_25a3b9b6539b56ae1d55,FarmFinder curator verification — farm-owned or authoritative evidence | Texas Department of Agriculture — GO TEXAN Farm And Ranch,https://www.agaritahillsranch.com/ | https://bridge.texasagriculture.gov/GoTexanSearch/?resultsFormat=CommaSeparatedValues&searchType=Advanced&pageSize=2147483647&businessType=Farm+And+Ranch&pageNumber=1,B; C,2026-07-15,promotion_eligible_reviewed,,Fields selected by evidence grade; all underlying observations remain separately auditable.
TX-5A1D1BA8C3,Central Texas Farmers Co-op,central texas farmers co op,farm,merged_exact_name_reviewed,TX,Hays,San Marcos,78666,Central Texas between Austin/ San Antonio,public_business_address_reviewed_for_future_reduced_precision,29.8822555,-97.9434741,arugula; lettuce; grapefruit; lemons; limes; oranges; bison; lamb; sprouts; asparagus; beets; broccoli; cabbage; carrots; celery; chinese greens; cucumber; daikon; eggplant; garlic; green beans; green onions; hot peppers; kale; kohlrabi; leeks; mushrooms; mustard greens; okra; onions; radishes; salad greens; salad mix; shallots; spinach; summer squash; sweet peppers; sweet potatoes; swiss chard; tomatillos; tomatoes; turnips; winter-squash; zucchini; blackberries; cantaloupes; figs; melons; peaches; pears; persimmons; plums; watermelons; beef; chicken; pork; rabbit; eggs; pecans; baked goods; coffee; dried fruits; flour; honey; pasta/soups; pickles; preserves; medicinal herbs; collards; luffa; brussels sprouts; cauliflower; potatoes; pumpkins; turkey; American Plains Bison; American Native Pecan; Cherokee Purple Tomato; Chiltepin Pepper; Datil Pepper; Fish Pepper; Hinkelhatz Hot Pepper; Jimmy Nardello's Sweet Italian Frying pepper; Artisanal Sauerkraut; Dairy; Eggs; Herbs; Meat; Vegetables,LocalHarvest Family Farm; Farms & Ranches; Grocery & Shops,,info@centraltexasfarmers.com,internal_until_public_use_review,https://www.centraltexasfarmers.com/,http://www.facebook.com/CentralTXFarmersCoop/,https://www.instagram.com/centraltxfarmerscoop/,,True,False,False,False,False,False,False,2,txobs_60df70a09a71311f4032 | txobs_ec9d759c276308b1097f,LocalHarvest — Texas county-seat gap search | Texas Center for Local Food — Farms & Ranches,https://www.localharvest.org/central-texas-farmers-co-op-M74330 | https://texaslocalfood.org/tclf-partner/central-texas-farmers-co-op/,D,2026-07-15,promotion_eligible_reviewed,,Fields selected by evidence grade; all underlying observations remain separately auditable.
TX-CB56C7A8D1,EIEIO Organic Farm,eieio organic farm,farm,unique_source_name_reviewed,TX,Hays,Wimberley,78676,1000 Green Acres,public_business_address_reviewed_for_future_reduced_precision,29.9993176,-98.1110908,Vegetables,Community Gardens; Farmers Markets & Farm Stands; Farms & Ranches; Specialty Producers,512-557-4789,eieiofarm1000@yahoo.com,internal_until_public_use_review,https://www.eieiotx.com,https://www.facebook.com/EIEIO.Organic.Farm,https://www.instagram.com/eieiowimberley,,True,False,False,False,False,False,False,1,txobs_fcafb30e61ebd71265a6,Texas Center for Local Food — Farms & Ranches,https://texaslocalfood.org/tclf-partner/eieio-organic-farm/,D,2026-07-15,promotion_eligible_reviewed,,Fields selected by evidence grade; all underlying observations remain separately auditable.
TX-6EEF13E1D1,Fallen Oak Mycology,fallen oak mycology,farm,unique_source_name_reviewed,TX,Hays,Buda,78610,1220 Satterwhite Rd #8,public_business_address_reviewed_for_future_reduced_precision,,,Specialty Products,Farms & Ranches; Specialty Producers,,shop@fallenoakmycology.com,internal_until_public_use_review,https://www.fallenoakmycology.com/,https://www.facebook.com/fallenoakmycology/,https://www.instagram.com/fallenoakmycology/,,False,False,False,False,False,False,False,1,txobs_ded9138e7316c936922d,Texas Center for Local Food — Farms & Ranches,https://texaslocalfood.org/tclf-partner/fallen-oak-mycology/,D,2026-07-15,promotion_eligible_reviewed,,Fields selected by evidence grade; all underlying observations remain separately auditable.
TX-E8ED86BBF5,Hawk'S Shadow Estate,hawks shadow estate,farm,unique_source_name_reviewed,TX,Hays,Dripping Springs,78620,7500 McGregor Lane,public_business_address_reviewed_for_future_reduced_precision,,,Hsv Estate Wine,GO TEXAN Farm And Ranch; Product,(512) 587-9085,,internal_until_public_use_review,https://hawksshadow.com,,,,True,False,False,False,False,False,False,1,txobs_52be7299557fc1cf3428,Texas Department of Agriculture — GO TEXAN Farm And Ranch,https://bridge.texasagriculture.gov/GoTexanSearch/?resultsFormat=CommaSeparatedValues&searchType=Advanced&pageSize=2147483647&businessType=Farm+And+Ranch&pageNumber=1,B,2026-07-15,promotion_eligible_reviewed,,Fields selected by evidence grade; all underlying observations remain separately auditable.
TX-30CB31BD14,Hope Full Farm,hope full farm,farm,unique_source_name_reviewed,TX,Hays,Dripping Springs,78620,2406 W Fitzhugh Road,public_business_address_reviewed_for_future_reduced_precision,,,Flowers; Fruit; Herbs; Vegetables,Farms & Ranches,(479) 426-7606,info@hopefullfarm.org,internal_until_public_use_review,https://hopefullfarm.org,https://www.facebook.com/hopefullfarmtx,https://www.instagram.com/hopefullfarmtx,,False,False,False,False,False,False,True,1,txobs_786938b064ca9187efd0,Texas Center for Local Food — Farms & Ranches,https://texaslocalfood.org/tclf-partner/hope-full-farm/,D,2026-07-15,promotion_eligible_reviewed,,Fields selected by evidence grade; all underlying observations remain separately auditable.
TX-F7A012A8D0,Munchie Micros,munchie micros,farm,unique_source_name_reviewed,TX,Hays,Kyle,,,public_business_address_reviewed_for_future_reduced_precision,29.8832105,-97.6736292,Vegetables,Farms & Ranches,(512) 787-5668,munchiemicrogreens@gmail.com,internal_until_public_use_review,https://www.munchiemicros.com/,https://www.facebook.com/MunchieMicrogreens,http://instagram.com/munchiemicros,,True,False,False,False,False,False,False,1,txobs_5bddadeb7790fe0a490b,Texas Center for Local Food — Farms & Ranches,https://texaslocalfood.org/tclf-partner/munchie-micros/,D,2026-07-15,promotion_eligible_reviewed,,Fields selected by evidence grade; all underlying observations remain separately auditable.
TX-A787F3A404,Wild Candy Farm,wild candy farm,farm,unique_source_name_reviewed,TX,Hays,Wimberley,78676,150 Dry Cypress Ranch Rd,public_business_address_reviewed_for_future_reduced_precision,,,Farm/ranch products; see current statewide profile,Farms & Ranches,,wildcandyfarm@gmail.com,internal_until_public_use_review,https://www.wildcandyfarm.com,,,,True,False,False,False,False,False,False,1,txobs_e781207c3fe5084be70f,Texas Center for Local Food — Farms & Ranches,https://texaslocalfood.org/tclf-partner/wild-candy-farm/,D,2026-07-15,promotion_eligible_reviewed,,Fields selected by evidence grade; all underlying observations remain separately auditable.
TX-50AA1B906F,Wimberley Bees and Berries Farm,wimberley bees and berries farm,farm,merged_exact_name_reviewed,TX,Hays,Wimberley,78676,4000 Mt Sharp Road,public_business_address_reviewed_for_future_reduced_precision,,,"Agritourism farm featuring a homestead, apiary, event center barn, and homesteading. Campers and day visitors welcome with rsvp. Gardens provide seasonal fruits, produce and chickens provide fresh eggs. All on our small regenerative permaculture farm. Organic and all natural, we are revitalizing this once overgrazed ranch land into a hill country treasure.; Baked Goods; Eggs; Flowers; Fruit; Herbs; Non-Meat Animal Products; Okra",Shop Texas Farms member; Farmers Markets & Farm Stands; Farms & Ranches; Specialty Producers,7577483568,,internal_until_public_use_review,,,https://www.instagram.com/wimberleyhoneybees/,,True,False,False,False,False,False,False,2,txobs_2709e0f70104931c05f8 | txobs_ad93bce88c20eea3c846,Shop Texas Farms — member business directory | Texas Center for Local Food — Farms & Ranches,https://shoptexasfarms.com/business-directory/entry/dfg0q/ | https://texaslocalfood.org/tclf-partner/wimberley-bees-and-berries-farm/,D,2026-07-15,promotion_eligible_reviewed,,Fields selected by evidence grade; all underlying observations remain separately auditable.
TX-F39F1F9B30,Chandler Family Farm,chandler family farm,farm,unique_source_name_reviewed,TX,Henderson,Mabank,75147,18151 E US HWY 175 W,public_business_address_reviewed_for_future_reduced_precision,,,Farm/ranch products; see current statewide profile,Farmers Markets & Farm Stands; Farms & Ranches,,jennifer@chandlerfamilyfarm.com,internal_until_public_use_review,https://www.chandlerfamilyfarm.com,https://www.facebook.com/chandlerfamilyfarm,https://instagram.com/chandlerfamilyfarm,,True,False,False,False,False,False,True,1,txobs_7c2f566d3cb3db4e3deb,Texas Center for Local Food — Farms & Ranches,https://texaslocalfood.org/tclf-partner/chandler-family-farm/,D,2026-07-15,promotion_eligible_reviewed,,Fields selected by evidence grade; all underlying observations remain separately auditable.
TX-A2F1194A2E,Echo Springs Blueberry Farm,echo springs blueberry farm,farm,unique_source_name_reviewed,TX,Henderson,Brownsboro,75778,7235 Fm 607,public_business_address_reviewed_for_future_reduced_precision,,,"blackberries, blueberries, Honey from hives on the farm, gift shop, concessions or refreshment stand, porta-potties are available, restrooms, picnic area, birthday parties, school tours, group reservations, events at your location (call for info)",U-pick; agritourism,(903) 852-5277,info@texasblueberrys.com,internal_until_public_use_review,https://echospringsblueberryfarm.com/,https://www.facebook.com/echospringsblueberryfarm,,,True,False,False,False,True,False,False,1,txobs_30c63f42d36f3b720848,PickYourOwn — Northeast,https://www.pickyourown.org/TXnortheast.htm,D,2026-07-15,promotion_eligible_reviewed,,Fields selected by evidence grade; all underlying observations remain separately auditable.
TX-721D2D1802,Hambone'S Mercantile,hambones mercantile,farm,merged_exact_name_reviewed,TX,Henderson,Eustace,75124,13873 County Road 2919,public_business_address_reviewed_for_future_reduced_precision,,,potatoes; lemons; persimmons; chicken; eggs; bread; flour; soap; medicinal herbs; seeds; mushrooms; zucchini; peaches; pears; strawberries; garlic; okra; onions; grapes; Dried Teas; Elderberry Syrup; Jams And Jellies; Vanilla Extract,LocalHarvest Family Farm; GO TEXAN Farm And Ranch; Product,(682) 429-4608,,internal_until_public_use_review,,https://www.facebook.com/HamboneMarket,,,True,False,False,False,False,False,False,2,txobs_0d16b470dad8959a2d25 | txobs_982414bf398222b42e2b,LocalHarvest — Texas county-seat gap search | Texas Department of Agriculture — GO TEXAN Farm And Ranch,https://www.localharvest.org/hambones-mercantile-M83759 | https://bridge.texasagriculture.gov/GoTexanSearch/?resultsFormat=CommaSeparatedValues&searchType=Advanced&pageSize=2147483647&businessType=Farm+And+Ranch&pageNumber=1,B; D,2026-07-15,promotion_eligible_reviewed,,Fields selected by evidence grade; all underlying observations remain separately auditable.
TX-D09838A991,Penny's Pastured Poultry,pennys pastured poultry,farm,unique_source_name_reviewed,TX,Henderson,Eustace,75124,18647 County Road 2529,public_business_address_reviewed_for_future_reduced_precision,,,eggs; chicken,LocalHarvest Family Farm,(817) 707-3044,,internal_until_public_use_review,https://pennyspasturedpoultry.com,http://www.facebook.com/pennyspasturedpoultry,,,True,False,False,False,False,False,False,1,txobs_d1026c0251d07538a0bf,LocalHarvest — Texas county-seat gap search,https://www.localharvest.org/pennys-pastured-poultry-M74044,D,2026-07-15,promotion_eligible_reviewed,,Fields selected by evidence grade; all underlying observations remain separately auditable.
TX-DDBE0DD908,Qf Seasoning Company,qf seasoning company,farm,merged_exact_name_reviewed,TX,Henderson,Larue,75770,6890 Fm 804,public_business_address_reviewed_for_future_reduced_precision,,,Wagyu beef; choice beef; grass-fed and grain-finished cattle; All Purpose Seasoning,Cattle farm; direct-to-consumer beef; GO TEXAN Farm And Ranch; Product,(903) 571-9545,,internal_until_public_use_review,https://www.fcfarmtotable.com,,,,True,False,False,False,False,False,False,2,txobs_1fa37fc6f69fc8adfde1 | txobs_736ca88e9a69dc700270,FarmFinder curator verification — farm-owned or authoritative evidence | Texas Department of Agriculture — GO TEXAN Farm And Ranch,https://www.fcfarmtotable.com/ | https://bridge.texasagriculture.gov/GoTexanSearch/?resultsFormat=CommaSeparatedValues&searchType=Advanced&pageSize=2147483647&businessType=Farm+And+Ranch&pageNumber=1,B; C,2026-07-15,promotion_eligible_reviewed,,Fields selected by evidence grade; all underlying observations remain separately auditable.
TX-7058FB80A2,England Cattle Co. Beef,england cattle co beef,farm,unique_source_name_reviewed,TX,Hidalgo,Mercedes,78570,13228 Mile 2 E,public_business_address_reviewed_for_future_reduced_precision,,,Meat,Farms & Ranches,9566620810,beef@shopenglandcattleco.com,internal_until_public_use_review,https://www.englandcattlecobeef.com,https://www.facebook.com/englandcattlecobeef,https://www.instagram.com/englandcattlecobeef,https://www.tiktok.com/@englandcattleco,True,False,False,False,False,False,False,1,txobs_6ed8ae73e7971a59734d,Texas Center for Local Food — Farms & Ranches,https://texaslocalfood.org/tclf-partner/england-cattle-co-beef/,D,2026-07-15,promotion_eligible_reviewed,,Fields selected by evidence grade; all underlying observations remain separately auditable.
TX-BA10B46A96,England Cattle Company,england cattle company,farm,unique_source_name_reviewed,TX,Hidalgo,Mercedes,78570,"13228 MILE 2 E Mercedes, TX 78570",public_business_address_reviewed_for_future_reduced_precision,,,Meat,Farm-to-school vendor candidate,(956) 514-4991,Mike@EnglandCattleCo.com,internal_until_public_use_review,https://www.englandcattleco.com/contact-us,,,,False,False,False,False,False,True,True,1,txobs_8e1741bf5a31ba6b21b0,Texas Department of Agriculture — Farm to School vendor resource list,https://www.squaremeals.org/Portals/8/files/NSLP/LFS/LFS%20Vendor%20Resource%20List%20Updated%20Nov%202024.pdf?ver=I7PGgvoElV78S-FFin0OiQ%3D%3D,D,2026-07-15,promotion_eligible_reviewed,,Fields selected by evidence grade; all underlying observations remain separately auditable.
TX-D576A66470,Familias Productores del Valle,familias productores del valle,farm,unique_source_name_reviewed,TX,Hidalgo,San Juan,78589,N Raul Longoria and Eldora,public_business_address_reviewed_for_future_reduced_precision,,,"The Familias Productores del Valle offer subscriptions to fresh, organically raised vegetables, herbs and citrus, earthen-oven baked whole grain bread, pastured poultry, free-range eggs, and goat milk products. This association of producers began as an initiative to help low-income immigrant families develop micro-enterprises based on sustainable land-stewardship and cooperation.",LocalHarvest Family Farm,,,internal_until_public_use_review,https://www.familiasproductores.org,,,,True,False,False,False,False,False,False,1,txobs_a79d1dc9aa4e86f87f98,LocalHarvest — Texas county-seat gap search,https://www.localharvest.org/familias-productores-del-valle-M12522,D,2026-07-15,promotion_eligible_reviewed,,Fields selected by evidence grade; all underlying observations remain separately auditable.
TX-34762795FA,GNR Akaushi Beef,gnr akaushi beef,farm,unique_source_name_reviewed,TX,Hidalgo,La Joya,,,public_business_address_reviewed_for_future_reduced_precision,26.2470165,-98.4814092,Farm/ranch products; see current statewide profile,Farms & Ranches,(210) 984-9100,support@gnrakaushibeef.com,internal_until_public_use_review,https://gnrakaushibeef.com/,https://www.facebook.com/profile.php?id=61579409554675,https://www.instagram.com/gnrakaushibeef,https://www.tiktok.com/@gnr.akaushi.beef,True,False,False,False,False,False,False,1,txobs_2b7d9cdef89a390306e9,Texas Center for Local Food — Farms & Ranches,https://texaslocalfood.org/tclf-partner/gnr-akaushi-beef/,D,2026-07-15,promotion_eligible_reviewed,,Fields selected by evidence grade; all underlying observations remain separately auditable.
TX-B3AAF17154,Little Bear Produce,little bear produce,farm,official_source_current_farm_operation,TX,Hidalgo,Edinburg,78542,"7310 N. Expressway 281 Edinburg, TX 78542",public_business_address_reviewed_for_future_reduced_precision,,,"Fruit; Vegetables",Farm; grower/packer/shipper,+1 (956) 380-0353,,internal_until_public_use_review,https://www.littlebearproduce.com/what-we-do/,,,,False,False,False,False,False,True,True,1,txobs_2cd5320e57f43d7bea33,Texas Department of Agriculture — Farm to School vendor resource list | Little Bear Produce official site,https://www.squaremeals.org/Portals/8/files/NSLP/LFS/LFS%20Vendor%20Resource%20List%20Updated%20Nov%202024.pdf?ver=I7PGgvoElV78S-FFin0OiQ%3D%3D | https://www.littlebearproduce.com/what-we-do/,E; B,2026-07-16,promotion_eligible_reviewed,,Official evidence describes Little Bear as a South Texas growing and packing operation.
TX-875717C207,Lone Star Citrus Grower,lone star citrus grower,farm,unique_source_name_reviewed,TX,Hidalgo,Mission,78574,"9625 N Moorefield Rd, Mission TX 78574",public_business_address_reviewed_for_future_reduced_precision,,,Fruit,Farm-to-school vendor candidate,+1(956) 424-7775,aprilf@lonestarcitrus.com,internal_until_public_use_review,https://lonestarcitrus.com/lonestarwpress/products/,,,,False,False,False,False,False,True,True,1,txobs_0dd1f43b9612bf46f3f6,Texas Department of Agriculture — Farm to School vendor resource list,https://www.squaremeals.org/Portals/8/files/NSLP/LFS/LFS%20Vendor%20Resource%20List%20Updated%20Nov%202024.pdf?ver=I7PGgvoElV78S-FFin0OiQ%3D%3D,D,2026-07-15,promotion_eligible_reviewed,,Fields selected by evidence grade; all underlying observations remain separately auditable.
TX-9BB1F46862,Lozar Apiaries,lozar apiaries,farm,unique_source_name_reviewed,TX,Hidalgo,Mcallen,78504,10611 North Bentsen Rd,public_business_address_reviewed_for_future_reduced_precision,,,Beeswax; Specialty Products,Farms & Ranches,9565603304,lozarapiaries@gmail.com,internal_until_public_use_review,https://www.Lozar-apiaries.com,https://www.facebook.com/share/1CzzpCnrzK/?mibextid=wwXIfr,https://www.instagram.com/lozar_apiaries?igsh=MTd3dTU3NzQzM25wbg%3D%3D&utm_source=qr,,True,False,False,False,False,False,True,1,txobs_ebf90f92cc8250d64ad7,Texas Center for Local Food — Farms & Ranches,https://texaslocalfood.org/tclf-partner/lozar-apiaries/,D,2026-07-15,promotion_eligible_reviewed,,Fields selected by evidence grade; all underlying observations remain separately auditable.
TX-936E74A293,Rio Fresh,rio fresh,farm,merged_current_official_and_vendor,TX,Hidalgo,San Juan,78589,"6504 S Stewart Road, San Juan TX 78589",public_business_address_reviewed_for_future_reduced_precision,,,"Vegetables; greens; herbs; onions; fruit",Farm; grower/packer/shipper,956-787-0023,info@riofresh.com,internal_until_public_use_review,https://riofresh.com/,https://www.facebook.com/riofreshinc,,,False,False,False,False,False,True,True,2,txobs_4155a89962e0b003b51f | txobs_4faebaa236f5884e4a35,Texas Department of Agriculture — Farm to School vendor resource list | Texas Center for Local Food — Farms & Ranches | Rio Fresh official site,https://www.squaremeals.org/Portals/8/files/NSLP/LFS/LFS%20Vendor%20Resource%20List%20Updated%20Nov%202024.pdf?ver=I7PGgvoElV78S-FFin0OiQ%3D%3D | https://texaslocalfood.org/tclf-partner/rio-fresh-greens-facility/ | https://riofresh.com/,E; D; B,2026-07-16,promotion_eligible_reviewed,,Official evidence describes Rio Fresh as a family-owned farm growing and packing South Texas produce.
TX-8522ADB22C,South Tex Organics,south tex organics,farm,merged_exact_name_reviewed,TX,Hidalgo,Mission,78574,6700 Doffing Road,public_business_address_reviewed_for_future_reduced_precision,,,Organic grapefruit; oranges; lemons; onions; grapefruit; tangerines; honey; Farm/ranch products; see current statewide profile; Fruits; Vegetables,Certified organic citrus and vegetable farm; wholesale; online sales; LocalHarvest Family Farm; Distributor; Farms & Ranches; Farm-to-school vendor,(956) 585-1040,sales@stxorganics.com,internal_until_public_use_review,https://www.stxorganics.com,,,,True,False,False,False,False,True,True,4,txobs_9a168232d172c75cfacc | txobs_93cfe69a40236e524117 | txobs_130fb1aa067a34efd675 | txobs_b1941554dc82e306e2f1,FarmFinder curator verification — farm-owned or authoritative evidence | LocalHarvest — Texas county-seat gap search | Texas Center for Local Food — Farms & Ranches | Texas Department of Agriculture — Farm to School vendor resource list,https://www.stxorganics.com/our-story/ | https://www.localharvest.org/south-tex-organics-lc-M7734 | https://texaslocalfood.org/tclf-partner/south-tex-organics/ | https://www.squaremeals.org/Portals/8/files/NSLP/LFS/LFS%20Vendor%20Resource%20List%20Updated%20Nov%202024.pdf?ver=I7PGgvoElV78S-FFin0OiQ%3D%3D,C; D; E,2026-07-16,promotion_eligible_reviewed,,Official farm-owned evidence and current trade-directory evidence identify the Mission farm operation.
TX-720CFD4062,Sunshine's Bounty,sunshines bounty,farm,unique_source_name_reviewed,TX,Hidalgo,Mission,78574,23937 North Texan Rd,public_business_address_reviewed_for_future_reduced_precision,,,Meat; Vegetables,Farms & Ranches,,sunshinesbounty@gmail.com,internal_until_public_use_review,,https://www.facebook.com/sunshinesbounty/,https://www.instagram.com/sunshinesbounty/,,False,False,False,False,False,False,False,1,txobs_1c95ee44e7884c9d5692,Texas Center for Local Food — Farms & Ranches,https://texaslocalfood.org/tclf-partner/sunshines-bounty/,D,2026-07-15,promotion_eligible_reviewed,,Fields selected by evidence grade; all underlying observations remain separately auditable.
TX-D96EFF2D4A,Terra Preta Farm Llc,terra preta farms,farm,merged_exact_name_reviewed,TX,Hidalgo,Edinburg,78542,2806 E Rogers Rd,public_business_address_reviewed_for_future_reduced_precision,26.3013982,-98.1624501,"arugula; beets; broccoli; cabbage; carrots; cauliflower; celery; chinese greens; collards; green onions; kohlrabi; leeks; lettuce; mustard greens; salad greens; salad mix; spinach; swiss chard; turnips; grapefruit; lemons; oranges; sweet corn; cucumber; eggplant; green beans; hot peppers; kale; okra; onions; radishes; summer squash; sweet peppers; tomatoes; zucchini; watermelons; fresh flowers; peas; winter-squash; Fruit; Herbs; Vegetables; Eggs; Fruit, Vegetables; Fresh Produce",LocalHarvest Family Farm; Farms & Ranches; Food & Ag Resource; Farm-to-school vendor candidate; GO TEXAN Farm And Ranch; Product,(956) 472-7436,sentlicenter@gmail.com,internal_until_public_use_review,https://terrapretafarm.com,http://www.facebook.com/pages/Terra-Preta-Farm/139333406172043,https://www.instagram.com/terrapretaorganic/?hl=en,,True,False,False,False,True,True,True,5,txobs_0dff144df8e15982db2f | txobs_e3d3b251e77789f087ee | txobs_0bcc9aa9ce94e4a71aab | txobs_acac65a5a2693be686bb | txobs_36c4d2787a8426c6d877,LocalHarvest — Texas county-seat gap search | Texas Center for Local Food — Farms & Ranches | Texas Department of Agriculture — Farm to School vendor resource list | Texas Department of Agriculture — GO TEXAN Farm And Ranch,https://www.localharvest.org/terra-preta-farm-M47087 | https://texaslocalfood.org/tclf-partner/terra-preta-farm/ | https://texaslocalfood.org/tclf-partner/sentli-regenerative-center/ | https://www.squaremeals.org/Portals/8/files/NSLP/LFS/LFS%20Vendor%20Resource%20List%20Updated%20Nov%202024.pdf?ver=I7PGgvoElV78S-FFin0OiQ%3D%3D | https://bridge.texasagriculture.gov/GoTexanSearch/?resultsFormat=CommaSeparatedValues&searchType=Advanced&pageSize=2147483647&businessType=Farm+And+Ranch&pageNumber=1,B; D,2026-07-15,promotion_eligible_reviewed,,Fields selected by evidence grade; all underlying observations remain separately auditable.
TX-3D9B30A5ED,The Hour Farm: A Research Investment in Time,the hour farm a research investment in time,farm,unique_source_name_reviewed,TX,Hidalgo,Weslaco,78599,822 W Mile 14 N.,public_business_address_reviewed_for_future_reduced_precision,,,carrots; green beans; green onions; lettuce; onions; peas; tomatoes; cucumber; hot peppers; okra; winter-squash; pumpkins,LocalHarvest Family Farm,,,internal_until_public_use_review,https://www.thehour.farm,http://www.facebook.com/hour.farm.94,https://instagram.com/Thehour.farm,,True,False,False,False,False,False,False,1,txobs_ce3c478ebb12a4712609,LocalHarvest — Texas county-seat gap search,https://www.localharvest.org/the-hour-farm-a-research-investment-in-time-M48286,D,2026-07-15,promotion_eligible_reviewed,,Fields selected by evidence grade; all underlying observations remain separately auditable.
TX-20CBB80D6B,The Lazy S Citrus Grove,the lazy s citrus grove,farm,current_directory_corroborated,TX,Hidalgo,Mercedes,78570,1213 Earling Rd,public_business_address_reviewed_for_future_reduced_precision,,,Grapefruits; Oranges,Farm stand; U-pick; agritourism,956-630-1015,cherswear@yahoo.com,internal_until_public_use_review,,https://www.facebook.com/Obst-Family-Farm-1104963822847383,,,True,,,,True,,,1,txobs_5fb92d504a14867e2184,PickYourOwn — Southern Tip,https://www.pickyourown.org/TXsouth.htm | https://pickyourown.farm/farm/the-lazy-s-citrus-grove-7097/ | https://www.localfarmmarkets.org/TXsouthfarmmarkets.php,E; D; D,2026-07-16,promotion_eligible_reviewed,,Current directory evidence describes an operating family-owned Mercedes citrus grove and U-pick stand; the old assumed-closure text was parser/age noise.
TX-A96C1D12B3,"Triple J Organics, LLC",triple j organics,farm,merged_exact_name_reviewed,TX,Hidalgo,Mission,78573,14702 N Trosper Rd,public_business_address_reviewed_for_future_reduced_precision,,,grapefruit; oranges; Fruit,LocalHarvest Family Farm; Farms & Ranches,(956) 789-1966,triplejjjorganics@gmail.com,internal_until_public_use_review,https://www.triplejorganics.com/,http://www.facebook.com/triplejorganics/,,,True,False,False,False,False,False,False,2,txobs_f8472fad47b07c4a8a04 | txobs_4012d6adde5bd1168a0b,LocalHarvest — Texas county-seat gap search | Texas Center for Local Food — Farms & Ranches,https://www.localharvest.org/triple-j-organics-llc-M75226 | https://texaslocalfood.org/tclf-partner/triple-j-organics/,D,2026-07-15,promotion_eligible_reviewed,,Fields selected by evidence grade; all underlying observations remain separately auditable.
TX-DFBF46F239,True Texan,true texan,farm,unique_source_name_reviewed,TX,Hidalgo,Edinburg,78539,1121 N Bentsen Palm Drive,public_business_address_reviewed_for_future_reduced_precision,,,beef; goat; jerky; lamb; ostrich; Heritage Texas Longhorn,LocalHarvest Family Farm,(956) 373-3069,,internal_until_public_use_review,https://truetexanbeef.com,,https://instagram.com/truetexanbeef,,True,False,False,False,False,False,False,1,txobs_91cba4d7288bb79edc37,LocalHarvest — Texas county-seat gap search,https://www.localharvest.org/true-texan-M78763,D,2026-07-15,promotion_eligible_reviewed,,Fields selected by evidence grade; all underlying observations remain separately auditable.
TX-7731085C46,US Citrus,us citrus,farm,merged_exact_name_reviewed,TX,Hidalgo,Hargill,78549,30232 FM 493,public_business_address_reviewed_for_future_reduced_precision,,,Farm/ranch products; see current statewide profile; Fruit,Farms & Ranches; Farm-to-school vendor candidate,956.855.6029,citruslove@uscitrus.com,internal_until_public_use_review,https://uscitrus.com/?srsltid=AfmBOoo6E0wFqSrlYMzbSJTVAf1hVCEKR7-TUjkNu2adUOPVZdEkx8ET,https://www.facebook.com/microbudding,https://www.instagram.com/uscitrus/,,True,False,False,False,False,True,True,2,txobs_165623b7c50821e41963 | txobs_5307dbfeb356d9e241e8,Texas Center for Local Food — Farms & Ranches | Texas Department of Agriculture — Farm to School vendor resource list,https://texaslocalfood.org/tclf-partner/us-citrus/ | https://www.squaremeals.org/Portals/8/files/NSLP/LFS/LFS%20Vendor%20Resource%20List%20Updated%20Nov%202024.pdf?ver=I7PGgvoElV78S-FFin0OiQ%3D%3D,D; E,2026-07-15,promotion_eligible_reviewed,,Fields selected by evidence grade; all underlying observations remain separately auditable.
TX-8F423F19E3,Val Verde Vegetable Co Inc,val verde vegetable co,farm,merged_current_official_and_vendor,TX,Hidalgo,Mcallen,78504,2200 Trophy Dr,public_business_address_reviewed_for_future_reduced_precision,,,"Cabbage; Food; Greens; Onions; Produce; Vegetables; Fresh; Farm/ranch products; Vegetables","GO TEXAN Farm And Ranch; Product; Farms & Ranches; Farm-to-school vendor",(956) 994-1311,jeffh@valverdevegetable.com / dorothy@valverdevegetable.com / blake@valverdevegetable.com,internal_until_public_use_review,https://valverdevegetable.com/,,,,True,False,False,False,False,True,True,3,txobs_ea5fed7fc36878d020a3 | txobs_2fcdd52bf55071206214 | txobs_629c17b07429416da873,Texas Department of Agriculture — GO TEXAN Farm And Ranch | Texas Center for Local Food — Farms & Ranches | Texas Department of Agriculture — Farm to School vendor resource list,"https://bridge.texasagriculture.gov/GoTexanSearch/?resultsFormat=CommaSeparatedValues&searchType=Advanced&pageSize=2147483647&businessType=Farm+And+Ranch&pageNumber=1 | https://texaslocalfood.org/tclf-partner/val-verde-vegetable/ | https://www.squaremeals.org/Portals/8/files/NSLP/LFS/LFS%20Vendor%20Resource%20List%20Updated%20Nov%202024.pdf?ver=I7PGgvoElV78S-FFin0OiQ%3D%3D",B; D; E,2026-07-16,promotion_eligible_reviewed,,"Official company evidence identifies a third-generation Texas grower, packer, and shipper."
TX-324E6BD93A,Weaving Food Webs Farm,weaving food webs farm,farm,unique_source_name_reviewed,TX,Hidalgo,Edinburg,,,public_business_address_reviewed_for_future_reduced_precision,26.3013982,-98.1624501,Baked Goods; Eggs; Flowers; Fruit; Herbs; Vegetables,Farms & Ranches,,WeavingFoodWebs@Gmail.com,internal_until_public_use_review,https://weaving-food-webs.square.site/,https://www.facebook.com/p/Weaving-Food-Webs-Farm-100063884442675/,https://www.instagram.com/weavingfoodwebsfarm/,,False,False,False,False,False,False,True,1,txobs_b628c9b9e18f602c0fda,Texas Center for Local Food — Farms & Ranches,https://texaslocalfood.org/tclf-partner/weaving-food-webs-farm/,D,2026-07-15,promotion_eligible_reviewed,,Fields selected by evidence grade; all underlying observations remain separately auditable.
TX-0319DC67EC,Wonderful Citrus,wonderful citrus,producer_requires_type_review,unique_source_name_reviewed,TX,Hidalgo,Mission,,,public_business_address_reviewed_for_future_reduced_precision,,,"Fruits, Vegetables",Farm-to-school vendor candidate,,,internal_until_public_use_review,https://www.wonderfulcitrus.com/who-we-are/contact-us.html,,,,False,False,False,False,False,True,True,1,txobs_c1aa39502404ef7d7207,Texas Department of Agriculture — Farm to School vendor resource list,https://www.squaremeals.org/Portals/8/files/NSLP/LFS/LFS%20Vendor%20Resource%20List%20Updated%20Nov%202024.pdf?ver=I7PGgvoElV78S-FFin0OiQ%3D%3D,E,2026-07-15,research_or_qa_queue,single grade-E discovery listing needs corroboration; member/vendor directory candidate needs independent farm-operation evidence,Fields selected by evidence grade; all underlying observations remain separately auditable.
TX-189753C66A,ARTillery Avenue Farm,artillery avenue farm,farm,unique_source_name_reviewed,TX,Hill,247 County Road 4264 Hillsboro,76645,"247 County Road 4264 Hillsboro, TX 76645",public_business_address_reviewed_for_future_reduced_precision,,,Farm/ranch products; see current statewide profile,Farms & Ranches; Specialty Producers,,ARTilleryAveFarm@gmail.com,internal_until_public_use_review,https://artilleryavefarm.square.site/,https://www.facebook.com/ARTilleryAveFarm/,,,False,False,False,False,False,False,False,1,txobs_ee0e41b4a9bace64d263,Texas Center for Local Food — Farms & Ranches,https://texaslocalfood.org/tclf-partner/artillery-avenue-farm/,D,2026-07-15,promotion_eligible_reviewed,,Fields selected by evidence grade; all underlying observations remain separately auditable.
TX-504D8EA42B,Belnap Creek Farm,belnap creek farm,farm,unique_source_name_reviewed,TX,Hill,Blum,76627,PO Box 509,public_business_address_reviewed_for_future_reduced_precision,,,"We implement regenerative agriculture principles to restore soil health and promote biodiversity with gardening, poultry, swine, and bovine production.",Shop Texas Farms member,,,internal_until_public_use_review,,,,,True,False,False,False,False,False,False,1,txobs_bf269d17b5098754f5f8,Shop Texas Farms — member business directory,https://shoptexasfarms.com/business-directory/entry/p1hah/,D,2026-07-15,promotion_eligible_reviewed,,Fields selected by evidence grade; all underlying observations remain separately auditable.
TX-8128146D3A,Big G Wagyu Beef,big g wagyu beef,farm,unique_source_name_reviewed,TX,Hill,Hillsboro,76645,5907 State Highway 22,public_business_address_reviewed_for_future_reduced_precision,,,beef; eggs,LocalHarvest Family Farm,(888) 336-5266,,internal_until_public_use_review,https://biggcattletexasbeef.com,http://www.facebook.com/profile.php?id=61555410508647,,,True,False,False,False,False,False,False,1,txobs_30ec897ace7fc0201005,LocalHarvest — Texas county-seat gap search,https://www.localharvest.org/big-g-wagyu-beef-M85999,D,2026-07-15,promotion_eligible_reviewed,,Fields selected by evidence grade; all underlying observations remain separately auditable.
TX-0151BD5344,Crawley's Country Beef LLC,crawleys country beef,farm,unique_source_name_reviewed,TX,Hill,Hubbard ,76648,,public_business_address_reviewed_for_future_reduced_precision,,,Pastured livestock and/or farm products; see source profile,Pastured-product farm; direct sales,(254) 580-8458,denversbeef@gmail.com,internal_until_public_use_review,http://www.texasbredorganicmeat.com,,,,True,False,False,False,False,False,False,1,txobs_3878db60230c35b388b7,EatWild Texas directory,https://www.eatwild.com/products/texas.html,D,2026-07-15,promotion_eligible_reviewed,,Fields selected by evidence grade; all underlying observations remain separately auditable.
TX-1225BABDE7,Hill Farm To Table Ranch,hill farm to table ranch,farm,unique_source_name_reviewed,TX,Hill,Hubbard,76648,209 Ne Fourth St,public_business_address_reviewed_for_future_reduced_precision,,,Assorted Chocolate Boxes; Bagels; Beeswax Chapsticks And Glosses; Beeswax Food Wrap; Blondies; Bread Products; Brownies; Bundt Loaf; Cake Pops And Pucks; Cake Style Donuts; Cake Variations; Candied And Spiced Nuts; Candles; Cheese Cracker Varieties; Chocolate Bars; Chocolate Covered Treats; Cookie And Cake Mixes; Cookie Butter Varieties; Cookie Variations; Dehydrated Fruits And Veggies; Dehydrated Sourdough Starter; Dry Coffee Grounds; Extract Varieties; Farm Fresh Eggs; Flour And Corn Tortillas; Fudge; Goatsmilk Soap Multiple Scents; Honey Caramels; Hot Chocolate Bombs; Hot Coco Mixes; Infused Honey Multiple Flavors And Sizes; Infused Olive Oils; Marshmallows; Muffin Variations Including Sourdough; Mug Wraps; Pickles; Pie Bar; Pies; Pound Cake; Preserves And Syrups And Jam And Jellies; Repurposed Silverware Jewelry; Rose Water; Salsa Varieties; Scrunchies; Seasoned Salt; Seasoning Mixes; Sugar And Salt Scrubs; Trail Mixes And Granola Mixes,GO TEXAN Farm And Ranch; Product,(972) 965-9522,,internal_until_public_use_review,,,,,True,False,False,False,False,False,False,1,txobs_25fa03b8b19ebad5fd48,Texas Department of Agriculture — GO TEXAN Farm And Ranch,https://bridge.texasagriculture.gov/GoTexanSearch/?resultsFormat=CommaSeparatedValues&searchType=Advanced&pageSize=2147483647&businessType=Farm+And+Ranch&pageNumber=1,B,2026-07-15,promotion_eligible_reviewed,,Fields selected by evidence grade; all underlying observations remain separately auditable.
TX-53D91C6A59,Hubbard Farm And Ranch Llc,hubbard farm and ranch,farm,unique_source_name_reviewed,TX,Hill,Hubbard,76648,303 S Magnolia Ave,public_business_address_reviewed_for_future_reduced_precision,,,Decorative Fraser Fir Greenery; Red Cedar Woodwork,GO TEXAN Farm And Ranch; Product; Associate,(254) 744-4755,,internal_until_public_use_review,https://hubbardfarmandranch.com,,,,True,False,False,False,False,False,False,1,txobs_30c7f730e23edf149d4f,Texas Department of Agriculture — GO TEXAN Farm And Ranch,https://bridge.texasagriculture.gov/GoTexanSearch/?resultsFormat=CommaSeparatedValues&searchType=Advanced&pageSize=2147483647&businessType=Farm+And+Ranch&pageNumber=1,B,2026-07-15,promotion_eligible_reviewed,,Fields selected by evidence grade; all underlying observations remain separately auditable.
TX-89ADCC0CEE,Nors Four Star Farms,nors four star farms,farm,unique_source_name_reviewed,TX,Hill,Abbott ,76621,,public_business_address_reviewed_for_future_reduced_precision,,,Pastured livestock and/or farm products; see source profile,Pastured-product farm; direct sales,(254) 855-2417,knors@aircanopy.net,internal_until_public_use_review,,,,,True,False,False,False,False,False,False,1,txobs_d2d5106f163671e53508,EatWild Texas directory,https://www.eatwild.com/products/texas.html,D,2026-07-15,promotion_eligible_reviewed,,Fields selected by evidence grade; all underlying observations remain separately auditable.
TX-6796ADBBE3,Pappy Jack Farms Llc,pappy jack farms,farm,unique_source_name_reviewed,TX,Hill,Whitney,76692,262 Buckshot,public_business_address_reviewed_for_future_reduced_precision,,,Produce,GO TEXAN Farm And Ranch; Product,(512) 864-5058,,internal_until_public_use_review,https://pappyjackfarms.com,,,,True,False,False,False,False,True,False,1,txobs_7b4ca9feae24be51bd23,Texas Department of Agriculture — GO TEXAN Farm And Ranch,https://bridge.texasagriculture.gov/GoTexanSearch/?resultsFormat=CommaSeparatedValues&searchType=Advanced&pageSize=2147483647&businessType=Farm+And+Ranch&pageNumber=1,B,2026-07-15,promotion_eligible_reviewed,,Fields selected by evidence grade; all underlying observations remain separately auditable.
TX-510D3C57B0,Price Farms,price farms,farm,unique_source_name_reviewed,TX,Hill,Whitney,76692,142 Hill County Road 2401 North,public_business_address_reviewed_for_future_reduced_precision,,,"beans, corn (sweet), cucumbers, melons, peppers, pumpkins, summer squash, strawberries, tomatoes, other vegetables, watermelons, U-pick and already picked, concessions or refreshment stand, school tours",U-pick; agritourism,(254) 707-7099,josephlandonprice@yahoo.com,internal_until_public_use_review,,https://www.facebook.com/pricefarmsocial/,,,True,False,False,False,True,False,False,1,txobs_9a580e4de6d333cc6718,PickYourOwn — Dallas / Fort Worth,https://www.pickyourown.org/TXdallas.htm,D,2026-07-15,promotion_eligible_reviewed,,Fields selected by evidence grade; all underlying observations remain separately auditable.
TX-79F62C246A,Steelman Farms,steelman farms,farm,unique_source_name_reviewed,TX,Hill,Blum,76627,344 HCR 1157,public_business_address_reviewed_for_future_reduced_precision,,,Meat,Farms & Ranches,(940) 736-7413,steelmanfarmsllc@gmail.com,internal_until_public_use_review,https://www.steelmanfarms.com/,https://www.facebook.com/Steelmanfarms,https://www.instagram.com/steelmanfarmsll,,False,False,False,False,False,False,False,1,txobs_8058c4a31c3de020f4af,Texas Center for Local Food — Farms & Ranches,https://texaslocalfood.org/tclf-partner/steelman-farms/,D,2026-07-15,promotion_eligible_reviewed,,Fields selected by evidence grade; all underlying observations remain separately auditable.
TX-7688DB76D5,Foster Farm Grass Fed & Grass Finished Beef,foster farm,farm,merged_exact_name_reviewed,TX,Hood,Granbury,76049,6523 Matlock Rd,public_business_address_reviewed_for_future_reduced_precision,,,Pastured livestock and/or farm products; see source profile; Eggs; Meat,Pastured-product farm; direct sales; Farms & Ranches,682-597-0218,fosterfarmbeef@gmail.com,internal_until_public_use_review,,https://www.facebook.com/fosterfarmbeef,,,True,False,False,False,False,False,False,2,txobs_760a8bf16009c616df53 | txobs_34a20c21b9972726483c,EatWild Texas directory | Texas Center for Local Food — Farms & Ranches,https://www.eatwild.com/products/texas.html | https://texaslocalfood.org/tclf-partner/foster-farm-grass-fed-grass-finished-beef/,D,2026-07-15,promotion_eligible_reviewed,,Fields selected by evidence grade; all underlying observations remain separately auditable.
TX-AA890E4F52,Foster Farm Grass Fed/ Grass Finished Beef,foster farm grass fed grass finished beef,farm,unique_source_name_reviewed,TX,Hood,Granbury,76049,6523 Matlock Rd.,public_business_address_reviewed_for_future_reduced_precision,,,beef,LocalHarvest Family Farm,(682) 597-0218,,internal_until_public_use_review,,http://www.facebook.com/@fosterfarmbeef,,,True,False,False,False,False,False,False,1,txobs_7fb6e5fc475fa1c6dcfa,LocalHarvest — Texas county-seat gap search,https://www.localharvest.org/foster-farm-grass-fed-grass-finished-beef-M71211,D,2026-07-15,promotion_eligible_reviewed,,Fields selected by evidence grade; all underlying observations remain separately auditable.
TX-F1384D51D9,Cedar Ridge Farms,cedar ridge farms,farm,merged_exact_name_reviewed,TX,Hopkins,Pickton,75471,12575 FARM RD 269 S,public_business_address_reviewed_for_future_reduced_precision,,,Pasture-raised eggs; Other,Egg farm; pasture-raised poultry; Farm-to-school vendor candidate,+1 (903) 440-0607,sales@cedarridgeeggs.com,internal_until_public_use_review,,,,,False,False,False,False,False,True,True,2,txobs_c67c2cd20c77971c51d6 | txobs_66880e504e62042693c4,FarmFinder curator verification — farm-owned or authoritative evidence | Texas Department of Agriculture — Farm to School vendor resource list,https://www.farmtotabletx.com/our-products/dairy-eggs/ | https://www.squaremeals.org/Portals/8/files/NSLP/LFS/LFS%20Vendor%20Resource%20List%20Updated%20Nov%202024.pdf?ver=I7PGgvoElV78S-FFin0OiQ%3D%3D,C; D,2026-07-15,promotion_eligible_reviewed,,Fields selected by evidence grade; all underlying observations remain separately auditable.
TX-7B3D5C3FE5,Southspoon Farms,southspoon farms,farm,unique_source_name_reviewed,TX,Hopkins,Yantis,75497,775 CR 1441,public_business_address_reviewed_for_future_reduced_precision,,,beef; chicken; goat; pork; cheese; eggs; raw milk; yogurt; honey; maple syrup; soap,LocalHarvest Family Farm,(903) 383-2344,,internal_until_public_use_review,https://www.southspoonfarms.com,http://www.facebook.com/southspoonfarms1,https://instagram.com/southspoon,,True,False,False,False,False,False,False,1,txobs_afbd1882308b11db8b8f,LocalHarvest — Texas county-seat gap search,https://www.localharvest.org/southspoon-farms-M76455,D,2026-07-15,promotion_eligible_reviewed,,Fields selected by evidence grade; all underlying observations remain separately auditable.
TX-C83F0065F1,Blessings Ranch,blessings ranch,farm,unique_source_name_reviewed,TX,Houston,Tomball,77377,20000 Bauer Hockley Rd,public_business_address_reviewed_for_future_reduced_precision,,,Dairy; Eggs; Meat,Farms & Ranches,+18329577517,blessingsranchtx@gmail.com,internal_until_public_use_review,https://blessingsranchtx.com/,,,,True,False,False,False,False,False,False,1,txobs_3041713d93a97caf6674,Texas Center for Local Food — Farms & Ranches,https://texaslocalfood.org/tclf-partner/blessings-ranch/,D,2026-07-15,promotion_eligible_reviewed,,Fields selected by evidence grade; all underlying observations remain separately auditable.
TX-4AB987B48A,Far Out Farm,far out farm,farm,unique_source_name_reviewed,TX,Houston,Lovelady,75851,16198 FM 230,public_business_address_reviewed_for_future_reduced_precision,,,seeds; eggs,LocalHarvest Family Farm,(936) 661-8964,,internal_until_public_use_review,,http://www.facebook.com/faroutfarmhuntsvilletx,https://instagram.com/faroutfarmkittrell,,True,False,False,False,False,False,False,1,txobs_364a037b2650646e5107,LocalHarvest — Texas county-seat gap search,https://www.localharvest.org/far-out-farm-M43386,D,2026-07-15,promotion_eligible_reviewed,,Fields selected by evidence grade; all underlying observations remain separately auditable.
TX-A6FD74FC3A,Rafter 8 Market Farm,rafter 8 market farm,farm,unique_source_name_reviewed,TX,Houston,Grapeland,,979 ACR 1772,public_business_address_reviewed_for_future_reduced_precision,,,Dairy; Eggs; Herbs; Meat; Specialty Products; Vegetables,Farmers Markets & Farm Stands; Farms & Ranches; Food & Ag Resource; Grocery & Shops; Specialty Producers,5129379237,Rafter8Farm@gmail.com,internal_until_public_use_review,https://www.rafter8farm.com/,https://www.facebook.com/RafterEightFarm,https://www.instagram.com/rafter_8_farms,,True,False,False,False,False,False,False,1,txobs_727ca9b787aeea0f8f14,Texas Center for Local Food — Farms & Ranches,https://texaslocalfood.org/tclf-partner/rafter-8-market-farm/,D,2026-07-15,promotion_eligible_reviewed,,Fields selected by evidence grade; all underlying observations remain separately auditable.
TX-D7208D8897,SK Prime Pastures,sk prime pastures,farm,merged_exact_name_reviewed,TX,Houston,Grapeland ,75844,15383 FM 2022 N,public_business_address_reviewed_for_future_reduced_precision,,,Pastured livestock and/or farm products; see source profile; Meat; Non-Meat Animal Products; Tallow,Pastured-product farm; direct sales; Farms & Ranches; Grocery & Shops,(409) 350-9738,Kirstin@skprimepastures.com,internal_until_public_use_review,https://WWW.SKPRIMEPASTURES.COM,https://www.facebook.com/skprimepastures,https://www.instagram.com/skprimepastures?igsh=MWtxM21vOGdlaTYxcA==,,True,False,False,False,False,False,True,2,txobs_2d3cf4aee64dbcceda51 | txobs_272ec602f54a3fe86e25,EatWild Texas directory | Texas Center for Local Food — Farms & Ranches,https://www.eatwild.com/products/texas.html | https://texaslocalfood.org/tclf-partner/sk-prime-pastures/,D,2026-07-15,promotion_eligible_reviewed,,Fields selected by evidence grade; all underlying observations remain separately auditable.
TX-3837257C5D,Dunbar Brothers Beef Company,dunbar brothers beef company,farm,unique_source_name_reviewed,TX,Howard,Bigspring,79720,310 Morgan Ave,public_business_address_reviewed_for_future_reduced_precision,,,Beef,GO TEXAN Farm And Ranch; Product,(830) 693-7988,,internal_until_public_use_review,https://dbbcompany.com,,,,True,False,False,False,False,True,False,1,txobs_6564e36a4c8df39bdd2a,Texas Department of Agriculture — GO TEXAN Farm And Ranch,https://bridge.texasagriculture.gov/GoTexanSearch/?resultsFormat=CommaSeparatedValues&searchType=Advanced&pageSize=2147483647&businessType=Farm+And+Ranch&pageNumber=1,B,2026-07-15,promotion_eligible_reviewed,,Fields selected by evidence grade; all underlying observations remain separately auditable.
TX-28BD2497F4,Good Earth Organic Farm,good earth organic farm,farm,merged_exact_name_reviewed,TX,Hunt,Celeste ,75423,8571 FM 272,public_business_address_reviewed_for_future_reduced_precision,,,Pastured livestock and/or farm products; see source profile; arugula; beets; carrots; garlic; kale; mustard greens; pumpkins; radishes; salad greens; salad mix; swiss chard; lamb; pet food; pickles; preserves; medicinal herbs; artichokes; broccoli; cabbage; cauliflower; collards; cucumber; eggplant; green beans; green onions; hot peppers; kohlrabi; lettuce; okra; onions; spinach; summer squash; tomatillos; tomatoes; turnips; zucchini; apricots; peaches; plums; strawberries; cider; sweet peppers; winter-squash; apples; asian-pears; blackberries; cantaloupes; figs; grapes; marionberries; melons; nectarines; pears; watermelons; dried fruits; fresh flowers; persimmons; American Plum; Autumn Strawberry Apple; Belle of Georgia Peach; Bradford Watermelon; Buerre Clairgeau Pear; George IV Peach; Japanese Massaged Dried Persimmon: Hoshigaki; Moon & Stars Watermelon; Sun Crest Peach; Yellow-Meated Watermelon; Karakul Sheep; American Butternut; American Native Pecan; Seven Top Turnip; Sugar Hubbard Squash; Watermelon Pickles,Pastured-product farm; direct sales; LocalHarvest Family Farm,(903) 496-2070,mail@goodearthorganicfarm.com,internal_until_public_use_review,https://www.goodearthorganicfarm.com,https://www.facebook.com/goodearthorganicfarm,https://instagram.com/GoodEarthOrganicFarm,,True,False,False,False,False,False,False,2,txobs_1111fda1f36d69d25c4e | txobs_a79760bb643810837e61,EatWild Texas directory | LocalHarvest — Texas county-seat gap search,https://www.eatwild.com/products/texas.html | https://www.localharvest.org/good-earth-organic-farm-M404,D,2026-07-15,promotion_eligible_reviewed,,Fields selected by evidence grade; all underlying observations remain separately auditable.
TX-EA227DD275,KaJiN Farm,kajin farm,farm,unique_source_name_reviewed,TX,Hunt,Caddo Mills,75135,3221 CR 2508,public_business_address_reviewed_for_future_reduced_precision,,,wreaths,LocalHarvest Family Farm,(903) 217-2679,,internal_until_public_use_review,https://www.kajinfarm.com,,,,True,False,False,False,False,False,False,1,txobs_11d8f5a5c64f5ab7c294,LocalHarvest — Texas county-seat gap search,https://www.localharvest.org/kajin-farm-M23761,D,2026-07-15,promotion_eligible_reviewed,,Fields selected by evidence grade; all underlying observations remain separately auditable.
TX-0032373B28,Living Branch Farm,living branch farm,farm,unique_source_name_reviewed,TX,Hunt,Wolfe City,,,public_business_address_reviewed_for_future_reduced_precision,,,Farm products; see source profile,LocalHarvest Family Farm,,,internal_until_public_use_review,,,,,True,False,False,False,False,False,False,1,txobs_28362e6a8e3c9d642154,LocalHarvest — Texas county-seat gap search,https://www.localharvest.org/living-branch-farm-M83863,D,2026-07-15,promotion_eligible_reviewed,,Fields selected by evidence grade; all underlying observations remain separately auditable.
TX-A426FD8035,Prairie Grove Farm,prairie grove farm,farm,unique_source_name_reviewed,TX,Hunt,Farmersville,75442,2349 Fm 36 N,public_business_address_reviewed_for_future_reduced_precision,,,Pasture Raised Pork,GO TEXAN Farm And Ranch; Product,(972) 489-4230,,internal_until_public_use_review,https://www.prairiegrovefarmtx.com/,,,,True,False,False,False,False,False,False,1,txobs_1e785b929a5a371aeb23,Texas Department of Agriculture — GO TEXAN Farm And Ranch,https://bridge.texasagriculture.gov/GoTexanSearch/?resultsFormat=CommaSeparatedValues&searchType=Advanced&pageSize=2147483647&businessType=Farm+And+Ranch&pageNumber=1,B,2026-07-15,promotion_eligible_reviewed,,Fields selected by evidence grade; all underlying observations remain separately auditable.
TX-4D3D6C941F,TAMUC Twin Oaks Blueberry Farm,tamuc twin oaks blueberry farm,farm,unique_source_name_reviewed,TX,Hunt,Campbell,75422,2965 highway 24,public_business_address_reviewed_for_future_reduced_precision,,,"blueberries, restrooms",U-pick; agritourism,903-886-5100,blueberry@tamuc.edu,internal_until_public_use_review,https://www.tamuc.edu/ag/facilities/,https://www.facebook.com/TwinOaksTAMUC,,,True,False,False,False,True,False,False,1,txobs_b6f18b9c2eafba2d4b18,PickYourOwn — Dallas / Fort Worth,https://www.pickyourown.org/TXdallas.htm,D,2026-07-15,promotion_eligible_reviewed,,Fields selected by evidence grade; all underlying observations remain separately auditable.
TX-287D67E112,Whey Cool Ranch,whey cool ranch,farm,unique_source_name_reviewed,TX,Hunt,Celeste ,75423,,public_business_address_reviewed_for_future_reduced_precision,,,Pastured livestock and/or farm products; see source profile,Pastured-product farm; direct sales,(430) 280-7598,meg@wheycoolranch.com,internal_until_public_use_review,https://www.wheycoolranch.com/,https://www.facebook.com/wheycoolranch/,https://www.instagram.com/whey_cool_ranch/,,True,False,False,False,False,False,False,1,txobs_36b2b382c7ecfdd01fbd,EatWild Texas directory,https://www.eatwild.com/products/texas.html,D,2026-07-15,promotion_eligible_reviewed,,Fields selected by evidence grade; all underlying observations remain separately auditable.
TX-56F57485F8,Windy Meadows Family Farm,windy meadows family farm,farm,unique_source_name_reviewed,TX,Hunt,Campbell ,75422,,public_business_address_reviewed_for_future_reduced_precision,,,Pastured livestock and/or farm products; see source profile,Pastured-product farm; direct sales,(903) 886-7723,info@windymeadowsdelivered.com,internal_until_public_use_review,,https://www.facebook.com/WindyMeadowsFamilyFarm,,,True,False,False,False,False,False,False,1,txobs_7600410aae07eb3346cf,EatWild Texas directory,https://www.eatwild.com/products/texas.html,D,2026-07-15,promotion_eligible_reviewed,,Fields selected by evidence grade; all underlying observations remain separately auditable.
TX-072099202D,Rural Living Farm,rural living farm,farm,unique_source_name_reviewed,TX,Jackson,Edna,,,public_business_address_reviewed_for_future_reduced_precision,,,baked goods; cucumber; green beans; hot peppers; kale; spinach; summer squash; sweet peppers; tomatoes; zucchini; pickles; preserves; sweet corn; okra,LocalHarvest Family Farm,,,internal_until_public_use_review,https://www.rural-living.com,http://www.facebook.com/rural-living,,,True,False,False,False,False,False,False,1,txobs_b495f327d7e279585851,LocalHarvest — Texas county-seat gap search,https://www.localharvest.org/rural-living-farm-M62643,D,2026-07-15,promotion_eligible_reviewed,,Fields selected by evidence grade; all underlying observations remain separately auditable.
TX-7F41DB00B3,ButterCups patch,buttercups patch,farm,unique_source_name_reviewed,TX,Jasper,Buna,77612,2035FM. 2938RD,public_business_address_reviewed_for_future_reduced_precision,,,eggs; tomatoes; fresh flowers,LocalHarvest Family Farm,(409) 221-8969,,internal_until_public_use_review,,,,,True,False,False,False,False,False,False,1,txobs_7c52e1715bb1786c0060,LocalHarvest — Texas county-seat gap search,https://www.localharvest.org/buttercups-patch-M65495,D,2026-07-15,promotion_eligible_reviewed,,Fields selected by evidence grade; all underlying observations remain separately auditable.
TX-7363F93601,Pecan Hill Farm Market,pecan hill farm market,farm,unique_source_name_reviewed,TX,Jasper,Jasper,75951,5745 Texas State Hwy 63 West,public_business_address_reviewed_for_future_reduced_precision,,,peas; strawberries; preserves; broccoli; cabbage; sweet corn; cucumber; eggplant; green beans; green onions; hot peppers; mustard greens; okra; onions; potatoes; summer squash; sweet peppers; tomatoes; turnips; zucchini; melons; peaches; plums; watermelons; eggs; baked goods; honey; pickles; fresh flowers; blackberries; blueberries; cantaloupes; figs; Traditional Sorghum Syrup,LocalHarvest Family Farm,(409) 384-5742,,internal_until_public_use_review,,http://www.facebook.com/pecanhillfarm,,,True,False,False,False,False,False,False,1,txobs_4f1f4bce6e29274a1eb5,LocalHarvest — Texas county-seat gap search,https://www.localharvest.org/pecan-hill-farm-market-M58731,D,2026-07-15,promotion_eligible_reviewed,,Fields selected by evidence grade; all underlying observations remain separately auditable.
TX-FE14F15DE2,Taylor Farm,taylor farm,farm,unique_source_name_reviewed,TX,Jasper,Kirbyville,,,public_business_address_reviewed_for_future_reduced_precision,30.6604815,-93.8926809,Eggs; Fruit; Specialty Products; Vegetables,Farms & Ranches,409-284-6722,taylorfarm2010@gmail.com,internal_until_public_use_review,,https://www.facebook.com/profile.php?id=61573944033655,,,False,False,False,False,False,False,False,1,txobs_16312b295345d777220b,Texas Center for Local Food — Farms & Ranches,https://texaslocalfood.org/tclf-partner/taylor-farm/,D,2026-07-15,promotion_eligible_reviewed,,Fields selected by evidence grade; all underlying observations remain separately auditable.
TX-A3D6BDFF97,Bundick Ranch,bundick ranch,farm,unique_source_name_reviewed,TX,Jefferson,Winnie,77665,21195 Englin Rd,public_business_address_reviewed_for_future_reduced_precision,,,eggs,LocalHarvest Family Farm,(409) 828-1128,,internal_until_public_use_review,,,,,True,False,False,False,False,False,False,1,txobs_a7f2e68c80f29efc29c0,LocalHarvest — Texas county-seat gap search,https://www.localharvest.org/bundick-ranch-M67767,D,2026-07-15,promotion_eligible_reviewed,,Fields selected by evidence grade; all underlying observations remain separately auditable.
TX-0D38F19133,Donna's Farm,donnas farm,farm,unique_source_name_reviewed,TX,Jefferson,Beaumont,77705,"11073 Koelemay Drive, Beaumont TX 77705",public_business_address_reviewed_for_future_reduced_precision,,,"Fruit, Vegetables",Farm-to-school vendor candidate,+1 (409) 782-4259,donnasfarmtx@yahoo.com,internal_until_public_use_review,https://www.donnasfarm.com/,,,,False,False,False,False,False,True,True,1,txobs_4e938ac2d0525314ebad,Texas Department of Agriculture — Farm to School vendor resource list,https://www.squaremeals.org/Portals/8/files/NSLP/LFS/LFS%20Vendor%20Resource%20List%20Updated%20Nov%202024.pdf?ver=I7PGgvoElV78S-FFin0OiQ%3D%3D,D,2026-07-15,promotion_eligible_reviewed,,Fields selected by evidence grade; all underlying observations remain separately auditable.
TX-E593C8EA41,Hall Farm and Garden,hall farm and garden,farm,unique_source_name_reviewed,TX,Jefferson,Beaumont,,4846 Nobles and Geheb Rd,public_business_address_reviewed_for_future_reduced_precision,,,Eggs,Farms & Ranches,409-998-2750,milestheyounger@gmail.com,internal_until_public_use_review,,https://www.facebook.com/HallFarmGarden,,,False,False,False,False,False,False,False,1,txobs_fc2eaf4329313a800ba3,Texas Center for Local Food — Farms & Ranches,https://texaslocalfood.org/tclf-partner/hall-farm-and-garden/,D,2026-07-15,promotion_eligible_reviewed,,Fields selected by evidence grade; all underlying observations remain separately auditable.
TX-755AD9FA9C,SBA Farms Collective,sba farms collective,farm,unique_source_name_reviewed,TX,Jefferson,Winnie,77665,18655 Englin Road,public_business_address_reviewed_for_future_reduced_precision,,,"We have been growing, on leased land, naturally and sustainably since 1981, Hurricane Ike literally wiped us off the earth and we have been rebuilding ever since. We are being rebuilt using about 80% re-purposed or recycled materials. This spring we will be back in full swing and rebuilt to the point we can be of service again. We practice only sustainable methods in everything we do, we are currently reinstalling our rainwater collection systems and all the raised bed drip systems. We offer classes in rainwater collection, grey water collection and processing as well as children's classes on small plot gardens. We are not public business but rather operated by a collective guided by autonom",LocalHarvest Family Farm,(409) 296-4351,,internal_until_public_use_review,https://www.sbafarmscollective.org,,,,True,False,False,False,False,False,False,1,txobs_1da0ba9660149a8112c6,LocalHarvest — Texas county-seat gap search,https://www.localharvest.org/sba-farms-collective-M61380,D,2026-07-15,promotion_eligible_reviewed,,Fields selected by evidence grade; all underlying observations remain separately auditable.
TX-CEECB52592,Schreck Family Farm,schreck family farm,farm,unique_source_name_reviewed,TX,Jefferson,Beaumont,77713,Reind Rd,public_business_address_reviewed_for_future_reduced_precision,,,We are a new farm. Developing a natural farming model using permaculture principles.,LocalHarvest Family Farm,(409) 651-8435,,internal_until_public_use_review,,http://www.facebook.com/schreckfamilyfarm,,,True,False,False,False,False,False,False,1,txobs_27489aeaabe4e5cf48eb,LocalHarvest — Texas county-seat gap search,https://www.localharvest.org/schreck-family-farm-M58229,D,2026-07-15,promotion_eligible_reviewed,,Fields selected by evidence grade; all underlying observations remain separately auditable.
TX-9B732D4E39,Yellowbird Farm,yellowbird farm,farm,unique_source_name_reviewed,TX,Jefferson,Beaumont,77707,"9405 College, Ste. C",public_business_address_reviewed_for_future_reduced_precision,,,baked goods; bread; lemons; persimmons; kale,LocalHarvest Family Farm,,,internal_until_public_use_review,,http://www.facebook.com/YellowbirdFarm,,,True,False,False,False,False,False,False,1,txobs_fefa570a631a85a97f09,LocalHarvest — Texas county-seat gap search,https://www.localharvest.org/yellowbird-farm-M60214,D,2026-07-15,promotion_eligible_reviewed,,Fields selected by evidence grade; all underlying observations remain separately auditable.
TX-45CF3C4EB8,Edelen Farm,edelen farm,farm,unique_source_name_reviewed,TX,Jim Wells,Alice ,78332,,public_business_address_reviewed_for_future_reduced_precision,,,Pastured livestock and/or farm products; see source profile,Pastured-product farm; direct sales,(361) 668-8615,edelenfarms@hotmail.com,internal_until_public_use_review,,https://www.facebook.com/edelenfarms/,,,True,False,False,False,False,False,False,1,txobs_08d336ba1a2630e1d646,EatWild Texas directory,https://www.eatwild.com/products/texas.html,D,2026-07-15,promotion_eligible_reviewed,,Fields selected by evidence grade; all underlying observations remain separately auditable.
TX-B82245EBA2,Edelen Farms,edelen farms,farm,merged_exact_name_reviewed,TX,Jim Wells,Alice,78332,1125 CR 440,public_business_address_reviewed_for_future_reduced_precision,,,carrots; lettuce; radishes; salad greens; salad mix; spinach; winter-squash; zucchini; beef; chicken; pork; turkey; butter; eggs; raw milk; bee pollen; honey; sprouts; green beans; green onions; hot peppers; sweet peppers; swiss chard; figs; Baked Goods; Bone Broth; Broth Bones; Dairy; Eggs; Meat; Specialty Products; Tallow,LocalHarvest Family Farm; Farms & Ranches,(361) 227-0645,andrew@edelenfarms.com,internal_until_public_use_review,https://www.edelenfarms.com,https://www.facebook.com/edelenfarms,https://www.instagram.com/edelenfarms,,True,False,False,False,False,False,True,2,txobs_5a40756f55b48280ccf9 | txobs_45f649098517d9a82dbc,LocalHarvest — Texas county-seat gap search | Texas Center for Local Food — Farms & Ranches,https://www.localharvest.org/edelen-farms-M85438 | https://texaslocalfood.org/tclf-partner/edelen-farms/,D,2026-07-15,promotion_eligible_reviewed,,Fields selected by evidence grade; all underlying observations remain separately auditable.
TX-77913F1C5D,El Pollo Loco Ranch,el pollo loco ranch,farm,unique_source_name_reviewed,TX,Jim Wells,Robstown,78380,4860 FM 70,public_business_address_reviewed_for_future_reduced_precision,,,eggs,LocalHarvest Family Farm,(817) 734-2553,,internal_until_public_use_review,,,,,True,False,False,False,False,False,False,1,txobs_b0f8d6e18abfdcca8701,LocalHarvest — Texas county-seat gap search,https://www.localharvest.org/el-pollo-loco-ranch-M79111,D,2026-07-15,promotion_eligible_reviewed,,Fields selected by evidence grade; all underlying observations remain separately auditable.
TX-051540411C,Lorberau Legacy Farms,lorberau legacy farms,farm,unique_source_name_reviewed,TX,Jim Wells,Alice,78333,,public_business_address_reviewed_for_future_reduced_precision,27.7522487,-98.0697249,Dairy; Meat,Farms & Ranches,361-701-4720,LorberauLegacyFarms@gmail.com,internal_until_public_use_review,https://lorberaulegacyfarms.com/,https://www.facebook.com/lorberaulegacyfarms,https://www.instagram.com/lorberaulegacyfarms/,,True,False,False,False,False,False,False,1,txobs_38cfa1ab6e8e5ebd7e0e,Texas Center for Local Food — Farms & Ranches,https://texaslocalfood.org/tclf-partner/lorberau-legacy-farms/,D,2026-07-15,promotion_eligible_reviewed,,Fields selected by evidence grade; all underlying observations remain separately auditable.
TX-5C4F9C6007,Split Horizon Ecostead,split horizon ecostead,farm,unique_source_name_reviewed,TX,Jim Wells,Orange Grove,78372,cr 3053,public_business_address_reviewed_for_future_reduced_precision,,,"Split Horizon Eco-Stead is an Eco-Stead ran by The Pafford Family, Our Main Goals Are Learning and Teaching Self Reliance and Sustainability.",LocalHarvest Family Farm,(361) 389-9137,,internal_until_public_use_review,,http://www.facebook.com/splithorizonecostead,,,True,False,False,False,False,False,False,1,txobs_887838e6accefc3e3547,LocalHarvest — Texas county-seat gap search,https://www.localharvest.org/split-horizon-ecostead-M64271,D,2026-07-15,promotion_eligible_reviewed,,Fields selected by evidence grade; all underlying observations remain separately auditable.
TX-1339CA9211,April Homestead,april homestead,farm,unique_source_name_reviewed,TX,Johnson,Godley,76044,1756 FM 2331,public_business_address_reviewed_for_future_reduced_precision,32.447069,-97.5316615,Farm/ranch products; see current statewide profile,Farms & Ranches,8174879441,aprilhomestead@gmail.com,internal_until_public_use_review,https://www.aprilhomestead.com,https://www.facebook.com/profile.php?id=100087908134460,,,True,False,False,False,False,False,True,1,txobs_120464e5957da5ee1579,Texas Center for Local Food — Farms & Ranches,https://texaslocalfood.org/tclf-partner/april-homestead/,D,2026-07-15,promotion_eligible_reviewed,,Fields selected by evidence grade; all underlying observations remain separately auditable.
TX-A5FCFD94EE,Binx'S Blooms,binxs blooms,farm,unique_source_name_reviewed,TX,Johnson,Cleburne,76031,6229 Rough Road,public_business_address_reviewed_for_future_reduced_precision,,,Flower Boquet,GO TEXAN Farm And Ranch; Product,(817) 991-6228,,internal_until_public_use_review,,,,,True,False,False,False,False,True,False,1,txobs_a4a268d75b95a7332f1b,Texas Department of Agriculture — GO TEXAN Farm And Ranch,https://bridge.texasagriculture.gov/GoTexanSearch/?resultsFormat=CommaSeparatedValues&searchType=Advanced&pageSize=2147483647&businessType=Farm+And+Ranch&pageNumber=1,B,2026-07-15,promotion_eligible_reviewed,,Fields selected by evidence grade; all underlying observations remain separately auditable.
TX-678FD79DAD,Burgundy Pasture Beef,burgundy pasture beef,farm,unique_source_name_reviewed,TX,Johnson,Grandview ,76050,,public_business_address_reviewed_for_future_reduced_precision,,,Pastured livestock and/or farm products; see source profile,Pastured-product farm; direct sales,(817) 866-2247,info@burgundypasturebeef.com,internal_until_public_use_review,http://www.burgundypasturebeef.com/,,,,True,False,False,False,False,False,False,1,txobs_a3c2181a3866d80faca8,EatWild Texas directory,https://www.eatwild.com/products/texas.html,D,2026-07-15,promotion_eligible_reviewed,,Fields selected by evidence grade; all underlying observations remain separately auditable.
TX-09C0B66A9F,Meat Goats in DFW,meat goats in dfw,farm,unique_source_name_reviewed,TX,Johnson,Alvarado,76009,1517 Lower Meadows Lane,public_business_address_reviewed_for_future_reduced_precision,,,goat; Spanish Goat; Tennessee Fainting Goat,LocalHarvest Family Farm,(469) 431-3669,,internal_until_public_use_review,,http://www.facebook.com/MeatGoatsinDFW,,,True,False,False,False,False,False,False,1,txobs_e05beb841eecd84b069f,LocalHarvest — Texas county-seat gap search,https://www.localharvest.org/meat-goats-in-dfw-M83848,D,2026-07-15,promotion_eligible_reviewed,,Fields selected by evidence grade; all underlying observations remain separately auditable.
TX-1920C591D1,Travis' Vineyard,travis vineyard,farm,unique_source_name_reviewed,TX,Johnson,Cleburne,76031,2300 Hopewell Rd,public_business_address_reviewed_for_future_reduced_precision,,,"wine grapes,",U-pick; agritourism,(817) 558-8241,Travis@travisVineyard.com,internal_until_public_use_review,http://www.travisvineyard.com/,https://www.facebook.com/people/Travis-Vineyard/100039870983823/,,,True,False,False,False,True,False,False,1,txobs_d66ef6c471aee521a253,PickYourOwn — Dallas / Fort Worth,https://www.pickyourown.org/TXdallas.htm,D,2026-07-15,promotion_eligible_reviewed,,Fields selected by evidence grade; all underlying observations remain separately auditable.
TX-1FE439818A,Countyline Organic Vegetables,countyline organic vegetables,farm,unique_source_name_reviewed,TX,Karnes,Kenedy,78119,1023 County Road 131,public_business_address_reviewed_for_future_reduced_precision,,,"beans, peas, peppers, summer squash, tomatoes, restrooms",U-pick; agritourism,361-362-4652,4bcattleco@att.net,internal_until_public_use_review,,,,,True,False,False,False,True,False,False,1,txobs_48c7a95e7cdfcfbfb305,PickYourOwn — Corpus Christi,https://www.pickyourown.org/TXcorpus.htm,E,2026-07-15,research_or_qa_queue,single grade-E discovery listing needs corroboration,Fields selected by evidence grade; all underlying observations remain separately auditable.
TX-DDA115B8A8,Daydream Farm,daydream farm,farm,unique_source_name_reviewed,TX,Kaufman,Forney,75126,9627 Neal Rd,public_business_address_reviewed_for_future_reduced_precision,,,Produce,GO TEXAN Farm And Ranch; Product,(469) 333-1578,,internal_until_public_use_review,https://www.daydreamfarmtx.com,,,,True,False,False,False,False,False,False,1,txobs_31ff9ff35e6415eb88cc,Texas Department of Agriculture — GO TEXAN Farm And Ranch,https://bridge.texasagriculture.gov/GoTexanSearch/?resultsFormat=CommaSeparatedValues&searchType=Advanced&pageSize=2147483647&businessType=Farm+And+Ranch&pageNumber=1,B,2026-07-15,promotion_eligible_reviewed,,Fields selected by evidence grade; all underlying observations remain separately auditable.
TX-E152D5D9D3,Farmer Ranch,farmer ranch,farm,merged_exact_name_reviewed,TX,Kaufman,Kemp,75143,12799 County Road 4026,public_business_address_reviewed_for_future_reduced_precision,,,beef; lamb; Meat; Non-food,LocalHarvest Family Farm; Farms & Ranches,,,internal_until_public_use_review,https://www.farmerranch.com,http://www.facebook.com/share/1CZmzJdQvG/?mibextid=wwXIfr,https://instagram.com/FarmerRanchTX,,True,False,False,False,False,False,True,2,txobs_1644121e68a3f9b40df4 | txobs_3f8bdad426899976a741,LocalHarvest — Texas county-seat gap search | Texas Center for Local Food — Farms & Ranches,https://www.localharvest.org/farmer-ranch-M86095 | https://texaslocalfood.org/tclf-partner/farmer-ranch/,D,2026-07-15,promotion_eligible_reviewed,,Fields selected by evidence grade; all underlying observations remain separately auditable.
TX-55D1074C0D,G Farms,g farms,farm,official_source_current_farm_operation,TX,Kaufman,Terrell,75161,15017 CR 349,public_business_address_reviewed_for_future_reduced_precision,,,Beef; hay,Farm; cattle; grass-fed; direct-to-consumer; delivery,(469) 402-0383,,internal_until_public_use_review,https://gfarmsonline.com/,,,,True,False,True,True,False,True,False,1,txobs_f0e18d6dccb9b9576090,Shop Texas Farms — member business directory,https://shoptexasfarms.com/business-directory/entry/l1qfi/; https://gfarmsonline.com/,A;D,2026-07-16,promotion_eligible_reviewed,,"Current farm-owned evidence identifies the Terrell family farm, pasture-grazed grass-fed cattle, hay production, and direct beef delivery."
TX-1083D992C2,Ham's Orchards,hams orchards,farm,unique_source_name_reviewed,TX,Kaufman,Kaufman County service area,,,public_business_address_reviewed_for_future_reduced_precision,,,PYO blackberries and ALREADY PICKED peaches,U-pick; agritourism,972-524-2028,admin@hamorchard.com,internal_until_public_use_review,http://hamorchard.com/,https://www.facebook.com/HamOrchards,,,True,False,False,False,True,False,False,1,txobs_96a1c36cf1a6f542bac3,PickYourOwn — Dallas / Fort Worth,https://www.pickyourown.org/TXdallas.htm,D,2026-07-15,promotion_eligible_reviewed,,Fields selected by evidence grade; all underlying observations remain separately auditable.
TX-0455A59492,Rehoboth Ranch,rehoboth ranch,farm,unique_source_name_reviewed,TX,Kaufman,Kaufman,75142,"113 Jefferson St Kaufman,TX 75142",public_business_address_reviewed_for_future_reduced_precision,,,"Fruits, Vegetables",Farm-to-school vendor candidate,+1 (972) 932-2717,careen@nrhythm.co,internal_until_public_use_review,https://rehobothranch.com/about-our-farm,,,,False,False,False,False,False,True,True,1,txobs_69e26c09bd2e30acab80,Texas Department of Agriculture — Farm to School vendor resource list,https://www.squaremeals.org/Portals/8/files/NSLP/LFS/LFS%20Vendor%20Resource%20List%20Updated%20Nov%202024.pdf?ver=I7PGgvoElV78S-FFin0OiQ%3D%3D,D,2026-07-15,promotion_eligible_reviewed,,Fields selected by evidence grade; all underlying observations remain separately auditable.
TX-4314B625E7,Ahimsa Farm,ahimsa farm,farm,unique_source_name_reviewed,TX,Kendall,Waring,78006,65 Cravey Road,public_business_address_reviewed_for_future_reduced_precision,,,broccoli; brussels sprouts; cabbage; cauliflower; kale; kohlrabi; swiss chard; eggs; wool; sprouts; beets; chinese greens; green onions; leeks; lettuce; mustard greens; onions; radishes; salad greens; spinach; turnips; winter-squash; zucchini; fresh flowers; sweet corn; cucumber; eggplant; garlic; green beans; hot peppers; potatoes; summer squash; sweet peppers; tomatillos; tomatoes; cantaloupes; figs; pears; watermelons; sweet potatoes,LocalHarvest Family Farm,(210) 249-1180,,internal_until_public_use_review,,,,,True,False,False,False,False,False,False,1,txobs_3b55144f73c75f491878,LocalHarvest — Texas county-seat gap search,https://www.localharvest.org/ahimsa-farm-M30325,D,2026-07-15,promotion_eligible_reviewed,,Fields selected by evidence grade; all underlying observations remain separately auditable.
TX-CBC8A83D6B,Broken Arrow Ranch,broken arrow ranch,farm,merged_exact_name_reviewed,TX,Kerr,Ingram ,78025,3296 Junction Hwy,public_business_address_reviewed_for_future_reduced_precision,,,Pastured livestock and/or farm products; see source profile; gamebird; lamb; pork; venison,Pastured-product farm; direct sales; LocalHarvest Family Farm,(830) 367-5875,sales@brokenarrowranch.com,internal_until_public_use_review,https://www.brokenarrowranch.com,https://www.facebook.com/brokenarrowranch,,,True,False,False,False,False,False,False,2,txobs_7fc6a7d09ec866ae50bf | txobs_fbf573b7644ace39bc3c,EatWild Texas directory | LocalHarvest — Texas county-seat gap search,https://www.eatwild.com/products/texas.html | https://www.localharvest.org/broken-arrow-ranch-M12423,D,2026-07-15,promotion_eligible_reviewed,,Fields selected by evidence grade; all underlying observations remain separately auditable.
TX-B3162BACB3,Hill Country Mushrooms and more,hill country mushrooms and more,farm,unique_source_name_reviewed,TX,Kerr,Kerrville,78028,251 Deer Park Ln.,public_business_address_reviewed_for_future_reduced_precision,,,mushrooms; garlic,LocalHarvest Family Farm,(830) 353-1832,,internal_until_public_use_review,https://hilllcountrymushrooms.com,,,,True,False,False,False,False,False,False,1,txobs_2e8a2f128fb859fd7fdf,LocalHarvest — Texas county-seat gap search,https://www.localharvest.org/hill-country-mushrooms-and-more-M63732,D,2026-07-15,promotion_eligible_reviewed,,Fields selected by evidence grade; all underlying observations remain separately auditable.
TX-80E92776F1,Sussex Farm And Ranch Llc,sussex farm and ranch,farm,merged_exact_name_reviewed,TX,Kerr,Comfort,78013,201 Gaddis Bluff,public_business_address_reviewed_for_future_reduced_precision,,,beef; Bavette Steak; Brisket; End Of Round Steak; Fajitas; Flat Iron Steak; Ground Beef; Large Beef Box; Picanha Steak; Small Beef Box; Tri Tip Steak,LocalHarvest Family Farm; GO TEXAN Farm And Ranch; Product,(713) 816-5181,,internal_until_public_use_review,https://sussexranch.com,,,,True,False,False,False,False,False,False,2,txobs_0986cd89603a13377b81 | txobs_e9385684f5307df0a010,LocalHarvest — Texas county-seat gap search | Texas Department of Agriculture — GO TEXAN Farm And Ranch,https://www.localharvest.org/sussex-farm-and-ranch-llc-M85503 | https://bridge.texasagriculture.gov/GoTexanSearch/?resultsFormat=CommaSeparatedValues&searchType=Advanced&pageSize=2147483647&businessType=Farm+And+Ranch&pageNumber=1,B; D,2026-07-15,promotion_eligible_reviewed,,Fields selected by evidence grade; all underlying observations remain separately auditable.
TX-7CA20F2C78,Two Sisters Gardens,two sisters gardens,farm,unique_source_name_reviewed,TX,Kerr,Kerrville,78028,206 Teague Rd.,public_business_address_reviewed_for_future_reduced_precision,,,rabbit; seeds; carrots; cucumber; dry beans; green beans; lettuce; onions; peas; potatoes; radishes; salad mix; spinach; blackberries; fresh flowers; arugula; okra; sweet peppers; tomatoes; zucchini; grapes; peaches; plums; pickles; preserves,LocalHarvest Family Farm,,,internal_until_public_use_review,https://www.twosistersgardens.com,http://www.facebook.com/twosistersgardens,,,True,False,False,False,False,False,False,1,txobs_4591c9a6c5ef2e290e53,LocalHarvest — Texas county-seat gap search,https://www.localharvest.org/two-sisters-gardens-M73771,D,2026-07-15,promotion_eligible_reviewed,,Fields selected by evidence grade; all underlying observations remain separately auditable.
TX-38612175A7,Zanzenberg Farm,zanzenberg farm,farm,unique_source_name_reviewed,TX,Kerr,Center Point,78010,542 Kelly Street,public_business_address_reviewed_for_future_reduced_precision,,,cabbage; cauliflower; celery; kale; salad mix; swiss chard; winter-squash; duck; pork; eggs; cucumber; garlic; hot peppers; okra; tomatoes; chicken; Red Wattle Hog; Wyandotte Chicken,LocalHarvest Family Farm,(830) 928-4261,,internal_until_public_use_review,https://www.zanzenbergfarm.com,http://www.facebook.com/ZanzenbergFarm/?ref=aymt_homepage_panel,,,True,False,False,False,False,False,False,1,txobs_b7e234453dfed251418e,LocalHarvest — Texas county-seat gap search,https://www.localharvest.org/zanzenberg-farm-M70971,D,2026-07-15,promotion_eligible_reviewed,,Fields selected by evidence grade; all underlying observations remain separately auditable.
TX-C975E91E95,La Cabra Meat,la cabra meat,farm,unique_source_name_reviewed,TX,Kimble,Junction,76849,525 Tillman Ranch Road,public_business_address_reviewed_for_future_reduced_precision,,,"chicken; goat; lamb; eggs; Dominique Chicken; Narragansett Turkey; New Hampshire Chicken; Plymouth Rock Chicken; Rhode Island Red Chicken, ""Old-Type""",LocalHarvest Family Farm,(806) 789-5600,,internal_until_public_use_review,https://www.lacabrameat.com,http://www.facebook.com/LaCabraMeat,,,True,False,False,False,False,False,False,1,txobs_0690a3d3cb512001da12,LocalHarvest — Texas county-seat gap search,https://www.localharvest.org/la-cabra-meat-M59279,D,2026-07-15,promotion_eligible_reviewed,,Fields selected by evidence grade; all underlying observations remain separately auditable.
TX-EDDDF58C62,Slanker's Grass-fed Meats,slankers grass fed meats,farm,unique_source_name_reviewed,TX,Lamar,Powderly ,75473,,public_business_address_reviewed_for_future_reduced_precision,,,Pastured livestock and/or farm products; see source profile,Pastured-product farm; direct sales,(903) 732-4653,goodmeat@slanker.com,internal_until_public_use_review,,,,,True,False,False,False,False,False,False,1,txobs_4197869ce953cf1a55b0,EatWild Texas directory,https://www.eatwild.com/products/texas.html,D,2026-07-15,promotion_eligible_reviewed,,Fields selected by evidence grade; all underlying observations remain separately auditable.
TX-840A45B935,South Howland Berry Farm,south howland berry farm,farm,unique_source_name_reviewed,TX,Lamar,Paris,75460,5979 Fm 1184,public_business_address_reviewed_for_future_reduced_precision,,,"blackberries, U-pick and already picked",U-pick; agritourism,903 782-9766,donaamashburn73@gmail.com,internal_until_public_use_review,https://southhowlandberryfarm.webstarts.com/index.html,,,,True,False,False,False,True,False,False,1,txobs_0c94fb2a3d7f6179cbd8,PickYourOwn — Dallas / Fort Worth,https://www.pickyourown.org/TXdallas.htm,D,2026-07-15,promotion_eligible_reviewed,,Fields selected by evidence grade; all underlying observations remain separately auditable.
TX-3E4886C5F9,Wagon Wheel Farm NE TX,wagon wheel farm ne tx,farm,unique_source_name_reviewed,TX,Lamar,Sumner,75486,2214 County Road 33100,public_business_address_reviewed_for_future_reduced_precision,,,Family farm in NE Texas that sells organic chicken eggs and live poultry in the Spring during hatching season. We also sell garden veggies and melons in the Spring/Summer,Shop Texas Farms member,,,internal_until_public_use_review,,,,,True,False,False,False,False,False,False,1,txobs_11f274003a856b589934,Shop Texas Farms — member business directory,https://shoptexasfarms.com/business-directory/entry/8qkay/,D,2026-07-15,promotion_eligible_reviewed,,Fields selected by evidence grade; all underlying observations remain separately auditable.
TX-5D659E6FA0,J&C Poultry,j and c poultry,farm,unique_source_name_reviewed,TX,Lampasas,Kempner,,,public_business_address_reviewed_for_future_reduced_precision,,,"eggs; Rhode Island Red Chicken, ""Old-Type""; Wyandotte Chicken",LocalHarvest Family Farm,(512) 350-9022,,internal_until_public_use_review,,,,,True,False,False,False,False,False,False,1,txobs_ebc506eb28f88a7ec9ad,LocalHarvest — Texas county-seat gap search,https://www.localharvest.org/j-c-poultry-M85778,D,2026-07-15,promotion_eligible_reviewed,,Fields selected by evidence grade; all underlying observations remain separately auditable.
TX-42DBAC160B,Yield Here Farms,yield here farms,farm,unique_source_name_reviewed,TX,Lampasas,Kempner,76539,2662 Snow RD,public_business_address_reviewed_for_future_reduced_precision,,,Farm/ranch products; see current statewide profile,Farms & Ranches; Specialty Producers,254-681-0353,yieldherefarms@yahoo.com,internal_until_public_use_review,https://yieldherefarms.org/,,,,False,False,False,False,False,False,False,1,txobs_63cbc3c01bb64a8534df,Texas Center for Local Food — Farms & Ranches,https://texaslocalfood.org/tclf-partner/yield-here-farms/,D,2026-07-15,promotion_eligible_reviewed,,Fields selected by evidence grade; all underlying observations remain separately auditable.
TX-8D2A74364C,South Texas Pecans,south texas pecans,farm,unique_source_name_reviewed,TX,Lavaca,Yoakum,77995,1795 County Road 329,public_business_address_reviewed_for_future_reduced_precision,,,"blackberries, figs, Seedless table grapes, peaches, U-pick and already picked, gift shop, CSA",U-pick; agritourism,(210) 414-9619,sharon@stxpecans.com,internal_until_public_use_review,https://www.stxpecans.com,https://www.facebook.com/southtexaspecans,,,True,False,False,False,True,False,False,1,txobs_cad5ae6c0fb2cfa83749,PickYourOwn — Corpus Christi,https://www.pickyourown.org/TXcorpus.htm,D,2026-07-15,promotion_eligible_reviewed,,Fields selected by evidence grade; all underlying observations remain separately auditable.
TX-85801CB910,Down Home Ranch,down home ranch,farm,unique_source_name_reviewed,TX,Lee,Elgin,78621,20250 FM 619,public_business_address_reviewed_for_future_reduced_precision,30.4238549,-97.2610936,Eggs; Flowers; Herbs,Farmers Markets & Farm Stands; Farms & Ranches,512-856-0128,gardens@downhomeranch.org,internal_until_public_use_review,https://www.downhomeranch.org/,https://www.facebook.com/downhomeranch.org/,https://www.instagram.com/down_home_ranch/,,True,False,False,False,False,False,False,1,txobs_45fc0a5899a4d90f3fde,Texas Center for Local Food — Farms & Ranches,https://texaslocalfood.org/tclf-partner/down-home-ranch/,D,2026-07-15,promotion_eligible_reviewed,,Fields selected by evidence grade; all underlying observations remain separately auditable.
TX-6B74ADDD37,Keith Cattle Co.,keith cattle co,farm,unique_source_name_reviewed,TX,Lee,Lincoln,78948,"1770 CR 324 Lincoln, TX 78948",public_business_address_reviewed_for_future_reduced_precision,,,Meat,Farm-to-school vendor candidate,979-542-8199,dustinkieth@gmail.com,internal_until_public_use_review,,,,,False,False,False,False,False,True,True,1,txobs_3812ac3a4df59b8cd4a7,Texas Department of Agriculture — Farm to School vendor resource list,https://www.squaremeals.org/Portals/8/files/NSLP/LFS/LFS%20Vendor%20Resource%20List%20Updated%20Nov%202024.pdf?ver=I7PGgvoElV78S-FFin0OiQ%3D%3D,D,2026-07-15,promotion_eligible_reviewed,,Fields selected by evidence grade; all underlying observations remain separately auditable.
TX-4E59E742E9,Mena Farm,mena farm,farm,unique_source_name_reviewed,TX,Lee,Lexington,78947,1056 Private Rd 7027 Lexington TX 78947,public_business_address_reviewed_for_future_reduced_precision,,,Farm/ranch products; see current statewide profile,Farms & Ranches,(512) 368-0159 / (512) 713-6758 / (512) 619-6241,berhanewo@yahoo.com,internal_until_public_use_review,https://menafarmtx.com/about-us/,,,,False,False,False,False,False,False,False,1,txobs_5d51594faed5723177ea,Texas Center for Local Food — Farms & Ranches,https://texaslocalfood.org/tclf-partner/mena-farm/,D,2026-07-15,promotion_eligible_reviewed,,Fields selected by evidence grade; all underlying observations remain separately auditable.
TX-6771D84278,Weise Farms,weise farms,farm,merged_cross_county_identity_reviewed,TX,Lee,Giddings,78942,1337 Pr 2908,public_business_address_reviewed_for_future_reduced_precision,29.9047891,-96.8774439,Meat; Beef; Egg Noodles; Pasta; Wagyu; Wagyu Beef Csa Monthly Subscriptions; Wagyu Beef Half Calf; Wagyu Beef Sold By The Cut; Wagyu Filit Mignon; Wagyu Ground Beef; Wagyu Meat Cuts For Pick Up; Wagyu New York Strips; Wagyu Ribeyes - Farm Pick Up Or Appointment; Wagyu Tallow; Wagyu Tallow Face Cream; Wagyu Tallow Soap,Farms & Ranches; Specialty Producers; Farm-to-school vendor candidate; GO TEXAN Farm And Ranch; Product,(979) 540-7164,weisefarms@gmail.com,internal_until_public_use_review,https://www.weisefarms.com,https://www.facebook.com/weisefarms/,https://www.instagram.com/weise_farms/,https://www.tiktok.com/@weise_farms,True,False,False,False,False,True,True,3,txobs_01d86f3cffe1ade90825 | txobs_91bed2ce06c3e82da096 | txobs_53b61b73262ca9018b68,Texas Center for Local Food — Farms & Ranches | Texas Department of Agriculture — Farm to School vendor resource list | Texas Department of Agriculture — GO TEXAN Farm And Ranch,https://texaslocalfood.org/tclf-partner/weise-farms/ | https://www.squaremeals.org/Portals/8/files/NSLP/LFS/LFS%20Vendor%20Resource%20List%20Updated%20Nov%202024.pdf?ver=I7PGgvoElV78S-FFin0OiQ%3D%3D | https://bridge.texasagriculture.gov/GoTexanSearch/?resultsFormat=CommaSeparatedValues&searchType=Advanced&pageSize=2147483647&businessType=Farm+And+Ranch&pageNumber=1,B; D,2026-07-15,promotion_eligible_reviewed,,Fields selected by evidence grade; all underlying observations remain separately auditable.
TX-3CD451EF75,Yolk Street Poultry Farm,yolk street poultry farm,farm,unique_source_name_reviewed,TX,Lee,Lincoln,,,public_business_address_reviewed_for_future_reduced_precision,30.2837151,-96.9641585,Chicken; Eggs,Farms & Ranches,(512) 304-8928,yolkstreetpoultry@gmail.com,internal_until_public_use_review,,https://www.facebook.com/YolkStreetPoultry,https://www.instagram.com/yolkstreet_poultry,,False,False,False,False,False,False,False,1,txobs_65369729d022ca4fe08c,Texas Center for Local Food — Farms & Ranches,https://texaslocalfood.org/tclf-partner/yolk-street-poultry-farm/,D,2026-07-15,promotion_eligible_reviewed,,Fields selected by evidence grade; all underlying observations remain separately auditable.
TX-5E0D43692D,Huebner Berry Patch and Fruit Farm,huebner berry patch and fruit farm,farm,unique_source_name_reviewed,TX,Leon,Normangee,77871,4302 PR 4010,public_business_address_reviewed_for_future_reduced_precision,,,"Blackberries, peaches, nectarines, Muscadines, grapes,",U-pick; agritourism,903-344-1132,huebners@hcecwildblue.com,internal_until_public_use_review,https://huebnerberrypatch.com/,,,,True,False,False,False,True,False,False,1,txobs_cccf34dad9ee1b26bc5b,PickYourOwn — Dallas / Fort Worth,https://www.pickyourown.org/TXdallas.htm,D,2026-07-15,promotion_eligible_reviewed,,Fields selected by evidence grade; all underlying observations remain separately auditable.
TX-01E02B3427,BH Livestock,bh livestock,farm,unique_source_name_reviewed,TX,Liberty,Dayton,77535,348 Private Road 6059,public_business_address_reviewed_for_future_reduced_precision,,,beef; goat; eggs,LocalHarvest Family Farm,(936) 402-5120,,internal_until_public_use_review,,,,,True,False,False,False,False,False,False,1,txobs_750326b84276c85cd810,LocalHarvest — Texas county-seat gap search,https://www.localharvest.org/bh-livestock-M55164,D,2026-07-15,promotion_eligible_reviewed,,Fields selected by evidence grade; all underlying observations remain separately auditable.
TX-FF4AAD5AE8,Hoffman Farm,hoffman farm,farm,unique_source_name_reviewed,TX,Liberty,Cleveland,77327,1925 County Road 2274,public_business_address_reviewed_for_future_reduced_precision,,,"Currently specializing in free range chicken egg production. Future plans include expanding products to include poultry for meat, and meat goats. Eventually will seek organic certification for all poultry products.",LocalHarvest Family Farm,,,internal_until_public_use_review,,,,,True,False,False,False,False,False,False,1,txobs_f11d042c57a49d63f7a5,LocalHarvest — Texas county-seat gap search,https://www.localharvest.org/hoffman-farm-M57554,D,2026-07-15,promotion_eligible_reviewed,,Fields selected by evidence grade; all underlying observations remain separately auditable.
TX-5814763B1F,Brandedmeatmarket,brandedmeatmarket,farm,unique_source_name_reviewed,TX,Limestone,Kosse,76653,8671 Fm 339 S,public_business_address_reviewed_for_future_reduced_precision,,,"Branded Meat Market offers the fresh beef you need; beef that is ranch raised, provides health benefits, and allows creativity in the kitchen. You will be buying from a ranch family with generations of experience in the beef industry that will make you feel confident in buying our product. Don’t fall for the fancy labels you see in the grocery stores. Look at exactly where your meat comes from, who raised it, and what diet they were provided. STOP scrolling and go to BRANDEDMEATMARKET.COM and you won’t regret it. It’s the BRANDED GUARANTEE!",Shop Texas Farms member,,,internal_until_public_use_review,,,,,True,False,False,False,False,False,False,1,txobs_600f5d654ff4650b79c6,Shop Texas Farms — member business directory,https://shoptexasfarms.com/business-directory/entry/4m4vx/,D,2026-07-15,promotion_eligible_reviewed,,Fields selected by evidence grade; all underlying observations remain separately auditable.
TX-A472475780,Lightsey Farms,lightsey farms,farm,merged_exact_name_reviewed,TX,Limestone,Mexia,76667,2033 FM 1365,public_business_address_reviewed_for_future_reduced_precision,31.6816183,-96.4783677,"Fruit; Vegetables; Fruit, Vegetables",Farms & Ranches; Farm-to-school vendor candidate,(254) 562-6913,Lightsey@glade.net,internal_until_public_use_review,https://www.lightseyfarms.com/contact/,https://www.facebook.com/Lightsey.Farms.Mexia.TX/,https://www.instagram.com/lightseyfarms/?hl=en,,False,False,False,False,False,True,True,2,txobs_e64ec410bf331269477b | txobs_c92aeeb3f36629a7df98,Texas Center for Local Food — Farms & Ranches | Texas Department of Agriculture — Farm to School vendor resource list,https://texaslocalfood.org/tclf-partner/lightsey-farms/ | https://www.squaremeals.org/Portals/8/files/NSLP/LFS/LFS%20Vendor%20Resource%20List%20Updated%20Nov%202024.pdf?ver=I7PGgvoElV78S-FFin0OiQ%3D%3D,D,2026-07-15,promotion_eligible_reviewed,,Fields selected by evidence grade; all underlying observations remain separately auditable.
TX-01F6A1D636,Mesquite Country Beef,mesquite country beef,farm,unique_source_name_reviewed,TX,Limestone,Groesbeck,76642,444 LCR 632,public_business_address_reviewed_for_future_reduced_precision,,,Farm/ranch products; see current statewide profile,Farms & Ranches,979-799-5152,,internal_until_public_use_review,https://mesquitecountrybeef.com/store/grass-fed-beef,,,,True,False,False,False,False,False,False,1,txobs_b71c188f5752215990b8,Texas Center for Local Food — Farms & Ranches,https://texaslocalfood.org/tclf-partner/mesquite-country-beef/,D,2026-07-15,promotion_eligible_reviewed,,Fields selected by evidence grade; all underlying observations remain separately auditable.
TX-D3E4414CAA,WK Cattle Company LLC,wk cattle company,farm,unique_source_name_reviewed,TX,Limestone,Groesbeck,76642,"WK Cattle Company LLC, PO Box 496",public_business_address_reviewed_for_future_reduced_precision,,,"We are Wayne and Kerrie Goldwater. Fifth generation Texans and first-generation cattle ranchers in Limestone County, Texas. From our family to yours, we provide delicious, nutritious ranch raised Texas beef. We also sell Brangus breeding stock. We are Beef Quality Assurance (BQA) certified and it is our goal to provide our animals the best life possible while here on the ranch. Our cattle will always be ethically and humanely raised. We take pride in providing delicious, nutritious pasture raised beef. Our beef will never be given added hormones or antibiotics. They will always be on pasture and have access to forage and/or hay. Our Brangus and Brangus cross breeding stock receive the same care as the cattle in our beef program. Healthy livestock is the byproduct of healthy soil and health",Shop Texas Farms member,,,internal_until_public_use_review,,,,,True,False,False,False,False,False,False,1,txobs_f967ea63c4f3853677f7,Shop Texas Farms — member business directory,https://shoptexasfarms.com/business-directory/entry/9mqk0/,D,2026-07-15,promotion_eligible_reviewed,,Fields selected by evidence grade; all underlying observations remain separately auditable.
TX-BB3B343FA5,WK Cattle Company | Pasture Raised Beef & Chicken,wk cattle company pasture raised beef and chicken,farm,unique_source_name_reviewed,TX,Limestone,Groesbeck,76642,454 LCR 752,public_business_address_reviewed_for_future_reduced_precision,,,Dog Treats; Meat; Tallow,Farms & Ranches,254-300-8116,info@wkcattletx.com,internal_until_public_use_review,https://wkcattletx.com/store,https://www.facebook.com/wkcattletx,https://www.instagram.com/wkcattletx/,,True,False,False,False,False,False,True,1,txobs_4fa64dc8d06a2f9a19fc,Texas Center for Local Food — Farms & Ranches,https://texaslocalfood.org/tclf-partner/wk-cattle-co/,D,2026-07-15,promotion_eligible_reviewed,,Fields selected by evidence grade; all underlying observations remain separately auditable.
TX-CDC4907E9F,Back to the Garden Farm,back to the garden farm,farm,unique_source_name_reviewed,TX,Live Oak,George West,78022,1191 fm889,public_business_address_reviewed_for_future_reduced_precision,,,"We raise chickens for meat, and eggs pasture raised poultry and fresh eggs. We practice regenerative farming, rotational grazing, to be as much of a good steward as possible useing the animals on the farm to help regenerate the land. In turn providing a healthy and tasty food product.",Shop Texas Farms member,,,internal_until_public_use_review,,,,,True,False,False,False,False,False,False,1,txobs_53234e27bbaedbe387e5,Shop Texas Farms — member business directory,https://shoptexasfarms.com/business-directory/entry/jq4r3/,D,2026-07-15,promotion_eligible_reviewed,,Fields selected by evidence grade; all underlying observations remain separately auditable.
TX-755CD6094C,Murphy cattle co. BEEF,murphy cattle co beef,farm,unique_source_name_reviewed,TX,Live Oak,George West,78022,2070 highway 59,public_business_address_reviewed_for_future_reduced_precision,,,beef; gamebird,LocalHarvest Family Farm,(361) 449-6159,,internal_until_public_use_review,https://murphycattleco.com,http://www.facebook.com/murphycattle,,,True,False,False,False,False,False,False,1,txobs_ce482284fb527b919907,LocalHarvest — Texas county-seat gap search,https://www.localharvest.org/murphy-cattle-co-beef-M81821,D,2026-07-15,promotion_eligible_reviewed,,Fields selected by evidence grade; all underlying observations remain separately auditable.
TX-5A1CBAC40B,Apple Valley Orchard,apple valley orchard,farm,unique_source_name_reviewed,TX,Llano,Llano,78643,12340 South Hwy 16,public_business_address_reviewed_for_future_reduced_precision,,,"Raspberries and blackberries, honey from hives on the farm",U-pick; agritourism,325-247-3979,,internal_until_public_use_review,,https://www.facebook.com/apple.v.orchard,,,True,False,False,False,True,False,False,1,txobs_1d985611ff8cbb2a2a35,PickYourOwn — Abilene,https://www.pickyourown.org/TXabilene.htm,D,2026-07-15,promotion_eligible_reviewed,,Fields selected by evidence grade; all underlying observations remain separately auditable.
TX-DD83BE19D6,Fain's Honey,fains honey,farm,unique_source_name_reviewed,TX,Llano,Buchanan Dam,78609,14817 E TX HWY 29,public_business_address_reviewed_for_future_reduced_precision,,,Specialty Products,Farms & Ranches; Food & Ag Resource,5127932491,fainshoney2@gmail.com,internal_until_public_use_review,https://fainshoney.com/,,https://www.instagram.com/fainshoney/,,True,False,False,False,False,False,False,1,txobs_b444f767c6ad49656fcb,Texas Center for Local Food — Farms & Ranches,https://texaslocalfood.org/tclf-partner/fains-honey/,D,2026-07-15,promotion_eligible_reviewed,,Fields selected by evidence grade; all underlying observations remain separately auditable.
TX-2C26B70962,2E'S Farm,2es farm,farm,unique_source_name_reviewed,TX,Lubbock,Wolfforth,79382,,public_business_address_reviewed_for_future_reduced_precision,,,Farm/ranch products; see current statewide profile,Farms & Ranches,(806) 790-1109,2esfarms@gmail.com,internal_until_public_use_review,https://www.2esfarms.com/,https://www.facebook.com/2Esfarm/,,,True,False,False,False,False,False,False,1,txobs_23de8cae0cde90fee962,Texas Center for Local Food — Farms & Ranches,https://texaslocalfood.org/tclf-partner/2es-farm/,D,2026-07-15,promotion_eligible_reviewed,,Fields selected by evidence grade; all underlying observations remain separately auditable.
TX-B5E054581F,Ann and Weldon Warren's Holy Cow Beef,holy cow beef,farm,merged_exact_name_reviewed,TX,Lubbock,Lubbock ,79424,,public_business_address_reviewed_for_future_reduced_precision,,,Pastured livestock and/or farm products; see source profile; beef; chicken; jerky; pork; cheese; eggs,Pastured-product farm; direct sales; LocalHarvest Family Farm,(806) 805-1102,info@holycowbeef.com,internal_until_public_use_review,https://holycowbeef.com/,http://www.facebook.com/holycowbeef,https://instagram.com/holycowbeef,,True,False,False,False,False,False,False,2,txobs_175f6afd2939cea01115 | txobs_2009b339a0bcdfd53011,EatWild Texas directory | LocalHarvest — Texas county-seat gap search,https://www.eatwild.com/products/texas.html | https://www.localharvest.org/holy-cow-beef-M86326,D,2026-07-15,promotion_eligible_reviewed,,Fields selected by evidence grade; all underlying observations remain separately auditable.
TX-6276A08DC9,Children'S Home Of Lubbock And Family Services Age,childrens home of lubbock and family services age,farm,unique_source_name_reviewed,TX,Lubbock,Lubbock,79342,4404 Idalou Rd.,public_business_address_reviewed_for_future_reduced_precision,,,Pecans,GO TEXAN Farm And Ranch; Product,(806) 441-1707,,internal_until_public_use_review,https://childshome.org,,,,True,False,False,False,False,False,False,1,txobs_37531139c3e019d8c372,Texas Department of Agriculture — GO TEXAN Farm And Ranch,https://bridge.texasagriculture.gov/GoTexanSearch/?resultsFormat=CommaSeparatedValues&searchType=Advanced&pageSize=2147483647&businessType=Farm+And+Ranch&pageNumber=1,B,2026-07-15,promotion_eligible_reviewed,,Fields selected by evidence grade; all underlying observations remain separately auditable.
TX-DD98D25CD9,Dave's Seeds and Plants,daves seeds and plants,farm,unique_source_name_reviewed,TX,Lubbock,Lubbock,79413,6405 Peoria Ave.,public_business_address_reviewed_for_future_reduced_precision,,,beets; broccoli; carrots; chinese greens; collards; sweet corn; cucumber; eggplant; green beans; green onions; hot peppers; lettuce; okra; onions; peas; radishes; spinach; summer squash; sweet peppers; tomatillos; tomatoes; turnips; winter-squash; zucchini; rhubarb; seeds,LocalHarvest Family Farm,(806) 789-5789,,internal_until_public_use_review,https://theseedking.ecrater.com,,,,True,False,False,False,False,False,False,1,txobs_1d838b46e6cd28b94d62,LocalHarvest — Texas county-seat gap search,https://www.localharvest.org/daves-seeds-and-plants-M33574,D,2026-07-15,promotion_eligible_reviewed,,Fields selected by evidence grade; all underlying observations remain separately auditable.
TX-ADD8610683,Elle Farms,elle farms,farm,unique_source_name_reviewed,TX,Lubbock,Lubbock,79424,5717 86th Street,public_business_address_reviewed_for_future_reduced_precision,,,beets; broccoli; cabbage; carrots; cauliflower; sweet corn; cucumber; dry beans; eggplant; green beans; green onions; hot peppers; kale; kohlrabi; lettuce; okra; onions; pumpkins; radishes; salad greens; salad mix; spinach; summer squash; sweet peppers; swiss chard; tomatillos; tomatoes; turnips; winter-squash; zucchini; fresh flowers,LocalHarvest Family Farm,(806) 317-0770,,internal_until_public_use_review,https://www.ellefarms.com,,,,True,False,False,False,False,False,False,1,txobs_bf8c63ea51a2a3f5dab7,LocalHarvest — Texas county-seat gap search,https://www.localharvest.org/elle-farms-M49721,D,2026-07-15,promotion_eligible_reviewed,,Fields selected by evidence grade; all underlying observations remain separately auditable.
TX-6772E0B097,"Forrest Ranch Beef, LLC",forrest ranch beef,farm,unique_source_name_reviewed,TX,Lubbock,Lubbock,79423,3212 Woodrow Rd,public_business_address_reviewed_for_future_reduced_precision,,,Meat,Farms & Ranches,8065493576,amber@forrestranchbeef.com,internal_until_public_use_review,https://www.forrestranchbeef.com,https://www.facebook.com/forrestranchbeef,https://www.instagram.com/forrestranchbeef,,True,False,False,False,False,False,True,1,txobs_e755fea00484146ff98b,Texas Center for Local Food — Farms & Ranches,https://texaslocalfood.org/tclf-partner/forrest-ranch-beef-llc/,D,2026-07-15,promotion_eligible_reviewed,,Fields selected by evidence grade; all underlying observations remain separately auditable.
TX-1C7DFA763A,Gilt-T-Pleasure Farms,gilt t pleasure farms,farm,unique_source_name_reviewed,TX,Lubbock,Lubbock,79415,"11110 N Fm 2528, B",public_business_address_reviewed_for_future_reduced_precision,,,"Local family farm raising amazing pastured proteins for you and our community! We raise pastured pork, lamb, and goat!",Shop Texas Farms member,,,internal_until_public_use_review,,,,,True,False,False,False,False,False,False,1,txobs_3fa36857f3bb1a7756aa,Shop Texas Farms — member business directory,https://shoptexasfarms.com/business-directory/entry/54bq7/,D,2026-07-15,promotion_eligible_reviewed,,Fields selected by evidence grade; all underlying observations remain separately auditable.
TX-7530DCA910,LBK,lbk,producer_requires_type_review,unique_source_name_reviewed,TX,Lubbock,Lubbock,,4608 18th,public_business_address_reviewed_for_future_reduced_precision,,,"Fruits, Vegetables",Farm-to-school vendor candidate,+1 (713) 385-5811,info@lbkgrown.com,internal_until_public_use_review,https://lbkgrown.localfoodmarketplace.com/,,,,False,False,False,False,False,True,True,1,txobs_d9341510eba972937f56,Texas Department of Agriculture — Farm to School vendor resource list,https://www.squaremeals.org/Portals/8/files/NSLP/LFS/LFS%20Vendor%20Resource%20List%20Updated%20Nov%202024.pdf?ver=I7PGgvoElV78S-FFin0OiQ%3D%3D,E,2026-07-15,research_or_qa_queue,single grade-E discovery listing needs corroboration; member/vendor directory candidate needs independent farm-operation evidence,Fields selected by evidence grade; all underlying observations remain separately auditable.
TX-9976BD9BEC,South Plains Food Bank GRUB Farm,south plains food bank grub farm,farm,unique_source_name_reviewed,TX,Lubbock,Lubbock,79404,304 76th St.,public_business_address_reviewed_for_future_reduced_precision,,,soap; artichokes; asparagus; beets; broccoli; cabbage; carrots; chinese greens; collards; garlic; green onions; kale; lettuce; mustard greens; onions; peas; radishes; salad greens; salad mix; spinach; swiss chard; turnips; apricots; blackberries; strawberries; sweet corn; cucumber; eggplant; green beans; hot peppers; okra; summer squash; sweet peppers; tomatoes; zucchini; cantaloupes; peaches; pears; plums; raspberries; watermelons; fresh flowers; potatoes; pumpkins; sweet potatoes; winter-squash; apples; gourds; luffa,LocalHarvest Family Farm,(806) 763-3003,,internal_until_public_use_review,https://www.spfb.org,,,,True,False,False,False,False,False,False,1,txobs_26ea94a6d78e3ec7f9c2,LocalHarvest — Texas county-seat gap search,https://www.localharvest.org/south-plains-food-bank-grub-farm-M14333,D,2026-07-15,promotion_eligible_reviewed,,Fields selected by evidence grade; all underlying observations remain separately auditable.
TX-D876E632D3,Strawn Pecans,strawn pecans,farm,unique_source_name_reviewed,TX,Lubbock,Lubbock,,,public_business_address_reviewed_for_future_reduced_precision,,,pecans,LocalHarvest Family Farm,,,internal_until_public_use_review,,,,,True,False,False,False,False,False,False,1,txobs_bfd7345e19b941baaa9e,LocalHarvest — Texas county-seat gap search,https://www.localharvest.org/strawn-pecans-M70588,D,2026-07-15,promotion_eligible_reviewed,,Fields selected by evidence grade; all underlying observations remain separately auditable.
TX-22678D6B35,Sunburst Farms Market,sunburst farms market,farm,unique_source_name_reviewed,TX,Lubbock,Lubbock,79404,East 88th and MLK Blvd,public_business_address_reviewed_for_future_reduced_precision,,,sweet corn; cucumber; eggplant; garlic; green beans; hot peppers; okra; onions; peas; potatoes; summer squash; sweet peppers; tomatoes; winter-squash; zucchini; apricots; blackberries; blueberries; cantaloupes; peaches; plums; watermelons; eggs; pecans; baked goods; honey; pickles; preserves; beets; cabbage; collards; pumpkins; radishes; spinach; sweet potatoes; turnips; gourds,LocalHarvest Family Farm,(806) 445-0212,,internal_until_public_use_review,,,,,True,False,False,False,False,False,False,1,txobs_ec2a9b4d5203760b32a6,LocalHarvest — Texas county-seat gap search,https://www.localharvest.org/sunburst-farms-market-M17500,D,2026-07-15,promotion_eligible_reviewed,,Fields selected by evidence grade; all underlying observations remain separately auditable.
TX-ADDA9BBCB1,The Orchard,the orchard,farm,official_source_current_farm_operation,TX,Lubbock,Idalou,79329,"12206 E Highway 62, Idalou, TX 79329",public_business_address_reviewed_for_future_reduced_precision,,,"Apples; peaches; grapes; cider; jams; fresh fruit",Farm; orchard; farm store; u-pick; agritourism,806-892-2961,crawfordorchards@outlook.com,internal_until_public_use_review,,https://www.facebook.com/TheOrchardTexas/,,,True,False,True,False,True,False,False,1,txobs_f89ac6463dfa4852c9f7,PickYourOwn — Lubbock,https://www.pickyourown.org/TXlubbock.htm; https://local.yahoo.com/info-19468994-the-orchard-idalou/,D;E,2026-07-16,promotion_eligible_reviewed,,"Current local business evidence shows The Orchard open in Idalou with fresh fruit, orchard products, and a published 2025 customer visit; the prior closure flag was an absence-based assumption."
TX-9983265158,Top of Texas Farms - Idalou Harvest Company,top of texas farms idalou harvest company,farm,unique_source_name_reviewed,TX,Lubbock,Idalou,,12206 US-62,public_business_address_reviewed_for_future_reduced_precision,,,Farm/ranch products; see current statewide profile,Farms & Ranches,(806) 801-0133,,internal_until_public_use_review,https://idalouharvest.com/,https://www.facebook.com/p/Idalou-Harvest-Company-100063309100135/,,,False,False,False,False,False,False,False,1,txobs_a362492591b4e91b0af9,Texas Center for Local Food — Farms & Ranches,https://texaslocalfood.org/tclf-partner/top-of-texas-farms-idalou-harvest-company/,D,2026-07-15,promotion_eligible_reviewed,,Fields selected by evidence grade; all underlying observations remain separately auditable.
TX-6F8B45F1B2,Top Texas Farms,top texas farms,farm,unique_source_name_reviewed,TX,Lubbock,Idalou,79329,"12206 East Hwy 62 Idalou TX, 79329",public_business_address_reviewed_for_future_reduced_precision,,,Fruit,Farm-to-school vendor candidate,+1 (806) 620-7230,crawfordorchards@outlook.com,internal_until_public_use_review,https://www.theorchardtexas.com/,,,,False,False,False,False,False,True,True,1,txobs_854009842580cd9fbfe2,Texas Department of Agriculture — Farm to School vendor resource list,https://www.squaremeals.org/Portals/8/files/NSLP/LFS/LFS%20Vendor%20Resource%20List%20Updated%20Nov%202024.pdf?ver=I7PGgvoElV78S-FFin0OiQ%3D%3D,D,2026-07-15,promotion_eligible_reviewed,,Fields selected by evidence grade; all underlying observations remain separately auditable.
TX-630340A66F,Wolf Creek Farms,wolf creek farms,farm,unique_source_name_reviewed,TX,Lubbock,Lubbock,79407,5301 County Road 1260,public_business_address_reviewed_for_future_reduced_precision,,,lettuce; salad mix; medicinal herbs; arugula; garlic; green beans; hot peppers; peas; spinach; tomatoes; zucchini; cucumber; summer squash; sweet peppers; cantaloupes; figs; grapes; onions; pumpkins,LocalHarvest Family Farm,(806) 853-7901,,internal_until_public_use_review,https://wolfcreekfarmsonline.com,,,,True,False,False,False,False,False,False,1,txobs_ca1504ed8475444d4c09,LocalHarvest — Texas county-seat gap search,https://www.localharvest.org/wolf-creek-farms-M41409,D,2026-07-15,promotion_eligible_reviewed,,Fields selected by evidence grade; all underlying observations remain separately auditable.
TX-9BB030C9F7,J & K Plants & Things Greenhouse & Farm,j and k plants and things greenhouse and farm,farm,unique_source_name_reviewed,TX,Marion,Diana,75640,264 Woody Camp Road,public_business_address_reviewed_for_future_reduced_precision,,,We are a small family farm that grows nothing but heirloom plants. We sell these over the internet. We try our best to show people that growing heirloom is the best way to have a garden year after year.,LocalHarvest Family Farm,(903) 740-3670,,internal_until_public_use_review,,,,,True,False,False,False,False,False,False,1,txobs_2de9ffb79a59a6f5be58,LocalHarvest — Texas county-seat gap search,https://www.localharvest.org/j-k-plants-things-greenhouse-farm-M54390,D,2026-07-15,promotion_eligible_reviewed,,Fields selected by evidence grade; all underlying observations remain separately auditable.
TX-211BF3C335,McCurry Produce and Farm,mccurry produce and farm,farm,unique_source_name_reviewed,TX,Marion,Jefferson,75657,"1929 FM 2208, Jefferson TX 75657",public_business_address_reviewed_for_future_reduced_precision,,,"Fruits, Vegetables",Farm-to-school vendor candidate,+1 (903) 738-3066,Mccurryproduce903@yahoo.com,internal_until_public_use_review,,,,,False,False,False,False,False,True,True,1,txobs_f9c7f62c592abce06379,Texas Department of Agriculture — Farm to School vendor resource list,https://www.squaremeals.org/Portals/8/files/NSLP/LFS/LFS%20Vendor%20Resource%20List%20Updated%20Nov%202024.pdf?ver=I7PGgvoElV78S-FFin0OiQ%3D%3D,D,2026-07-15,promotion_eligible_reviewed,,Fields selected by evidence grade; all underlying observations remain separately auditable.
TX-17BC5EC749,Shady Grove Ranch,shady grove ranch,farm,unique_source_name_reviewed,TX,Marion,Jefferson,,,public_business_address_reviewed_for_future_reduced_precision,,,"beef; chicken; pork; eggs; turkey; Delaware Chicken; Rhode Island Red Chicken, ""Old-Type""",LocalHarvest Family Farm,(903) 665-7076,,internal_until_public_use_review,https://www.shadygroveranch.net,http://www.facebook.com/shadygroveranch,,,True,False,False,False,False,False,False,1,txobs_3b25448ccea143285e29,LocalHarvest — Texas county-seat gap search,https://www.localharvest.org/shady-grove-ranch-M42722,D,2026-07-15,promotion_eligible_reviewed,,Fields selected by evidence grade; all underlying observations remain separately auditable.
TX-270284BF93,Bar 7h Meat Co.,bar 7h meat co,farm,unique_source_name_reviewed,TX,Martin,Stanton,79782,1991 County Rd C3001,public_business_address_reviewed_for_future_reduced_precision,,,Beef; chicken; pork.,GO TEXAN Farm And Ranch; Product; Associate,(432) 530-9676,,internal_until_public_use_review,,,,,True,False,False,False,False,False,False,1,txobs_2c21a23ee0206e6b20c1,Texas Department of Agriculture — GO TEXAN Farm And Ranch,https://bridge.texasagriculture.gov/GoTexanSearch/?resultsFormat=CommaSeparatedValues&searchType=Advanced&pageSize=2147483647&businessType=Farm+And+Ranch&pageNumber=1,B,2026-07-15,promotion_eligible_reviewed,,Fields selected by evidence grade; all underlying observations remain separately auditable.
TX-AEA91D4DF2,Flying Y Farms,flying y farms,farm,unique_source_name_reviewed,TX,Martin,Tarzan,79783,3456 FM 1212,public_business_address_reviewed_for_future_reduced_precision,,,carrots; kale; lettuce; mustard greens; winter-squash; eggs; pecans; baked goods; cucumber; eggplant; hot peppers; okra; onions; potatoes; salad greens; spinach; summer squash; zucchini; pumpkins,LocalHarvest Family Farm,(806) 789-4177,,internal_until_public_use_review,https://www.flyingyfarms.com,http://www.facebook.com/FlyingYFarms,,,True,False,False,False,False,False,False,1,txobs_8bef205f472dad982ba7,LocalHarvest — Texas county-seat gap search,https://www.localharvest.org/flying-y-farms-M64004,D,2026-07-15,promotion_eligible_reviewed,,Fields selected by evidence grade; all underlying observations remain separately auditable.
TX-BB091C63CB,Brangus Best Beef,brangus best beef,farm,unique_source_name_reviewed,TX,Mason,Pontotoc,76869,,public_business_address_reviewed_for_future_reduced_precision,30.9093387,-98.9800477,Bone Broth; Broth Bones; Eggs; Meat; Specialty Products; Tallow,Farms & Ranches,2546813306,laura@brangusbest.com,internal_until_public_use_review,https://www.brangusbest.com,,,,True,False,False,False,False,False,False,1,txobs_b942c476566b3492cfdd,Texas Center for Local Food — Farms & Ranches,https://texaslocalfood.org/tclf-partner/brangus-best-beef/,D,2026-07-15,promotion_eligible_reviewed,,Fields selected by evidence grade; all underlying observations remain separately auditable.
TX-7D30259BE3,Dizzyland Drinks,dizzyland drinks,farm,unique_source_name_reviewed,TX,Mason,Mason,76856,133 W Ranch Road 1222,public_business_address_reviewed_for_future_reduced_precision,,,Jalapeno Simple Syrup; Prickly Pear Simple Syrup,GO TEXAN Farm And Ranch; Product,(325) 248-1920,,internal_until_public_use_review,https://www.dizzylanddrinks.com,,,,True,False,False,False,False,False,False,1,txobs_51ecc1a94300c6ce0308,Texas Department of Agriculture — GO TEXAN Farm And Ranch,https://bridge.texasagriculture.gov/GoTexanSearch/?resultsFormat=CommaSeparatedValues&searchType=Advanced&pageSize=2147483647&businessType=Farm+And+Ranch&pageNumber=1,B,2026-07-15,promotion_eligible_reviewed,,Fields selected by evidence grade; all underlying observations remain separately auditable.
TX-3E90D400C4,Sonlight Orchard,sonlight orchard,farm,unique_source_name_reviewed,TX,Mason,Mason,76856,605 Austin Street,public_business_address_reviewed_for_future_reduced_precision,,,pecans,U-pick; agritourism,210-377-3311,,internal_until_public_use_review,,,,,True,False,False,False,True,False,False,1,txobs_0a1b0eb5d08bd00895ff,PickYourOwn — Abilene,https://www.pickyourown.org/TXabilene.htm,E,2026-07-15,research_or_qa_queue,single grade-E discovery listing needs corroboration,Fields selected by evidence grade; all underlying observations remain separately auditable.
TX-4B8D6F5763,HG Rice Mill,hg rice mill,farm,integrated_farm_and_processor_corroborated,TX,Matagorda,Markham,77456,"1116 FM 2431, Markham, TX 77456",public_business_address_reviewed_for_future_reduced_precision,,,Rice; rice products,Family rice farm; rice mill; direct-to-consumer; wholesale,+1 (979) 479-7857,debbiehgricemill@gmail.com,internal_until_public_use_review,https://hgricemill.com/,,,,False,False,True,False,False,True,False,1,txobs_b34aa95dbe396bc5b982,Texas Department of Agriculture — Farm to School vendor resource list,https://www.squaremeals.org/Portals/8/files/NSLP/LFS/LFS%20Vendor%20Resource%20List%20Updated%20Nov%202024.pdf?ver=I7PGgvoElV78S-FFin0OiQ%3D%3D; https://hgricemill.com/contact-us,A;E,2026-07-16,promotion_eligible_reviewed,,Current official and independent evidence identify HG Rice Mill as a Markham family rice farm and mill producing and selling locally grown Texas rice.
TX-489BD57A65,Moonbow Farms,moonbow farms,farm,merged_exact_name_reviewed,TX,Matagorda,Bay City ,77414,57 County Road 109,public_business_address_reviewed_for_future_reduced_precision,,,"Cherokee Trail of Tears Bean; Jacob's Cattle Bean; Amish Deer Tongue Lettuce; Cherokee Purple Tomato; German Pink Tomato; Jimmy Nardello's Sweet Italian Frying pepper; Orange Oxheart Tomato; MoonBow Farms is a naturally grown produce farm in Bay City, Texas. We offer a Community Supported Agriculture Program and outside sales to restaurants and local farmers markets. We are a sustainable farm and believe in the holistic attributes of sustainability. It is within ourselves we must first seek change to see the change that we desire. We welcome you to contact us with any questions and would like to offer you a chance to partner with us in creating a sustainable food chain for Bay City, Texas and the surrounding areas.",LocalHarvest Family Farm,(979) 476-1780,,internal_until_public_use_review,https://www.moonbowfarm.com,http://www.facebook.com/moonbowfarms,,,True,False,False,False,False,False,False,2,txobs_e1065666914634f31a69 | txobs_161e0dae6ee7470fa525,LocalHarvest — Texas county-seat gap search,https://www.localharvest.org/moonbow-farms-M68003 | https://www.localharvest.org/moonbow-farms-M68155,D,2026-07-15,promotion_eligible_reviewed,,Fields selected by evidence grade; all underlying observations remain separately auditable.
TX-5E61E54C99,Weyrich Farm Organic Pecans,weyrich farm organic pecans,farm,unique_source_name_reviewed,TX,Maverick,Eagle Pass,78852,HC 2 Box 578,public_business_address_reviewed_for_future_reduced_precision,,,spinach; tomatoes; pecans; zucchini,LocalHarvest Family Farm,(877) 898-0991,,internal_until_public_use_review,https://www.wforganicpecans.com,,,,True,False,False,False,False,False,False,1,txobs_00194c1e74c1c8a49038,LocalHarvest — Texas county-seat gap search,https://www.localharvest.org/weyrich-farm-organic-pecans-M9875,D,2026-07-15,promotion_eligible_reviewed,,Fields selected by evidence grade; all underlying observations remain separately auditable.
TX-74758DC7A5,Opa's Farm,opas farm,farm,unique_source_name_reviewed,TX,McCulloch,Brady,,,public_business_address_reviewed_for_future_reduced_precision,,,cucumber; eggplant; green beans; hot peppers; okra; onions; pumpkins; summer squash; sweet peppers; tomatoes; fresh flowers; winter-squash,LocalHarvest Family Farm,(325) 597-3106,,internal_until_public_use_review,,,,,True,False,False,False,False,False,False,1,txobs_2c3766d2fc374a2157e5,LocalHarvest — Texas county-seat gap search,https://www.localharvest.org/opas-farm-M28885,D,2026-07-15,promotion_eligible_reviewed,,Fields selected by evidence grade; all underlying observations remain separately auditable.
TX-57882DEC07,Sunrise W Land & Cattle,sunrise w land and cattle,farm,unique_source_name_reviewed,TX,McCulloch,Rochelle,76872,4657 Farm to Market Road 1028,public_business_address_reviewed_for_future_reduced_precision,,,Eggs; Meat,Farms & Ranches,2103835883,jim@sunrisew.com,internal_until_public_use_review,https://www.sunrisew.com,https://www.facebook.com/SRWLC,https://www.instagram.com/srw_lc/,https://www.tiktok.com/@srw_lc,True,False,False,False,False,False,True,1,txobs_2251040c7c7b847341a4,Texas Center for Local Food — Farms & Ranches,https://texaslocalfood.org/tclf-partner/sunrise-w-land-cattle/,D,2026-07-15,promotion_eligible_reviewed,,Fields selected by evidence grade; all underlying observations remain separately auditable.
TX-F6157815D2,Wildwood Farm,wildwood farm,farm,unique_source_name_reviewed,TX,McCulloch,Brady,76825,91 Pvt Rd. 878,public_business_address_reviewed_for_future_reduced_precision,,,eggs; seeds; medicinal herbs; green onions; blackberries; grapes; garlic,LocalHarvest Family Farm,(325) 456-2773,,internal_until_public_use_review,,http://www.facebook.com/JerryBarker,,,True,False,False,False,False,False,False,1,txobs_585f6574ccd438bbbc3e,LocalHarvest — Texas county-seat gap search,https://www.localharvest.org/wildwood-farm-M66418,D,2026-07-15,promotion_eligible_reviewed,,Fields selected by evidence grade; all underlying observations remain separately auditable.
TX-9A99593D78,Punkin Center Berry Farm,punkin center berry farm,farm,unique_source_name_reviewed,TX,McLennan,Oglesby,76561,1785 Waldo Road,public_business_address_reviewed_for_future_reduced_precision,,,"Minimizes chemical and pesticide use , blackberries, grapes, U-pick and already picked",U-pick; agritourism,254-580-8096,scott@punkincenterberryfarm.com,internal_until_public_use_review,,https://www.facebook.com/people/Punkin-Center-Berry-Farm/61557575310230/,,,True,False,False,False,True,False,False,1,txobs_8e42479d71c177edd9aa,PickYourOwn — Austin,https://www.pickyourown.org/TXaustin.htm,D,2026-07-15,promotion_eligible_reviewed,,Fields selected by evidence grade; all underlying observations remain separately auditable.
TX-65A7EDF191,Southern 76 Cattle Co,southern 76 cattle co,farm,unique_source_name_reviewed,TX,McLennan,Moody,76557,"P.O. Box 221, Moody TX 76557",public_business_address_reviewed_for_future_reduced_precision,,,Meat,Farm-to-school vendor candidate,+1 (254) 394-0060,Southern76BeefCo@hotmail.com,internal_until_public_use_review,,,,,False,False,False,False,False,True,True,1,txobs_4ba1c0edc2fe00823b7a,Texas Department of Agriculture — Farm to School vendor resource list,https://www.squaremeals.org/Portals/8/files/NSLP/LFS/LFS%20Vendor%20Resource%20List%20Updated%20Nov%202024.pdf?ver=I7PGgvoElV78S-FFin0OiQ%3D%3D,D,2026-07-15,promotion_eligible_reviewed,,Fields selected by evidence grade; all underlying observations remain separately auditable.
TX-3071C83E75,Swinging B Ranch,swinging b ranch,farm,unique_source_name_reviewed,TX,McLennan,Axtell,76624,1652 Kirkland Hill Rd,public_business_address_reviewed_for_future_reduced_precision,,,Cattle,GO TEXAN Farm And Ranch; Product,(256) 644-1957,,internal_until_public_use_review,https://www.swingingbranch.com,,,,True,False,False,False,False,False,False,1,txobs_fa90999363db5425b5fa,Texas Department of Agriculture — GO TEXAN Farm And Ranch,https://bridge.texasagriculture.gov/GoTexanSearch/?resultsFormat=CommaSeparatedValues&searchType=Advanced&pageSize=2147483647&businessType=Farm+And+Ranch&pageNumber=1,B,2026-07-15,promotion_eligible_reviewed,,Fields selected by evidence grade; all underlying observations remain separately auditable.
TX-1D3095DE74,Western Belle Farm,western belle farm,farm,unique_source_name_reviewed,TX,McLennan,West,76691,7929 Heritage Parkway,public_business_address_reviewed_for_future_reduced_precision,,,"carving pumpkins, sunflowers, U-pick and already picked, farm market, concessions or refreshment stand, porta-potties, picnic area, jumping pillow, ziplines, trike track, farm animals, birthday parties, school tours, group reservations",U-pick; agritourism,(254) 447-7422,Info@WesternBelleFarm.com,internal_until_public_use_review,https://www.WesternBelleFarm.com,https://www.facebook.com/westernbellefarm,,,True,False,False,False,True,False,False,1,txobs_bb0261e342424b0b140f,PickYourOwn — Austin,https://www.pickyourown.org/TXaustin.htm,D,2026-07-15,promotion_eligible_reviewed,,Fields selected by evidence grade; all underlying observations remain separately auditable.
TX-F457BB6866,World Hunger Relief,world hunger relief,farm,unique_source_name_reviewed,TX,McLennan,Waco,76705,"356 Spring Lake Road, Waco, TX, USA",public_business_address_reviewed_for_future_reduced_precision,,,Vegetables,Farmers Markets & Farm Stands; Farms & Ranches; Food & Ag Resource,2547995611,info@worldhungerrelief.org,internal_until_public_use_review,https://www.worldhungerrelief.org,,,,False,False,False,False,False,False,True,1,txobs_15bc728bbe57e48940d8,Texas Center for Local Food — Farms & Ranches,https://texaslocalfood.org/tclf-partner/world-hunger-relief/,D,2026-07-15,promotion_eligible_reviewed,,Fields selected by evidence grade; all underlying observations remain separately auditable.
TX-2501BF7F28,Bandera Grassland,bandera grassland,farm,merged_cross_county_identity_reviewed,TX,Medina,Tarpley ,78883,,public_business_address_reviewed_for_future_reduced_precision,,,Pastured livestock and/or farm products; see source profile; beef,Pastured-product farm; direct sales; LocalHarvest Family Farm,(830) 562-3650,beef@banderagrassland.com,internal_until_public_use_review,https://www.banderagrassland.com/,,,,True,False,False,False,False,False,False,2,txobs_d109ebfdc34c05f877e0 | txobs_8fe16633a229c3f18b4c,EatWild Texas directory | LocalHarvest — Texas county-seat gap search,https://www.eatwild.com/products/texas.html | https://www.localharvest.org/bandera-grassland-M11282,D,2026-07-15,promotion_eligible_reviewed,,Fields selected by evidence grade; all underlying observations remain separately auditable.
TX-0D73434448,Clean Harvest Farms,clean harvest farms,farm,unique_source_name_reviewed,TX,Medina,Devine,78016,2045 TX Hwy 173 S,public_business_address_reviewed_for_future_reduced_precision,,,Vegetables,Farms & Ranches,2102596999,cleanharvestfarms@gmail.com,internal_until_public_use_review,http://www.cleanharvestfarms.com,https://www.facebook.com/cleanharvestfarms,,,False,False,False,False,False,False,True,1,txobs_5954091946c03b899e6f,Texas Center for Local Food — Farms & Ranches,https://texaslocalfood.org/tclf-partner/clean-harvest-farms/,D,2026-07-15,promotion_eligible_reviewed,,Fields selected by evidence grade; all underlying observations remain separately auditable.
TX-385FA23FF0,Grassfield Farm,grassfield farm,farm,unique_source_name_reviewed,TX,Medina,Hondo,78861,1208 17th Street,public_business_address_reviewed_for_future_reduced_precision,,,beef; pork; veal; eggs; zucchini; cucumber; okra,LocalHarvest Family Farm,(830) 741-2180,,internal_until_public_use_review,https://grassfieldfarm.com,http://www.facebook.com/grassfieldfarms,https://instagram.com/GrassfieldFarm,,True,False,False,False,False,False,False,1,txobs_7229ff311d32dc2fe60d,LocalHarvest — Texas county-seat gap search,https://www.localharvest.org/grassfield-farm-M61398,D,2026-07-15,promotion_eligible_reviewed,,Fields selected by evidence grade; all underlying observations remain separately auditable.
TX-997319E6FB,J&B Farms,j and b farms,farm,unique_source_name_reviewed,TX,Medina,Hondo,,1310 SHADY LANE,public_business_address_reviewed_for_future_reduced_precision,,,"Fruits, Vegetables",Farm-to-school vendor candidate,+1 (210) 215-3679,accounting@farmtotabletx.com,internal_until_public_use_review,,,,,False,False,False,False,False,True,True,1,txobs_429915cf40838731aa9e,Texas Department of Agriculture — Farm to School vendor resource list,https://www.squaremeals.org/Portals/8/files/NSLP/LFS/LFS%20Vendor%20Resource%20List%20Updated%20Nov%202024.pdf?ver=I7PGgvoElV78S-FFin0OiQ%3D%3D,D,2026-07-15,promotion_eligible_reviewed,,Fields selected by evidence grade; all underlying observations remain separately auditable.
TX-59E4777CC7,Kandace Ehlinger,kandace ehlinger,farm,unique_source_name_reviewed,TX,Medina,Devine,,,public_business_address_reviewed_for_future_reduced_precision,,,beef,LocalHarvest Family Farm,(830) 538-8021,,internal_until_public_use_review,https://beulahlandacres.com,,,,True,False,False,False,False,False,False,1,txobs_a658a977f725cf2a74bf,LocalHarvest — Texas county-seat gap search,https://www.localharvest.org/kandace-ehlinger-M76804,D,2026-07-15,promotion_eligible_reviewed,,Fields selected by evidence grade; all underlying observations remain separately auditable.
TX-69ED6A6189,"Koch Ranches, Inc.",koch ranches,farm,unique_source_name_reviewed,TX,Medina,Yancey,78886,P.O. Box 38,public_business_address_reviewed_for_future_reduced_precision,,,beef; Heritage Texas Longhorn,LocalHarvest Family Farm,(210) 704-8508,,internal_until_public_use_review,https://kochranches.net,http://www.facebook.com/Koch-Ranches-Inc-196881400357523,,,True,False,False,False,False,False,False,1,txobs_ff75b2d5c385c844f223,LocalHarvest — Texas county-seat gap search,https://www.localharvest.org/koch-ranches-inc--M44947,D,2026-07-15,promotion_eligible_reviewed,,Fields selected by evidence grade; all underlying observations remain separately auditable.
TX-583907372E,Miller Farms,miller farms,farm,unique_source_name_reviewed,TX,Medina,Lacoste,78039,12730 Fm 471 South,public_business_address_reviewed_for_future_reduced_precision,,,raw milk,LocalHarvest Family Farm,(210) 508-1733,,internal_until_public_use_review,,,,,True,False,False,False,False,False,False,1,txobs_1fd8232eec6c11756703,LocalHarvest — Texas county-seat gap search,https://www.localharvest.org/miller-farms-M32943,D,2026-07-15,promotion_eligible_reviewed,,Fields selected by evidence grade; all underlying observations remain separately auditable.
TX-599F993DB9,Parker Creek Ranch,parker creek ranch,farm,unique_source_name_reviewed,TX,Medina,D'Hanis,78850,2956 FM 2200 South,public_business_address_reviewed_for_future_reduced_precision,,,beef; chicken; pork; rabbit; eggs; garlic; apricots; asian-pears; figs; peaches; plums; turkey,LocalHarvest Family Farm,(830) 426-9232,,internal_until_public_use_review,https://parkercreekranch.com,http://www.facebook.com/pages/Parker-Creek-Ranch/206719526050028,,,True,False,False,False,False,False,False,1,txobs_c302ab1553c99dcfac85,LocalHarvest — Texas county-seat gap search,https://www.localharvest.org/parker-creek-ranch-M40782,D,2026-07-15,promotion_eligible_reviewed,,Fields selected by evidence grade; all underlying observations remain separately auditable.
TX-C5AAD79C60,Smart Growth Farms,smart growth farms,farm,unique_source_name_reviewed,TX,Medina,Devine,78016,1106 n Windy knoll Dr,public_business_address_reviewed_for_future_reduced_precision,,,"Pasture raised, soy free, non-GMO fed pork and grass fed lamb.",Shop Texas Farms member,,,internal_until_public_use_review,https://smartgrowthfarm.com,http://www.facebook.com/sgftx,,,True,False,False,False,False,False,False,1,txobs_752b705c808416d4ccc4,Shop Texas Farms — member business directory,https://shoptexasfarms.com/business-directory/entry/q1ne6/,D,2026-07-15,promotion_eligible_reviewed,,Fields selected by evidence grade; all underlying observations remain separately auditable.
TX-9FD7F53A49,Smith Pastures,smith pastures,farm,unique_source_name_reviewed,TX,Medina,Devine,78016,413 Malone,public_business_address_reviewed_for_future_reduced_precision,,,"Pasture raised poultry serving the greater San Antonio area. Our birds are raised outside on grass and offered soy-free, non-gmo feed. We process and package everything on-farm and chamber seal for lasting protection.",Shop Texas Farms member,,,internal_until_public_use_review,,,,,True,False,False,False,False,False,False,1,txobs_0686bd1dab5e843e1fa4,Shop Texas Farms — member business directory,https://shoptexasfarms.com/business-directory/entry/xk799/,D,2026-07-15,promotion_eligible_reviewed,,Fields selected by evidence grade; all underlying observations remain separately auditable.
TX-2C2EDE2948,South Texas MAiZE,south texas maize,farm,unique_source_name_reviewed,TX,Medina,Hondo,78861,911 US Highway 90 East,public_business_address_reviewed_for_future_reduced_precision,,,"flowers, pumpkins, gift shop, snacks and refreshment stand, restrooms, picnic area, petting zoo, birthday parties, school tours",U-pick; agritourism,830-741-3968,info@southtexasmaize.com,internal_until_public_use_review,https://www.southtexasmaize.com,,,,True,False,False,False,True,False,False,1,txobs_b2c08bbc244dc1a80b6b,PickYourOwn — San Antonio,https://www.pickyourown.org/TXsanantonio.htm,D,2026-07-15,promotion_eligible_reviewed,,Fields selected by evidence grade; all underlying observations remain separately auditable.
TX-DA325CE3EF,Twin Lions Farm,twin lions farm,farm,unique_source_name_reviewed,TX,Medina,Hondo,78861,,public_business_address_reviewed_for_future_reduced_precision,29.3474121,-99.1412026,Non-food; Specialty Products,Farms & Ranches; Specialty Producers,2102388159,twinlionshoney@gmail.com,internal_until_public_use_review,,https://www.facebook.com/twinlionshoney,https://www.instagram.com/twinlionsfarm/,,False,False,False,False,False,False,False,1,txobs_0d40d8ff5aaba728475a,Texas Center for Local Food — Farms & Ranches,https://texaslocalfood.org/tclf-partner/twin-lions-farm/,D,2026-07-15,promotion_eligible_reviewed,,Fields selected by evidence grade; all underlying observations remain separately auditable.
TX-163F7C4954,Texas Iberico,texas iberico,farm,unique_source_name_reviewed,TX,Menard,Hext,,,public_business_address_reviewed_for_future_reduced_precision,30.8690645,-99.5286744,Charcuterie; Meat,Farms & Ranches,512-387-7195,howdy@texasiberico.com,internal_until_public_use_review,https://texasiberico.com/,https://www.facebook.com/texasiberico/,https://www.instagram.com/texasiberico/,,True,False,False,False,False,False,False,1,txobs_e9f9faaa28d32c639376,Texas Center for Local Food — Farms & Ranches,https://texaslocalfood.org/tclf-partner/texas-iberico/,D,2026-07-15,promotion_eligible_reviewed,,Fields selected by evidence grade; all underlying observations remain separately auditable.
TX-926B585829,Anderson Farm Market,anderson farm market,farm,unique_source_name_reviewed,TX,Midland,Midland,79706,614 W. Wadley,public_business_address_reviewed_for_future_reduced_precision,32.0073032,-102.086545,Cranberries; Vegetables,Farmers Markets & Farm Stands; Farms & Ranches,731-307-7748,jessica.anderson7748@gmail.com,internal_until_public_use_review,,https://www.facebook.com/profile.php?id=100057594813507,,,False,False,False,False,False,False,False,1,txobs_53819d960e9d8497fb63,Texas Center for Local Food — Farms & Ranches,https://texaslocalfood.org/tclf-partner/anderson-farm-market/,D,2026-07-15,promotion_eligible_reviewed,,Fields selected by evidence grade; all underlying observations remain separately auditable.
TX-E46BC81B2F,Fiddlesticks Farms,fiddlesticks farms,farm,unique_source_name_reviewed,TX,Midland,Midland,79706,5610 East County Road 120,public_business_address_reviewed_for_future_reduced_precision,,,"pumpkins, winter squash, Honey from hives on the farm, prepicked produce, gift shop, snacks and refreshment stand, restrooms, picnic area, farm animals, birthday parties, school tours",U-pick; agritourism,,info@fiddlesticksfarms.com,internal_until_public_use_review,https://www.FiddlesticksFarms.com,,,,True,False,False,False,True,False,False,1,txobs_93c0c8b1ae256d10e046,PickYourOwn — Far West,https://www.pickyourown.org/TXfarwest.htm,D,2026-07-15,promotion_eligible_reviewed,,Fields selected by evidence grade; all underlying observations remain separately auditable.
TX-95BDFE8E22,44 Farms,44 farms,farm,unique_source_name_reviewed,TX,Milam,Cameron,76520,"963 PR 44, Cameron, TX 76520",public_business_address_reviewed_for_future_reduced_precision,,,Meat,Farm-to-school vendor candidate,+1 (254) 697-4401,info@44farms.com,internal_until_public_use_review,https://44farms.com/,,,,False,False,False,False,False,True,True,1,txobs_39c78ba542cf276956c7,Texas Department of Agriculture — Farm to School vendor resource list,https://www.squaremeals.org/Portals/8/files/NSLP/LFS/LFS%20Vendor%20Resource%20List%20Updated%20Nov%202024.pdf?ver=I7PGgvoElV78S-FFin0OiQ%3D%3D,D,2026-07-15,promotion_eligible_reviewed,,Fields selected by evidence grade; all underlying observations remain separately auditable.
TX-1BCA6D1450,Meadowhawk Hollow,meadowhawk hollow,farm,unique_source_name_reviewed,TX,Milam,Rogers,76569,,public_business_address_reviewed_for_future_reduced_precision,,,Eggs; Fruit; Meat; Vegetables,Farms & Ranches,254-723-8062,meadowhawkhollow@gmail.com,internal_until_public_use_review,,https://www.facebook.com/MeadowhawkHollow,https://www.instagram.com/Meadowhawkhollow?fbclid=IwY2xjawLToORleHRuA2FlbQIxMABicmlkETFrcjE2RzdMSnBRWmtCYzBzAR6ew36xPfhrUS8twZFjOP2BgCOKU9wr0oUssXzlo2swBQjI-SapOOQzutQy-A_aem_T8cKjkZboEmBAgS-W60KNQ,,False,False,False,False,False,False,False,1,txobs_a469c0a2a63f9e83f814,Texas Center for Local Food — Farms & Ranches,https://texaslocalfood.org/tclf-partner/meadowhawk-hollow/,D,2026-07-15,promotion_eligible_reviewed,,Fields selected by evidence grade; all underlying observations remain separately auditable.
TX-81D4592B55,Smith & Smith Farms,smith and smith farms,farm,unique_source_name_reviewed,TX,Milam,Burlington,,,public_business_address_reviewed_for_future_reduced_precision,30.5210879,-97.5169524,Eggs; Lamb; Meat,Farms & Ranches,(254) 721-0202,colbygsmith82@yahoo.com,internal_until_public_use_review,https://www.smithandsmithfarm.com/,https://www.facebook.com/people/Smith-Smith-Farms/100063597519089/,https://www.instagram.com/smithandsmithfarms08,https://www.tiktok.com/@smith_and_smith_farms08?lang=en,False,False,False,False,False,False,False,1,txobs_ac107e3c39ac4234665f,Texas Center for Local Food — Farms & Ranches,https://texaslocalfood.org/tclf-partner/smith-smith-farms/,D,2026-07-15,promotion_eligible_reviewed,,Fields selected by evidence grade; all underlying observations remain separately auditable.
TX-55BBBFF205,Star Farmers Market,star farmers market,farm,unique_source_name_reviewed,TX,Milam,Rockdale,76567,701 East Highway 79,public_business_address_reviewed_for_future_reduced_precision,,,U-pick crops; agritourism,U-pick; agritourism,512-446-3078,starfarmersmarket@yahoo.com,internal_until_public_use_review,,https://www.facebook.com/Star.Farmers.Market/,,,True,False,False,False,True,False,False,1,txobs_c12a6fe4d412c6958cfc,PickYourOwn — Austin,https://www.pickyourown.org/TXaustin.htm,D,2026-07-15,promotion_eligible_reviewed,,Fields selected by evidence grade; all underlying observations remain separately auditable.
TX-9D2C33FC55,The Farmers Market In Brazos County,the farmers market in brazos county,farm,unique_source_name_reviewed,TX,Milam,Gause,77857,8778 Fm 2095,public_business_address_reviewed_for_future_reduced_precision,,,Farm/ranch products; see official GO TEXAN profile,GO TEXAN Farm And Ranch; Associate,(832) 519-4042,,internal_until_public_use_review,https://brazosvalleyfarmersmarket.com,,,,True,False,False,False,False,False,False,1,txobs_27ce99d95a39bbcfb418,Texas Department of Agriculture — GO TEXAN Farm And Ranch,https://bridge.texasagriculture.gov/GoTexanSearch/?resultsFormat=CommaSeparatedValues&searchType=Advanced&pageSize=2147483647&businessType=Farm+And+Ranch&pageNumber=1,B,2026-07-15,promotion_eligible_reviewed,,Fields selected by evidence grade; all underlying observations remain separately auditable.
TX-2410990320,Wild Type Ranch,wild type ranch,farm,unique_source_name_reviewed,TX,Milam,Cameron ,76520,,public_business_address_reviewed_for_future_reduced_precision,,,Pastured livestock and/or farm products; see source profile,Pastured-product farm; direct sales,(512) 826-2218,beef@wildtyperanch.com,internal_until_public_use_review,http://www.wildtyperanch.com,,,,True,False,False,False,False,False,False,1,txobs_5840b020eaae57a58e8e,EatWild Texas directory,https://www.eatwild.com/products/texas.html,D,2026-07-15,promotion_eligible_reviewed,,Fields selected by evidence grade; all underlying observations remain separately auditable.
TX-7721EA2067,5N Farm,5n farm,farm,unique_source_name_reviewed,TX,Mitchell,Loraine,,,public_business_address_reviewed_for_future_reduced_precision,,,lamb; rabbit,LocalHarvest Family Farm,(936) 239-4937,,internal_until_public_use_review,https://Homesteadfarmer.blogspot.com,,https://instagram.com/anoldhouseandsomeland,,True,False,False,False,False,False,False,1,txobs_71fb233c7b413e6b10ec,LocalHarvest — Texas county-seat gap search,https://www.localharvest.org/5n-farm-M67495,D,2026-07-15,promotion_eligible_reviewed,,Fields selected by evidence grade; all underlying observations remain separately auditable.
TX-4833E79503,Mantells Cowboy Creations,mantells cowboy creations,farm,unique_source_name_reviewed,TX,Montague,Bowie,76230,7285 FM 1806,public_business_address_reviewed_for_future_reduced_precision,,,winter-squash; beef; chicken; eggs; sweet corn; cucumber; summer squash; sweet peppers; tomatoes; zucchini; brussels sprouts; eggplant; cauliflower,LocalHarvest Family Farm,(940) 872-2201,,internal_until_public_use_review,https://www.mantellscowboycreatons.com,http://www.facebook.com/cowboyjohnnymantell,,,True,False,False,False,False,False,False,1,txobs_3ec210e516fb129a6a4e,LocalHarvest — Texas county-seat gap search,https://www.localharvest.org/mantells-cowboy-creations-M64137,D,2026-07-15,promotion_eligible_reviewed,,Fields selected by evidence grade; all underlying observations remain separately auditable.
TX-45AF4CD024,Vann Farm Frresh,vann farm frresh,farm,unique_source_name_reviewed,TX,Montague,Forestburg,76239,"FM 455 & FM 922 Forestburg, TX 76239",public_business_address_reviewed_for_future_reduced_precision,,,"Fruits, Vegetables",Farm-to-school vendor candidate,(940) 634-0584,vannfarms@gmail.com,internal_until_public_use_review,,,,,False,False,False,False,False,True,True,1,txobs_3a423859c88a3f5b4ef2,Texas Department of Agriculture — Farm to School vendor resource list,https://www.squaremeals.org/Portals/8/files/NSLP/LFS/LFS%20Vendor%20Resource%20List%20Updated%20Nov%202024.pdf?ver=I7PGgvoElV78S-FFin0OiQ%3D%3D,D,2026-07-15,promotion_eligible_reviewed,,Fields selected by evidence grade; all underlying observations remain separately auditable.
TX-3E9D31129B,Blakelock's Berries,blakelocks berries,farm,unique_source_name_reviewed,TX,Montgomery,Grangerland,77302,15761 FM 3083,public_business_address_reviewed_for_future_reduced_precision,,,"No pesticides are used , blueberries, porta-potties",U-pick; agritourism,(281) 685-7225,paul.a.blakelock@hotmail.com,internal_until_public_use_review,,https://www.facebook.com/blakelocksberries,https://www.instagram.com/blakelocksberries/,,True,False,False,False,True,False,False,1,txobs_f107eb6508e335662b29,PickYourOwn — Houston / Southeast,https://www.pickyourown.org/TXhouston.htm,D,2026-07-15,promotion_eligible_reviewed,,Fields selected by evidence grade; all underlying observations remain separately auditable.
TX-D8343D0222,Calico Fresh Market,calico fresh market,farm,unique_source_name_reviewed,TX,Montgomery,Conroe,77304,9950 League Line Road,public_business_address_reviewed_for_future_reduced_precision,,,beef; chicken; goat; butter; cheese; eggs; raw milk; yogurt,LocalHarvest Family Farm,(936) 205-1414,,internal_until_public_use_review,https://www.calicofreshmarket.com,http://www.facebook.com/calicofreshmarket,,,True,False,False,False,False,False,False,1,txobs_3a48ad0f57e41ea82abd,LocalHarvest — Texas county-seat gap search,https://www.localharvest.org/calico-fresh-market-M74298,D,2026-07-15,promotion_eligible_reviewed,,Fields selected by evidence grade; all underlying observations remain separately auditable.
TX-8EE11D8F63,Daphodill Farm,daphodill farm,farm,unique_source_name_reviewed,TX,Montgomery,Magnolia,,14320 FM 1488,public_business_address_reviewed_for_future_reduced_precision,30.2128863,-95.7529967,Herbs; Vegetables,Farmers Markets & Farm Stands; Farms & Ranches,346-336-9239,Daphodillfarm@gmail.com,internal_until_public_use_review,,https://www.facebook.com/Daphodillfarm/,https://www.instagram.com/daphodillfarm/,,False,False,False,False,False,False,False,1,txobs_50c8dad34f6b58929550,Texas Center for Local Food — Farms & Ranches,https://texaslocalfood.org/tclf-partner/daphodill-farm/,D,2026-07-15,promotion_eligible_reviewed,,Fields selected by evidence grade; all underlying observations remain separately auditable.
TX-B8834D1488,Goodgrass Farm Dairy and Creamery LLC,goodgrass farm dairy and creamery,farm,unique_source_name_reviewed,TX,Montgomery,Willis ,77378,,public_business_address_reviewed_for_future_reduced_precision,,,Pastured livestock and/or farm products; see source profile,Pastured-product farm; direct sales,,dairyman@goodgrassfarmllc.com,internal_until_public_use_review,http://www.goodgrassfarmllc.com,https://www.facebook.com/GoodgrassFarmLlc,https://www.instagram.com/goodgrassfarmllc/,,True,False,False,False,False,False,False,1,txobs_07809253ede30e5f10bf,EatWild Texas directory,https://www.eatwild.com/products/texas.html,D,2026-07-15,promotion_eligible_reviewed,,Fields selected by evidence grade; all underlying observations remain separately auditable.
TX-B0D558D290,Hammond Farm,hammond farm,farm,unique_source_name_reviewed,TX,Montgomery,New Caney,77357,23652 James St.,public_business_address_reviewed_for_future_reduced_precision,,,soap,LocalHarvest Family Farm,(832) 298-4161,,internal_until_public_use_review,https://hammondfarm.com,http://www.facebook.com/hammondfarm,,,True,False,False,False,False,False,False,1,txobs_2ee02ad711cecf123434,LocalHarvest — Texas county-seat gap search,https://www.localharvest.org/hammond-farm-M11370,D,2026-07-15,promotion_eligible_reviewed,,Fields selected by evidence grade; all underlying observations remain separately auditable.
TX-745550A932,Montgomery Lawn Pros,montgomery lawn pros,farm,unique_source_name_reviewed,TX,Montgomery,Montgomery,77356,89 Bermuda Cir,public_business_address_reviewed_for_future_reduced_precision,,,Commercial Lawn And Large Estate Property Maintenance,GO TEXAN Farm And Ranch; Product,(832) 589-3977,,internal_until_public_use_review,,,,,True,False,False,False,False,False,False,1,txobs_c1d06dd42dd29a2188a8,Texas Department of Agriculture — GO TEXAN Farm And Ranch,https://bridge.texasagriculture.gov/GoTexanSearch/?resultsFormat=CommaSeparatedValues&searchType=Advanced&pageSize=2147483647&businessType=Farm+And+Ranch&pageNumber=1,B,2026-07-15,promotion_eligible_reviewed,,Fields selected by evidence grade; all underlying observations remain separately auditable.
TX-9ED2B042E7,Moorhead's Blueberry Farm,moorheads blueberry farm,farm,unique_source_name_reviewed,TX,Montgomery,Montgomery County service area,,,public_business_address_reviewed_for_future_reduced_precision,,,blueberries,U-pick; agritourism,281-572-1265,,internal_until_public_use_review,https://www.Moorheadsblueberryfarm.com,https://www.facebook.com/MoorheadsBlueberryFarm,,,True,False,False,False,True,False,False,1,txobs_1551df34589b8093dbe4,PickYourOwn — Houston / Southeast,https://www.pickyourown.org/TXhouston.htm,D,2026-07-15,promotion_eligible_reviewed,,Fields selected by evidence grade; all underlying observations remain separately auditable.
TX-6B3F68C972,P-6 Farms,p 6 farms,farm,unique_source_name_reviewed,TX,Montgomery,Montgomery,77356,9963 Pooles Road,public_business_address_reviewed_for_future_reduced_precision,,,"Blackberries, honey, farm market, restrooms, gift shop, concessions or refreshment stand, picnic area, Bouncy castle or moon bounce, birthday parties, tours of the operation, group tours",U-pick; agritourism,936-597-6062,poole.carey@gmail.com,internal_until_public_use_review,https://p-6farms.com/,https://www.facebook.com/p6farms,,,True,False,False,False,True,False,False,1,txobs_253e39708b1dad140ccd,PickYourOwn — Houston / Southeast,https://www.pickyourown.org/TXhouston.htm,D,2026-07-15,promotion_eligible_reviewed,,Fields selected by evidence grade; all underlying observations remain separately auditable.
TX-147EAD16FF,Premium star food group,premium star food group,farm,unique_source_name_reviewed,TX,Montgomery,Conroe,,,public_business_address_reviewed_for_future_reduced_precision,,,beef; goat; eggs,LocalHarvest Family Farm,,,internal_until_public_use_review,,,,,True,False,False,False,False,False,False,1,txobs_477262d861d92769a49f,LocalHarvest — Texas county-seat gap search,https://www.localharvest.org/premium-star-food-group-M72151,D,2026-07-15,promotion_eligible_reviewed,,Fields selected by evidence grade; all underlying observations remain separately auditable.
TX-6E1DCF15E6,Pure Source Farms LLC,pure source farms,farm,unique_source_name_reviewed,TX,Montgomery,Magnolia,77355,29415 Country Place Rd.,public_business_address_reviewed_for_future_reduced_precision,,,arugula; beets; broccoli; brussels sprouts; cabbage; carrots; cauliflower; garlic; green onions; hot peppers; kale; leeks; lettuce; onions; peas; radishes; salad greens; salad mix; spinach; swiss chard; honey; medicinal herbs; sprouts; seeds; asparagus; cucumber; green beans; okra; potatoes; pumpkins; summer squash; sweet peppers; sweet potatoes; tomatillos; tomatoes; winter-squash; zucchini; blackberries; blueberries; figs; strawberries,LocalHarvest Family Farm,,,internal_until_public_use_review,https://www.puresourcefarms.com,,,,True,False,False,False,False,False,False,1,txobs_c84724c13a477c1396d9,LocalHarvest — Texas county-seat gap search,https://www.localharvest.org/pure-source-farms-llc-M83603,D,2026-07-15,promotion_eligible_reviewed,,Fields selected by evidence grade; all underlying observations remain separately auditable.
TX-A330FB1488,"Twelve Stones Ranch Produce and ""Gotcha Goat"" Farm",twelve stones ranch produce and gotcha goat farm,farm,unique_source_name_reviewed,TX,Montgomery,Conroe,77303,1 Hi Lo Ln,public_business_address_reviewed_for_future_reduced_precision,,,cabbage; collards; tomatoes; goat; broccoli; carrots; cucumber; lettuce; green onions; hot peppers; spinach; summer squash; sweet potatoes; turnips,LocalHarvest Family Farm,(936) 756-0292,,internal_until_public_use_review,,,,,True,False,False,False,False,False,False,1,txobs_4ceca2cdd890f018ee01,LocalHarvest — Texas county-seat gap search,https://www.localharvest.org/twelve-stones-ranch-produce-and-gotcha-goat-farm-M61490,D,2026-07-15,promotion_eligible_reviewed,,Fields selected by evidence grade; all underlying observations remain separately auditable.
TX-F984C63713,Two Hounds Farm,two hounds farm,farm,unique_source_name_reviewed,TX,Montgomery,Splendora,77372,26130 FM 2090,public_business_address_reviewed_for_future_reduced_precision,,,salad greens; spinach; chicken; duck; gamebird; goat; lamb; eggplant; honey,LocalHarvest Family Farm,,,internal_until_public_use_review,https://twohoundsfarm.com,http://www.facebook.com/twohoundsfarm,,,True,False,False,False,False,False,False,1,txobs_6abf4f9092e7656d97f1,LocalHarvest — Texas county-seat gap search,https://www.localharvest.org/two-hounds-farm-M70614,D,2026-07-15,promotion_eligible_reviewed,,Fields selected by evidence grade; all underlying observations remain separately auditable.
TX-CCC71FFBC3,Wild Honey Box - (formerly Bee Wilde),wild honey box formerly bee wilde,farm,unique_source_name_reviewed,TX,Montgomery,Montgomery,77316,4963 Price Road,public_business_address_reviewed_for_future_reduced_precision,,,beef; beeswax; honey; Guajillo Honey,LocalHarvest Family Farm,(936) 449-4188,,internal_until_public_use_review,https://www.wildhoneybox.com,http://www.facebook.com/WildHoneyBox,https://instagram.com/WildHoneyBox,,True,False,False,False,False,False,False,1,txobs_e02c88fbe5f2b0347d2b,LocalHarvest — Texas county-seat gap search,https://www.localharvest.org/wild-honey-box-formerly-bee-wilde-M18100,D,2026-07-15,promotion_eligible_reviewed,,Fields selected by evidence grade; all underlying observations remain separately auditable.
TX-61DB26A1EB,Wood Duck Farm,wood duck farm,farm,unique_source_name_reviewed,TX,Montgomery,Fostoria,77328,2270 Pine Valley Rd,public_business_address_reviewed_for_future_reduced_precision,,,"Uses natural growing practices , strawberries, restrooms",U-pick; agritourism,281-593-3642,mail@woodduckfarm.com,internal_until_public_use_review,https://www.woodduckfarm.com,https://www.facebook.com/WoodDuckFarm/publishing_tools/?section=PUBLISHED_POSTS,,,True,False,False,False,True,False,False,1,txobs_ee65c9bee54d7be3f5fc,PickYourOwn — Houston / Southeast,https://www.pickyourown.org/TXhouston.htm,D,2026-07-15,promotion_eligible_reviewed,,Fields selected by evidence grade; all underlying observations remain separately auditable.
TX-7481F91E3E,Talltex Blue Grass Beef,talltex blue grass beef,farm,unique_source_name_reviewed,TX,Moore,Dumas,79029,824 East 8th,public_business_address_reviewed_for_future_reduced_precision,,,beef; pressed oil,LocalHarvest Family Farm,(806) 934-4118,,internal_until_public_use_review,,,,,True,False,False,False,False,False,False,1,txobs_6a1d83585d607ed6399e,LocalHarvest — Texas county-seat gap search,https://www.localharvest.org/talltex-blue-grass-beef-M41022,D,2026-07-15,promotion_eligible_reviewed,,Fields selected by evidence grade; all underlying observations remain separately auditable.
TX-8393104124,Wieck Farms,wieck farms,farm,unique_source_name_reviewed,TX,Moore,Dumas,79029,304 Regier Drive,public_business_address_reviewed_for_future_reduced_precision,,,UPDATE April,U-pick; agritourism,806-922-3720,wjwieck@hotmail.com,internal_until_public_use_review,,,,,True,False,False,False,True,False,False,1,txobs_7777c5565372b44922e1,PickYourOwn — Panhandle,https://www.pickyourown.org/TXpanhandle.htm,E,2026-07-15,research_or_qa_queue,single grade-E discovery listing needs corroboration,Fields selected by evidence grade; all underlying observations remain separately auditable.
TX-A0373E1F18,The Greer Farm,greer farm,farm,merged_exact_name_reviewed,TX,Morris,Daingerfield ,76538,1444 County Road 1125,public_business_address_reviewed_for_future_reduced_precision,,,"Pastured livestock and/or farm products; see source profile; blackberries, blueberries, Honey from hives on the farm, Fresh eggs, Farm Stay, Lake Cabins, Grass Fed Beef, natural chicken, lamb, pork, eggs, porta-potties are available, picnic area, picnic area you may bring your own food",Pastured-product farm; direct sales; U-pick; agritourism,(903) 452-9738,Greerfarmcabins@gmail.com,internal_until_public_use_review,http://www.greerfarm.com/,https://www.facebook.com/Greer-Farm-117383061628847/,,,True,False,False,False,True,False,False,2,txobs_25991bbfa16ca532b844 | txobs_23266f1d248e0a6a2044,EatWild Texas directory | PickYourOwn — Northeast,https://www.eatwild.com/products/texas.html | https://www.pickyourown.org/TXnortheast.htm,D,2026-07-15,promotion_eligible_reviewed,,Fields selected by evidence grade; all underlying observations remain separately auditable.
TX-7BA441F26D,"Fulton Farms Meats, LLC",fulton farms meats,farm,unique_source_name_reviewed,TX,Motley,Matador,79244,530 Houston,public_business_address_reviewed_for_future_reduced_precision,34.00999,-100.818987,Meat,Farms & Ranches,(806) 683-0046,fultonfarmsmeatsllc@gmail.com,internal_until_public_use_review,https://www.fultonfarmsmeats.com/,https://www.facebook.com/profile.php?id=61566381170500,https://www.instagram.com/fultonfarmsmeatsllc/,,True,False,False,False,False,False,False,1,txobs_d4281670efa2bc153440,Texas Center for Local Food — Farms & Ranches,https://texaslocalfood.org/tclf-partner/fulton-farms-meats-llc/,D,2026-07-15,promotion_eligible_reviewed,,Fields selected by evidence grade; all underlying observations remain separately auditable.
TX-A2B48610DC,Appleby Community Farm,appleby community farm,farm,merged_exact_name_reviewed,TX,Nacogdoches,Nacogdoches,75965,11825 US Highway 59 N.,public_business_address_reviewed_for_future_reduced_precision,31.70443391367899,-94.63866745216878,"beets; broccoli; brussels sprouts; cabbage; carrots; cauliflower; chinese greens; collards; green onions; kale; kohlrabi; leeks; lettuce; mustard greens; peas; radishes; salad greens; salad mix; shallots; spinach; swiss chard; turnips; arugula; cucumber; sweet corn; eggplant; garlic; green beans; hot peppers; okra; onions; summer squash; sweet peppers; tomatoes; winter-squash; zucchini; watermelons; potatoes; pumpkins; sweet potatoes; Uses natural growing practices , beans, broccoli, cucumbers, herbs or spices, melons, onions, peas, peppers, pumpkins, rhubarb, summer squash, winter squash, tomatoes, U-pick and already picked; Eggs; Fruit; Vegetables",LocalHarvest Family Farm; U-pick; agritourism; Farms & Ranches,(936) 645-7201,applebycommunityfarm@gmail.com,internal_until_public_use_review,https://www.applebycommunityfarm.org/,https://www.facebook.com/ApplebyCommunityFarm,https://www.instagram.com/applebycommunityfarm/,,True,False,False,False,True,False,False,3,txobs_fa2007c317e8fa42b046 | txobs_36b937b11aa79594904d | txobs_39c27ab2de3615ebdb2b,LocalHarvest — Texas county-seat gap search | PickYourOwn — Northeast | Texas Center for Local Food — Farms & Ranches,https://www.localharvest.org/appleby-community-farm-M32900 | https://www.pickyourown.org/TXnortheast.htm | https://texaslocalfood.org/tclf-partner/appleby-community-farm/,D,2026-07-15,promotion_eligible_reviewed,,Fields selected by evidence grade; all underlying observations remain separately auditable.
TX-B9AD6AF8BD,Barton Beef,barton beef,farm,official_source_current_farm_operation,TX,Nacogdoches,Garrison,75946,"121 South Ave B, Garrison, TX 75946",public_business_address_reviewed_for_future_reduced_precision,,,Beef; pork; chicken,Farm; ranch; cattle; direct-to-consumer; retail,+1 (936) 347-2715,lanebartonfarm@yahoo.com,internal_until_public_use_review,https://www.klbranchbeef.com/,,,,True,False,True,False,False,True,False,1,txobs_de77fafd6fed2fc819e4,Texas Department of Agriculture — Farm to School vendor resource list,https://www.squaremeals.org/Portals/8/files/NSLP/LFS/LFS%20Vendor%20Resource%20List%20Updated%20Nov%202024.pdf?ver=I7PGgvoElV78S-FFin0OiQ%3D%3D; https://www.klbranchbeef.com/about,A;E,2026-07-16,promotion_eligible_reviewed,,Current farm-owned evidence identifies Barton Beef as the Garrison family farm and ranch producing beef through its own cattle operation and network of Texas producers.
TX-DFA5D9E675,Blueberry Farms,blueberry farms,farm,unique_source_name_reviewed,TX,Nacogdoches,Nacodoches,75964,451 CR 2052,public_business_address_reviewed_for_future_reduced_precision,,,blueberries,U-pick; agritourism,936-559-9157,,internal_until_public_use_review,,,,,True,False,False,False,True,False,False,1,txobs_3c789a9fff2ceca8431b,PickYourOwn — Northeast,https://www.pickyourown.org/TXnortheast.htm,E,2026-07-15,research_or_qa_queue,single grade-E discovery listing needs corroboration,Fields selected by evidence grade; all underlying observations remain separately auditable.
TX-8838775DA9,Our Little Farm,our little farm,farm,unique_source_name_reviewed,TX,Nacogdoches,Garrison,79546,21292 North Hwy 59,public_business_address_reviewed_for_future_reduced_precision,,,raw milk,LocalHarvest Family Farm,(979) 417-7957,,internal_until_public_use_review,,,,,True,False,False,False,False,False,False,1,txobs_acd899a67a0e90338eab,LocalHarvest — Texas county-seat gap search,https://www.localharvest.org/our-little-farm-M58373,D,2026-07-15,promotion_eligible_reviewed,,Fields selected by evidence grade; all underlying observations remain separately auditable.
TX-93FFCC2AFE,Stoneybrook Farm,stoneybrook farm,farm,unique_source_name_reviewed,TX,Nacogdoches,Nacogdoches,75964,6427 South Farm Road 225,public_business_address_reviewed_for_future_reduced_precision,,,"blackberries, blueberries, figs, flowers, melons, nectarines, peaches, plums, U-pick and already picked, farm market",U-pick; agritourism,936 569 4859,stoneybrookfrm@sbcglobal.net,internal_until_public_use_review,https://stoneybrookfrm.wixsite.com/stoney-brooke-farm_1,,,,True,False,False,False,True,False,False,1,txobs_547132cb893638451aca,PickYourOwn — Northeast,https://www.pickyourown.org/TXnortheast.htm,D,2026-07-15,promotion_eligible_reviewed,,Fields selected by evidence grade; all underlying observations remain separately auditable.
TX-DBAF9EC4FB,Swift Hill Farms Llc,swift hill farms,farm,unique_source_name_reviewed,TX,Nacogdoches,Nacogdoches,75961,379 Cr 341,public_business_address_reviewed_for_future_reduced_precision,,,Broilers; Farm Fresh Eggs; Stewing Hens,GO TEXAN Farm And Ranch; Product,(832) 317-9565,,internal_until_public_use_review,,,,,True,False,False,False,False,False,False,1,txobs_c8049634b98596c2000a,Texas Department of Agriculture — GO TEXAN Farm And Ranch,https://bridge.texasagriculture.gov/GoTexanSearch/?resultsFormat=CommaSeparatedValues&searchType=Advanced&pageSize=2147483647&businessType=Farm+And+Ranch&pageNumber=1,B,2026-07-15,promotion_eligible_reviewed,,Fields selected by evidence grade; all underlying observations remain separately auditable.
TX-884CF48120,Texas Blueberry Festival,texas blueberry festival,farm,unique_source_name_reviewed,TX,Nacogdoches,Nacogdoches County service area,,,public_business_address_reviewed_for_future_reduced_precision,,,"Second Saturday in June in downtown Nacogdoches! | Downtown, Nacogdoches, TX.",U-pick; agritourism,936-560-5533,info@nactx.com,internal_until_public_use_review,https://www.tbf.nacogdoches.org,,,,True,False,False,False,True,False,False,1,txobs_5ee01b9944a90db6be9d,PickYourOwn — Northeast,https://www.pickyourown.org/TXnortheast.htm,D,2026-07-15,promotion_eligible_reviewed,,Fields selected by evidence grade; all underlying observations remain separately auditable.
TX-4C715C8AC1,Tfp Nutrition,tfp nutrition,farm,unique_source_name_reviewed,TX,Nacogdoches,Nacogdoches,75964,915 S Fredonia,public_business_address_reviewed_for_future_reduced_precision,,,Star Pro Cat Food; Star Pro Dog Food,GO TEXAN Farm And Ranch; Product,(936) 564-3711,,internal_until_public_use_review,https://www.tfpnutrition.com,,,,False,False,False,False,False,False,False,1,txobs_5bbdc94b97191d324c99,Texas Department of Agriculture — GO TEXAN Farm And Ranch,https://bridge.texasagriculture.gov/GoTexanSearch/?resultsFormat=CommaSeparatedValues&searchType=Advanced&pageSize=2147483647&businessType=Farm+And+Ranch&pageNumber=1,B,2026-07-15,promotion_eligible_reviewed,,Fields selected by evidence grade; all underlying observations remain separately auditable.
TX-1DA79BA9F6,The Blueberry Place,the blueberry place,farm,unique_source_name_reviewed,TX,Nacogdoches,Nacogdoches,75965,451 County Road 2052,public_business_address_reviewed_for_future_reduced_precision,,,"No pesticides are used , blueberries, picnic area you may bring your own food",U-pick; agritourism,936-559-9157,sherrie@theblueberryplace.net,internal_until_public_use_review,https://www.theblueberryplace.net,,,,True,False,False,False,True,False,False,1,txobs_5fbec082b70ba83bd8f5,PickYourOwn — Northeast,https://www.pickyourown.org/TXnortheast.htm,D,2026-07-15,promotion_eligible_reviewed,,Fields selected by evidence grade; all underlying observations remain separately auditable.
TX-7588CD9356,Dresden Specialty Meats,dresden specialty meats,farm,merged_exact_name_reviewed,TX,Navarro,Barry,75102,10465 W FM 744,public_business_address_reviewed_for_future_reduced_precision,,,Beef; bison meat; Meat,Cattle and bison farm; direct-market vendor; Farm-to-school vendor candidate,+1 (903) 641-8161,kellersouthard@gmail.com,internal_until_public_use_review,https://www.dresdenspecialtymeats.com/,,,,False,False,False,False,False,True,True,2,txobs_5d27c8f40acf12da7e7d | txobs_2fbf50d1333a1a503f33,FarmFinder curator verification — farm-owned or authoritative evidence | Texas Department of Agriculture — Farm to School vendor resource list,https://marketspread.com/vendor/92853/dresden-specialty-meats/ | https://www.squaremeals.org/Portals/8/files/NSLP/LFS/LFS%20Vendor%20Resource%20List%20Updated%20Nov%202024.pdf?ver=I7PGgvoElV78S-FFin0OiQ%3D%3D,C; E,2026-07-15,promotion_eligible_reviewed,,Fields selected by evidence grade; all underlying observations remain separately auditable.
TX-1830183179,Happy Life Ranch- Texas Edition,happy life ranch texas edition,farm,merged_exact_name_reviewed,TX,Navarro,Kerens,75144,14007 NE County Road 3170,public_business_address_reviewed_for_future_reduced_precision,,,"beef; chicken; lamb; pork; eggs; At Happy Life Ranch TEXAS Edition, we embrace a regenerative way of life rooted in faith. We raise livestock and produce goods through ethical, sustainable, and humane practices. Our animals are pasture-raised, free from antibiotics, hormones, and GMOs—living as God intended.; Eggs; Meat",LocalHarvest Family Farm; Shop Texas Farms member; Farms & Ranches,(903) 336-2522,TexasEdition@HappyLifeRanch.com,internal_until_public_use_review,https://happyliferanch.com/texas-edition,http://www.facebook.com/HappyLifeRanchTexasEdition,https://www.instagram.com/happyliferanchtexas/,,True,False,False,False,False,False,True,3,txobs_ce3c59e7d59744bb0ed8 | txobs_9cc7746779d8e3145a81 | txobs_f3b1deda484cbe846d81,LocalHarvest — Texas county-seat gap search | Shop Texas Farms — member business directory | Texas Center for Local Food — Farms & Ranches,https://www.localharvest.org/happy-life-ranch-texas-edition-M86462 | https://shoptexasfarms.com/business-directory/entry/nmh8y/ | https://texaslocalfood.org/tclf-partner/happy-life-ranch-texas-edition/,D,2026-07-15,promotion_eligible_reviewed,,Fields selected by evidence grade; all underlying observations remain separately auditable.
TX-7072B567EC,Honey Pot Farmstead,honey pot farmstead,farm,unique_source_name_reviewed,TX,Navarro,Corsicana,75110,,public_business_address_reviewed_for_future_reduced_precision,,,Pastured livestock and/or farm products; see source profile,Pastured-product farm; direct sales,(903) 884-6639,farmer@honeypotfarmstead.com,internal_until_public_use_review,https://www.honeypotfarmstead.com,https://www.facebook.com/honeypotfarmstead,https://www.instagram.com/honeypotfarmstead/,,True,False,False,False,False,False,False,1,txobs_9cae28eefc4af668bd5d,EatWild Texas directory,https://www.eatwild.com/products/texas.html,D,2026-07-15,promotion_eligible_reviewed,,Fields selected by evidence grade; all underlying observations remain separately auditable.
TX-182E488A6C,P.O.P. Acres,p o p acres,farm,merged_exact_name_reviewed,TX,Navarro,Purdon,76679,8040 FM 642,public_business_address_reviewed_for_future_reduced_precision,,,beef; chicken; turkey; eggs; Broth Bones; Eggs; Meat,LocalHarvest Family Farm; Farms & Ranches,(903) 229-7505,popacres@gmail.com,internal_until_public_use_review,https://www.popacres.com,https://www.facebook.com/POPacresfarm,,,True,False,False,False,False,False,True,2,txobs_471f3f82dc426634145c | txobs_8e5ee03431bb1aeca552,LocalHarvest — Texas county-seat gap search | Texas Center for Local Food — Farms & Ranches,https://www.localharvest.org/p-o-p-acres-M18186 | https://texaslocalfood.org/tclf-partner/p-o-p-acres/,D,2026-07-15,promotion_eligible_reviewed,,Fields selected by evidence grade; all underlying observations remain separately auditable.
TX-4DA4D67667,Rancho El Paraiso,rancho el paraiso,farm,unique_source_name_reviewed,TX,Navarro,Kerens,75144,16172 SE County Road 4100,public_business_address_reviewed_for_future_reduced_precision,,,Farm/ranch products; see current statewide profile,Farmers Markets & Farm Stands; Farms & Ranches; Food & Ag Resource,4693962745,kitty4108@icloud.com,internal_until_public_use_review,https://ranchoelparaiso.secureserversites.net/,,https://www.instagram.com/el_paraiso_ranch,,False,False,False,False,False,False,True,1,txobs_a56f174b1823c32f5a52,Texas Center for Local Food — Farms & Ranches,https://texaslocalfood.org/tclf-partner/rancho-el-paraiso/,D,2026-07-15,promotion_eligible_reviewed,,Fields selected by evidence grade; all underlying observations remain separately auditable.
TX-96C77E241C,Rosewood Ranches,rosewood ranches,farm,unique_source_name_reviewed,TX,Navarro,Ennis,75119,8017 Fm 85,public_business_address_reviewed_for_future_reduced_precision,,,Wagyu Beef,GO TEXAN Farm And Ranch; Product,(903) 326-7611,,internal_until_public_use_review,,,,,True,False,False,False,False,False,False,1,txobs_410bee1dad51753c5468,Texas Department of Agriculture — GO TEXAN Farm And Ranch,https://bridge.texasagriculture.gov/GoTexanSearch/?resultsFormat=CommaSeparatedValues&searchType=Advanced&pageSize=2147483647&businessType=Farm+And+Ranch&pageNumber=1,B,2026-07-15,promotion_eligible_reviewed,,Fields selected by evidence grade; all underlying observations remain separately auditable.
TX-C829AD1486,McNabb Microfarm Llc,mcnabb microfarm,farm,merged_exact_name_reviewed,TX,Nueces,Corpus Christi,78410,13106 Deepwater Cir,public_business_address_reviewed_for_future_reduced_precision,,,Baked Goods; Flowers; Herbs; Seeds and Supplies; Specialty Products; Vegetables; Diy Microgrow Kits; Edible Flowers; Micro Salad; Microgreens; Pickled Microgreens; Super Seasoning; Vegan Baked Goods; Vegan Super Ranch; Vegan Super Spicy Ranch,Farms & Ranches; Specialty Producers; Farm-to-school vendor candidate; GO TEXAN Farm And Ranch; Product,(361) 537-8787,mcnabbmicrofarm@gmail.com,internal_until_public_use_review,https://www.mcnabbmicrofarm.com,https://www.facebook.com/mcnabbmicrofarm,https://www.instagram.com/mcnabbmicrofarm,,True,False,False,False,False,True,True,3,txobs_7a92f2a7f09235b81ba2 | txobs_b269ab2f4f114eb2f570 | txobs_66b51426733effbffced,Texas Center for Local Food — Farms & Ranches | Texas Department of Agriculture — Farm to School vendor resource list | Texas Department of Agriculture — GO TEXAN Farm And Ranch,https://texaslocalfood.org/tclf-partner/mcnabb-microfarm-llc/ | https://www.squaremeals.org/Portals/8/files/NSLP/LFS/LFS%20Vendor%20Resource%20List%20Updated%20Nov%202024.pdf?ver=I7PGgvoElV78S-FFin0OiQ%3D%3D | https://bridge.texasagriculture.gov/GoTexanSearch/?resultsFormat=CommaSeparatedValues&searchType=Advanced&pageSize=2147483647&businessType=Farm+And+Ranch&pageNumber=1,B; D; E,2026-07-15,promotion_eligible_reviewed,,Fields selected by evidence grade; all underlying observations remain separately auditable.
TX-11AFD79C59,Terra Madre Mini Farm,terra madre mini farm,farm,unique_source_name_reviewed,TX,Nueces,Corpus Christi,78417,5614 Palo Verde,public_business_address_reviewed_for_future_reduced_precision,,,Farm products; see source profile,LocalHarvest Family Farm,(361) 232-2309,,internal_until_public_use_review,,,,,True,False,False,False,False,False,False,1,txobs_d5fddfbed6080e929c77,LocalHarvest — Texas county-seat gap search,https://www.localharvest.org/terra-madre-mini-farm-M18736,D,2026-07-15,promotion_eligible_reviewed,,Fields selected by evidence grade; all underlying observations remain separately auditable.
TX-F5B3A1C59C,Eclectic Acres Farms,eclectic acres farms,farm,unique_source_name_reviewed,TX,Orange,Orange,77632 7763,3207 Farm to Market Road 1136,public_business_address_reviewed_for_future_reduced_precision,,,Eggs; Meat,Farms & Ranches,337-240-4947,jandrews@eclecticacresfarm.com,internal_until_public_use_review,https://eclecticacresfarm.com/?fbclid=IwY2xjawIAq1VleHRuA2FlbQIxMAABHXHVGIDTPm6EFL4KhkP8kojwCSq-vmZw2QtmCJBRr3WCvSMUhALtSpayoA_aem_6aT40ox5Tb_Y2enHkEOKvg,https://www.facebook.com/profile.php?id=100082113895801#,,,True,False,False,False,False,False,False,1,txobs_3ecdde5765bb4463c752,Texas Center for Local Food — Farms & Ranches,https://texaslocalfood.org/tclf-partner/eclectic-acres-farms/,D,2026-07-15,promotion_eligible_reviewed,,Fields selected by evidence grade; all underlying observations remain separately auditable.
TX-578A3DFBB9,EclecticAcresFarm,eclecticacresfarm,farm,unique_source_name_reviewed,TX,Orange,Orange,77632,3207 FM 1136,public_business_address_reviewed_for_future_reduced_precision,,,"Eclectic Acres Farms is a local, agriculture farm located just over the Sabine river in Mauriceville, Texas. We strive to be fully sustainable while growing produce, fruits and raising various livestock. We are always looking to add to our farm but currently we raise beef cattle, chickens for eggs and meat, turkeys, quail, milk goats and the always entertaining….. pigs! We began this farming adventure to become more self sustainable and assure our family was eating good, nutritious food. Food that we controlled what went into it and how it was raised. Now we understand there are tons of choices of where to get our food. We can eat out or buy processed foods of unknown origin at the grocery, both of which are not how we wanted to eat. Turning on the TV, social media and research on the inte",Shop Texas Farms member,,,internal_until_public_use_review,,,,,True,False,False,False,False,False,False,1,txobs_047ba4f9e72980f943dd,Shop Texas Farms — member business directory,https://shoptexasfarms.com/business-directory/entry/vxd5i/,D,2026-07-15,promotion_eligible_reviewed,,Fields selected by evidence grade; all underlying observations remain separately auditable.
TX-9EC594C4AF,Southeast Texas Honey,southeast texas honey,farm,unique_source_name_reviewed,TX,Orange,Vidor,77662,3015 Brown Rd,public_business_address_reviewed_for_future_reduced_precision,,,honey,LocalHarvest Family Farm,(409) 768-0111,,internal_until_public_use_review,https://www.setxhoney.com,,,,True,False,False,False,False,False,False,1,txobs_f850ad5ca56ec46cd04a,LocalHarvest — Texas county-seat gap search,https://www.localharvest.org/southeast-texas-honey-M52913,D,2026-07-15,promotion_eligible_reviewed,,Fields selected by evidence grade; all underlying observations remain separately auditable.
TX-2AA6617AD7,Southeast Texas Honey Company,southeast texas honey company,farm,unique_source_name_reviewed,TX,Orange,Vidor,77662,1465 S. Timberlane Dr.,public_business_address_reviewed_for_future_reduced_precision,,,bee pollen; beeswax; honey,LocalHarvest Family Farm,(409) 783-1501,,internal_until_public_use_review,https://www.texasdrone.com,,,,True,False,False,False,False,False,False,1,txobs_226abb6ed0105732693d,LocalHarvest — Texas county-seat gap search,https://www.localharvest.org/southeast-texas-honey-company-M9696,D,2026-07-15,promotion_eligible_reviewed,,Fields selected by evidence grade; all underlying observations remain separately auditable.
TX-E88E66817A,Sow Sweet Farm LLC,sow sweet farm,farm,merged_exact_name_reviewed,TX,Orange,Orange,77632,,public_business_address_reviewed_for_future_reduced_precision,,,"green onions; potatoes; strawberries; preserves; seeds; onions; hot peppers; summer squash; sweet peppers; sweet potatoes; tomatoes; watermelons; persimmons; We are a small family farm that offers sugar-free jams & jellies, produce in season, and plant starts.; Farm/ranch products; see current statewide profile",LocalHarvest Family Farm; Shop Texas Farms member; Farms & Ranches,(409) 213-3608,sowsweetfarm@protonmail.com,internal_until_public_use_review,https://www.sowsweetfarm.com/,http://www.facebook.com/@SowSweetFarmer,,,True,False,False,False,False,False,False,3,txobs_738ba9dd63f18f29eb25 | txobs_e62757e5dccfc10181e2 | txobs_b0056b2453f2c71920ac,LocalHarvest — Texas county-seat gap search | Shop Texas Farms — member business directory | Texas Center for Local Food — Farms & Ranches,https://www.localharvest.org/sow-sweet-farm-llc-M80860 | https://shoptexasfarms.com/business-directory/entry/jdgbn/ | https://texaslocalfood.org/tclf-partner/sow-sweet-farm/,D,2026-07-15,promotion_eligible_reviewed,,Fields selected by evidence grade; all underlying observations remain separately auditable.
TX-3FCDC1979B,Starr S Ranch,starr s ranch,farm,unique_source_name_reviewed,TX,Orange,Vidor,77662,7400 N Linscomb Rd,public_business_address_reviewed_for_future_reduced_precision,,,gamebird; rabbit; eggs; medicinal herbs; luffa,LocalHarvest Family Farm,(409) 284-0474,,internal_until_public_use_review,,,,,True,False,False,False,False,False,False,1,txobs_3a6b7f3523062af6f690,LocalHarvest — Texas county-seat gap search,https://www.localharvest.org/starr-s-ranch-M55204,D,2026-07-15,promotion_eligible_reviewed,,Fields selected by evidence grade; all underlying observations remain separately auditable.
TX-668C3246C1,The Chosen Weeds,the chosen weeds,farm,unique_source_name_reviewed,TX,Orange,Bridge City,77611,350 Gum Drive,public_business_address_reviewed_for_future_reduced_precision,,,green beans; swiss chard; eggs; luffa; hot peppers; sweet potatoes,LocalHarvest Family Farm,(409) 749-0184,,internal_until_public_use_review,https://www.thechosenweeds.com,http://www.facebook.com/thechosenweeds,,,True,False,False,False,False,False,False,1,txobs_7a20acfebd9631b61d0c,LocalHarvest — Texas county-seat gap search,https://www.localharvest.org/the-chosen-weeds-M72187,D,2026-07-15,promotion_eligible_reviewed,,Fields selected by evidence grade; all underlying observations remain separately auditable.
TX-563C5D86BF,Wilcox Market Garden,wilcox market garden,farm,unique_source_name_reviewed,TX,Orange,Orange,77632,4701 N. 27TH ST,public_business_address_reviewed_for_future_reduced_precision,,,cucumber; kale; collards; sweet corn; eggplant; green beans; green onions; hot peppers; lettuce; mustard greens; okra; peas; salad greens; salad mix; summer squash; sweet peppers; tomatoes; zucchini; cantaloupes; lemons; melons; watermelons; carrots; potatoes; oranges,LocalHarvest Family Farm,(409) 886-3539,,internal_until_public_use_review,,https://www.facebook.com/WilcoxFarm/,,,True,False,False,False,False,False,False,1,txobs_ebe0f021edd24e2247da,LocalHarvest — Texas county-seat gap search,https://www.localharvest.org/wilcox-market-garden-M17794,D,2026-07-15,promotion_eligible_reviewed,,Fields selected by evidence grade; all underlying observations remain separately auditable.
TX-4516CF40BC,First Earth Farm,first earth farm,farm,unique_source_name_reviewed,TX,Palo Pinto,Lone Camp ,76484,1675 N. Wilson Rd,public_business_address_reviewed_for_future_reduced_precision,,,"First Earth Farm is a small family farm located in Lone Camp, TX. Our homestead is shared amongst goats, cattle, chickens and a pack of farm dogs. We specialize in heirloom varieties and are dedicated to following organic and permaculture practices to create a healthy farm ecosystem. Our goal is to connect people to their food source through providing a diverse array of locally grown, highly nutritious colorful fruits and vegetables.",LocalHarvest Family Farm,(512) 699-6974,,internal_until_public_use_review,,,,,True,False,False,False,False,False,False,1,txobs_173f9432d7be0efd2f3d,LocalHarvest — Texas county-seat gap search,https://www.localharvest.org/first-earth-farm-M56844,D,2026-07-15,promotion_eligible_reviewed,,Fields selected by evidence grade; all underlying observations remain separately auditable.
TX-F9C2FFF48D,Longhorn Beef Company,longhorn beef company,farm,unique_source_name_reviewed,TX,Palo Pinto,Palo Pinto ,76484,875 S FM Hwy 4,public_business_address_reviewed_for_future_reduced_precision,,,beef,LocalHarvest Family Farm,(940) 659-4313,,internal_until_public_use_review,https://www.longhornbeefcompany.com,,,,True,False,False,False,False,False,False,1,txobs_93086ce9aebb445865d4,LocalHarvest — Texas county-seat gap search,https://www.localharvest.org/longhorn-beef-company-M31694,D,2026-07-15,promotion_eligible_reviewed,,Fields selected by evidence grade; all underlying observations remain separately auditable.
TX-503862B3BF,"Parish Custom Beef, LLC",parish custom beef,farm,merged_exact_name_reviewed,TX,Palo Pinto,Mineral Wells,76067,3077 Pleasant Valley Road,public_business_address_reviewed_for_future_reduced_precision,,,Pastured livestock and/or farm products; see source profile; beef,Pastured-product farm; direct sales; LocalHarvest Family Farm,(940) 452-6995,chris@parishcustombeef.com,internal_until_public_use_review,https://www.parishcustombeef.com,https://www.facebook.com/parishcustombeef,,,True,False,False,False,False,False,False,2,txobs_3ad8f36f1bb5de22447b | txobs_c60204828d9329da8f3b,EatWild Texas directory | LocalHarvest — Texas county-seat gap search,https://www.eatwild.com/products/texas.html | https://www.localharvest.org/parish-custom-beef-llc-M75843,D,2026-07-15,promotion_eligible_reviewed,,Fields selected by evidence grade; all underlying observations remain separately auditable.
TX-82008F8CDC,Alexander Blueberry Farms,alexander blueberry farms,farm,merged_exact_name_reviewed,TX,Panola,Deberry,75639,194 County Road 3221,public_business_address_reviewed_for_future_reduced_precision,,,"blueberries; blueberries, U-pick and already picked, snacks and refreshment stand, restrooms, picnic area, school tours",LocalHarvest Family Farm; U-pick; agritourism,(318) 609-3960,alexanderfarms3@gmail.com,internal_until_public_use_review,https://www.alexanderblueberryfarms.com,,,,True,False,False,False,True,False,False,2,txobs_fe2e04e3a0f76e0d43ac | txobs_66ba1202f24093f1e862,LocalHarvest — Texas county-seat gap search | PickYourOwn — Northeast,https://www.localharvest.org/alexander-blueberry-farms-M37353 | https://www.pickyourown.org/TXnortheast.htm,D,2026-07-15,promotion_eligible_reviewed,,Fields selected by evidence grade; all underlying observations remain separately auditable.
TX-056833EBBC,Panola Orchard and Gardens,panola orchard and gardens,farm,merged_exact_name_reviewed,TX,Panola,De Berry,75639,1413 FM 1186,public_business_address_reviewed_for_future_reduced_precision,,,"sweet corn; cucumber; hot peppers; peas; sweet peppers; tomatoes; winter-squash; zucchini; blackberries; blueberries; peaches; plums; watermelons; preserves; soap; pumpkins; strawberries, blackberries, blueberries, concessions or refreshment stand, restrooms, picnic area",LocalHarvest Family Farm; U-pick; agritourism,(903) 263-8703,panolaorchard@yahoo.com,internal_until_public_use_review,https://www.panolaorchard.com,https://www.facebook.com/Panola-Orchard-and-Gardens-150940158422226,,,True,False,False,False,True,False,False,2,txobs_26f9fe5c61d696a30c01 | txobs_bb62213c140a6d07ec20,LocalHarvest — Texas county-seat gap search | PickYourOwn — Northeast,https://www.localharvest.org/panola-orchard-and-gardens-M62587 | https://www.pickyourown.org/TXnortheast.htm,D,2026-07-15,promotion_eligible_reviewed,,Fields selected by evidence grade; all underlying observations remain separately auditable.
TX-6DF882256B,Williams Hay Co.,williams hay co,farm,unique_source_name_reviewed,TX,Panola,Beckville,75631,264 cr 257,public_business_address_reviewed_for_future_reduced_precision,,,"Williams Hay Co. is a family owned and operated hay farm that specializes in Tifton 44 coastal Bermuda grass. We are located in East Texas in Panola County in the small town of Beckville, and have been producing quality hay since 1987. We specialize in small square bales that are tied with plastic twine as well as large 5ft. x 5 1/2ft round rolls tied with plastic twine. Quoted price includes loading on your truck. Semi truck access is available. Hey! Need hay. Give us a call.",LocalHarvest Family Farm,(903) 235-9090,,internal_until_public_use_review,,,,,True,False,False,False,False,False,False,1,txobs_61142169a94c4c49443f,LocalHarvest — Texas county-seat gap search,https://www.localharvest.org/williams-hay-co--M66435,D,2026-07-15,promotion_eligible_reviewed,,Fields selected by evidence grade; all underlying observations remain separately auditable.
TX-6000D8AE0B,Bertschy Cattle Co.,bertschy cattle co,farm,unique_source_name_reviewed,TX,Parker,Weatherford,76085,,public_business_address_reviewed_for_future_reduced_precision,,,"We offer farm fresh grain-finished beef by the 1/4 or larger. We also carry pure beef tallow, beef suet, and whipped tallow body cream, and eggs. Occasionally we have cattle and chickens available. Located in Weatherford. Delivery may be offered in your area. Contact us today for more info. Louis and Brittany Bertschy 817-909-3472 Also contact us on FB https://www.facebook.com/profile.php?id=100090994639651&mibextid=LQQJ4d",Shop Texas Farms member,,,internal_until_public_use_review,,,,,True,False,False,False,False,False,False,1,txobs_ea986ff9c01e874ebcad,Shop Texas Farms — member business directory,https://shoptexasfarms.com/business-directory/entry/l1vet/,D,2026-07-15,promotion_eligible_reviewed,,Fields selected by evidence grade; all underlying observations remain separately auditable.
TX-383CE1D48B,Clearfork Creek Farm,clearfork creek farm,farm,unique_source_name_reviewed,TX,Parker,Aledo,76008,551 N Floras Road,public_business_address_reviewed_for_future_reduced_precision,,,Baked Goods; Eggs; Flowers; Fruit; Herbs; Vegetables,Farms & Ranches,817-917-9800,leegreer@clearforkcreek.farm,internal_until_public_use_review,https://clearforkcreek.farm,https://www.facebook.com/profile.php?id=61556221919628,,,True,False,False,False,False,False,True,1,txobs_791b637af5f80031efa7,Texas Center for Local Food — Farms & Ranches,https://texaslocalfood.org/tclf-partner/clearfork-creek-farm/,D,2026-07-15,promotion_eligible_reviewed,,Fields selected by evidence grade; all underlying observations remain separately auditable.
TX-F159F26487,Dryad Grove Mushroom Farm,dryad grove mushroom farm,farm,unique_source_name_reviewed,TX,Parker,Weatherford,76087-7657,231 Rambling Loop,public_business_address_reviewed_for_future_reduced_precision,,,Vegetables,Farms & Ranches; Specialty Producers,972-841-1982,dryadgrovemushrooms@gmail.com,internal_until_public_use_review,https://www.dryadgrove.farm,https://www.facebook.com/dryadgrove,https://www.instagram.com/dryadgrove,,True,False,False,False,False,False,True,1,txobs_d54bdf3f759bb889bd0d,Texas Center for Local Food — Farms & Ranches,https://texaslocalfood.org/tclf-partner/dryad-grove-mushroom-farm/,D,2026-07-15,promotion_eligible_reviewed,,Fields selected by evidence grade; all underlying observations remain separately auditable.
TX-538C01FE71,Green Pastures Beef,green pastures beef,farm,unique_source_name_reviewed,TX,Parker,Weatherford ,76085,,public_business_address_reviewed_for_future_reduced_precision,,,Pastured livestock and/or farm products; see source profile,Pastured-product farm; direct sales,682-229-6865,codyboone2010@gmail.com,internal_until_public_use_review,,https://www.facebook.com/profile.php?id=100091979943901,,,True,False,False,False,False,False,False,1,txobs_84f7d82574750bad5632,EatWild Texas directory,https://www.eatwild.com/products/texas.html,D,2026-07-15,promotion_eligible_reviewed,,Fields selected by evidence grade; all underlying observations remain separately auditable.
TX-16CF3A4B74,Mehrlin Family Farm,mehrlin family farm,farm,unique_source_name_reviewed,TX,Parker,Fort Worth,76108,600 Bluff Springs Road,public_business_address_reviewed_for_future_reduced_precision,,,"Howdy! We have farm fresh eggs (chicken and Quail) we focus on colorful eggs including blue quail eggs. We sell duck, quail, beef, and goat meat. In the spring, we also sell baby chicks and baby goats (Nigerian Dwarf).",Shop Texas Farms member,,,internal_until_public_use_review,,,,,True,False,False,False,False,False,False,1,txobs_dec3ed3b0f25fec12a41,Shop Texas Farms — member business directory,https://shoptexasfarms.com/business-directory/entry/qtoaa/,D,2026-07-15,promotion_eligible_reviewed,,Fields selected by evidence grade; all underlying observations remain separately auditable.
TX-A2ACB8F82F,Oak Farms® Dairy,oak farms dairy,farm,unique_source_name_reviewed,TX,Parker,Weatherford,76087,"2353 Tin Top Rd, Weatherford, Texas 76087",public_business_address_reviewed_for_future_reduced_precision,,,Dairy Products,Farm-to-school vendor candidate,+1 (817) 684-3600,glen.pearce@dfamilk.com,internal_until_public_use_review,https://oakfarmsdairy.com/,,,,False,False,False,False,False,True,True,1,txobs_0881adb47e6d5004d6d6,Texas Department of Agriculture — Farm to School vendor resource list,https://www.squaremeals.org/Portals/8/files/NSLP/LFS/LFS%20Vendor%20Resource%20List%20Updated%20Nov%202024.pdf?ver=I7PGgvoElV78S-FFin0OiQ%3D%3D,D,2026-07-15,promotion_eligible_reviewed,,Fields selected by evidence grade; all underlying observations remain separately auditable.
TX-8EF34AAC16,Prairie Oasis Farm,prairie oasis farm,farm,unique_source_name_reviewed,TX,Parker,Millsap ,76066,,public_business_address_reviewed_for_future_reduced_precision,,,Pastured livestock and/or farm products; see source profile,Pastured-product farm; direct sales,(817) 550-7022,akboone@skybeammail.com,internal_until_public_use_review,http://www.prairieoasisfarm.com/,,,,True,False,False,False,False,False,False,1,txobs_c89c7b29e13489bf1ab5,EatWild Texas directory,https://www.eatwild.com/products/texas.html,D,2026-07-15,promotion_eligible_reviewed,,Fields selected by evidence grade; all underlying observations remain separately auditable.
TX-7B4611A08D,Star Ranch,star ranch,farm,unique_source_name_reviewed,TX,Parker,Weatherford,76088,2000 Central rd,public_business_address_reviewed_for_future_reduced_precision,,,beef,LocalHarvest Family Farm,(408) 690-9961,,internal_until_public_use_review,https://starranchbeef.com/,http://www.facebook.com/Starranchcattle/,https://instagram.com/molly.m_star.ranch/,,True,False,False,False,False,False,False,1,txobs_999e7636aed6aafe06e4,LocalHarvest — Texas county-seat gap search,https://www.localharvest.org/star-ranch-M84898,D,2026-07-15,promotion_eligible_reviewed,,Fields selected by evidence grade; all underlying observations remain separately auditable.
TX-5450A925F9,The Apple Shack,the apple shack,farm,unique_source_name_reviewed,TX,Parmer,Farwell,79325,715 FM 292,public_business_address_reviewed_for_future_reduced_precision,,,"PYO apples, farm stand",U-pick; agritourism,806-481-8682,theappleshacktx@gmail.com,internal_until_public_use_review,,,,,True,False,False,False,True,False,False,1,txobs_ba6a79f25136f58400c0,PickYourOwn — Panhandle,https://www.pickyourown.org/TXpanhandle.htm,E,2026-07-15,research_or_qa_queue,single grade-E discovery listing needs corroboration,Fields selected by evidence grade; all underlying observations remain separately auditable.
TX-5F38E410A7,Brackin Farm,brackin farm,farm,unique_source_name_reviewed,TX,Polk,Livingston,,,public_business_address_reviewed_for_future_reduced_precision,30.711029,-94.9329898,Fruit; Herbs; Vegetables,Farms & Ranches,,,internal_until_public_use_review,,,,,False,False,False,False,False,False,False,1,txobs_dff9091a18d201358b19,Texas Center for Local Food — Farms & Ranches,https://texaslocalfood.org/tclf-partner/brackin-farm/,D,2026-07-15,promotion_eligible_reviewed,,Fields selected by evidence grade; all underlying observations remain separately auditable.
TX-3F41FDFCB5,Grand G Ranch,grand g ranch,farm,unique_source_name_reviewed,TX,Polk,Livingston,77351,3628 FM 3126,public_business_address_reviewed_for_future_reduced_precision,,,beef,LocalHarvest Family Farm,,,internal_until_public_use_review,https://www.grandgranch.com,,,,True,False,False,False,False,False,False,1,txobs_456d41f7ed6317786efd,LocalHarvest — Texas county-seat gap search,https://www.localharvest.org/grand-g-ranch-M84989,D,2026-07-15,promotion_eligible_reviewed,,Fields selected by evidence grade; all underlying observations remain separately auditable.
TX-0A3EE0F083,Poverty Knob Ranch And Company Llc,poverty knob ranch and company,farm,unique_source_name_reviewed,TX,Polk,Livingston,77351,245 Chuckwagon,public_business_address_reviewed_for_future_reduced_precision,,,Honey,GO TEXAN Farm And Ranch; Product,(936) 223-7778,,internal_until_public_use_review,,,,,True,False,False,False,False,False,False,1,txobs_be06252c46abd92db496,Texas Department of Agriculture — GO TEXAN Farm And Ranch,https://bridge.texasagriculture.gov/GoTexanSearch/?resultsFormat=CommaSeparatedValues&searchType=Advanced&pageSize=2147483647&businessType=Farm+And+Ranch&pageNumber=1,B,2026-07-15,promotion_eligible_reviewed,,Fields selected by evidence grade; all underlying observations remain separately auditable.
TX-71CEF5090C,Stone Farms Livingston,stone farms livingston,farm,unique_source_name_reviewed,TX,Polk,Livingston,77351,1814 Oak Dale Loop,public_business_address_reviewed_for_future_reduced_precision,,,broccoli; carrots; cauliflower; kohlrabi; rutabagas; beef; lamb; pork; eggs; asparagus; cucumber; hot peppers; onions; potatoes; summer squash; sweet peppers; tomatoes; winter-squash; zucchini; Red Wattle Hog; St. Croix Sheep; Amish Pie Squash; Boston Marrow Squash; Cherokee Purple Tomato; Green Striped Cushaw,LocalHarvest Family Farm,(281) 686-9779,,internal_until_public_use_review,,,,,True,False,False,False,False,False,False,1,txobs_020ff0f6d77898caf5dc,LocalHarvest — Texas county-seat gap search,https://www.localharvest.org/stone-farms-livingston-M76104,D,2026-07-15,promotion_eligible_reviewed,,Fields selected by evidence grade; all underlying observations remain separately auditable.
TX-702D71D241,The Blueberry Farm Livingston,the blueberry farm livingston,farm,unique_source_name_reviewed,TX,Polk,Polk County service area,,,public_business_address_reviewed_for_future_reduced_precision,,,"blueberries,",U-pick; agritourism,972-979-8270,,internal_until_public_use_review,,https://www.facebook.com/cmfarmblueberries,,,True,False,False,False,True,False,False,1,txobs_6d367e9f286529570e6e,PickYourOwn — Houston / Southeast,https://www.pickyourown.org/TXhouston.htm,D,2026-07-15,promotion_eligible_reviewed,,Fields selected by evidence grade; all underlying observations remain separately auditable.
TX-1D28DFA0A4,Happy Chicks Eggs,happy chicks eggs,farm,unique_source_name_reviewed,TX,Potter,Amarillo,79107,3515 N Cleveland St,public_business_address_reviewed_for_future_reduced_precision,,,Beef; Chicken Eggs,GO TEXAN Farm And Ranch; Product,(806) 340-4317,,internal_until_public_use_review,,,,,True,False,False,False,False,False,False,1,txobs_8a9ac65a719637ccbde9,Texas Department of Agriculture — GO TEXAN Farm And Ranch,https://bridge.texasagriculture.gov/GoTexanSearch/?resultsFormat=CommaSeparatedValues&searchType=Advanced&pageSize=2147483647&businessType=Farm+And+Ranch&pageNumber=1,B,2026-07-15,promotion_eligible_reviewed,,Fields selected by evidence grade; all underlying observations remain separately auditable.
TX-B69315C791,Plains Dairy,plains dairy,producer_requires_type_review,unique_source_name_reviewed,TX,Potter,Amarillo,79107,"300 N Taylor St, Amarillo, TX 79107",public_business_address_reviewed_for_future_reduced_precision,,,Dairy Products,Farm-to-school vendor candidate,800.365.5608,,internal_until_public_use_review,https://www.plainsdairy.com/store-finder,,,,False,False,False,False,False,True,True,1,txobs_585b9e6b42c2af0fbbbc,Texas Department of Agriculture — Farm to School vendor resource list,https://www.squaremeals.org/Portals/8/files/NSLP/LFS/LFS%20Vendor%20Resource%20List%20Updated%20Nov%202024.pdf?ver=I7PGgvoElV78S-FFin0OiQ%3D%3D,E,2026-07-15,research_or_qa_queue,single grade-E discovery listing needs corroboration; member/vendor directory candidate needs independent farm-operation evidence,Fields selected by evidence grade; all underlying observations remain separately auditable.
TX-BD04EC3F45,Square Mile Community Development,square mile farms,farm,merged_exact_name_reviewed,TX,Potter,Amarillo,79106,3107 SW 6th Ave,public_business_address_reviewed_for_future_reduced_precision,,,arugula; beets; carrots; collards; green onions; kale; lettuce; mustard greens; radishes; salad greens; salad mix; spinach; swiss chard; eggplant; hot peppers; okra; sweet corn; cucumber; pumpkins; summer squash; sweet peppers; tomatoes; cantaloupes; winter-squash; Cherokee Purple Tomato; Jimmy Nardello's Sweet Italian Frying pepper; Fruit; Herbs; Vegetables,LocalHarvest Family Farm; Community Gardens; Distributor; Farmers Markets & Farm Stands; Farms & Ranches,(806) 337-0683,info@square-mile.org,internal_until_public_use_review,https://www.square-mile.org/the-farm/,https://www.facebook.com/squaremilecommunity,https://www.instagram.com/squaremilecommunity/,,True,False,False,False,False,False,True,2,txobs_3bb2227954de765051ee | txobs_2bde41b5184d54aa9d5e,LocalHarvest — Texas county-seat gap search | Texas Center for Local Food — Farms & Ranches,https://www.localharvest.org/square-mile-farms-M85529 | https://texaslocalfood.org/tclf-partner/square-mile-community-development/,D,2026-07-15,promotion_eligible_reviewed,,Fields selected by evidence grade; all underlying observations remain separately auditable.
TX-6B709E2998,Tierra Linda Natural Farm,tierra linda natural farm,farm,unique_source_name_reviewed,TX,Potter,Amarillo,79124,1620 S. Washington,public_business_address_reviewed_for_future_reduced_precision,,,arugula; collards; garlic; kale; leeks; lettuce; mustard greens; radishes; winter-squash; beef; fish / seafood; pork; medicinal herbs; sprouts; wheat grass; beets; broccoli; cabbage; carrots; cauliflower; celery; cucumber; green beans; green onions; hot peppers; okra; onions; peas; pumpkins; salad greens; spinach; summer squash; sweet peppers; tomatoes; turnips; zucchini; cantaloupes; watermelons,LocalHarvest Family Farm,(806) 677-3184,,internal_until_public_use_review,,http://www.facebook.com/pages/Tierra-Linda-Natural-Farm-at-Mariposa/145207182193581,,,True,False,False,False,False,False,False,1,txobs_f249de54544a5e102694,LocalHarvest — Texas county-seat gap search,https://www.localharvest.org/tierra-linda-natural-farm-M40867,D,2026-07-15,promotion_eligible_reviewed,,Fields selected by evidence grade; all underlying observations remain separately auditable.
TX-1B8A223B37,Village Farms,village farms,farm,unique_source_name_reviewed,TX,Presidio,Marfa,79843,"N Highway 17, Marfa, TX 79843",public_business_address_reviewed_for_future_reduced_precision,,,"Fruits, Vegetables",Farm-to-school vendor candidate,(407) 936-1190,,internal_until_public_use_review,https://www.villagefarmsfresh.com,,,,False,False,False,False,False,True,True,1,txobs_7dc1c946643a4a769169,Texas Department of Agriculture — Farm to School vendor resource list,https://www.squaremeals.org/Portals/8/files/NSLP/LFS/LFS%20Vendor%20Resource%20List%20Updated%20Nov%202024.pdf?ver=I7PGgvoElV78S-FFin0OiQ%3D%3D,D,2026-07-15,promotion_eligible_reviewed,,Fields selected by evidence grade; all underlying observations remain separately auditable.
TX-4BFF18354F,Alford Family Farm,alford family farm,farm,merged_exact_name_reviewed,TX,Rains,Emory,75440,199 Private Road 6181,public_business_address_reviewed_for_future_reduced_precision,,,"collards; mustard greens; pecans; green onions; onions; summer squash; winter-squash; zucchini; strawberries; cucumber; eggplant; green beans; hot peppers; okra; sweet peppers; tomatoes; blackberries; blueberries; grapes; honey; preserves; fresh flowers; American Native Pecan; Cherokee Purple Tomato; German Pink Tomato; Sudduth Strain Brandywine Tomato; Uses natural growing practices , strawberries, blackberries, blueberries, Muscadines, grapes, pecans, flowers, Fresh eggs, U-pick and already picked, farm market, porta-potties are available, picnic area, farm animals",LocalHarvest Family Farm; U-pick; agritourism,903-474-7629,patty.alford@alfordfamilyfarm.com,internal_until_public_use_review,https://alfordfamilyfarm.com,https://www.facebook.com/AlfordFamilyFarm,,,True,False,False,False,True,False,False,2,txobs_9c219e7929ec74953f03 | txobs_5c5e8789bb197d5c18ac,LocalHarvest — Texas county-seat gap search | PickYourOwn — Northeast,https://www.localharvest.org/alford-family-farm-M71284 | https://www.pickyourown.org/TXnortheast.htm,D,2026-07-15,promotion_eligible_reviewed,,Fields selected by evidence grade; all underlying observations remain separately auditable.
TX-9217ECB740,Born & Raised,born and raised,farm,unique_source_name_reviewed,TX,Rains,Emory,75440,,public_business_address_reviewed_for_future_reduced_precision,,,Pastured livestock and/or farm products; see source profile,Pastured-product farm; direct sales,(214) 449-1092,emily@bornraisedtx.com,internal_until_public_use_review,https://www.bornraisedtx.com/,https://www.facebook.com/bornraisedtx/,https://www.instagram.com/bornraisedtx/,,True,False,False,False,False,False,False,1,txobs_2c5802a04400ee5fa8a3,EatWild Texas directory,https://www.eatwild.com/products/texas.html,D,2026-07-15,promotion_eligible_reviewed,,Fields selected by evidence grade; all underlying observations remain separately auditable.
TX-FF6562F468,Dalusa Organic Ranch,dalusa organic ranch,farm,merged_exact_name_reviewed,TX,Rains,Point ,75472,2755 Rains Cty Rd 1490,public_business_address_reviewed_for_future_reduced_precision,,,Pastured livestock and/or farm products; see source profile; beef,Pastured-product farm; direct sales; LocalHarvest Family Farm,(903) 598-6822,smccartermd@gmail.com,internal_until_public_use_review,,,https://www.instagram.com/dalusa_ranch_shenanigans_/,,True,False,False,False,False,False,False,2,txobs_02cdf5daaf536dec6904 | txobs_0e8d112ba07305530e5e,EatWild Texas directory | LocalHarvest — Texas county-seat gap search,https://www.eatwild.com/products/texas.html | https://www.localharvest.org/dalusa-organic-ranch-M46041,D,2026-07-15,promotion_eligible_reviewed,,Fields selected by evidence grade; all underlying observations remain separately auditable.
TX-E3637F7C7B,Castro Family Farm,castro family farm,farm,unique_source_name_reviewed,TX,Randall,Canyon,79015,22100 FM 1541,public_business_address_reviewed_for_future_reduced_precision,,,chicken; rabbit; eggs; baked goods; seeds; cucumber; hot peppers; pumpkins; radishes; summer squash; sweet peppers; tomatoes; winter-squash; zucchini; cantaloupes; watermelons; bread; fresh flowers,LocalHarvest Family Farm,(806) 477-2310,,internal_until_public_use_review,,https://facebook.com/castrofamfarm/,https://instagram.com/castrofamfarm/,,True,False,False,False,False,False,False,1,txobs_9e610377e3f7b682bca5,LocalHarvest — Texas county-seat gap search,https://www.localharvest.org/castro-family-farm-M77158,D,2026-07-15,promotion_eligible_reviewed,,Fields selected by evidence grade; all underlying observations remain separately auditable.
TX-2A86CEBA24,Creek House Honey Farm,creek house honey farm,farm,merged_exact_name_reviewed,TX,Randall,Canyon,79015,5005 4th Ave,public_business_address_reviewed_for_future_reduced_precision,,,Farm/ranch products; see current statewide profile; Bee Body Butter; Bee Relief; Beeswax Deodorant; Beeswax Lip Balm; Beeswax Lotion; Beeswax Soap; Healing Cream; Healing Salve; Honeycomb Sugar Scrub; Puppy Balm; Raw Honey Varieties; Spun Honey Varieties,Farms & Ranches; Specialty Producers; GO TEXAN Farm And Ranch; Product,(806) 381-3446,creekhousehoneyfarm@gmail.com,internal_until_public_use_review,https://www.creekhousehoneyfarm.com,https://www.facebook.com/creekhousehoneyfarm,,,True,False,False,False,False,True,False,2,txobs_d4804dbe880a5316eec3 | txobs_322d8e290ce5d6aed044,Texas Center for Local Food — Farms & Ranches | Texas Department of Agriculture — GO TEXAN Farm And Ranch,https://texaslocalfood.org/tclf-partner/creek-house-honey-farm/ | https://bridge.texasagriculture.gov/GoTexanSearch/?resultsFormat=CommaSeparatedValues&searchType=Advanced&pageSize=2147483647&businessType=Farm+And+Ranch&pageNumber=1,B; D,2026-07-15,promotion_eligible_reviewed,,Fields selected by evidence grade; all underlying observations remain separately auditable.
TX-06FFA585BC,Dirty Hands Candle Company,dirty hands candle company,farm,unique_source_name_reviewed,TX,Randall,Amarillo,79119,9159 Strawberry Fields Dr East,public_business_address_reviewed_for_future_reduced_precision,,,Hand Poured Rustic Candles,GO TEXAN Farm And Ranch; Product,(678) 472-0586,,internal_until_public_use_review,https://www.dirtyhandscandlecompany.com,,,,True,False,False,False,False,True,False,1,txobs_7ff2300c9246154be827,Texas Department of Agriculture — GO TEXAN Farm And Ranch,https://bridge.texasagriculture.gov/GoTexanSearch/?resultsFormat=CommaSeparatedValues&searchType=Advanced&pageSize=2147483647&businessType=Farm+And+Ranch&pageNumber=1,B,2026-07-15,promotion_eligible_reviewed,,Fields selected by evidence grade; all underlying observations remain separately auditable.
TX-617558FF7D,Ti Enterprises,ti enterprises,farm,unique_source_name_reviewed,TX,Randall,Amarillo,79118,12015 Aussie Dr.,public_business_address_reviewed_for_future_reduced_precision,,,Seasoning,GO TEXAN Farm And Ranch; Product,(806) 290-2518,,internal_until_public_use_review,,,,,True,False,False,False,False,False,False,1,txobs_d393a0d8c5ec1b9a6410,Texas Department of Agriculture — GO TEXAN Farm And Ranch,https://bridge.texasagriculture.gov/GoTexanSearch/?resultsFormat=CommaSeparatedValues&searchType=Advanced&pageSize=2147483647&businessType=Farm+And+Ranch&pageNumber=1,B,2026-07-15,promotion_eligible_reviewed,,Fields selected by evidence grade; all underlying observations remain separately auditable.
TX-DCA1C38416,Tir Bluen,tir bluen,farm,unique_source_name_reviewed,TX,Randall,Amarillo,79119,15895 S. Dowell Rd,public_business_address_reviewed_for_future_reduced_precision,,,"salad mix; chicken; arugula; beets; carrots; chinese greens; cucumber; green onions; lettuce; peas; radishes; salad greens; spinach; swiss chard; turnips; eggplant; green beans; hot peppers; kale; okra; onions; potatoes; pumpkins; summer squash; sweet peppers; tomatillos; tomatoes; winter-squash; zucchini; duck; lamb; turkey; sweet potatoes; Bourbon Red Turkey; Rhode Island Red Chicken, ""Old-Type""",LocalHarvest Family Farm,(806) 567-0746,,internal_until_public_use_review,,,,,True,False,False,False,False,False,False,1,txobs_c949eb560250ae590d6d,LocalHarvest — Texas county-seat gap search,https://www.localharvest.org/tir-bluen-M62575,D,2026-07-15,promotion_eligible_reviewed,,Fields selected by evidence grade; all underlying observations remain separately auditable.
TX-177B540DDB,Floating O Farms,floating o farms,farm,unique_source_name_reviewed,TX,Red River,Bogata,75417,1700 US 271 S,public_business_address_reviewed_for_future_reduced_precision,,,Texas Elderberry Farm and supplement producer.,Shop Texas Farms member,,,internal_until_public_use_review,http://www.floatingofarms.com,https://www.facebook.com/FloatingOFarms?mibextid=ZbWKwL,https://instagram.com/floating_o_farms,,True,False,False,False,False,False,False,1,txobs_c46fed671ca2329ec4ad,Shop Texas Farms — member business directory,https://shoptexasfarms.com/business-directory/entry/9mrh/,D,2026-07-15,promotion_eligible_reviewed,,Fields selected by evidence grade; all underlying observations remain separately auditable.
TX-938C744598,Kelley Produce,kelley produce,producer_requires_type_review,unique_source_name_reviewed,TX,Red River,Bogata,75417,"809 US Highway 271 S. Bogota, TX 75417",public_business_address_reviewed_for_future_reduced_precision,,,"Fruits, Vegetables",Farm-to-school vendor candidate,(903) 632-1051,kproducedfm@gmail.com,internal_until_public_use_review,,,,,False,False,False,False,False,True,True,1,txobs_677b97a05289b49409c4,Texas Department of Agriculture — Farm to School vendor resource list,https://www.squaremeals.org/Portals/8/files/NSLP/LFS/LFS%20Vendor%20Resource%20List%20Updated%20Nov%202024.pdf?ver=I7PGgvoElV78S-FFin0OiQ%3D%3D,E,2026-07-15,research_or_qa_queue,single grade-E discovery listing needs corroboration; member/vendor directory candidate needs independent farm-operation evidence,Fields selected by evidence grade; all underlying observations remain separately auditable.
TX-EE924CAE4E,Kiomatia Blueberry Farm,kiomatia blueberry farm,farm,unique_source_name_reviewed,TX,Red River,Detroit,75436,16602 FM 410,public_business_address_reviewed_for_future_reduced_precision,,,"blueberries,",U-pick; agritourism,(903) 674-2163,blueberries@kiomatiablueberryfarm.com,internal_until_public_use_review,https://www.kiomatiablueberryfarm.com,https://www.facebook.com/Kiomatia-Blueberry-Farm-437803346331761,,,True,False,False,False,True,False,False,1,txobs_5d7382d5cdb8910fffcc,PickYourOwn — Northeast,https://www.pickyourown.org/TXnortheast.htm,D,2026-07-15,promotion_eligible_reviewed,,Fields selected by evidence grade; all underlying observations remain separately auditable.
TX-C2302E623A,Luke Brown Farms,luke brown farms,farm,unique_source_name_reviewed,TX,Reeves,Balmorhea,,839 1-10,public_business_address_reviewed_for_future_reduced_precision,,,Fruit,Farm-to-school vendor candidate,+1 (713) 351-3448,bnix@hardies.com,internal_until_public_use_review,,,,,False,False,False,False,False,True,True,1,txobs_db981415348a09beb0e2,Texas Department of Agriculture — Farm to School vendor resource list,https://www.squaremeals.org/Portals/8/files/NSLP/LFS/LFS%20Vendor%20Resource%20List%20Updated%20Nov%202024.pdf?ver=I7PGgvoElV78S-FFin0OiQ%3D%3D,D,2026-07-15,promotion_eligible_reviewed,,Fields selected by evidence grade; all underlying observations remain separately auditable.
TX-2E71CAF067,Tuttles Meat Market,tuttles meat market,producer_requires_type_review,unique_source_name_reviewed,TX,Refugio,Woodsboro,,"214 2nd St.Woodsboro, TX78393",public_business_address_reviewed_for_future_reduced_precision,,,Meat,Farm-to-school vendor candidate,361-543-4853,tuttlesgrocery@gmail.com,internal_until_public_use_review,https://tuttlesmeatmarket.com/wholesale-distribution/,,,,False,False,False,False,False,True,True,1,txobs_81114f5b199d8a4d2340,Texas Department of Agriculture — Farm to School vendor resource list,https://www.squaremeals.org/Portals/8/files/NSLP/LFS/LFS%20Vendor%20Resource%20List%20Updated%20Nov%202024.pdf?ver=I7PGgvoElV78S-FFin0OiQ%3D%3D,E,2026-07-15,research_or_qa_queue,single grade-E discovery listing needs corroboration; member/vendor directory candidate needs independent farm-operation evidence,Fields selected by evidence grade; all underlying observations remain separately auditable.
TX-E1E64AF099,Bar W Ranch Beef,bar w ranch beef,farm,unique_source_name_reviewed,TX,Robertson,Calvert,,,public_business_address_reviewed_for_future_reduced_precision,,,beef,LocalHarvest Family Farm,(210) 260-9950,,internal_until_public_use_review,https://www.barwcalverttx.com,http://www.facebook.com/BarWRanchTX,https://instagram.com/bar_w_ranch/,,True,False,False,False,False,False,False,1,txobs_51eb1bbf2d131bae4969,LocalHarvest — Texas county-seat gap search,https://www.localharvest.org/bar-w-ranch-beef-M84881,D,2026-07-15,promotion_eligible_reviewed,,Fields selected by evidence grade; all underlying observations remain separately auditable.
TX-114643DC93,DeZavala Vineyard,dezavala vineyard,farm,unique_source_name_reviewed,TX,Robertson,Franklin,77856,,public_business_address_reviewed_for_future_reduced_precision,,,"Blueberries, Blackberries, Grapes | US-79, Franklin, TX 77856.",U-pick; agritourism,979-828-4767,,internal_until_public_use_review,https://dezavalafruit.com/,https://www.facebook.com/p/Dezavala-vineyard-100063733110956/,,,True,False,False,False,True,False,False,1,txobs_770891d8c5605ded29ef,PickYourOwn — Austin,https://www.pickyourown.org/TXaustin.htm,D,2026-07-15,promotion_eligible_reviewed,,Fields selected by evidence grade; all underlying observations remain separately auditable.
TX-3C25257B34,HerbanEggs,herbaneggs,farm,unique_source_name_reviewed,TX,Robertson,Wheelock,77882,244 Farm-to-Market Road 391,public_business_address_reviewed_for_future_reduced_precision,,,Farm/ranch products; see current statewide profile,Farms & Ranches,936-661-3270,ja@herbaneggs.com,internal_until_public_use_review,https://herbaneggs.com/,,,,False,False,False,False,False,False,False,1,txobs_d804cfb526a60308fc2e,Texas Center for Local Food — Farms & Ranches,https://texaslocalfood.org/tclf-partner/herbaneggs/,D,2026-07-15,promotion_eligible_reviewed,,Fields selected by evidence grade; all underlying observations remain separately auditable.
TX-33CE61B7A0,Kelumac Christmas Tree Farm Bed and Breakfast,kelumac christmas tree farm bed and breakfast,farm,unique_source_name_reviewed,TX,Robertson,Bryan,77808,10379 Taylor Road,public_business_address_reviewed_for_future_reduced_precision,,,"blackberries, gift shop, restrooms, picnic area",U-pick; agritourism,979-279-3931,kelumac@aol.com,internal_until_public_use_review,,https://www.facebook.com/kelumacfarms/,,,True,False,False,False,True,False,False,1,txobs_a575c23eadc7652a6816,PickYourOwn — Austin,https://www.pickyourown.org/TXaustin.htm,D,2026-07-15,promotion_eligible_reviewed,,Fields selected by evidence grade; all underlying observations remain separately auditable.
TX-C20628F119,Blackland Berry Farm,blackland berry farm,farm,unique_source_name_reviewed,TX,Rockwall,Royse City,75189,230 Jones Road,public_business_address_reviewed_for_future_reduced_precision,,,"No pesticides are used blackberries, blueberries, concessions or refreshment stand, restrooms, picnic area",U-pick; agritourism,,,internal_until_public_use_review,,https://www.facebook.com/blacklandberryfarm/,,,True,False,False,False,True,False,False,1,txobs_a8551142481b96a7a322,PickYourOwn — Dallas / Fort Worth,https://www.pickyourown.org/TXdallas.htm,D,2026-07-15,promotion_eligible_reviewed,,Fields selected by evidence grade; all underlying observations remain separately auditable.
TX-1AB814546B,Blase Family Farm,blase family farm,farm,merged_exact_name_reviewed,TX,Rockwall,Rockwall,75087,1232 East Fork Drive,public_business_address_reviewed_for_future_reduced_precision,,,"blueberries; Uses natural growing practices , blueberries, pumpkins, concessions or refreshment stand, porta-potties are available, picnic area, picnic area you may bring your own food, birthday parties, school tours, group reservations",LocalHarvest Family Farm; U-pick; agritourism,(972) 772-3645,jill@blasefamilyfarm.com,internal_until_public_use_review,http://www.blasefamilyfarm.com,https://www.facebook.com/BlaseFamilyFarm,https://instagram.com/blasefamilyfarm,,True,False,False,False,True,False,False,2,txobs_e9b547628ed1e2f7e879 | txobs_bded6dd0a1a0bb4eba88,LocalHarvest — Texas county-seat gap search | PickYourOwn — Dallas / Fort Worth,https://www.localharvest.org/blase-family-farm-M85931 | https://www.pickyourown.org/TXdallas.htm,D,2026-07-15,promotion_eligible_reviewed,,Fields selected by evidence grade; all underlying observations remain separately auditable.
TX-454E2D7B2C,Rockwall Honey Bee Company,rockwall honey bee company,farm,unique_source_name_reviewed,TX,Rockwall,Rockwall,75087,2202 Fm 1141,public_business_address_reviewed_for_future_reduced_precision,,,Local Honey Products,GO TEXAN Farm And Ranch; Product,(972) 897-8348,,internal_until_public_use_review,https://www.rockwallhoneybee.com,,,,True,False,False,False,False,True,False,1,txobs_49c558afa24b344f2e9c,Texas Department of Agriculture — GO TEXAN Farm And Ranch,https://bridge.texasagriculture.gov/GoTexanSearch/?resultsFormat=CommaSeparatedValues&searchType=Advanced&pageSize=2147483647&businessType=Farm+And+Ranch&pageNumber=1,B,2026-07-15,promotion_eligible_reviewed,,Fields selected by evidence grade; all underlying observations remain separately auditable.
TX-E842599DAA,Solis Ranch,solis ranch,farm,unique_source_name_reviewed,TX,Rockwall,Rockwall,75087,Facebook.com/solisranch,public_business_address_reviewed_for_future_reduced_precision,,,Solis Ranch is a multi-generation family ranch who produces quality homegrown angus beef from our ranch in North East Texas. Our beef animals are free of hormones and antibiotics as well as grass fed/grain finished. Beef can be purchased as a single cut or as a half/whole beef. Please call with any questions! We look forward to feeding your families.,Shop Texas Farms member,,,internal_until_public_use_review,,,,,True,False,False,False,False,False,False,1,txobs_cf09f95f4b78ee09452e,Shop Texas Farms — member business directory,https://shoptexasfarms.com/business-directory/entry/okx3x/,D,2026-07-15,promotion_eligible_reviewed,,Fields selected by evidence grade; all underlying observations remain separately auditable.
TX-C4F0491316,Pryor Cattle Company,pryor cattle company,farm,unique_source_name_reviewed,TX,Rusk,Henderson,75654,"2343 FM 348 South, Henderson TX 75654",public_business_address_reviewed_for_future_reduced_precision,,,Meat,Farm-to-school vendor candidate,+1 (903) 658-4672,pryorcattle@eastex.net,internal_until_public_use_review,https://pryorcattlecompany.com/,,,,False,False,False,False,False,True,True,1,txobs_139a71af653f0aaf0a92,Texas Department of Agriculture — Farm to School vendor resource list,https://www.squaremeals.org/Portals/8/files/NSLP/LFS/LFS%20Vendor%20Resource%20List%20Updated%20Nov%202024.pdf?ver=I7PGgvoElV78S-FFin0OiQ%3D%3D,D,2026-07-15,promotion_eligible_reviewed,,Fields selected by evidence grade; all underlying observations remain separately auditable.
TX-AAC1AC98F8,Russell Family Farms,russell family farms,farm,unique_source_name_reviewed,TX,Rusk,Overton,75684,712 County Road 4156 N,public_business_address_reviewed_for_future_reduced_precision,,,Eggs; Meat; Vegetables,Farms & Ranches; Food & Ag Resource,9037475858,kenneth.russell3@gmail.com,internal_until_public_use_review,,https://www.facebook.com/RussellFamilyfarmsoverton,https://www.instagram.com/russellfamilyfarmstx,,False,False,False,False,False,False,True,1,txobs_328a8edacfa1e64f4c03,Texas Center for Local Food — Farms & Ranches,https://texaslocalfood.org/tclf-partner/russell-family-farms/,D,2026-07-15,promotion_eligible_reviewed,,Fields selected by evidence grade; all underlying observations remain separately auditable.
TX-97BC7ED3FA,The Rusty Cow Company,the rusty cow company,farm,unique_source_name_reviewed,TX,Sabine,Hemphill,75948,525 Jordan Lane,public_business_address_reviewed_for_future_reduced_precision,,,spinach; beef; medicinal herbs; hot peppers; shallots; summer squash; tomatoes; zucchini; eggs; turnips; winter-squash,LocalHarvest Family Farm,(409) 457-6495,,internal_until_public_use_review,https://www.therustycowcompany.com,http://www.facebook.com/therustycow,,,True,False,False,False,False,False,False,1,txobs_33dfa01ba903c20073c7,LocalHarvest — Texas county-seat gap search,https://www.localharvest.org/the-rusty-cow-company-M40606,D,2026-07-15,promotion_eligible_reviewed,,Fields selected by evidence grade; all underlying observations remain separately auditable.
TX-FAA73B7892,Bumble And Buzz Llc,bumble and buzz,farm,unique_source_name_reviewed,TX,San Jacinto,Willis,77378,200 Kelly Rd,public_business_address_reviewed_for_future_reduced_precision,,,Candle; Honey; Lip Balm; Lotion; T Shirt,GO TEXAN Farm And Ranch; Product,,,internal_until_public_use_review,,,,,True,False,False,False,False,False,False,1,txobs_ed533c04ac3d727f3113,Texas Department of Agriculture — GO TEXAN Farm And Ranch,https://bridge.texasagriculture.gov/GoTexanSearch/?resultsFormat=CommaSeparatedValues&searchType=Advanced&pageSize=2147483647&businessType=Farm+And+Ranch&pageNumber=1,B,2026-07-15,promotion_eligible_reviewed,,Fields selected by evidence grade; all underlying observations remain separately auditable.
TX-905991CA0D,Duke & Regan Ranch,duke and regan ranch,farm,unique_source_name_reviewed,TX,San Jacinto,Shepherd,77371,386 Lummus Murphy,public_business_address_reviewed_for_future_reduced_precision,,,grapefruit; beef; eggs; broccoli; cabbage; carrots; cucumber; garlic; lettuce; onions; potatoes; spinach; summer squash; sweet potatoes; tomatoes; winter-squash; zucchini; blackberries; blueberries; raspberries; strawberries; watermelons; honey,LocalHarvest Family Farm,(832) 303-0714,,internal_until_public_use_review,https://dukeandreganranch.com,http://www.facebook.com/dukeandreganranch,https://instagram.com/dukeandreganranch,,True,False,False,False,False,False,False,1,txobs_d471ef8452ae3b7b9be7,LocalHarvest — Texas county-seat gap search,https://www.localharvest.org/duke-regan-ranch-M79784,D,2026-07-15,promotion_eligible_reviewed,,Fields selected by evidence grade; all underlying observations remain separately auditable.
TX-6C11BA0D85,Fox Farm Texas,fox farm texas,farm,unique_source_name_reviewed,TX,San Jacinto,Shepherd,77371,191 Yaupon Dr,public_business_address_reviewed_for_future_reduced_precision,,,broccoli; brussels sprouts; cabbage; carrots; cauliflower; chinese greens; green onions; lettuce; mustard greens; onions; salad greens; salad mix; spinach; tomatoes; winter-squash; artichokes; arugula; asparagus; beets; collards; sweet corn; cucumber; eggplant; garlic; green beans; hot peppers; kale; kohlrabi; leeks; okra; peas; potatoes; radishes; shallots; summer squash; sweet peppers; swiss chard; turnips; zucchini; blueberries; strawberries; eggs; pumpkins; sweet potatoes; blackberries; cantaloupes; grapes; peaches; watermelons; jerky; pickles; preserves; Radiator Charlie's Mortgage Lifter Tomato,LocalHarvest Family Farm,(936) 203-8774,,internal_until_public_use_review,,http://www.facebook.com/foxfarmtexas,,,True,False,False,False,False,False,False,1,txobs_5011594d4a73a39ce709,LocalHarvest — Texas county-seat gap search,https://www.localharvest.org/fox-farm-texas-M62363,D,2026-07-15,promotion_eligible_reviewed,,Fields selected by evidence grade; all underlying observations remain separately auditable.
TX-A9B1F0CA6A,Indian Creek Farm - CSA,indian creek farm csa,farm,unique_source_name_reviewed,TX,San Jacinto,Coldspring,77331,330 Indian Creek Drive,public_business_address_reviewed_for_future_reduced_precision,,,salad greens; collards; kale; lettuce; mushrooms; mustard greens; salad mix; spinach; swiss chard; rabbit; eggs; carrots; cucumber; eggplant; green beans; green onions; hot peppers; okra; onions; summer squash; sweet peppers; tomatoes; winter-squash; zucchini; blackberries; blueberries; cantaloupes; melons; fish / seafood; medicinal herbs; grapes; kiwis; The American Rabbit; Poi: Kalo,LocalHarvest Family Farm,(936) 653-8985,,internal_until_public_use_review,https://www.indiancreekfarm.co,http://www.facebook.com/robert.patrick.505,,,True,False,False,False,False,False,False,1,txobs_457a6c5718ffa7083445,LocalHarvest — Texas county-seat gap search,https://www.localharvest.org/indian-creek-farm-csa-M43448,D,2026-07-15,promotion_eligible_reviewed,,Fields selected by evidence grade; all underlying observations remain separately auditable.
TX-FEAA41925F,Oakview Blueberry Farm,oakview blueberry farm,farm,unique_source_name_reviewed,TX,San Jacinto,Cleveland,77331,331 Oakview Lane,public_business_address_reviewed_for_future_reduced_precision,,,"No pesticides are used , blueberries,",U-pick; agritourism,(936) 767-4011,oakview@eastex.net,internal_until_public_use_review,https://www.oakviewblueberryfarm.com,https://www.facebook.com/oakvieworchard,,,True,False,False,False,True,False,False,1,txobs_5de9eaaf12325d4522e5,PickYourOwn — Houston / Southeast,https://www.pickyourown.org/TXhouston.htm,D,2026-07-15,promotion_eligible_reviewed,,Fields selected by evidence grade; all underlying observations remain separately auditable.
TX-07FA9B285F,Pomona Fruit Farm,pomona fruit farm,farm,unique_source_name_reviewed,TX,San Jacinto,Coldspring ,77331,1011 Lower Vann Rd,public_business_address_reviewed_for_future_reduced_precision,,,nectarines; peaches; plums; figs; grapes; pears; persimmons,LocalHarvest Family Farm,(281) 593-1803,,internal_until_public_use_review,,,,,True,False,False,False,False,False,False,1,txobs_821e1e502b5cb6637b0a,LocalHarvest — Texas county-seat gap search,https://www.localharvest.org/pomona-fruit-farm-M64109,D,2026-07-15,promotion_eligible_reviewed,,Fields selected by evidence grade; all underlying observations remain separately auditable.
TX-C7CC18C27B,Yeager Farm,yeager farm,farm,unique_source_name_reviewed,TX,San Jacinto,Coldspring,,,public_business_address_reviewed_for_future_reduced_precision,,,broccoli; cabbage; carrots; green onions; lettuce; onions; spinach; tomatoes; beef; chicken; goat; jerky; pork; rabbit; venison; butter; cheese; eggs; raw milk; beeswax; bread; honey; pasta/soups; preserves; soap; beets; cucumber; green beans; hot peppers; peas; potatoes; salad mix; summer squash; blackberries; pickles; medicinal herbs; sweet corn; dry beans; okra; pumpkins; zucchini; cantaloupes; figs; peaches; plums; strawberries; watermelons; corn; gourds; luffa,LocalHarvest Family Farm,,,internal_until_public_use_review,https://www.yeagerfarm.blogspot.com,http://www.facebook.com/SusieBurchettYeager,,,True,False,False,False,False,False,False,1,txobs_639153afb45fd62f8aec,LocalHarvest — Texas county-seat gap search,https://www.localharvest.org/yeager-farm-M48746,D,2026-07-15,promotion_eligible_reviewed,,Fields selected by evidence grade; all underlying observations remain separately auditable.
TX-E68A26707B,Burgod Brothers Ranch&Farm,burgod brothers ranch and farm,farm,unique_source_name_reviewed,TX,San Patricio,Odem,,,public_business_address_reviewed_for_future_reduced_precision,,,"asparagus; beets; cabbage; carrots; celery; eggplant; garlic; green onions; hot peppers; lettuce; mustard greens; onions; radishes; salad greens; salad mix; shallots; spinach; sweet peppers; tomatoes; turnips; zucchini; beef; chicken; duck; geese; goat; eggs; honey; medicinal herbs; sweet corn; cucumber; okra; cantaloupes; melons; strawberries; watermelons; pumpkins; Rhode Island Red Chicken, ""Old-Type""; Wyandotte Chicken",LocalHarvest Family Farm,(361) 442-9918,,internal_until_public_use_review,https://burgosbrothers.com,,,,True,False,False,False,False,False,False,1,txobs_2b343626802b6e2c524a,LocalHarvest — Texas county-seat gap search,https://www.localharvest.org/burgod-brothers-ranch-farm-M75756,D,2026-07-15,promotion_eligible_reviewed,,Fields selected by evidence grade; all underlying observations remain separately auditable.
TX-6C7425BC62,Gulf Breeze Alpaca Ranch & Lodging,gulf breeze alpaca ranch and lodging,farm,unique_source_name_reviewed,TX,San Patricio,Lake City,78368,200 Lakeview Dr.,public_business_address_reviewed_for_future_reduced_precision,,,eggs; alpaca; wool,LocalHarvest Family Farm,(361) 537-0503,,internal_until_public_use_review,https://www.gulfbreezealpacas.com,http://www.facebook.com/gbar188,https://instagram.com/gulfbreezealapacaranch,,True,False,False,False,False,False,False,1,txobs_72a18c2b13754e9f9e7b,LocalHarvest — Texas county-seat gap search,https://www.localharvest.org/gulf-breeze-alpaca-ranch-lodging-M29864,D,2026-07-15,promotion_eligible_reviewed,,Fields selected by evidence grade; all underlying observations remain separately auditable.
TX-A59015A142,Oliver Pecan Company,oliver pecan company,farm,unique_source_name_reviewed,TX,San Saba,San Saba,76877,1402 West Wallace Street,public_business_address_reviewed_for_future_reduced_precision,,,Baked Goods; Non-food; Specialty Products,Farms & Ranches; Grocery & Shops; Processors & Kitchens; Restaurants & Food Trucks; Specialty Producers,325-372-5771,holtoliver86@gmail.com,internal_until_public_use_review,https://oliverpecan.com,https://www.facebook.com/OliverPecan/,https://www.instagram.com/oliverpecanco/?hl=en,,True,False,False,False,False,False,True,1,txobs_e10f68143e1249cc510e,Texas Center for Local Food — Farms & Ranches,https://texaslocalfood.org/tclf-partner/oliver-pecan-company/,D,2026-07-15,promotion_eligible_reviewed,,Fields selected by evidence grade; all underlying observations remain separately auditable.
TX-FDD7E2039E,Plantible Operations Llc,plantible operations,farm,unique_source_name_reviewed,TX,Schleicher,Eldorado,76936,1979 Us 277,public_business_address_reviewed_for_future_reduced_precision,,,Rubi Protein,GO TEXAN Farm And Ranch; Product,(310) 606-0814,,internal_until_public_use_review,,,,,False,False,False,False,False,True,False,1,txobs_dfaab0b5aa11b8df69ad,Texas Department of Agriculture — GO TEXAN Farm And Ranch,https://bridge.texasagriculture.gov/GoTexanSearch/?resultsFormat=CommaSeparatedValues&searchType=Advanced&pageSize=2147483647&businessType=Farm+And+Ranch&pageNumber=1,B,2026-07-15,promotion_eligible_reviewed,,Fields selected by evidence grade; all underlying observations remain separately auditable.
TX-2654111826,Knight Flyer Fowl,knight flyer fowl,farm,unique_source_name_reviewed,TX,Shelby,Tenaha,,,public_business_address_reviewed_for_future_reduced_precision,,,chicken; duck; eggs,LocalHarvest Family Farm,,,internal_until_public_use_review,https://knightflyerfowl.weebly.com,http://www.facebook.com/knightflyerfowl,,,True,False,False,False,False,False,False,1,txobs_8dcef6e80bc42934f245,LocalHarvest — Texas county-seat gap search,https://www.localharvest.org/knight-flyer-fowl-M54312,D,2026-07-15,promotion_eligible_reviewed,,Fields selected by evidence grade; all underlying observations remain separately auditable.
TX-51656E950E,Barron's Blueberries,barrons blueberries,farm,unique_source_name_reviewed,TX,Smith,Lindale,75771,16478 County Road 431,public_business_address_reviewed_for_future_reduced_precision,,,"blueberries, and prepicked produce",U-pick; agritourism,(903) 312-8538,barronsblueberries@hotmail.com,internal_until_public_use_review,,https://www.facebook.com/barronsblueberries,,,True,False,False,False,True,False,False,1,txobs_02a9916c16ae707971f4,PickYourOwn — Northeast,https://www.pickyourown.org/TXnortheast.htm,D,2026-07-15,promotion_eligible_reviewed,,Fields selected by evidence grade; all underlying observations remain separately auditable.
TX-D1C9C75B0D,Growing Branches Farm,growing branches farm,farm,unique_source_name_reviewed,TX,Smith,Winona,75792,,public_business_address_reviewed_for_future_reduced_precision,,,Meat; Vegetables,Farms & Ranches,,growingbranchesfarm@gmail.com,internal_until_public_use_review,https://www.growingbranchesfarm.com,,,,True,False,False,False,False,False,True,1,txobs_42bb23be9fb957533555,Texas Center for Local Food — Farms & Ranches,https://texaslocalfood.org/tclf-partner/growing-branches-farm/,D,2026-07-15,promotion_eligible_reviewed,,Fields selected by evidence grade; all underlying observations remain separately auditable.
TX-159A36E751,JT2 Beef,jt2 beef,farm,unique_source_name_reviewed,TX,Smith,Tyler,75704,2016 E. Erwin Street,public_business_address_reviewed_for_future_reduced_precision,,,"Back in a time when agriculture was deeply ingrained in our society, the concept of Farm to Table wasn’t just a buzzword; it was the standard. Fast forward to today, and the accessibility of ranch-raised beef has become a premium and elusive commodity for many. At JT2 Beef, we set out to change that narrative. Our family-owned and operated ranch, rooted in the heart of East Texas, was founded on the principles of bringing back the traditional Farm-to-Table way of enjoying quality, all-natural meat. We believe that everyone should have affordable access to high-quality pasture-raised beef, just like in the old days.",Shop Texas Farms member,,,internal_until_public_use_review,,,,,True,False,False,False,False,False,False,1,txobs_c5d3137f17595f8f37c4,Shop Texas Farms — member business directory,https://shoptexasfarms.com/business-directory/entry/82mau/,D,2026-07-15,promotion_eligible_reviewed,,Fields selected by evidence grade; all underlying observations remain separately auditable.
TX-A16AAFF0B5,Kiepersol,kiepersol,farm,unique_source_name_reviewed,TX,Smith,Tyler,75703,21508 Merlot Ln,public_business_address_reviewed_for_future_reduced_precision,,,Craft Beverage; Specialty Products,Craft Beverages; Farms & Ranches; Restaurants & Food Trucks,9038943300,social@kiepersol.com,internal_until_public_use_review,https://www.kiepersol.com/,https://www.facebook.com/kiepersoltexas/,,,True,False,False,False,False,False,False,1,txobs_63669c11db446f0221f6,Texas Center for Local Food — Farms & Ranches,https://texaslocalfood.org/tclf-partner/kiepersol/,D,2026-07-15,promotion_eligible_reviewed,,Fields selected by evidence grade; all underlying observations remain separately auditable.
TX-E1CC7EB09B,Southern Sunny Acres,southern sunny acres,farm,unique_source_name_reviewed,TX,Smith,Winona,75792,13502 FM 757,public_business_address_reviewed_for_future_reduced_precision,,,Eggs; Meat,Farms & Ranches,903-720-4968,info@southernsunnyacres.com,internal_until_public_use_review,https://www.southernsunnyacres.com/,https://www.facebook.com/southernsunnyacres,https://www.instagram.com/southernsunnyacres,,True,False,False,False,False,False,True,1,txobs_4ab7f644c735767a9939,Texas Center for Local Food — Farms & Ranches,https://texaslocalfood.org/tclf-partner/southern-sunny-acres/,D,2026-07-15,promotion_eligible_reviewed,,Fields selected by evidence grade; all underlying observations remain separately auditable.
TX-F3A553CE54,Twisted V Ranch Llc,twisted v ranch,farm,unique_source_name_reviewed,TX,Smith,Troup,75789,19233 Cr 2160,public_business_address_reviewed_for_future_reduced_precision,,,Beef; Chicken; Duck; Goat; Lamb; Pork,GO TEXAN Farm And Ranch; Product,(903) 312-0676,,internal_until_public_use_review,https://www.twistedvmarket.com,,,,True,False,False,False,False,False,False,1,txobs_162333a94f8a2b90fff0,Texas Department of Agriculture — GO TEXAN Farm And Ranch,https://bridge.texasagriculture.gov/GoTexanSearch/?resultsFormat=CommaSeparatedValues&searchType=Advanced&pageSize=2147483647&businessType=Farm+And+Ranch&pageNumber=1,B,2026-07-15,promotion_eligible_reviewed,,Fields selected by evidence grade; all underlying observations remain separately auditable.
TX-033D28019E,Tyler Berry Farm,tyler berry farm,farm,unique_source_name_reviewed,TX,Smith,Tyler,75704,9628 Cr 429,public_business_address_reviewed_for_future_reduced_precision,,,U-pick crops; agritourism,U-pick; agritourism,(903) 526-4440,tylerberryfarm@gmail.com,internal_until_public_use_review,https://tylerblueberry.com,https://www.facebook.com/tylerberrywiggins,,,True,False,False,False,True,False,False,1,txobs_02605bac3c42710b91f3,PickYourOwn — Northeast,https://www.pickyourown.org/TXnortheast.htm,D,2026-07-15,promotion_eligible_reviewed,,Fields selected by evidence grade; all underlying observations remain separately auditable.
TX-61D37AE00F,Rhineland Farm,rhineland farm,farm,unique_source_name_reviewed,TX,Somervell,Glen Rose,76043,3157 County Road 411,public_business_address_reviewed_for_future_reduced_precision,,,"Uses natural growing practices , blackberries, figs, lavender, tomatoes, Turkeys (organic, not-hormone-fed), snacks and refreshment stand, farm animals",U-pick; agritourism,254-897-4517,rebstocks@hotmail.com,internal_until_public_use_review,,https://www.facebook.com/RebstockRhineland/,,,True,False,False,False,True,False,False,1,txobs_655133a22f166faa5cae,PickYourOwn — Dallas / Fort Worth,https://www.pickyourown.org/TXdallas.htm,D,2026-07-15,promotion_eligible_reviewed,,Fields selected by evidence grade; all underlying observations remain separately auditable.
TX-9E5B2EA6EA,El Coyote Ranch,el coyote ranch,farm,unique_source_name_reviewed,TX,Sutton,Sonora,76950,1835 SCR 306,public_business_address_reviewed_for_future_reduced_precision,,,asparagus; beef; chicken; gamebird; geese; blackberries; mohair; garlic; medicinal herbs,LocalHarvest Family Farm,(325) 387-2180,,internal_until_public_use_review,,,,,True,False,False,False,False,False,False,1,txobs_d4f7aababab834f47795,LocalHarvest — Texas county-seat gap search,https://www.localharvest.org/el-coyote-ranch-M56453,D,2026-07-15,promotion_eligible_reviewed,,Fields selected by evidence grade; all underlying observations remain separately auditable.
TX-574B110C38,High Steaks Beef Company,high steaks beef company,producer_requires_type_review,unique_source_name_reviewed,TX,Swisher,Tulia,79088,"7108 FM 146, Tulia, TX 79088",public_business_address_reviewed_for_future_reduced_precision,,,Meat,Farm-to-school vendor candidate,(202) 573-0972,orders@highsteaksbeef.com,internal_until_public_use_review,https://highsteaksbeef.com/about,,,,False,False,False,False,False,True,True,1,txobs_90d0c6f5e7638620dd5c,Texas Department of Agriculture — Farm to School vendor resource list,https://www.squaremeals.org/Portals/8/files/NSLP/LFS/LFS%20Vendor%20Resource%20List%20Updated%20Nov%202024.pdf?ver=I7PGgvoElV78S-FFin0OiQ%3D%3D,E,2026-07-15,research_or_qa_queue,single grade-E discovery listing needs corroboration; member/vendor directory candidate needs independent farm-operation evidence,Fields selected by evidence grade; all underlying observations remain separately auditable.
TX-A329A6BB8A,Tule Creek Dairy,tule creek dairy,farm,unique_source_name_reviewed,TX,Swisher,Tulia,79088,1750 CR 16,public_business_address_reviewed_for_future_reduced_precision,,,"Licensed Grade A Goat Dairy specializing in handcrafted aged and fresh goat cheese. We are the only licensed goat dairy in the Texas Panhandle. We milk a small herd of Nubians and Lamanchas, with a few Toggenburgs as well. Our cheeses and milk are made in small batches, ensuring an artisanal touch to our products. We also handcraft goats milk soap as well as sell goats milk to the public. You can view our quaint dairy at www.tulecreeknubians.com. Or, find us on facebook to see what our beloved does are up to next! Follow our journey throughout the year from kidding, to showing and much more. Our herd is blood tested free of disease by the State of Texas for cae, tuberculosis, brucellosis and",LocalHarvest Family Farm,(806) 994-0067,,internal_until_public_use_review,https://tulecreeknubians.com,http://www.facebook.com/TuleCreekDairy/,,,True,False,False,False,False,False,False,1,txobs_afd061f9d1684261846c,LocalHarvest — Texas county-seat gap search,https://www.localharvest.org/tule-creek-dairy-M70328,D,2026-07-15,promotion_eligible_reviewed,,Fields selected by evidence grade; all underlying observations remain separately auditable.
TX-34B649C879,Conundrum Farms,conundrum farms,producer_requires_type_review,unique_source_name_reviewed,TX,Tarrant,Crowley,76036,5544 Rocky Creek Park Road,public_business_address_reviewed_for_future_reduced_precision,,,Canned Goods; Flowers; Herbs; Vegetables,Community Gardens; Farmers Markets & Farm Stands; Farms & Ranches,,info@conundrumfarms.com,internal_until_public_use_review,https://www.conundrumfarms.com/,https://www.facebook.com/ConundrumFarmsFWTX/,https://www.instagram.com/conundrumfarmsfwtx?igsh=emVhaHQ2dmQxdTJx&utm_source=qr,https://www.tiktok.com/@conundrum.farms?_r=1&_t=ZT-96NjhJxXmJi,False,False,False,False,False,False,False,1,txobs_7f6f1493abd763eca030,Texas Center for Local Food — Farms & Ranches,https://texaslocalfood.org/tclf-partner/conundrum-farms/,D,2026-07-15,research_or_qa_queue,member/vendor directory candidate needs independent farm-operation evidence,Fields selected by evidence grade; all underlying observations remain separately auditable.
TX-764C008AB3,Henrietta Creek Orchard,henrietta creek orchard,farm,unique_source_name_reviewed,TX,Tarrant,Roanoke,76262,14255 Old Denton Road,public_business_address_reviewed_for_future_reduced_precision,,,"Pick your own apples, peaches, black-eyed peas, squash, and okra, Plums, tomatoes, Seasonal Vegetables, Pumpkin patch",U-pick; agritourism,817-439-3202,ss.apple@juno.com,internal_until_public_use_review,,https://www.facebook.com/HenriettaCreekAppleOrchard/,,,True,False,False,False,True,False,False,1,txobs_eda3edd449523793d479,PickYourOwn — Dallas / Fort Worth,https://www.pickyourown.org/TXdallas.htm,D,2026-07-15,promotion_eligible_reviewed,,Fields selected by evidence grade; all underlying observations remain separately auditable.
TX-9F8E9914DC,Hive Riot Honey Company; Llc,hive riot honey company,farm,unique_source_name_reviewed,TX,Tarrant,Keller,76248,1300 Crimson Glory Ln.,public_business_address_reviewed_for_future_reduced_precision,,,Honeycomb; Raw Texas Honey; Texas Bee Pollen,GO TEXAN Farm And Ranch; Product,(214) 659-1206,,internal_until_public_use_review,,,,,True,False,False,False,False,False,False,1,txobs_81375844237e828a258f,Texas Department of Agriculture — GO TEXAN Farm And Ranch,https://bridge.texasagriculture.gov/GoTexanSearch/?resultsFormat=CommaSeparatedValues&searchType=Advanced&pageSize=2147483647&businessType=Farm+And+Ranch&pageNumber=1,B,2026-07-15,promotion_eligible_reviewed,,Fields selected by evidence grade; all underlying observations remain separately auditable.
TX-2D059A5335,Hollow Trace Market Farm,hollow trace market farm,farm,unique_source_name_reviewed,TX,Tarrant,Azle,76020,,public_business_address_reviewed_for_future_reduced_precision,32.8975875,-97.5437799,Eggs; Fruit; Herbs; Hot sauce; Specialty Products; Vegetables,Farms & Ranches,,hollowtracemarketfarm@gmail.com,internal_until_public_use_review,,https://www.facebook.com/HollowTraceMF,https://www.instagram.com/hollowtracemarketfarm/,,False,False,False,False,False,False,True,1,txobs_5d41bb3c725ea9ceb6f9,Texas Center for Local Food — Farms & Ranches,https://texaslocalfood.org/tclf-partner/hollow-trace-market-farm/,D,2026-07-15,promotion_eligible_reviewed,,Fields selected by evidence grade; all underlying observations remain separately auditable.
TX-07A24469ED,Mushroom Street Farms,mushroom street farms,farm,unique_source_name_reviewed,TX,Tarrant,Arlington,76001,8001 Valcasi Dr.,public_business_address_reviewed_for_future_reduced_precision,,,Mushrooms; Specialty Products,Craft Beverages; Farms & Ranches; Grocery & Shops; Specialty Producers,817-755-0575,info@mushroom.st,internal_until_public_use_review,https://mushroom.st,https://www.facebook.com/mushroom.st.farms,https://www.instagram.com/mushroomst.farms/,https://www.tiktok.com/@mushroom.st,True,False,False,False,False,False,True,1,txobs_13c250f05dea234fe006,Texas Center for Local Food — Farms & Ranches,https://texaslocalfood.org/tclf-partner/mushroom-street-farms/,D,2026-07-15,promotion_eligible_reviewed,,Fields selected by evidence grade; all underlying observations remain separately auditable.
TX-AB76AC6F9A,Sweetie'S Cheesecakes,sweeties cheesecakes,farm,unique_source_name_reviewed,TX,Tarrant,Fort Worth,76102,2320 Poplar St,public_business_address_reviewed_for_future_reduced_precision,,,Premium Artisan Cheesecakes In A Mason Jar,GO TEXAN Farm And Ranch; Product,(817) 785-8585,,internal_until_public_use_review,,,,,True,False,False,False,False,True,False,1,txobs_e32c063265947ebd693e,Texas Department of Agriculture — GO TEXAN Farm And Ranch,https://bridge.texasagriculture.gov/GoTexanSearch/?resultsFormat=CommaSeparatedValues&searchType=Advanced&pageSize=2147483647&businessType=Farm+And+Ranch&pageNumber=1,B,2026-07-15,promotion_eligible_reviewed,,Fields selected by evidence grade; all underlying observations remain separately auditable.
TX-892CB1DB6C,American Criollo Beef Alliance,american criollo beef alliance,farm,merged_cross_county_identity_reviewed,TX,Taylor,Winters,79567,325 CR 200,public_business_address_reviewed_for_future_reduced_precision,,,Pastured livestock and/or farm products; see source profile; beef,Pastured-product farm; direct sales; LocalHarvest Family Farm,(325) 201-3201,dkp@jandalgroup.com,internal_until_public_use_review,https://www.americancriollobeef.com,,,,True,False,False,False,False,False,False,2,txobs_4a4ea42d5c2f51491d86 | txobs_2f9f892c039fa678303d,EatWild Texas directory | LocalHarvest — Texas county-seat gap search,https://www.eatwild.com/products/texas.html | https://www.localharvest.org/american-criollo-beef-alliance-M34220,D,2026-07-15,promotion_eligible_reviewed,,Fields selected by evidence grade; all underlying observations remain separately auditable.
TX-9915078792,Big Stars Farm,big stars farm,farm,unique_source_name_reviewed,TX,Taylor,Ovalo,79541,502 Co Rd 176,public_business_address_reviewed_for_future_reduced_precision,,,"Big Stars Farm is a family farm located South of Abilene TX with over 150 acres to explore - offering farm field trips, camps, agritourism , a petting zoo, pumpkin farm and other kids activities. From Homeschool Days to School Field Trips to Farm Camp ? you will find family friendly activities for all ages - a petting zoo, kids play areas, bounce house, fishing, stick horse races, a fire pit area, outdoor games, hand led pony rides, a concession stand, and picnic area! The farm is even full of flower & pumpkin (seasonally) photo ops. We started out as a beef operation and expanded to add opportunities to immerse our community in the farm experience. Our farm also includes a grazing dairy tha",LocalHarvest Family Farm,(325) 518-2378,,internal_until_public_use_review,https://bigstarsfarm.com/,http://www.facebook.com/BigStarsfarm,https://instagram.com/bigstarsfarm/,,True,False,False,False,False,False,False,1,txobs_9e1523c29c9f5481b894,LocalHarvest — Texas county-seat gap search,https://www.localharvest.org/big-stars-farm-M83913,D,2026-07-15,promotion_eligible_reviewed,,Fields selected by evidence grade; all underlying observations remain separately auditable.
TX-5A578ACE77,Everyone Eats Farm,everyone eats farm,farm,unique_source_name_reviewed,TX,Taylor,Abilene,79605,1158 Barrow St,public_business_address_reviewed_for_future_reduced_precision,,,"At Everyone Eats Farm, we provide access to farm fresh produce, fruits, herbs, trees, chicken, duck and quail eggs. Our farm breeds Ayam Cemani, Coturnix quail and Lionhead rabbits. Also offering Soapity Goat Soap Co. holistic, goat-milk skincare.",Shop Texas Farms member,,,internal_until_public_use_review,,,,,True,False,False,False,False,False,False,1,txobs_cc040ec30cd124e3c5f4,Shop Texas Farms — member business directory,https://shoptexasfarms.com/business-directory/entry/ab9al/,D,2026-07-15,promotion_eligible_reviewed,,Fields selected by evidence grade; all underlying observations remain separately auditable.
TX-39FE85CB85,G3 Homegrown Farm to Fork Store,g3 homegrown farm to fork store,farm,unique_source_name_reviewed,TX,Taylor,Abilene,79605,4601 S. 14th St.,public_business_address_reviewed_for_future_reduced_precision,,,"We have 2 locations to shop G3 Homegrown Farm to Fork Grocery Store. Abilene and San Angelo Texas. At G3 we are both producers and meat processors. Our meat processing facility is located in Coleman, TX. We like to say our family handles everything from beginning (ranching), middle (butchering), and end (retailing). Come and enjoy the tast of HOMEGROWN.",Shop Texas Farms member,,,internal_until_public_use_review,,,,,True,False,False,False,False,False,False,1,txobs_2fb6ecc64cb62049d0bb,Shop Texas Farms — member business directory,https://shoptexasfarms.com/business-directory/entry/bfojn/,D,2026-07-15,promotion_eligible_reviewed,,Fields selected by evidence grade; all underlying observations remain separately auditable.
TX-2A52AC04D1,The Farm at Bald Hill,the farm at bald hill,farm,merged_cross_county_identity_reviewed,TX,Taylor,Colmesneil,75938,,public_business_address_reviewed_for_future_reduced_precision,30.9079752,-94.4221436,beef; chicken; lamb; pork; eggs; Eggs; Meat,LocalHarvest Family Farm; Farms & Ranches,713-899-9608,info@thefarmtx.com,internal_until_public_use_review,https://www.thefarmtx.com/,https://www.facebook.com/The-Farm-At-Bald-Hill-109676960612525/,https://www.instagram.com/thefarmatbaldhill/?hl=en,,True,False,False,False,False,False,False,2,txobs_51d5e49fdc4dd98e9de8 | txobs_ee93965664af0140a7e4,LocalHarvest — Texas county-seat gap search | Texas Center for Local Food — Farms & Ranches,https://www.localharvest.org/the-farm-at-bald-hill-M81137 | https://texaslocalfood.org/tclf-partner/the-farm-at-bald-hill/,D,2026-07-15,promotion_eligible_reviewed,,Fields selected by evidence grade; all underlying observations remain separately auditable.
TX-95BDA55F6D,7L Farm,7l farm,farm,unique_source_name_reviewed,TX,Terrell,Anderson,77830,3273 Hywy 90 S,public_business_address_reviewed_for_future_reduced_precision,,,gamebird; eggs; cucumber; garlic; hot peppers; onions; peas; potatoes; summer squash; sweet peppers; tomatoes; zucchini; blackberries; cantaloupes; watermelons; honey; broccoli; cabbage; carrots; cauliflower; collards; kale; mustard greens; spinach; winter-squash,LocalHarvest Family Farm,(713) 206-3256,,internal_until_public_use_review,,,,,True,False,False,False,False,False,False,1,txobs_f0f78933d4698728ee99,LocalHarvest — Texas county-seat gap search,https://www.localharvest.org/7l-farm-M52618,D,2026-07-15,promotion_eligible_reviewed,,Fields selected by evidence grade; all underlying observations remain separately auditable.
TX-32F17A4AE1,Upicberries,upicberries,farm,restored_from_absence_based_closure,TX,Terry,Brownfield,79316,2207 Levelland Highway,public_business_address_reviewed_for_future_reduced_precision,,,"2025 assumed permanently closed, blackberries,",U-pick; agritourism,(806) 887-8787,barry@upicberries.com,internal_until_public_use_review,,https://www.facebook.com/Upicberriescom-207298259758186/,,,True,,,,True,,,1,txobs_b1c6df3edd3b3da1d729,PickYourOwn — Lubbock,https://www.pickyourown.org/TXlubbock.htm,E,2026-07-15,research_or_qa_queue,source labels closure as assumed from missing current information; retain and corroborate operation,Retained under national policy: an assumed closure based on absent information is not affirmative closure evidence.
TX-2EF1818F79,Moody Blooms,moody blooms,farm,unique_source_name_reviewed,TX,Titus,Mount Pleasant,75455,3491 FM 1000,public_business_address_reviewed_for_future_reduced_precision,,,"you-pick tulips,",U-pick; agritourism,903-466-1447,Jerrydmoody91@gmail.com,internal_until_public_use_review,,https://www.facebook.com/p/Moody-Blooms-61553817929373/,,,True,False,False,False,True,False,False,1,txobs_89aad40552a4415d8a69,PickYourOwn — Northeast,https://www.pickyourown.org/TXnortheast.htm,D,2026-07-15,promotion_eligible_reviewed,,Fields selected by evidence grade; all underlying observations remain separately auditable.
TX-049AC92D52,Moody Farms and Flowers,moody farms and flowers,farm,restored_from_absence_based_closure,TX,Titus,Mount Pleasant,,,public_business_address_reviewed_for_future_reduced_precision,,,Tulips; blackberries,U-pick; agritourism,903-466-1447,Jerrydmoody91@gmail.com,internal_until_public_use_review,https://www.purelucktexas.com,https://www.facebook.com/p/Moody-Blooms-61553817929373/,,,True,,,,True,,,1,txobs_d2ab430e8bc2eb9bb00d,PickYourOwn — Austin,https://www.pickyourown.org/TXaustin.htm,E,2026-07-15,research_or_qa_queue,source parser conflated a neighboring closure; retain and corroborate current operation,Retained under national policy: an assumed closure based on absent information is not affirmative closure evidence.
TX-763B263269,Crossweise Llc,crossweise llc,farm,unique_source_name_reviewed,TX,Tom Green,San Angelo,76905,2586 Fm 1692,public_business_address_reviewed_for_future_reduced_precision,,,Beef,GO TEXAN Farm And Ranch; Product,(325) 716-7227,,internal_until_public_use_review,,,,,True,False,False,False,False,False,False,1,txobs_0c23364dc5311f83e1eb,Texas Department of Agriculture — GO TEXAN Farm And Ranch,https://bridge.texasagriculture.gov/GoTexanSearch/?resultsFormat=CommaSeparatedValues&searchType=Advanced&pageSize=2147483647&businessType=Farm+And+Ranch&pageNumber=1,B,2026-07-15,promotion_eligible_reviewed,,Fields selected by evidence grade; all underlying observations remain separately auditable.
TX-6D1D70F359,Twin Buttes Alpaca Ranch,twin buttes alpaca ranch,farm,unique_source_name_reviewed,TX,Tom Green,Miles,76861,16032 Tennyson Rd,public_business_address_reviewed_for_future_reduced_precision,,,alpaca,LocalHarvest Family Farm,(325) 468-2790,,internal_until_public_use_review,https://tbar-alpacas.com,,,,True,False,False,False,False,False,False,1,txobs_31636353e83923e81439,LocalHarvest — Texas county-seat gap search,https://www.localharvest.org/twin-buttes-alpaca-ranch-M32489,D,2026-07-15,promotion_eligible_reviewed,,Fields selected by evidence grade; all underlying observations remain separately auditable.
TX-66C07399F7,Bell Patch Farm,bell patch farm,farm,unique_source_name_reviewed,TX,Travis,Webberville,,,public_business_address_reviewed_for_future_reduced_precision,30.231045,-97.5166653,Vegetables,Farms & Ranches,(512) 765-4281‬,farm@bellpatchfarm.com,internal_until_public_use_review,https://www.bellpatchfarm.com,,,,False,False,False,False,False,False,False,1,txobs_557534b1aa3b47cc7966,Texas Center for Local Food — Farms & Ranches,https://texaslocalfood.org/tclf-partner/bell-patch-farm/,D,2026-07-15,promotion_eligible_reviewed,,Fields selected by evidence grade; all underlying observations remain separately auditable.
TX-0E9A803176,Boggy Creek Farm,boggy creek farm,farm,unique_source_name_reviewed,TX,Travis,Austin,78702,3414 Lyons Road,public_business_address_reviewed_for_future_reduced_precision,30.2620466,-97.7013606,Baked Goods; Chicken; Dairy; Eggs; Flowers; Fruit; Herbs; Honey; Meat; Vegetables,Farms & Ranches,512-920-2310,info@boggycreekfarm.com,internal_until_public_use_review,https://www.boggycreekfarm.com/,https://www.facebook.com/boggycreekfarm/,,,False,False,False,False,False,False,False,1,txobs_154a508b5fa7432b2b9c,Texas Center for Local Food — Farms & Ranches,https://texaslocalfood.org/tclf-partner/boggy-creek-farm/,D,2026-07-15,promotion_eligible_reviewed,,Fields selected by evidence grade; all underlying observations remain separately auditable.
TX-5250E9313E,Brown Farmer LLC,brown farmer,farm,unique_source_name_reviewed,TX,Travis,Manor,78653-3676,18136 Gallant St,public_business_address_reviewed_for_future_reduced_precision,30.352635,-97.529491,Herbs; Vegetables,Farms & Ranches,2107010723,brownfarmerllc@gmail.com,internal_until_public_use_review,https://brownfarmer.square.site/,https://www.facebook.com/people/brownfarmer_llc/100083081834730/,https://www.instagram.com/brownfarmer_llc/,,True,False,False,False,False,False,False,1,txobs_c583800cc6245ded0585,Texas Center for Local Food — Farms & Ranches,https://texaslocalfood.org/tclf-partner/brown-farmer-llc/,D,2026-07-15,promotion_eligible_reviewed,,Fields selected by evidence grade; all underlying observations remain separately auditable.
TX-95E526F30A,ChefPax Microgreens,chefpax microgreens,producer_requires_type_review,unique_source_name_reviewed,TX,Travis,Manor,78653-5440,"9904 Dalliance Lane,",public_business_address_reviewed_for_future_reduced_precision,30.297599,-97.5537953,Flowers; Herbs; Specialty Products; Vegetables,Distributor; Farms & Ranches; Specialty Producers,,geoff@chefpax.com,internal_until_public_use_review,https://www.chefpax.com,https://www.facebook.com/chefpax,https://www.instagram.com/chefpaxgreens,,True,False,False,False,False,False,False,1,txobs_3c52cc1e071cc0d675f9,Texas Center for Local Food — Farms & Ranches,https://texaslocalfood.org/tclf-partner/chefpax-microgreens/,D,2026-07-15,research_or_qa_queue,member/vendor directory candidate needs independent farm-operation evidence,Fields selected by evidence grade; all underlying observations remain separately auditable.
TX-5BEBBEBD2A,Coyote Creek Organic Feed Mill and Farm,coyote creek organic feed mill and farm,farm,merged_exact_name_reviewed,TX,Travis,Elgin,78621,13817 Klaus Ln,public_business_address_reviewed_for_future_reduced_precision,30.3621909,-97.4280589,Eggs; Meat,Farmers Markets & Farm Stands; Farms & Ranches; Food & Ag Resource,512-285-2556,info@coyotecreekfarm.org,internal_until_public_use_review,https://www.coyotecreekfarms.org/pastured-eggs,https://www.facebook.com/Coyote-Creek-Organic-Feed-Mill-and-Farm-119211684770073,https://www.instagram.com/feedmillatcoyotecreek/,,True,False,False,False,False,False,True,2,txobs_ce477fa2db98866e97c8 | txobs_7f9591ac0fc20cd2c862,Texas Center for Local Food — Farms & Ranches,https://texaslocalfood.org/tclf-partner/coyote-creek-organic-feed-mill-and-farm/ | https://texaslocalfood.org/tclf-partner/worlds-best-eggs/,D,2026-07-15,promotion_eligible_reviewed,,Fields selected by evidence grade; all underlying observations remain separately auditable.
TX-6FF71CAEBD,Doonesberry Farm,doonesberry farm,farm,unique_source_name_reviewed,TX,Travis,Austin,78758,1306 Doonesbury Dr,public_business_address_reviewed_for_future_reduced_precision,30.3928505,-97.69187480104776,Eggs,Farms & Ranches,,doonesburychickens@gmail.com,internal_until_public_use_review,,https://www.facebook.com/doonesburyfarm,https://www.instagram.com/doonesburyfarm/,,False,False,False,False,False,False,False,1,txobs_0d1622a0443c9c7576f7,Texas Center for Local Food — Farms & Ranches,https://texaslocalfood.org/tclf-partner/doonesberry-farm/,D,2026-07-15,promotion_eligible_reviewed,,Fields selected by evidence grade; all underlying observations remain separately auditable.
TX-9AF30379CA,Eat Your Greens! Organic Farm,eat your greens organic farm,farm,merged_exact_name_reviewed,TX,Travis,Austin,78736,,public_business_address_reviewed_for_future_reduced_precision,30.2316695,-97.8833142,arugula; broccoli; cabbage; kale; mustard greens; radishes; salad greens; salad mix; sprouts; seeds; Vegetables,LocalHarvest Family Farm; Farms & Ranches; Specialty Producers,(940) 222-5658,eatyourgreensorganicfarm@gmail.com,internal_until_public_use_review,https://www.eatyourgreensorganicfarm.com,http://www.facebook.com/eatyourgreensorganicfarm/notifications/,https://www.instagram.com/eatyourgreensorganicfarm,,True,False,False,False,False,False,True,2,txobs_b4fca7f021049a77bd48 | txobs_7267043444c51eb30751,LocalHarvest — Texas county-seat gap search | Texas Center for Local Food — Farms & Ranches,https://www.localharvest.org/eat-your-greens-organic-farm-M76452 | https://texaslocalfood.org/tclf-partner/eat-your-greens-organic-farm/,D,2026-07-15,promotion_eligible_reviewed,,Fields selected by evidence grade; all underlying observations remain separately auditable.
TX-B39567B801,Este Garden,este garden,farm,unique_source_name_reviewed,TX,Travis,Austin,78722,E 22nd St,public_business_address_reviewed_for_future_reduced_precision,30.283247081632652,-97.71975153061224,Flowers; Herbs; Vegetables,Farms & Ranches,,garden@esteatx.com,internal_until_public_use_review,https://www.esteatx.com/garden/,,https://www.instagram.com/este.gardenatx/,,False,False,False,False,False,False,False,1,txobs_31e3a09afdd21a6a95d5,Texas Center for Local Food — Farms & Ranches,https://texaslocalfood.org/tclf-partner/este-garden/,D,2026-07-15,promotion_eligible_reviewed,,Fields selected by evidence grade; all underlying observations remain separately auditable.
TX-37022B2548,Festival Beach Food Forest,festival beach food forest,farm,unique_source_name_reviewed,TX,Travis,Austin,78702,25-1/2 Waller Street,public_business_address_reviewed_for_future_reduced_precision,30.267393,-97.72982,Fruit; Herbs; Vegetables,Farms & Ranches,,contact@festivalbeach.org,internal_until_public_use_review,https://festivalbeach.org/,https://www.facebook.com/Festivalbeach/,https://z-p42.www.instagram.com/austin_food_forest/?hl=en,,False,False,False,False,False,False,False,1,txobs_f40e0d0241a1efb0b7c3,Texas Center for Local Food — Farms & Ranches,https://texaslocalfood.org/tclf-partner/festival-beach-food-forest/,D,2026-07-15,promotion_eligible_reviewed,,Fields selected by evidence grade; all underlying observations remain separately auditable.
TX-10633EFB77,Gather & Deliver,gather and deliver,farm,merged_exact_name_reviewed,TX,Travis,Dripping Springs,78663,13402 Anderson Mill Road,public_business_address_reviewed_for_future_reduced_precision,30.4933262,-97.8595291,arugula; beets; broccoli; cabbage; carrots; cauliflower; chinese greens; collards; green onions; kale; lettuce; mushrooms; mustard greens; onions; radishes; salad greens; salad mix; spinach; swiss chard; turnips; melons; beef; chicken; goat; pork; turkey; butter; buttermilk; cheese; eggs; goat yogurt; milk; raw milk; yogurt; baked goods; bee pollen; beer; beeswax; bread; cider; coffee; dried fruits; flour; honey; maple syrup; pet food; pickles; preserves; soap; medicinal herbs; fresh flowers; sprouts; wheat grass; seeds; garlic; peas; tomatoes; cucumber; eggplant; green beans; hot peppers; okra; pumpkins; summer squash; sweet peppers; winter-squash; zucchini; Farm/ranch products; see current statewide profile,LocalHarvest Family Farm; Distributor; Farms & Ranches; Food & Ag Resource,(833) 963-4110,info@gatheranddeliver.com,internal_until_public_use_review,https://GatherandDeliver.com,http://www.facebook.com/gatheranddeliver,https://instagram.com/gatheranddeliver,,True,False,False,False,False,False,False,2,txobs_0dfa633cee9be558f71a | txobs_0501a3da136693e23c10,LocalHarvest — Texas county-seat gap search | Texas Center for Local Food — Farms & Ranches,https://www.localharvest.org/gather-amp-deliver-M80348 | https://texaslocalfood.org/tclf-partner/gather-deliver/,D,2026-07-15,promotion_eligible_reviewed,,Fields selected by evidence grade; all underlying observations remain separately auditable.
TX-974AB84771,Geosmin Regenerative Farm,geosmin regenerative farm,farm,merged_cross_county_identity_reviewed,TX,Travis,Austin,78745,7507 Sherwood Rd,public_business_address_reviewed_for_future_reduced_precision,,,chicken; lamb; Chicken,LocalHarvest Family Farm; Farms & Ranches,,ryan@gregenerative.com,internal_until_public_use_review,https://www.gregenerative.com/,https://www.facebook.com/gregenerative/,https://www.instagram.com/geosmin_regenerative/,,True,False,False,False,False,False,False,2,txobs_ffd097780c59480067cd | txobs_ec9881571a567f6ef97a,LocalHarvest — Texas county-seat gap search | Texas Center for Local Food — Farms & Ranches,https://www.localharvest.org/geosmin-regenerative-M83580 | https://texaslocalfood.org/tclf-partner/geosmin-regenerative-farm/,D,2026-07-15,promotion_eligible_reviewed,,Fields selected by evidence grade; all underlying observations remain separately auditable.
TX-DA0BF6EC08,Green Gate Farms,green gate farms,farm,merged_exact_name_reviewed,TX,Travis,Austin,78724,8254 Canoga Avenue,public_business_address_reviewed_for_future_reduced_precision,30.285049,-97.635881,arugula; beets; broccoli; brussels sprouts; cabbage; carrots; cauliflower; chinese greens; collards; daikon; garlic; kale; kohlrabi; mustard greens; onions; radishes; salad greens; salad mix; spinach; sweet potatoes; swiss chard; turnips; baked goods; bread; honey; soap; fresh flowers; wreaths; seeds; cucumber; eggplant; green beans; green onions; hot peppers; leeks; lettuce; okra; peas; shallots; summer squash; sweet peppers; tomatoes; zucchini; potatoes; winter-squash; cantaloupes; figs; melons; watermelons; pumpkins; Guinea Hog; Plymouth Rock Chicken; Wyandotte Chicken; Cherokee Purple Tomato; Jimmy Nardello's Sweet Italian Frying pepper; New Mexican Native Chile Pepper; Speckled Lettuce; Valencia Tomato; Eggs; Flowers; Honey; Vegetables,LocalHarvest Family Farm; Farmers Markets & Farm Stands; Farms & Ranches,(512) 484-2746,greengatefarms@gmail.com,internal_until_public_use_review,https://www.greengatefarms.net/,https://www.facebook.com/greengatefarms,https://www.instagram.com/greengatefarms/,,True,False,False,False,True,False,True,2,txobs_fd9d54238956bcfcb532 | txobs_b5b566894774d57943cc,LocalHarvest — Texas county-seat gap search | Texas Center for Local Food — Farms & Ranches,https://www.localharvest.org/green-gate-farms-M15256 | https://texaslocalfood.org/tclf-partner/green-gate-farms/,D,2026-07-15,promotion_eligible_reviewed,,Fields selected by evidence grade; all underlying observations remain separately auditable.
TX-80BAD910F6,Joe's Microgreens,joes microgreens,farm,unique_source_name_reviewed,TX,Travis,Austin,78725,Shelton Rd,public_business_address_reviewed_for_future_reduced_precision,30.261608,-97.665405,Vegetables,Farms & Ranches,512-537-3993,joe@joesmicrogreens.com,internal_until_public_use_review,https://www.joesmicrogreens.com/,https://www.facebook.com/pg/joesorganics/about/?ref=page_internal,https://www.instagram.com/joes_microgreens/,,True,False,False,False,False,False,False,1,txobs_1ee2dee1c69d4972b5e3,Texas Center for Local Food — Farms & Ranches,https://texaslocalfood.org/tclf-partner/joes-microgreens/,D,2026-07-15,promotion_eligible_reviewed,,Fields selected by evidence grade; all underlying observations remain separately auditable.
TX-9265CD66FC,Munkebo Farm,munkebo farm,farm,merged_exact_name_reviewed,TX,Travis,Manor,78653,20828 Blake Manor Rd.,public_business_address_reviewed_for_future_reduced_precision,30.3201133,-97.5416296,arugula; beets; broccoli; cabbage; carrots; cauliflower; chinese greens; collards; daikon; garlic; green onions; kale; kohlrabi; leeks; lettuce; mustard greens; onions; peas; radishes; salad greens; shallots; spinach; swiss chard; beef; eggs; pickles; preserves; soap; green beans; hot peppers; summer squash; turnips; winter-squash; zucchini; figs; peaches; cucumber; eggplant; okra; pumpkins; sweet peppers; sweet potatoes; tomatoes; cantaloupes; melons; watermelons; Chiltepin Pepper; Fruit; Herbs; Meat; Vegetables,LocalHarvest Family Farm; Farms & Ranches,(512) 940-5228,,internal_until_public_use_review,https://www.munkebofarm.com,https://www.facebook.com/MunkeboFarm/,,,True,False,False,False,False,False,False,2,txobs_d395321da257e7e5ce50 | txobs_48f1162fefcec49b5140,LocalHarvest — Texas county-seat gap search | Texas Center for Local Food — Farms & Ranches,https://www.localharvest.org/munkebo-farm-M37675 | https://texaslocalfood.org/tclf-partner/munkebo-farm/,D,2026-07-15,promotion_eligible_reviewed,,Fields selected by evidence grade; all underlying observations remain separately auditable.
TX-CF2BBC4593,Patchwork Farm,patchwork farm,farm,unique_source_name_reviewed,TX,Travis,Manor,78612,,public_business_address_reviewed_for_future_reduced_precision,,,Fruit; Herbs; Vegetables,Farms & Ranches,,hello@patchworkfarmtx.com,internal_until_public_use_review,https://www.patchworkfarmtx.com/,,https://www.instagram.com/patchworkfarmtx/,,False,False,False,False,False,False,False,1,txobs_f082b639c600ac7533f4,Texas Center for Local Food — Farms & Ranches,https://texaslocalfood.org/tclf-partner/patchwork-farm/,D,2026-07-15,promotion_eligible_reviewed,,Fields selected by evidence grade; all underlying observations remain separately auditable.
TX-A83FBA2387,Sweet Dreams Lavender Farm,sweet dreams lavender farm,farm,unique_source_name_reviewed,TX,Travis,Austin,78736,10600 Wagon Road West,public_business_address_reviewed_for_future_reduced_precision,,,"flowers, gift shop, snacks and refreshment stand, picnic area, weddings and wedding parties",U-pick; agritourism,512-288-7270,info@sweetdreamslavenderfarm.com,internal_until_public_use_review,https://www.sweetdreamslavenderfarm.com,,,,True,False,False,False,True,False,False,1,txobs_b987ee66decfebcb5489,PickYourOwn — Austin,https://www.pickyourown.org/TXaustin.htm,E,2026-07-15,research_or_qa_queue,single grade-E discovery listing needs corroboration,Fields selected by evidence grade; all underlying observations remain separately auditable.
TX-D59AF04BF2,The Fredericksburg Peach Company,the fredericksburg peach company,producer_requires_type_review,unique_source_name_reviewed,TX,Travis,Spicewood,78669,"26905 E State Highway 71, Spicewood, TX 78669",public_business_address_reviewed_for_future_reduced_precision,,,Fruit,Farm-to-school vendor candidate,+1 (512) 263-8000,orders@fredericksburgpeachco.com,internal_until_public_use_review,,,,,False,False,False,False,False,True,True,1,txobs_8b5a4525949e097746d1,Texas Department of Agriculture — Farm to School vendor resource list,https://www.squaremeals.org/Portals/8/files/NSLP/LFS/LFS%20Vendor%20Resource%20List%20Updated%20Nov%202024.pdf?ver=I7PGgvoElV78S-FFin0OiQ%3D%3D,E,2026-07-15,research_or_qa_queue,single grade-E discovery listing needs corroboration; member/vendor directory candidate needs independent farm-operation evidence,Fields selected by evidence grade; all underlying observations remain separately auditable.
TX-3C01054B25,The Vegetable Cart,the vegetable cart,farm,unique_source_name_reviewed,TX,Travis,Elgin,78621,16712 FM 1100,public_business_address_reviewed_for_future_reduced_precision,30.376878,-97.435471,Baked Goods; Fruit; Meat; Vegetables,Farms & Ranches,512-215-4193,coley@thevegetablecart.com,internal_until_public_use_review,https://thevegetablecart.com/,https://www.facebook.com/thevegetablecart,https://www.instagram.com/thevegetablecart/,,True,False,False,False,False,False,False,1,txobs_68fadde1d9eb9147b2c5,Texas Center for Local Food — Farms & Ranches,https://texaslocalfood.org/tclf-partner/the-vegetable-cart/,D,2026-07-15,promotion_eligible_reviewed,,Fields selected by evidence grade; all underlying observations remain separately auditable.
TX-EFBF1BD35F,Two Hives Honey Llc,two hives honey,farm,merged_exact_name_reviewed,TX,Travis,Manor,78653,7617 Nez Perce Trce,public_business_address_reviewed_for_future_reduced_precision,,,Non-Meat Animal Products; Specialty Products; Raw; Local Honey,Farms & Ranches; Food & Ag Resource; GO TEXAN Farm And Ranch; Product; Associate,(919) 824-7081,events@twohiveshoney.com,internal_until_public_use_review,https://www.twohiveshoney.com,https://www.facebook.com/twohives/,https://www.instagram.com/twohives/,,True,False,False,False,False,True,True,2,txobs_ce66a60c84d9657e1f59 | txobs_bf9b1d3b60b3093273ef,Texas Center for Local Food — Farms & Ranches | Texas Department of Agriculture — GO TEXAN Farm And Ranch,https://texaslocalfood.org/tclf-partner/two-hives-honey/ | https://bridge.texasagriculture.gov/GoTexanSearch/?resultsFormat=CommaSeparatedValues&searchType=Advanced&pageSize=2147483647&businessType=Farm+And+Ranch&pageNumber=1,B; D,2026-07-15,promotion_eligible_reviewed,,Fields selected by evidence grade; all underlying observations remain separately auditable.
TX-21EA147A64,Cross Farms,cross farms,farm,unique_source_name_reviewed,TX,Trinity,Trinity,,,public_business_address_reviewed_for_future_reduced_precision,,,duck; fish / seafood; eggs; blackberries; peaches; plums; watermelons; broccoli; garlic; green beans; green onions; lettuce; radishes; salad greens; summer squash; sweet peppers; swiss chard; tomatoes; zucchini; apples; figs; melons; oranges; tangerines,LocalHarvest Family Farm,,,internal_until_public_use_review,https://www.buyfreshduckeggs.com,,,,True,False,False,False,False,False,False,1,txobs_ed9f8704be932c8bcb81,LocalHarvest — Texas county-seat gap search,https://www.localharvest.org/cross-farms-M27951,D,2026-07-15,promotion_eligible_reviewed,,Fields selected by evidence grade; all underlying observations remain separately auditable.
TX-DC7A9D2E2F,Trinity Acres U-Pick Blueberry Farm,trinity acres u pick blueberry farm,farm,unique_source_name_reviewed,TX,Trinity,Trinity,75862,10356 S. State Highway 94,public_business_address_reviewed_for_future_reduced_precision,,,"blackberries, blueberries and prepicked produce",U-pick; agritourism,832-475-7785,,internal_until_public_use_review,,https://www.facebook.com/txtrinityacres,https://www.instagram.com/txtrinityacres,,True,False,False,False,True,False,False,1,txobs_5b66c56df532f261e85f,PickYourOwn — Houston / Southeast,https://www.pickyourown.org/TXhouston.htm,D,2026-07-15,promotion_eligible_reviewed,,Fields selected by evidence grade; all underlying observations remain separately auditable.
TX-B436718AE0,Flower Branch Gardens Daylily Farm,flower branch gardens daylily farm,farm,unique_source_name_reviewed,TX,Tyler,Colmesneil,75938,4380 FM 256 West,public_business_address_reviewed_for_future_reduced_precision,,,fresh flowers,LocalHarvest Family Farm,(409) 658-3052,,internal_until_public_use_review,https://www.flowerbranchgardensdaylilyfarm.com,,,,True,False,False,False,False,False,False,1,txobs_d4d163346d041b57b87b,LocalHarvest — Texas county-seat gap search,https://www.localharvest.org/flower-branch-gardens-daylily-farm-M56662,D,2026-07-15,promotion_eligible_reviewed,,Fields selected by evidence grade; all underlying observations remain separately auditable.
TX-4A4FBFCA60,Log Cabin Farm,log cabin farm,farm,unique_source_name_reviewed,TX,Tyler,Woodville ,75979,3130 FM 2992,public_business_address_reviewed_for_future_reduced_precision,,,eggs; chinese greens; goat; eggplant,LocalHarvest Family Farm,(713) 806-2213,,internal_until_public_use_review,,,,,True,False,False,False,False,False,False,1,txobs_e0cfda85a0eedc855f2a,LocalHarvest — Texas county-seat gap search,https://www.localharvest.org/log-cabin-farm-M62578,D,2026-07-15,promotion_eligible_reviewed,,Fields selected by evidence grade; all underlying observations remain separately auditable.
TX-4B7161E55B,Lonestar Sustainable Farm,lonestar sustainable farm,farm,unique_source_name_reviewed,TX,Tyler,Warren,,218 County Road 4805,public_business_address_reviewed_for_future_reduced_precision,,,Meat; Vegetables,Farms & Ranches,903-690-1011,lonestarsustainablefarm@gmail.com,internal_until_public_use_review,,https://www.facebook.com/lonestarsustainablefarm,,,False,False,False,False,False,False,False,1,txobs_159862a410fd213f3e52,Texas Center for Local Food — Farms & Ranches,https://texaslocalfood.org/tclf-partner/lonestar-sustainable-farm/,D,2026-07-15,promotion_eligible_reviewed,,Fields selected by evidence grade; all underlying observations remain separately auditable.
TX-1F97F12BBE,The Blueberry Farm,the blueberry farm,farm,split_distinct_counties_reviewed,TX,Tyler,Warren,77664,3317 Private Road 8480,public_business_address_reviewed_for_future_reduced_precision,,,"No pesticides are used , blueberries, U-pick and already picked",U-pick; agritourism,409-880-1123,bellblueberryfarm@gmail.com,internal_until_public_use_review,,https://www.facebook.com/The-Bell-Blueberry-Farm-523422851048993/,,,True,False,False,False,True,False,False,1,txobs_eed5bc3bf2e10e4be762,PickYourOwn — Houston / Southeast,https://www.pickyourown.org/TXhouston.htm,D,2026-07-15,promotion_eligible_reviewed,,Fields selected by evidence grade; all underlying observations remain separately auditable.
TX-CAA1C89DD5,Carrington Hill Garden and Farm,carrington hill garden and farm,farm,unique_source_name_reviewed,TX,Upshur,Diana,75640,12132 Spider Lily Rd,public_business_address_reviewed_for_future_reduced_precision,,,Freshly harvested microgreens,Shop Texas Farms member,,,internal_until_public_use_review,,,,,True,False,False,False,False,False,False,1,txobs_2a71c11ee1dd7326597f,Shop Texas Farms — member business directory,https://shoptexasfarms.com/business-directory/entry/apqwa/,D,2026-07-15,promotion_eligible_reviewed,,Fields selected by evidence grade; all underlying observations remain separately auditable.
TX-65B94C6C34,Darby Farms Natural Beef,darby farms natural beef,farm,unique_source_name_reviewed,TX,Upshur,Gilmer ,75644,,public_business_address_reviewed_for_future_reduced_precision,,,Pastured livestock and/or farm products; see source profile,Pastured-product farm; direct sales,(903) 725-7051,cody@darbyfarms.com,internal_until_public_use_review,http://www.darbyfarms.com,,,,True,False,False,False,False,False,False,1,txobs_49c719666c5f3436edef,EatWild Texas directory,https://www.eatwild.com/products/texas.html,D,2026-07-15,promotion_eligible_reviewed,,Fields selected by evidence grade; all underlying observations remain separately auditable.
TX-B7B8DD4C55,Hill Farms,hill farms,farm,unique_source_name_reviewed,TX,Upshur,Big Sandy,75755,10191 State highway 155 South Big Sandy,public_business_address_reviewed_for_future_reduced_precision,,,"blackberries, blueberries, Muscadines, grapes, strawberries, concessions or refreshment stand, restrooms, picnic area",U-pick; agritourism,(903) 402-0804,mikehill.hill@yahoo.com,internal_until_public_use_review,,https://www.facebook.com/Hill-Farms-102000571174981/,,,True,False,False,False,True,False,False,1,txobs_03ee55a633e9d0cc709e,PickYourOwn — Northeast,https://www.pickyourown.org/TXnortheast.htm,D,2026-07-15,promotion_eligible_reviewed,,Fields selected by evidence grade; all underlying observations remain separately auditable.
TX-81D09655C6,Pickenpaugh Family Farm,pickenpaugh family farm,farm,unique_source_name_reviewed,TX,Upshur,Gilmer,75645-8275,7701 Green Hills Rd,public_business_address_reviewed_for_future_reduced_precision,,,Bone Broth; Broth Bones; Fruit; Meat; Vegetables,Farmers Markets & Farm Stands; Farms & Ranches,740-338-8182,ryan@pickenpaughfamilyfarm.com,internal_until_public_use_review,https://pickenpaughfamilyfarm.com/,https://www.facebook.com/pickenpaughfamilyfarm,https://www.instagram.com/pickenpaughfamilyfarm/,,True,False,False,False,False,False,True,1,txobs_43f1f90bbe541d6aa76c,Texas Center for Local Food — Farms & Ranches,https://texaslocalfood.org/tclf-partner/pickenpaugh-family-farm/,D,2026-07-15,promotion_eligible_reviewed,,Fields selected by evidence grade; all underlying observations remain separately auditable.
TX-5058CDF387,Cargil Farms Produce,cargil farms produce,farm,unique_source_name_reviewed,TX,Uvalde,Uvalde,78801,"6868 FM 117, Uvalde, TX 78801",public_business_address_reviewed_for_future_reduced_precision,,,Vegetables,Farm-to-school vendor candidate,+1 (830) 278-5616,,internal_until_public_use_review,https://www.cargilfarmsproduce.com/,,,,False,False,False,False,False,True,True,1,txobs_8117168429e7aee7408f,Texas Department of Agriculture — Farm to School vendor resource list,https://www.squaremeals.org/Portals/8/files/NSLP/LFS/LFS%20Vendor%20Resource%20List%20Updated%20Nov%202024.pdf?ver=I7PGgvoElV78S-FFin0OiQ%3D%3D,D,2026-07-15,promotion_eligible_reviewed,,Fields selected by evidence grade; all underlying observations remain separately auditable.
TX-857F758050,Cattlemen's Beef Company,cattlemens beef company,producer_requires_type_review,unique_source_name_reviewed,TX,Uvalde,Sabinal,78881,"317 E Fisher Avenue, Sabinal, Texas 78881",public_business_address_reviewed_for_future_reduced_precision,,,Meat,Farm-to-school vendor candidate,(830) 333-0562,cattlemensbeef@gmail.com,internal_until_public_use_review,,,,,False,False,False,False,False,True,True,1,txobs_77a7a32753de1c8501f0,Texas Department of Agriculture — Farm to School vendor resource list,https://www.squaremeals.org/Portals/8/files/NSLP/LFS/LFS%20Vendor%20Resource%20List%20Updated%20Nov%202024.pdf?ver=I7PGgvoElV78S-FFin0OiQ%3D%3D,E,2026-07-15,research_or_qa_queue,single grade-E discovery listing needs corroboration; member/vendor directory candidate needs independent farm-operation evidence,Fields selected by evidence grade; all underlying observations remain separately auditable.
TX-80E3C572B7,Devils River Lamb,devils river lamb,farm,unique_source_name_reviewed,TX,Val Verde,Del Rio,78840,3601-E Veterans Blvd.,public_business_address_reviewed_for_future_reduced_precision,,,lamb,LocalHarvest Family Farm,(830) 703-0235,,internal_until_public_use_review,,http://www.facebook.com/pages/Devils-River-Lamb/164720703601027,,,True,False,False,False,False,False,False,1,txobs_d51a7bc941c2a304f72e,LocalHarvest — Texas county-seat gap search,https://www.localharvest.org/devils-river-lamb-M56294,D,2026-07-15,promotion_eligible_reviewed,,Fields selected by evidence grade; all underlying observations remain separately auditable.
TX-7FE61A0877,Rancho Ojo de Agua,rancho ojo de agua,farm,unique_source_name_reviewed,TX,Val Verde,Del Rio,,,public_business_address_reviewed_for_future_reduced_precision,,,beef,LocalHarvest Family Farm,(210) 872-7054,,internal_until_public_use_review,https://www.elojodeagua.com,,,,True,False,False,False,False,False,False,1,txobs_31f9220c15a0d79cf310,LocalHarvest — Texas county-seat gap search,https://www.localharvest.org/rancho-ojo-de-agua-M42504,D,2026-07-15,promotion_eligible_reviewed,,Fields selected by evidence grade; all underlying observations remain separately auditable.
TX-D589927592,Applewood Grove,applewood grove,farm,merged_exact_name_reviewed,TX,Van Zandt,Ben Wheeler,75754,,public_business_address_reviewed_for_future_reduced_precision,32.4464139,-95.7041948,goat; lamb; turkey; Tennessee Fainting Goat; Meat,LocalHarvest Family Farm; Farms & Ranches,(903) 508-2813,info@applewoodgrove.com,internal_until_public_use_review,https://www.applewoodgrove.com,,,,True,False,False,False,False,False,True,2,txobs_934027c7dd97a0315c52 | txobs_86d3e64e5281d8adc4c8,LocalHarvest — Texas county-seat gap search | Texas Center for Local Food — Farms & Ranches,https://www.localharvest.org/applewood-grove-M80211 | https://texaslocalfood.org/tclf-partner/applewood-grove/,D,2026-07-15,promotion_eligible_reviewed,,Fields selected by evidence grade; all underlying observations remain separately auditable.
TX-EECE037FC8,Blueberry Farm,blueberry farm,farm,unique_source_name_reviewed,TX,Van Zandt,Edgewood,75117,315 Van Zandt County Road 1905,public_business_address_reviewed_for_future_reduced_precision,,,"No pesticides are used , blueberries,",U-pick; agritourism,214-980-3480,tpwp16@yahoo.com,internal_until_public_use_review,,,,,True,False,False,False,True,False,False,1,txobs_d3a6d67f7c15b5818683,PickYourOwn — Northeast,https://www.pickyourown.org/TXnortheast.htm,E,2026-07-15,research_or_qa_queue,single grade-E discovery listing needs corroboration,Fields selected by evidence grade; all underlying observations remain separately auditable.
TX-8ED3FF76AE,"Blueberry Hill Farms, Inc.",blueberry hill farms,farm,unique_source_name_reviewed,TX,Van Zandt,Edom,75756,10268 FM 314,public_business_address_reviewed_for_future_reduced_precision,,,"blackberries, blueberries, Honey from hives on the farm, gift shop, concessions or refreshment stand, restrooms, picnic area, birthday parties",U-pick; agritourism,903-852-6175,chuck@blueberryhillfarms.com,internal_until_public_use_review,https://www.blueberryhillfarms.com/,https://www.facebook.com/blueberryhillfarms-,,,True,False,False,False,True,False,False,1,txobs_bde496a76c4906cee667,PickYourOwn — Northeast,https://www.pickyourown.org/TXnortheast.htm,D,2026-07-15,promotion_eligible_reviewed,,Fields selected by evidence grade; all underlying observations remain separately auditable.
TX-81431F8FB7,Broken Chalice Farm,broken chalice farm,farm,unique_source_name_reviewed,TX,Van Zandt,Ben Wheeler,75754,5615 Fm 279,public_business_address_reviewed_for_future_reduced_precision,,,"Uses integrated pest management practices , blackberries, Honey from hives on the farm",U-pick; agritourism,903-368-2528,williamdavidellis@yahoo.com,internal_until_public_use_review,https://brokenchalicefarm.weebly.com/,,,,True,False,False,False,True,False,False,1,txobs_95f72dafafadcbb8fff2,PickYourOwn — Northeast,https://www.pickyourown.org/TXnortheast.htm,D,2026-07-15,promotion_eligible_reviewed,,Fields selected by evidence grade; all underlying observations remain separately auditable.
TX-E1FA1381C8,Miller Organically Grown Blackberries,miller organically grown blackberries,farm,unique_source_name_reviewed,TX,Van Zandt,Canton,75103,842 VZCR 2101,public_business_address_reviewed_for_future_reduced_precision,,,blackberries,U-pick; agritourism,903-567-3695,,internal_until_public_use_review,,,,,True,False,False,False,True,False,False,1,txobs_359467b31b1ec5d0ac1a,PickYourOwn — Northeast,https://www.pickyourown.org/TXnortheast.htm,E,2026-07-15,research_or_qa_queue,single grade-E discovery listing needs corroboration,Fields selected by evidence grade; all underlying observations remain separately auditable.
TX-7511B6C041,Red Moon Farm,red moon farm,farm,unique_source_name_reviewed,TX,Van Zandt,Van,75790-1057,1484 VZ County Road 1505,public_business_address_reviewed_for_future_reduced_precision,,,Eggs; Flowers; Herbs; Vegetables,Farms & Ranches; Specialty Producers,903-502-4333,jessica@redmoonfarmtx.com,internal_until_public_use_review,https://redmoonfarmtx.com,https://www.facebook.com/redmoonfarmllc,https://www.instagram.com/redmoonfarm/,,False,False,False,False,False,False,True,1,txobs_98483d2522a9c37daf31,Texas Center for Local Food — Farms & Ranches,https://texaslocalfood.org/tclf-partner/red-moon-farm/,D,2026-07-15,promotion_eligible_reviewed,,Fields selected by evidence grade; all underlying observations remain separately auditable.
TX-342B8225B2,Sides Pea Farm,sides pea farm,farm,unique_source_name_reviewed,TX,Van Zandt,Canton,75103,"1709 FM 2909 Canton, TX 75103",public_business_address_reviewed_for_future_reduced_precision,,,Vegetables,Farm-to-school vendor candidate,903-567-2330,,internal_until_public_use_review,https://www.sidespeafarm.com/about,,,,False,False,False,False,False,True,True,1,txobs_b0b53419220b87a1a3f3,Texas Department of Agriculture — Farm to School vendor resource list,https://www.squaremeals.org/Portals/8/files/NSLP/LFS/LFS%20Vendor%20Resource%20List%20Updated%20Nov%202024.pdf?ver=I7PGgvoElV78S-FFin0OiQ%3D%3D,D,2026-07-15,promotion_eligible_reviewed,,Fields selected by evidence grade; all underlying observations remain separately auditable.
TX-875F572700,Bius Berry Farms,bius berry farms,farm,unique_source_name_reviewed,TX,Walker,Huntsville,77340,,public_business_address_reviewed_for_future_reduced_precision,,,"No pesticides are used , blackberries, blueberries, U-pick and already picked, picnic area you may bring your own food | Timberwilde Subdivision, Huntsville, TX 77340.",U-pick; agritourism,936-291-7552,info@bnbtex.com,internal_until_public_use_review,,https://www.facebook.com/Bius-Berry-Farms-833578546748168/,,,True,False,False,False,True,False,False,1,txobs_50a849a2f6214033cefd,PickYourOwn — Houston / Southeast,https://www.pickyourown.org/TXhouston.htm,D,2026-07-15,promotion_eligible_reviewed,,Fields selected by evidence grade; all underlying observations remain separately auditable.
TX-EC366BF00A,Pine Valley Produce,pine valley produce,farm,unique_source_name_reviewed,TX,Walker,New Waverly,,,public_business_address_reviewed_for_future_reduced_precision,,,cucumber; tomatoes; hot peppers; Cherokee Purple Tomato,LocalHarvest Family Farm,(281) 536-7935,,internal_until_public_use_review,https://pinevalleyproduce.com,http://www.facebook.com/pinevalleyproduce,,,True,False,False,False,False,False,False,1,txobs_90dbe314fecc63720ef9,LocalHarvest — Texas county-seat gap search,https://www.localharvest.org/pine-valley-produce-M59316,D,2026-07-15,promotion_eligible_reviewed,,Fields selected by evidence grade; all underlying observations remain separately auditable.
TX-821B8D78C0,Tree House Farm,tree house farm,farm,unique_source_name_reviewed,TX,Walker,Huntsville ,,,public_business_address_reviewed_for_future_reduced_precision,,,chicken; duck; goat; turkey; eggs; figs,LocalHarvest Family Farm,(281) 757-3034,,internal_until_public_use_review,https://www.tree-house-farm.com,,,,True,False,False,False,False,False,False,1,txobs_643f70a795b7e930805e,LocalHarvest — Texas county-seat gap search,https://www.localharvest.org/tree-house-farm-M66857,D,2026-07-15,promotion_eligible_reviewed,,Fields selected by evidence grade; all underlying observations remain separately auditable.
TX-37F2EB0296,Welsh Feathered Farm,welsh feathered farm,farm,unique_source_name_reviewed,TX,Walker,Dodge,77334,PO Box 300,public_business_address_reviewed_for_future_reduced_precision,,,eggs; baked goods; blackberries,LocalHarvest Family Farm,(936) 435-5905,,internal_until_public_use_review,https://welshfeathered.farm,http://www.facebook.com/welshfeatheredfarm,,,True,False,False,False,False,False,False,1,txobs_8325951111b8626a7119,LocalHarvest — Texas county-seat gap search,https://www.localharvest.org/welsh-feathered-farm-M68298,D,2026-07-15,promotion_eligible_reviewed,,Fields selected by evidence grade; all underlying observations remain separately auditable.
TX-2C2C51AB2A,Blackwood Educational Land Institute,blackwood educational land institute,farm,unique_source_name_reviewed,TX,Waller,Hempstead,77445,27144 Rock Island Rd,public_business_address_reviewed_for_future_reduced_precision,,,Baked Goods; Eggs; Fruit; Herbs; Specialty Products; Vegetables,Farms & Ranches; Food & Ag Resource; Processors & Kitchens,1-888-741-7199,info@blackwoodland.org,internal_until_public_use_review,https://www.blackwoodland.org,https://www.facebook.com/blackwoodland/,https://www.instagram.com/blackwoodland/,,False,False,False,False,False,False,True,1,txobs_dcd23641cbaacecd0628,Texas Center for Local Food — Farms & Ranches,https://texaslocalfood.org/tclf-partner/blackwood-educational-land-institute/,D,2026-07-15,promotion_eligible_reviewed,,Fields selected by evidence grade; all underlying observations remain separately auditable.
TX-5B463C37CA,Gold Ring Wagyu,gold ring wagyu,farm,merged_exact_name_reviewed,TX,Waller,Waller,77484,26900 W Brooks Rd,public_business_address_reviewed_for_future_reduced_precision,,,"beef; WE ARE A SMALL FAMILY RANCH JUST OUTSIDE THE NW HOUSTON AREA IN WALLER, TX. WE STRIVE TO PROVIDE EXCELLENT CARE TO OUR ANIMALS AND A SUPERIOR HEALTHY PROTEIN TO OUR CUSTOMERS. OUR CATTLE ARE A BIG PART OF THE FAMILY AND GET THE BEST TREATMENT POSSIBLE. THEY ARE PASTURE-RAISED, GRAIN-FINISHED, HORMONE-FREE, AND ANTIBIOTIC-FREE AND WE DON’T USE PESTICIDES. WE EAT THE SAME CUTS WE PROVIDE TO OUR CUSTOMERS. SO, WE DON’T PUT IN ANYTHING IN OUR CATTLE THAT WE DON’T WANT ON OUR OWN PLATE. WE KEEP AS MUCH OF THE ANIMAL AS POSSIBLE. WE CUT ALL STEAKS AND CARRY DIFFERENT ORGANS AND CUT DIFFERENT BONES FOR WHATEVER YOU NEED THEM FOR, EVEN YOUR CANINE BUDDIES.",LocalHarvest Family Farm; Shop Texas Farms member,(281) 220-9123,,internal_until_public_use_review,http://www.goldringwagyu.com,https://www.facebook.com/goldringwagyu/,https://instagram.com/goldringwagyu,,True,False,False,False,False,False,False,2,txobs_7246166c577bdd43b653 | txobs_0830df06b801aed955a3,LocalHarvest — Texas county-seat gap search | Shop Texas Farms — member business directory,https://www.localharvest.org/gold-ring-wagyu-M79512 | https://shoptexasfarms.com/business-directory/entry/h8ccr/,D,2026-07-15,promotion_eligible_reviewed,,Fields selected by evidence grade; all underlying observations remain separately auditable.
TX-C8973E7215,"Indie Harvesters, LLC",indie harvesters,farm,unique_source_name_reviewed,TX,Waller,Hempstead,,,public_business_address_reviewed_for_future_reduced_precision,,,Fruit; Vegetables,Farms & Ranches,,indieharvesters@gmail.com,internal_until_public_use_review,https://indieharvesters.com/,,https://www.instagram.com/indieharvesters/,,False,False,False,False,False,False,False,1,txobs_3aa4d57c980557715282,Texas Center for Local Food — Farms & Ranches,https://texaslocalfood.org/tclf-partner/indie-harvesters-llc/,D,2026-07-15,promotion_eligible_reviewed,,Fields selected by evidence grade; all underlying observations remain separately auditable.
TX-92BF498FA4,Signature Retreat (formerly Seebu Farm),signature retreat formerly seebu farm,farm,unique_source_name_reviewed,TX,Waller,Pattison,77466,8589 Farm To Market 359,public_business_address_reviewed_for_future_reduced_precision,,,"Minimizes chemical and pesticide use , blackberries,",U-pick; agritourism,(832) 818-2411,ryoung159@gmail.com,internal_until_public_use_review,,https://facebook.com/SeebuFarm/,,,True,False,False,False,True,False,False,1,txobs_525f31311c8546e1b932,PickYourOwn — Houston / Southeast,https://www.pickyourown.org/TXhouston.htm,D,2026-07-15,promotion_eligible_reviewed,,Fields selected by evidence grade; all underlying observations remain separately auditable.
TX-5693038DB8,Collier Farms,collier farms,farm,unique_source_name_reviewed,TX,Washington,Brenham,77833,305 Tommelson Creek Rd,public_business_address_reviewed_for_future_reduced_precision,,,Beef Cattle; Beefmaster; Commercial; Horses; Livestock; Quarter; Registered,GO TEXAN Farm And Ranch; Product,(979) 251-4175,,internal_until_public_use_review,https://www.collierfarmsbeefmasters.com,,,,False,False,False,False,False,False,False,1,txobs_a9ecd852f10bd1925501,Texas Department of Agriculture — GO TEXAN Farm And Ranch,https://bridge.texasagriculture.gov/GoTexanSearch/?resultsFormat=CommaSeparatedValues&searchType=Advanced&pageSize=2147483647&businessType=Farm+And+Ranch&pageNumber=1,B,2026-07-15,promotion_eligible_reviewed,,Fields selected by evidence grade; all underlying observations remain separately auditable.
TX-4EAC15159A,Home Sweet Farm,home sweet farm,farm,unique_source_name_reviewed,TX,Washington,Brenham,77833,7800 FM 2502,public_business_address_reviewed_for_future_reduced_precision,,,U-pick crops; agritourism,U-pick; agritourism,979-251-9922,info@homesweetfarm.com,internal_until_public_use_review,https://www.homesweetfarm.com,,,,True,False,False,False,True,False,False,1,txobs_97ef2374aa0b8f061126,PickYourOwn — Houston / Southeast,https://www.pickyourown.org/TXhouston.htm,D,2026-07-15,promotion_eligible_reviewed,,Fields selected by evidence grade; all underlying observations remain separately auditable.
TX-D283930C24,Lavande,lavande,farm,merged_exact_name_reviewed,TX,Washington,Bellville,77418,"9665 Loop Road, Bellville",public_business_address_reviewed_for_future_reduced_precision,,,"Lavender; cut flowers; farm honey; flowers, lavender, Honey from hives on the farm, gift shop, restrooms",Lavender farm; U-pick; on-farm gift shop; agritourism,713-715-8392,ciao@lavandetexas.com,internal_until_public_use_review,http://www.lavandetexas.com,https://www.facebook.com/lavandetexas,,,True,False,False,False,True,False,False,2,txobs_19199883d9bb4a452da5 | txobs_76a74493b01dfc880dcb,FarmFinder curator verification — farm-owned or authoritative evidence | PickYourOwn — Houston / Southeast,https://pickyourown.org/lavender-farms/TXhouston-lavender.php | https://www.pickyourown.org/TXhouston.htm,C; D,2026-07-15,promotion_eligible_reviewed,,Fields selected by evidence grade; all underlying observations remain separately auditable.
TX-E947F0AFB7,Shirttail Creek Farm,shirttail creek farm,farm,unique_source_name_reviewed,TX,Washington,Brenham,77833,4200 Randle Hill Rd,public_business_address_reviewed_for_future_reduced_precision,,,Meat,Farms & Ranches,2815468912,support@shirttailcreekfarm.com,internal_until_public_use_review,https://shirttailcreekfarm.com/?srsltid=AfmBOoqsQX42g2q-Y71Y4FZRUGCXv0DJFoRs7PD4KOC9CJmcsoF6Ny-h,,https://www.instagram.com/shirttailcreekfarm/?hl=en,,True,False,False,False,False,False,True,1,txobs_6a8796fc60e43b44cf4d,Texas Center for Local Food — Farms & Ranches,https://texaslocalfood.org/tclf-partner/shirttail-creek-farm/,D,2026-07-15,promotion_eligible_reviewed,,Fields selected by evidence grade; all underlying observations remain separately auditable.
TX-F3533AE23B,Whitehurst Farm,whitehurst farm,farm,unique_source_name_reviewed,TX,Washington,Brenham,77833,6580 FM 332,public_business_address_reviewed_for_future_reduced_precision,,,Chicken; Eggs; Meat; Vegetables,Farms & Ranches,713-724-3778,michael@whitehurstfarm.com,internal_until_public_use_review,https://whitehurstfarm.com/,https://www.facebook.com/whitehurstfarm,https://www.instagram.com/whitehurstfarm/,,True,False,False,False,False,False,False,1,txobs_be73cbc97e1626ee8827,Texas Center for Local Food — Farms & Ranches,https://texaslocalfood.org/tclf-partner/whitehurst-farm/,D,2026-07-15,promotion_eligible_reviewed,,Fields selected by evidence grade; all underlying observations remain separately auditable.
TX-8C9C408472,Yonder Way Farm,yonder way farm,farm,unique_source_name_reviewed,TX,Washington,Brenham ,77833,,public_business_address_reviewed_for_future_reduced_precision,,,Pastured livestock and/or farm products; see source profile,Pastured-product farm; direct sales,(979) 530-4444,jasonkramer@yonderwayfarm.com,internal_until_public_use_review,http://www.yonderwayfarm.com,,,,True,False,False,False,False,False,False,1,txobs_f704cfde38a4872bb1b1,EatWild Texas directory,https://www.eatwild.com/products/texas.html,D,2026-07-15,promotion_eligible_reviewed,,Fields selected by evidence grade; all underlying observations remain separately auditable.
TX-DD2A7B9DB2,Laredo Main Street Inc.,laredo main street,farm,unique_source_name_reviewed,TX,Webb,Laredo,78040,1000 Zaragoza St. Suite 107,public_business_address_reviewed_for_future_reduced_precision,,,Farm/ranch products; see official GO TEXAN profile,GO TEXAN Farm And Ranch; Associate,(956) 523-8817,,internal_until_public_use_review,https://www.laredomainstreet.org,,,,False,False,False,False,False,False,False,1,txobs_4c356ea3ebfc21ebeab5,Texas Department of Agriculture — GO TEXAN Farm And Ranch,https://bridge.texasagriculture.gov/GoTexanSearch/?resultsFormat=CommaSeparatedValues&searchType=Advanced&pageSize=2147483647&businessType=Farm+And+Ranch&pageNumber=1,B,2026-07-15,promotion_eligible_reviewed,,Fields selected by evidence grade; all underlying observations remain separately auditable.
TX-2212CCEB34,Palo Blanco Farm and Ranch,palo blanco farm and ranch,farm,unique_source_name_reviewed,TX,Webb,Laredo,,,public_business_address_reviewed_for_future_reduced_precision,27.5030915,-99.5075644,Eggs; Flowers; Herbs; Specialty Products; Vegetables,Farms & Ranches,,paloblancofarmandranch@gmail.com,internal_until_public_use_review,https://www.paloblancofarmandranch.com/,https://www.facebook.com/PaloBlancoFarmandRanch/,https://www.instagram.com/paloblancofarmandranch,,True,False,False,False,False,False,False,1,txobs_2896f41742439f7ab068,Texas Center for Local Food — Farms & Ranches,https://texaslocalfood.org/tclf-partner/palo-blanco-farm-and-ranch/,D,2026-07-15,promotion_eligible_reviewed,,Fields selected by evidence grade; all underlying observations remain separately auditable.
TX-746D0E524C,Brahman Country Beef LLC,brahman country beef,producer_requires_type_review,unique_source_name_reviewed,TX,Wharton,Wharton,77488,"1730 North Richmond, Wharton, TX 77488",public_business_address_reviewed_for_future_reduced_precision,,,Meat,Farm-to-school vendor candidate,(979)-532-9141,rachel@ranchhousedesigns.com,internal_until_public_use_review,https://brcutrer.com/about-br-cutrer/,,,,False,False,False,False,False,True,True,1,txobs_5b5c263222109959624b,Texas Department of Agriculture — Farm to School vendor resource list,https://www.squaremeals.org/Portals/8/files/NSLP/LFS/LFS%20Vendor%20Resource%20List%20Updated%20Nov%202024.pdf?ver=I7PGgvoElV78S-FFin0OiQ%3D%3D,E,2026-07-15,research_or_qa_queue,single grade-E discovery listing needs corroboration; member/vendor directory candidate needs independent farm-operation evidence,Fields selected by evidence grade; all underlying observations remain separately auditable.
TX-3B7FC4B5C5,Gunderman Acres,gunderman acres,farm,unique_source_name_reviewed,TX,Wharton,Glen Flora,77443,"7600 FM102, Glen Flora, TX 77443",public_business_address_reviewed_for_future_reduced_precision,,,"Fruits, Vegetables",Farm-to-school vendor candidate,+1 (979) 533-2027,gundermanng@yahoo.com,internal_until_public_use_review,https://gundermannacres.wordpress.com/,,,,False,False,False,False,False,True,True,1,txobs_1a8704294cccb9be9b70,Texas Department of Agriculture — Farm to School vendor resource list,https://www.squaremeals.org/Portals/8/files/NSLP/LFS/LFS%20Vendor%20Resource%20List%20Updated%20Nov%202024.pdf?ver=I7PGgvoElV78S-FFin0OiQ%3D%3D,D,2026-07-15,promotion_eligible_reviewed,,Fields selected by evidence grade; all underlying observations remain separately auditable.
TX-2135CCFB58,Hollywood Bottom Farms,hollywood bottom farms,farm,unique_source_name_reviewed,TX,Wharton,El Campo,77437,"2001 Ave F, 67",public_business_address_reviewed_for_future_reduced_precision,,,broccoli; cabbage; carrots; cauliflower; collards; garlic; mustard greens; onions; shallots; sweet corn; cucumber; green beans; lettuce; okra; potatoes; summer squash; tomatoes; radishes,LocalHarvest Family Farm,(512) 563-3144,,internal_until_public_use_review,,,,,True,False,False,False,False,False,False,1,txobs_6b72d83be2bd02e2bc50,LocalHarvest — Texas county-seat gap search,https://www.localharvest.org/hollywood-bottom-farms-M72275,D,2026-07-15,promotion_eligible_reviewed,,Fields selected by evidence grade; all underlying observations remain separately auditable.
TX-9FB7A14AC2,Lone Star Specialty Farm,lone star specialty farm,farm,unique_source_name_reviewed,TX,Wharton,Wharton,77488,1302 Bear Bottom Dr.,public_business_address_reviewed_for_future_reduced_precision,,,"Small direct to market producer of vegetables, fruits and tree fruits (Lemons and more!)",Shop Texas Farms member,,,internal_until_public_use_review,,,,,True,False,False,False,False,False,False,1,txobs_de32bcc12b8cad3123f9,Shop Texas Farms — member business directory,https://shoptexasfarms.com/business-directory/entry/wi0bc/,D,2026-07-15,promotion_eligible_reviewed,,Fields selected by evidence grade; all underlying observations remain separately auditable.
TX-9C7576ACD9,The Medina Farm,the medina farm,farm,unique_source_name_reviewed,TX,Wharton,Wharton,77488,1446 Caney Trail,public_business_address_reviewed_for_future_reduced_precision,,,beets; broccoli; brussels sprouts; cabbage; carrots; cauliflower; kale; radishes; spinach; swiss chard; grapefruit; lemons; mandarins; oranges; tangerines; beef; chicken; eggs; pecans; flour; honey; maple syrup; soap; medicinal herbs; rice; spelt; sprouts; wheat grass; luffa; seeds; asparagus; sweet corn; cucumber; green beans; lettuce; potatoes; salad greens; summer squash; zucchini; blackberries; blueberries; boysenberries; strawberries; hot peppers; okra; sweet peppers; tomatoes; peaches; Cayuga Duck; New Hampshire Chicken; Plymouth Rock Chicken; Wyandotte Chicken; Chiltepin Pepper,LocalHarvest Family Farm,,,internal_until_public_use_review,https://themedinafarm.com,http://www.facebook.com/themedinafarm,,,True,False,False,False,False,False,False,1,txobs_86b83ce0264ca24c3cb1,LocalHarvest — Texas county-seat gap search,https://www.localharvest.org/the-medina-farm-M64699,D,2026-07-15,promotion_eligible_reviewed,,Fields selected by evidence grade; all underlying observations remain separately auditable.
TX-AD3CF25313,United Ag,united ag,farm,unique_source_name_reviewed,TX,Wharton,El Campo,77437,912 E Jackson St,public_business_address_reviewed_for_future_reduced_precision,,,Deer Corn,GO TEXAN Farm And Ranch; Product,(979) 543-6284,,internal_until_public_use_review,https://www.unitedag.net,,,,True,False,False,False,False,True,False,1,txobs_3744837263f746107dc0,Texas Department of Agriculture — GO TEXAN Farm And Ranch,https://bridge.texasagriculture.gov/GoTexanSearch/?resultsFormat=CommaSeparatedValues&searchType=Advanced&pageSize=2147483647&businessType=Farm+And+Ranch&pageNumber=1,B,2026-07-15,promotion_eligible_reviewed,,Fields selected by evidence grade; all underlying observations remain separately auditable.
TX-583923F81A,Boomtown Farm Dairy,boomtown farm dairy,farm,unique_source_name_reviewed,TX,Wichita,Wichita Falls,,,public_business_address_reviewed_for_future_reduced_precision,,,We now have Grade A Raw for Retail Goat milk for sale. We will also be offering free cheese classes for milk customers. We are a herd of Lamancha Dairy Goat that show and milk. We are very proud of our girls.,LocalHarvest Family Farm,(940) 224-2361,,internal_until_public_use_review,https://www.boomtownfarmdairy.com,,,,True,False,False,False,False,False,False,1,txobs_4cec7aec7652e5e1df79,LocalHarvest — Texas county-seat gap search,https://www.localharvest.org/boomtown-farm-dairy-M46082,D,2026-07-15,promotion_eligible_reviewed,,Fields selected by evidence grade; all underlying observations remain separately auditable.
TX-8DBC2857D8,Ponies2you,ponies2you,farm,unique_source_name_reviewed,TX,Wichita,Iowa Park,76367,11668 McFall Road,public_business_address_reviewed_for_future_reduced_precision,,,"pony rides, no U-Pick",U-pick; agritourism,940-257-7515,farminadell@peoplepc.com,internal_until_public_use_review,,https://www.facebook.com/ponies2you/,,,True,False,False,False,True,False,False,1,txobs_f841197c17c5b9515852,PickYourOwn — Wichita Falls,https://www.pickyourown.org/TXwichitafalls.htm,D,2026-07-15,promotion_eligible_reviewed,,Fields selected by evidence grade; all underlying observations remain separately auditable.
TX-7C959E2B1B,Amaru Farms & Events,amaru farms and events,farm,unique_source_name_reviewed,TX,Williamson,Granger,76530,1000 CR 327,public_business_address_reviewed_for_future_reduced_precision,,,"Welcome to Amaru Farms ! Event Center and farm located in beautiful Granger Texas. Local Beekeepers , Goat farmers, farm fresh eggs, honey and fresh plants and vegetables !",Shop Texas Farms member,,,internal_until_public_use_review,,,,,True,False,False,False,False,False,False,1,txobs_f5f193cfec81fa04c850,Shop Texas Farms — member business directory,https://shoptexasfarms.com/business-directory/entry/h7uck/,D,2026-07-15,promotion_eligible_reviewed,,Fields selected by evidence grade; all underlying observations remain separately auditable.
TX-6397255AAA,Amber Oaks Ranch,amber oaks ranch,farm,unique_source_name_reviewed,TX,Williamson,Thrall,76578,14165 FM 112,public_business_address_reviewed_for_future_reduced_precision,30.5045105,-97.2125818,Meat,Farms & Ranches,512-387-4142,,internal_until_public_use_review,,https://www.facebook.com/AmberOaksRanch/,https://www.instagram.com/amber_oaks_ranch/,,True,False,False,False,False,False,False,1,txobs_7e40f6ad81a969f1379e,Texas Center for Local Food — Farms & Ranches,https://texaslocalfood.org/tclf-partner/amber-oaks-ranch/,D,2026-07-15,promotion_eligible_reviewed,,Fields selected by evidence grade; all underlying observations remain separately auditable.
TX-971B5C0EB5,Bar 3 Ranch Beef,bar 3 ranch beef,farm,unique_source_name_reviewed,TX,Williamson,Georgetown,78626,,public_business_address_reviewed_for_future_reduced_precision,,,Pastured livestock and/or farm products; see source profile,Pastured-product farm; direct sales,(512) 930-1996,hello@bar3ranch.com,internal_until_public_use_review,http://www.bar3ranch.com,,,,True,False,False,False,False,False,False,1,txobs_07a3533689e4b899dfbd,EatWild Texas directory,https://www.eatwild.com/products/texas.html,D,2026-07-15,promotion_eligible_reviewed,,Fields selected by evidence grade; all underlying observations remain separately auditable.
TX-F1648452FA,Belle Vie Farm and Kitchen,belle vie farm and kitchen,farm,unique_source_name_reviewed,TX,Williamson,Thrall,76578,County Road 481,public_business_address_reviewed_for_future_reduced_precision,,,Chicken; Meat,Farms & Ranches,(512) 826-6445,belleviefarm@gmail.com,internal_until_public_use_review,https://www.belleviefarm.com/,https://www.facebook.com/belleviefarm/,https://www.instagram.com/labelleviefarm,,True,False,False,False,False,False,False,1,txobs_a1c2f6ec8a6f8e37dc8c,Texas Center for Local Food — Farms & Ranches,https://texaslocalfood.org/tclf-partner/belle-vie-farm-and-kitchen/,D,2026-07-15,promotion_eligible_reviewed,,Fields selected by evidence grade; all underlying observations remain separately auditable.
TX-1EE7BA0504,Bijou's Blooms,bijous blooms,farm,unique_source_name_reviewed,TX,Williamson,Liberty Hill,78642-3947,310 Hidden Oaks Ln,public_business_address_reviewed_for_future_reduced_precision,,,Edible Flowers; Flowers; Fruit; Herbs; Hot Peppers; Non-food; Specialty Products; Swiss Chard; Vegetables,Farmers Markets & Farm Stands; Farms & Ranches; Food & Ag Resource,7755607752,sheribijou@gmail.com,internal_until_public_use_review,https://www.bijousblooms.co/,https://www.facebook.com/p/Bijous-Blooms-100072685830213/,https://www.instagram.com/bijousblooms/,https://www.tiktok.com/@sheribijou,True,False,False,False,False,False,True,1,txobs_a5547c26cdc80822ea9f,Texas Center for Local Food — Farms & Ranches,https://texaslocalfood.org/tclf-partner/bijous-blooms/,D,2026-07-15,promotion_eligible_reviewed,,Fields selected by evidence grade; all underlying observations remain separately auditable.
TX-75D36005A6,Galloping Winds Ranch,galloping winds ranch,farm,unique_source_name_reviewed,TX,Williamson,Florence,76527,402 Whitaker Road,public_business_address_reviewed_for_future_reduced_precision,,,goat,LocalHarvest Family Farm,(254) 793-0022,,internal_until_public_use_review,https://www.GallopingWindsRanch.com,http://www.facebook.com/GallopingWindsRanch,,,True,False,False,False,False,False,False,1,txobs_ce45f13bbcb253f9714c,LocalHarvest — Texas county-seat gap search,https://www.localharvest.org/galloping-winds-ranch-M25019,D,2026-07-15,promotion_eligible_reviewed,,Fields selected by evidence grade; all underlying observations remain separately auditable.
TX-1F1295A5D9,Georgetown Pecans Company,georgetown pecans company,farm,unique_source_name_reviewed,TX,Williamson,Georgetown,,,public_business_address_reviewed_for_future_reduced_precision,30.6370152,-97.6775634,Fruit,Farms & Ranches,512-864-4538,dennis@georgetownpecans.com,internal_until_public_use_review,https://www.georgetownpecans.com/,http://www.facebook.com/georgetownpecans,,,True,False,False,False,False,False,False,1,txobs_73ae86bdf10e841b5dc7,Texas Center for Local Food — Farms & Ranches,https://texaslocalfood.org/tclf-partner/georgetown-pecans/,D,2026-07-15,promotion_eligible_reviewed,,Fields selected by evidence grade; all underlying observations remain separately auditable.
TX-B43496154E,Lonestar Lettuce Growers,lonestar lettuce growers,farm,merged_exact_name_reviewed,TX,Williamson,Georgetown,78626,"620 County Road 141, Georgetown, Texas 78626, United States",public_business_address_reviewed_for_future_reduced_precision,30.64811765,-97.77928725341297,Herbs; Vegetables,Farms & Ranches; Farm-to-school vendor candidate,N/A,Info@lonestarlettucegrowers.com,internal_until_public_use_review,https://lonestarlettucegrowers.com/contact-us,https://www.facebook.com/profile.php?id=100073266631933,https://www.instagram.com/lonestarlettucegrowers/,,False,False,False,False,False,True,True,2,txobs_4d7aad3d2299d1c6b4b4 | txobs_1c356078c8dad027f1ff,Texas Center for Local Food — Farms & Ranches | Texas Department of Agriculture — Farm to School vendor resource list,https://texaslocalfood.org/tclf-partner/lonestar-lettuce-growers/ | https://www.squaremeals.org/Portals/8/files/NSLP/LFS/LFS%20Vendor%20Resource%20List%20Updated%20Nov%202024.pdf?ver=I7PGgvoElV78S-FFin0OiQ%3D%3D,D,2026-07-15,promotion_eligible_reviewed,,Fields selected by evidence grade; all underlying observations remain separately auditable.
TX-831E7618D1,My Lady'S Farm; Llc,my ladys farm,farm,unique_source_name_reviewed,TX,Williamson,Thrall,76578,755 Co Rd 473,public_business_address_reviewed_for_future_reduced_precision,,,Chicken Eggs,GO TEXAN Farm And Ranch; Product,(737) 837-5352,,internal_until_public_use_review,https://www.myladysfarm.com,,,,True,False,False,False,False,False,False,1,txobs_8d4730eee11902b1214e,Texas Department of Agriculture — GO TEXAN Farm And Ranch,https://bridge.texasagriculture.gov/GoTexanSearch/?resultsFormat=CommaSeparatedValues&searchType=Advanced&pageSize=2147483647&businessType=Farm+And+Ranch&pageNumber=1,B,2026-07-15,promotion_eligible_reviewed,,Fields selected by evidence grade; all underlying observations remain separately auditable.
TX-E4AB8D3A9E,Sweet Eats Fruit Farm,sweet eats fruit farm,farm,unique_source_name_reviewed,TX,Williamson,Georgetown,78626,14400 E. State Highway 29,public_business_address_reviewed_for_future_reduced_precision,,,U-pick crops; agritourism,U-pick; agritourism,(512) 766-3276,info@sweeteats.com,internal_until_public_use_review,https://www.sweeteats.com,https://www.facebook.com/sweeteatsfruitfarm,,,True,False,False,False,True,False,False,1,txobs_3572faf27243c7ce36ce,PickYourOwn — Austin,https://www.pickyourown.org/TXaustin.htm,D,2026-07-15,promotion_eligible_reviewed,,Fields selected by evidence grade; all underlying observations remain separately auditable.
TX-1AE0B7920D,Texas Beekeepers Association,texas beekeepers association,farm,unique_source_name_reviewed,TX,Williamson,Thrall,76578,400 Cr 440,public_business_address_reviewed_for_future_reduced_precision,,,Farm/ranch products; see official GO TEXAN profile,GO TEXAN Farm And Ranch; Associate,,,internal_until_public_use_review,https://www.texasbeekeepers.org/,,,,False,False,False,False,False,False,False,1,txobs_bc6947a57bcca498d355,Texas Department of Agriculture — GO TEXAN Farm And Ranch,https://bridge.texasagriculture.gov/GoTexanSearch/?resultsFormat=CommaSeparatedValues&searchType=Advanced&pageSize=2147483647&businessType=Farm+And+Ranch&pageNumber=1,B,2026-07-15,promotion_eligible_reviewed,,Fields selected by evidence grade; all underlying observations remain separately auditable.
TX-97052F46E7,The 75 Oaks,the 75 oaks,farm,unique_source_name_reviewed,TX,Williamson,Leander,78641,1507 Horizon Park Boulevard,public_business_address_reviewed_for_future_reduced_precision,30.5616836,-97.8381411,Baked Goods; Dairy; Eggs; Flowers; Granola; Herbs; Meat; Okra; Seeds and Supplies; Specialty Products; Swiss Chard; Tallow; Tortillas; Vegetables,Farmers Markets & Farm Stands; Farms & Ranches; Food & Ag Resource; Specialty Producers,7375002014,the75oaks@gmail.com,internal_until_public_use_review,https://www.the75oaks.com,https://www.facebook.com/the75oaks,https://www.instagram.com/the75oaks,,True,False,False,False,False,False,False,1,txobs_d5c6116c981cc239ee19,Texas Center for Local Food — Farms & Ranches,https://texaslocalfood.org/tclf-partner/the-75-oaks/,D,2026-07-15,promotion_eligible_reviewed,,Fields selected by evidence grade; all underlying observations remain separately auditable.
TX-778F29D11A,Yegua Creek Farms,yegua creek farms,farm,unique_source_name_reviewed,TX,Williamson,Elgin,78621,4600 County Road 467,public_business_address_reviewed_for_future_reduced_precision,,,Baked Goods,Farms & Ranches,(512) 856-0192,YeguaCreekFarms@Yahoo.com,internal_until_public_use_review,https://yegua-creek-farms.myshopify.com/,https://www.facebook.com/p/Yegua-Creek-Farms-100064751078708/,,,True,False,True,False,False,False,False,1,txobs_5ed2ccc2b3951487cf6e,Texas Center for Local Food — Farms & Ranches,https://texaslocalfood.org/tclf-partner/yegua-creek-farms/,D,2026-07-15,promotion_eligible_reviewed,,Fields selected by evidence grade; all underlying observations remain separately auditable.
TX-3E406C1D47,Harmony Market Garden,harmony market garden,farm,unique_source_name_reviewed,TX,Wilson,Floresville,78114,,public_business_address_reviewed_for_future_reduced_precision,,,Herbs; Vegetables,Farms & Ranches,,hello@harmonymarketgarden.com,internal_until_public_use_review,https://www.harmonymarketgarden.com,https://www.facebook.com/harmonymarketgarden,https://www.instagram.com/harmonymarketgarden,,False,False,False,False,False,False,True,1,txobs_17f320316d6404b762bb,Texas Center for Local Food — Farms & Ranches,https://texaslocalfood.org/tclf-partner/harmony-market-garden/,D,2026-07-15,promotion_eligible_reviewed,,Fields selected by evidence grade; all underlying observations remain separately auditable.
TX-E14DA05A94,Peeler Farms Wagyu Beef,peeler farms wagyu beef,farm,unique_source_name_reviewed,TX,Wilson,Floresville,78114,2579 Farm to Market Road 539,public_business_address_reviewed_for_future_reduced_precision,,,Meat,Farms & Ranches; Grocery & Shops; Specialty Producers,9795782664,orders@peelerfarmstx.com,internal_until_public_use_review,https://peelerfarmstx.com/,https://www.facebook.com/peelerfarms,https://www.instagram.com/peelerfarms/,,True,False,False,False,False,False,False,1,txobs_03668afc067fff596338,Texas Center for Local Food — Farms & Ranches,https://texaslocalfood.org/tclf-partner/peeler-farms-beef/,D,2026-07-15,promotion_eligible_reviewed,,Fields selected by evidence grade; all underlying observations remain separately auditable.
TX-5BE732C962,Shy Coyote Farm,shy coyote farm,farm,unique_source_name_reviewed,TX,Wilson,Adkins,78101,,public_business_address_reviewed_for_future_reduced_precision,29.3930129,-98.2372329,Herbs; Vegetables,Farms & Ranches,,shycoyotefarm@gmail.com,internal_until_public_use_review,https://www.shycoyotefarm.com,,https://www.instagram.com/shycoyotefarm/,,False,False,False,False,False,False,True,1,txobs_337d90b23f5c178e7e8e,Texas Center for Local Food — Farms & Ranches,https://texaslocalfood.org/tclf-partner/shy-coyote-farm/,D,2026-07-15,promotion_eligible_reviewed,,Fields selected by evidence grade; all underlying observations remain separately auditable.
TX-FAF1DB23DD,TXStems,txstems,farm,unique_source_name_reviewed,TX,Wilson,Floresville,,,public_business_address_reviewed_for_future_reduced_precision,,,fresh flowers; gourds; luffa,LocalHarvest Family Farm,(830) 399-1201,,internal_until_public_use_review,https://WWW.TXSTEMS.COM,,https://instagram.com/TXStems,,True,False,False,False,False,False,False,1,txobs_cef724f8ff62e0f1a0d5,LocalHarvest — Texas county-seat gap search,https://www.localharvest.org/txstems-M76171,D,2026-07-15,promotion_eligible_reviewed,,Fields selected by evidence grade; all underlying observations remain separately auditable.
TX-DDA1B60581,Wild-Pere Market,wild pere market,farm,unique_source_name_reviewed,TX,Wilson,Floresville,,,public_business_address_reviewed_for_future_reduced_precision,,,beets; broccoli; carrots; cauliflower; lettuce; radishes; spinach; turnips; winter-squash; eggs; baked goods; cucumber; eggplant; green beans; hot peppers; leeks; okra; peas; summer squash; sweet peppers; tomatoes; zucchini; fresh flowers; sweet corn; garlic; green onions; potatoes; apples; asian-pears; cantaloupes; figs; melons; watermelons; onions; pumpkins; peanuts; German Pink Tomato; Jimmy Nardello's Sweet Italian Frying pepper,LocalHarvest Family Farm,,,internal_until_public_use_review,https://wildperefarm.webs.com/,,,,True,False,False,False,False,False,False,1,txobs_d15f0abbc440d67d8220,LocalHarvest — Texas county-seat gap search,https://www.localharvest.org/wild-pere-market-M62797,D,2026-07-15,promotion_eligible_reviewed,,Fields selected by evidence grade; all underlying observations remain separately auditable.
TX-216FEC5EE5,Demases Farm,demases farm,farm,merged_exact_name_reviewed,TX,Wise,Boyd,76023,"496 County Rd 4756, Boyd, TX",public_business_address_reviewed_for_future_reduced_precision,,,"strawberries, farm market,; Dairy; Eggs; Fruit; Honey; Vegetables; Fruits, Vegetables",U-pick; agritourism; Farmers Markets & Farm Stands; Farms & Ranches; Farm-to-school vendor candidate,+1 (940) 255-2699,demasesfarm@gmail.com,internal_until_public_use_review,,https://www.facebook.com/p/DEMASES-FARM-100064571144527/,https://www.instagram.com/demases_farm/?hl=en,,True,False,False,False,True,True,True,3,txobs_94bd661193b969a6dc4d | txobs_f33f87b3779c66f26460 | txobs_f28799cd995d3fed4c62,PickYourOwn — Dallas / Fort Worth | Texas Center for Local Food — Farms & Ranches | Texas Department of Agriculture — Farm to School vendor resource list,https://www.pickyourown.org/TXdallas.htm | https://texaslocalfood.org/tclf-partner/demases-farm/ | https://www.squaremeals.org/Portals/8/files/NSLP/LFS/LFS%20Vendor%20Resource%20List%20Updated%20Nov%202024.pdf?ver=I7PGgvoElV78S-FFin0OiQ%3D%3D,D,2026-07-15,promotion_eligible_reviewed,,Fields selected by evidence grade; all underlying observations remain separately auditable.
TX-3165045715,Dos Lobos Ranch Llc,dos lobos ranch,farm,merged_exact_name_reviewed,TX,Wise,Decatur,76234,312 County Road 4460,public_business_address_reviewed_for_future_reduced_precision,,,Pastured livestock and/or farm products; see source profile; pork; beef; turkey; Black Turkey; Meat; Beef; Pork,Pastured-product farm; direct sales; LocalHarvest Family Farm; Farms & Ranches; GO TEXAN Farm And Ranch; Product,(817) 559-9089,info@doslobosranch.com,internal_until_public_use_review,https://www.doslobosranch.com,https://www.facebook.com/profile.php?id=100088896924890,https://www.instagram.com/doslobosranch/,,True,False,False,False,False,False,True,4,txobs_57ac3721ddab8f4226bb | txobs_3403badcca520fb0ea22 | txobs_e30fadbdef48becfbc67 | txobs_9a3f888ca8366ac96dbc,EatWild Texas directory | LocalHarvest — Texas county-seat gap search | Texas Center for Local Food — Farms & Ranches | Texas Department of Agriculture — GO TEXAN Farm And Ranch,https://www.eatwild.com/products/texas.html | https://www.localharvest.org/dos-lobos-ranch-llc-M85062 | https://texaslocalfood.org/tclf-partner/dos-lobos-ranch-llc/ | https://bridge.texasagriculture.gov/GoTexanSearch/?resultsFormat=CommaSeparatedValues&searchType=Advanced&pageSize=2147483647&businessType=Farm+And+Ranch&pageNumber=1,B; D,2026-07-15,promotion_eligible_reviewed,,Fields selected by evidence grade; all underlying observations remain separately auditable.
TX-1049DF458A,Highmark Beef Co.,highmark beef co,farm,unique_source_name_reviewed,TX,Wise,Wise County,76234,3035 Fm 2264,public_business_address_reviewed_for_future_reduced_precision,,,Beef,GO TEXAN Farm And Ranch; Product,(940) 389-4519,,internal_until_public_use_review,https://highmarkbeefco.com,,,,True,False,False,False,False,False,False,1,txobs_004c9fc0a4225f967da5,Texas Department of Agriculture — GO TEXAN Farm And Ranch,https://bridge.texasagriculture.gov/GoTexanSearch/?resultsFormat=CommaSeparatedValues&searchType=Advanced&pageSize=2147483647&businessType=Farm+And+Ranch&pageNumber=1,B,2026-07-15,promotion_eligible_reviewed,,Fields selected by evidence grade; all underlying observations remain separately auditable.
TX-6CD22C7A4F,Jmz Organic Farms Llc,jmz organic farms,farm,merged_exact_name_reviewed,TX,Wise,Bridgeport,76426,2440 County Road 3840,public_business_address_reviewed_for_future_reduced_precision,,,Eggs; Soy Free Pasture Raised Eggs,Farms & Ranches; GO TEXAN Farm And Ranch; Product,(972) 679-0305,jmzfarms2022@gmail.com,internal_until_public_use_review,https://jmzfarms.com,https://www.facebook.com/profile.php?id=100086073021514,https://www.instagram.com/jmzfarms,https://www.tiktok.com/@jmzfarms,True,False,False,False,False,False,True,2,txobs_904bcb5394697fe18a84 | txobs_e8af24e60cbee885c376,Texas Center for Local Food — Farms & Ranches | Texas Department of Agriculture — GO TEXAN Farm And Ranch,https://texaslocalfood.org/tclf-partner/jmz-organic-farms/ | https://bridge.texasagriculture.gov/GoTexanSearch/?resultsFormat=CommaSeparatedValues&searchType=Advanced&pageSize=2147483647&businessType=Farm+And+Ranch&pageNumber=1,B; D,2026-07-15,promotion_eligible_reviewed,,Fields selected by evidence grade; all underlying observations remain separately auditable.
TX-7186BCFB1F,L'cajn Farm,lcajn farm,farm,unique_source_name_reviewed,TX,Wise,Rhome,76078,266 Old Chisholm Trail,public_business_address_reviewed_for_future_reduced_precision,,,"beans, broccoli, cucumbers, eggplants, melons, peas, peppers, summer squash, winter squash, tomatoes, Other fruit or veg,",U-pick; agritourism,817-636-2644,okraman32@yahoo.com,internal_until_public_use_review,https://www.lcajnfarm.com/,https://www.facebook.com/cajungrown,,,True,False,False,False,True,False,False,1,txobs_feea03e4ff8ab704bf5f,PickYourOwn — Dallas / Fort Worth,https://www.pickyourown.org/TXdallas.htm,D,2026-07-15,promotion_eligible_reviewed,,Fields selected by evidence grade; all underlying observations remain separately auditable.
TX-FA14CEEDD8,Wild Creek Farm,wild creek farm,farm,unique_source_name_reviewed,TX,Wise,Chico,,,public_business_address_reviewed_for_future_reduced_precision,,,"We are a small family owned farm in Jack and Wise Counties. We sell naturally grown vegetables, fruits and farm fresh eggs.",LocalHarvest Family Farm,,,internal_until_public_use_review,,http://www.facebook.com/@WildCreekFarmTx,,,True,False,False,False,False,False,False,1,txobs_ba1c02c0dd81c7a291a0,LocalHarvest — Texas county-seat gap search,https://www.localharvest.org/wild-creek-farm-M76977,D,2026-07-15,promotion_eligible_reviewed,,Fields selected by evidence grade; all underlying observations remain separately auditable.
TX-6C042ADD3E,6195 fm 515,6195 fm 515,farm,unique_source_name_reviewed,TX,Wood,Yantis,75497,195 P.R. 5263,public_business_address_reviewed_for_future_reduced_precision,,,soap; seeds; cabbage; carrots; collards; green onions; lettuce; mustard greens; radishes; turnips; sweet corn; cucumber; eggplant; hot peppers; okra; onions; peas; summer squash; sweet peppers; tomatillos; tomatoes; zucchini; watermelons; cauliflower; pumpkins; pecans; American Native Pecan; Southern Field Peas; Cherokee Purple Tomato,LocalHarvest Family Farm,,,internal_until_public_use_review,,,,,True,False,False,False,False,False,False,1,txobs_b504564d3c73a1f06376,LocalHarvest — Texas county-seat gap search,https://www.localharvest.org/6195-fm-515-M71107,D,2026-07-15,promotion_eligible_reviewed,,Fields selected by evidence grade; all underlying observations remain separately auditable.
TX-6DC5C570F0,Blueberry Ridge Farm Bed and Breakfast,blueberry ridge farm bed and breakfast,farm,unique_source_name_reviewed,TX,Wood,Mineola,75773,2785 East Highway 80,public_business_address_reviewed_for_future_reduced_precision,,,U-pick crops; agritourism,U-pick; agritourism,903-569-1550,pray4jill@yahoo.com,internal_until_public_use_review,http://www.blueberryridgefarm.com/,,,,True,False,False,False,True,False,False,1,txobs_0506da08951a2fcf2fa9,PickYourOwn — Northeast,https://www.pickyourown.org/TXnortheast.htm,D,2026-07-15,promotion_eligible_reviewed,,Fields selected by evidence grade; all underlying observations remain separately auditable.
TX-DE7FEE20C9,Glover Farm Vineyard,glover farm vineyard,farm,restored_from_absence_based_closure,TX,Wood,Winnsboro,75494,373 County Road Se 3471,public_business_address_reviewed_for_future_reduced_precision,,,"2025 assumed permanently closed, Muscadines, grapes,",U-pick; agritourism,903 243 3410,m@michael-glover.com,internal_until_public_use_review,,,,,True,,,,True,,,1,txobs_5f9bdb15ca9338d3e3bb,PickYourOwn — Northeast,https://www.pickyourown.org/TXnortheast.htm,E,2026-07-15,research_or_qa_queue,source labels closure as assumed from missing current information; retain and corroborate operation,Retained under national policy: an assumed closure based on absent information is not affirmative closure evidence.
TX-6AA91D7451,Hawkins Organic,hawkins organic,farm,merged_exact_name_reviewed,TX,Wood,Hawkins,75765,379 CR 3425,public_business_address_reviewed_for_future_reduced_precision,,,"figs; grapes; pears; persimmons; Uses natural growing practices , blackberries, Muscadines, grapes, figs, U-pick and already picked",LocalHarvest Family Farm; U-pick; agritourism,(903) 769-1017,rcfurn@yahoo.com,internal_until_public_use_review,,,,,True,False,False,False,True,False,False,2,txobs_a117ba0380767bd55409 | txobs_5c296c00f2bb61c90ebc,LocalHarvest — Texas county-seat gap search | PickYourOwn — Northeast,https://www.localharvest.org/hawkins-organic-M54719 | https://www.pickyourown.org/TXnortheast.htm,D; E,2026-07-15,promotion_eligible_reviewed,,Fields selected by evidence grade; all underlying observations remain separately auditable.
TX-2D7AC76844,Hill Brothers’ Cattle,hill brothers cattle,farm,merged_exact_name_reviewed,TX,Wood,Yantis,75497,County Road 1903,public_business_address_reviewed_for_future_reduced_precision,,,"Hill Brothers’ Cattle serves the Northeast TX & DFW area with our locally raised & processed, 1/2 & Whole animal BEEF. Farm to Freezer, we do the work and personally deliver it to your freezer. Pasture raised from birth to processing day. Finished using feeds on pasture. Tasty all natural beef, with no added hormones or implants. Family owned and operated.; Farm/ranch products; see current statewide profile",Shop Texas Farms member; Farms & Ranches; Specialty Producers,(817) 908-6530,,internal_until_public_use_review,https://www.hillbrotherscattle.com/,https://www.facebook.com/hillbrotherscattle,,,True,False,False,False,False,False,False,2,txobs_862a678c58f48fe115fe | txobs_f50fff58424f60b19fee,Shop Texas Farms — member business directory | Texas Center for Local Food — Farms & Ranches,https://shoptexasfarms.com/business-directory/entry/1jb3f/ | https://texaslocalfood.org/tclf-partner/hill-brothers-cattle/,D,2026-07-15,promotion_eligible_reviewed,,Fields selected by evidence grade; all underlying observations remain separately auditable.
TX-E358E00010,Muscadine Grape U-Pick Farms,muscadine grape u pick farms,farm,unique_source_name_reviewed,TX,Wood,Wood County service area,,,public_business_address_reviewed_for_future_reduced_precision,,,"muscadines, grapes,",U-pick; agritourism,903-243-3410,muscadinemike@outlook.com,internal_until_public_use_review,,https://www.facebook.com/MuscadineTexas/,,,True,False,False,False,True,False,False,1,txobs_32ca1e8988246a78f4b0,PickYourOwn — Northeast,https://www.pickyourown.org/TXnortheast.htm,D,2026-07-15,promotion_eligible_reviewed,,Fields selected by evidence grade; all underlying observations remain separately auditable.
TX-E876907AD5,Quitman Family Farms,quitman family farms,producer_requires_type_review,unique_source_name_reviewed,TX,Wood,Quitman,75783,3456 FM 2966,public_business_address_reviewed_for_future_reduced_precision,,,We provide healthy and sustainable meat.,Shop Texas Farms member,,,internal_until_public_use_review,,,,,True,False,False,False,False,False,False,1,txobs_e32955553c4224c62f7b,Shop Texas Farms — member business directory,https://shoptexasfarms.com/business-directory/entry/gnvs0/,D,2026-07-15,research_or_qa_queue,member/vendor directory candidate needs independent farm-operation evidence,Fields selected by evidence grade; all underlying observations remain separately auditable.
TX-3EFD85E82B,The Blueberry Farm,the blueberry farm,farm,split_distinct_counties_reviewed,TX,Wood,Quitman,75783,982 N SH,public_business_address_reviewed_for_future_reduced_precision,,,"No pesticides are used, blueberries,",U-pick; agritourism,903-497-6028,gparis91@yahoo.com,internal_until_public_use_review,https://www.the-blueberry-farm.com,https://www.facebook.com/TheBlueberryFarm,,,True,False,False,False,True,False,False,1,txobs_b7706d4a347982eb944a,PickYourOwn — Northeast,https://www.pickyourown.org/TXnortheast.htm,D,2026-07-15,promotion_eligible_reviewed,,Fields selected by evidence grade; all underlying observations remain separately auditable.
TX-65E9C60164,The Milk Barn at 2 Mac’s Ranch,the milk barn at 2 macs ranch,farm,unique_source_name_reviewed,TX,Wood,Winnsboro,75494,1639 W FM 852,public_business_address_reviewed_for_future_reduced_precision,,,"Baked Goods; Dairy; Dog Treats; Eggs; Grains, Pulses & Oilseeds; Herbs; Meat; Non-food; Specialty Products; Vegetables",Farmers Markets & Farm Stands; Farms & Ranches; Grocery & Shops; Specialty Producers,903-998-0363,2macsranch@gmail.com,internal_until_public_use_review,https://2macsranch.com,,https://www.instagram.com/2macsranch/,,False,False,False,False,False,False,True,1,txobs_71867514509bda03d491,Texas Center for Local Food — Farms & Ranches,https://texaslocalfood.org/tclf-partner/the-milk-barn-at-2-macs-ranch/,D,2026-07-15,promotion_eligible_reviewed,,Fields selected by evidence grade; all underlying observations remain separately auditable.
TX-AA6A41437B,The Peach Orchard at Lake Fork,the peach orchard at lake fork,farm,unique_source_name_reviewed,TX,Wood,Yantis,75497,992 Spur 514,public_business_address_reviewed_for_future_reduced_precision,,,"Peaches, Blackberries, Plums, Jam, Ice Cream.",U-pick; agritourism,(512) 968-6100,,internal_until_public_use_review,,https://www.facebook.com/profile/100063548650337,,,True,False,False,False,True,False,False,1,txobs_02b8630d625a75e8bcbf,PickYourOwn — Northeast,https://www.pickyourown.org/TXnortheast.htm,D,2026-07-15,promotion_eligible_reviewed,,Fields selected by evidence grade; all underlying observations remain separately auditable.
TX-19B07F705E,Shoestring Cattle Co.,shoestring cattle co,farm,unique_source_name_reviewed,TX,Yoakum,Yoakum County service area,,,public_business_address_reviewed_for_future_reduced_precision,,,"Peppers, Peas, Okra, Tomatoes | Stateline and Highway 83, Denver City, TX.",U-pick; agritourism,806-732-8611,shoestrg@hiplains.net,internal_until_public_use_review,,https://www.facebook.com/ShoestringCattleCompany/,,,True,False,False,False,True,False,False,1,txobs_872e50e57f1d422ffe90,PickYourOwn — Lubbock,https://www.pickyourown.org/TXlubbock.htm,E,2026-07-15,research_or_qa_queue,single grade-E discovery listing needs corroboration,Fields selected by evidence grade; all underlying observations remain separately auditable.
TX-6CF79FDCE7,Caliente Acres,caliente acres,farm,unique_source_name_reviewed,TX,Zavala,La Pryor,78872,3450 Farm Rd 1436 West,public_business_address_reviewed_for_future_reduced_precision,,,eggplant; hot peppers; lettuce; onions; summer squash; tomatoes; winter-squash; zucchini; sweet corn; green beans; okra,LocalHarvest Family Farm,(830) 333-3422,,internal_until_public_use_review,https://www.calienteacres.org,,,,True,False,False,False,False,False,False,1,txobs_5c3aa8df760df9f2f8cf,LocalHarvest — Texas county-seat gap search,https://www.localharvest.org/caliente-acres-M43498,D,2026-07-15,promotion_eligible_reviewed,,Fields selected by evidence grade; all underlying observations remain separately auditable.
TX-9269C3E63F,L&L Farms,l and l farms,farm,unique_source_name_reviewed,TX,Zavala,Batesville,78829,"750 CR 1005Batesville, Texas 78829",public_business_address_reviewed_for_future_reduced_precision,,,Vegetables,Farm-to-school vendor candidate,+1 (830) 376-8000,info@thellfarms.com,internal_until_public_use_review,https://www.thellfarms.com/,,,,False,False,False,False,False,True,True,1,txobs_1e28f8d5bbf2a80c87ea,Texas Department of Agriculture — Farm to School vendor resource list,https://www.squaremeals.org/Portals/8/files/NSLP/LFS/LFS%20Vendor%20Resource%20List%20Updated%20Nov%202024.pdf?ver=I7PGgvoElV78S-FFin0OiQ%3D%3D,D,2026-07-15,promotion_eligible_reviewed,,Fields selected by evidence grade; all underlying observations remain separately auditable.
TX-9F29018852,Brown's Berry Farm,browns berry farm,farm,unique_source_name_reviewed,TX,Jasper,Jasper County service area,,,public_business_address_reviewed_for_future_reduced_precision,,,"No pesticides are used , blueberries, blackberries | Private Road 7022, Bon Wier, TX.",U-pick; agritourism,409-420-0461,,internal_until_public_use_review,,https://www.facebook.com/Brownsberryfarm/,,,True,False,False,False,True,False,False,1,txobs_349834f1d3443b2e0e6a,PickYourOwn — Houston / Southeast,https://www.pickyourown.org/TXhouston.htm,E,2026-07-16,research_or_qa_queue,single grade-E discovery listing needs corroboration,Current search did not locate an authoritative farm-owned or independently current source confirming the Jasper County operation; retained in QA under the non-deletion policy.
