entity_id,farm_name,normalized_name,entity_type,identity_decision,state,county_equivalent,city,postal_code,address_internal,public_location_classification,latitude,longitude,products,business_types,phone_internal,email_internal,contact_visibility,website_url,facebook_url,instagram_url,tiktok_url,on_farm_sales,farmers_market_sales,online_sales,local_delivery,u_pick,wholesale,farm_to_school,source_observation_count,source_observation_ids,source_names,source_urls,evidence_grades,last_retrieved,promotion_status,promotion_blockers,notes
AR-D7559C2032,America's Village Farmers Market,americas village farmers market,farm,unique_source_name_reviewed,AR,,,,,public_business_address_reviewed_for_future_reduced_precision,,,"Fruits, Vegetables",Arkansas Grown member,724-323-2856,Tom.Smith@wilsonarkansas.com,internal_until_public_use_review,https://arfarmtoschool.org,https://www.facebook.com/visitwilson/,https://www.instagram.com/visitwilson/,,False,False,False,False,False,False,False,1,arobs_f4d061cad8b32fbed392,Arkansas Department of Agriculture — Arkansas Grown directory,https://arkansasgrown.org/listing/americas-village-farmers-market/,B,2026-07-15,research_or_qa_queue,county missing; city or safe public service area missing,Fields selected by evidence grade; every source observation remains separately auditable.
AR-80FC09410B,Attic to Art,attic to art,farm,unique_source_name_reviewed,AR,,,,,public_business_address_reviewed_for_future_reduced_precision,,,"Honey, Other",Arkansas Grown member,501-231-3232,Attictoart@gmail.com,internal_until_public_use_review,https://arfarmtoschool.org,https://www.facebook.com/AttictoArt,https://www.instagram.com/arkansasgrownandmade/,,False,False,False,False,False,False,False,1,arobs_aec688e3bfb113d9230e,Arkansas Department of Agriculture — Arkansas Grown directory,https://arkansasgrown.org/listing/attic-to-art/,B,2026-07-15,research_or_qa_queue,county missing; city or safe public service area missing,Fields selected by evidence grade; every source observation remains separately auditable.
AR-6BCEE29FFF,Baba's Oasis,babas oasis,farm,unique_source_name_reviewed,AR,,,,,public_business_address_reviewed_for_future_reduced_precision,,,arugula; beets; broccoli; brussels sprouts; cabbage; carrots; cauliflower; celery; chinese greens; collards; dry beans; edamame soybeans; kale; kohlrabi; leeks; lettuce; mushrooms; onions; parsnips; peas; potatoes; radishes; salad greens; salad mix; spinach; swiss chard; turnips; winter-squash; apples; bananas; cherries; dates; guavas; lemons; limes; mangos; nectarines; olives; oranges; papayas; peaches; pears; persimmons; plums; rhubarb; tangerines; tropicals; eggs; preserves; medicinal herbs; luffa; seeds; sweet corn; cucumber; garlic; green beans; green onions; eggplant; hot peppers; mustard greens; okra; shallots; summer squash; sweet peppers; sweet potatoes; tomatillos; tomatoes; zucchini; blackberries; blueberries; cantaloupes; figs; grapes; melons; raspberries; strawberries; watermelons; honey; Meyer Lemon of California's Central Coast; Moon & Stars Watermelon; Pawpaw; Puebla Avocado; Yellow-Meated Watermelon; Plymouth Rock Chicken; Amish Paste Tomato; Bull Nose Large Bell pepper; Cherokee Purple Tomato; Fish Pepper; German Pink Tomato; Radiator Charlie's Mortgage Lifter Tomato,LocalHarvest Family Farm,(901) 601-2239,,internal_until_public_use_review,https://babasoasis.org,http://www.facebook.com/BabasOasisMphs,,,True,False,False,False,False,False,False,1,arobs_162e945875334e9feb99,LocalHarvest — Arkansas county-seat gap search,https://www.localharvest.org/babas-oasis-M65475,D,2026-07-15,research_or_qa_queue,county missing; city or safe public service area missing,Fields selected by evidence grade; every source observation remains separately auditable.
AR-D5FAC4DFDF,bam,bam,farm,unique_source_name_reviewed,AR,,Scott,,,public_business_address_reviewed_for_future_reduced_precision,,,beef; jerky; pork; eggs; pet food; soap,LocalHarvest Family Farm,,,internal_until_public_use_review,https://www.arkansasfarmtotable.com,,,,True,False,False,False,False,False,False,1,arobs_4844851d5be2b89e6cbb,LocalHarvest — Arkansas county-seat gap search,https://www.localharvest.org/bam-M29620,D,2026-07-15,research_or_qa_queue,county missing,Fields selected by evidence grade; every source observation remains separately auditable.
AR-60BED42622,Blooming Hope Mushroom Farm,blooming hope mushroom farm,farm,unique_source_name_reviewed,AR,,,,,public_business_address_reviewed_for_future_reduced_precision,,,Mushrooms,Arkansas Grown member,,bhmushrooms@gmail.com,internal_until_public_use_review,https://arfarmtoschool.org,http://www.facebook.com/BHMushrooms,https://www.instagram.com/bhmushrooms,,False,False,False,False,False,False,False,1,arobs_c90c39ee09f0f0be02f7,Arkansas Department of Agriculture — Arkansas Grown directory,https://arkansasgrown.org/listing/blooming-hope-mushroom-farm/,B,2026-07-15,research_or_qa_queue,county missing; city or safe public service area missing,Fields selected by evidence grade; every source observation remains separately auditable.
AR-4FAB25C04C,Bluff City CSA,bluff city csa,farm,unique_source_name_reviewed,AR,,,,,public_business_address_reviewed_for_future_reduced_precision,,,arugula; beets; broccoli; brussels sprouts; cabbage; carrots; cauliflower; chinese greens; collards; eggplant; garlic; green beans; green onions; hot peppers; kale; kohlrabi; leeks; lettuce; mustard greens; onions; peas; potatoes; radishes; salad greens; salad mix; shallots; spinach; sweet peppers; sweet potatoes; swiss chard; tomatoes; turnips; winter-squash; strawberries; artichokes; asparagus; celery; sweet corn; cucumber; okra; summer squash; tomatillos; zucchini; blueberries; watermelons; fresh flowers; Aunt Ruby's German Green Tomato; Cherokee Purple Tomato; Chiltepin Pepper; Speckled Lettuce,LocalHarvest Family Farm,,,internal_until_public_use_review,https://bluffcitycsa.farm,http://www.facebook.com/bluffcitycsa,https://instagram.com/bluffcitycsa,,True,False,False,False,False,False,False,1,arobs_ab6905ac24e540938bbf,LocalHarvest — Arkansas county-seat gap search,https://www.localharvest.org/bluff-city-csa-M84763,D,2026-07-15,research_or_qa_queue,county missing; city or safe public service area missing,Fields selected by evidence grade; every source observation remains separately auditable.
AR-F21C15F63F,CC'S Freeze Dried Pantry,ccs freeze dried pantry,farm,unique_source_name_reviewed,AR,,,,,public_business_address_reviewed_for_future_reduced_precision,,,Fruits,Arkansas Grown member,501-766-3853,ccsfreezedriedpantry@gmail.com,internal_until_public_use_review,https://arfarmtoschool.org,https://www.facebook.com/groups/696541234510327,https://www.instagram.com/arkansasgrownandmade/,,False,False,False,False,False,False,False,1,arobs_7e7e6e55cfb61fca6c47,Arkansas Department of Agriculture — Arkansas Grown directory,https://arkansasgrown.org/listing/ccs-freeze-dried-pantry/,B,2026-07-15,research_or_qa_queue,county missing; city or safe public service area missing,Fields selected by evidence grade; every source observation remains separately auditable.
AR-649203128B,Chefnyak Spices,chefnyak spices,producer_requires_type_review,unique_source_name_reviewed,AR,,,,,public_business_address_reviewed_for_future_reduced_precision,,,,Arkansas Grown member,479-903-2415,chefnyak@yahoo.com,internal_until_public_use_review,https://arfarmtoschool.org,https://www.facebook.com/Chefnyak,https://www.instagram.com/arkansasgrownandmade/,,False,False,False,False,False,False,False,1,arobs_cacb271e8d9aad0829d4,Arkansas Department of Agriculture — Arkansas Grown directory,https://arkansasgrown.org/listing/chefnyak-spices/,B,2026-07-15,research_or_qa_queue,county missing; city or safe public service area missing; products or farm activity missing; directory candidate needs independent farm-operation evidence,Fields selected by evidence grade; every source observation remains separately auditable.
AR-57FDB99996,Childers Farm to Table Arkansas,childers farm to table arkansas,farm,unique_source_name_reviewed,AR,,,,,public_business_address_reviewed_for_future_reduced_precision,,,"Beef, Pork",Arkansas Grown member,409-540-0710,,internal_until_public_use_review,https://arfarmtoschool.org,https://www.facebook.com/groups/873164693538988,https://www.instagram.com/arkansasgrownandmade/,,False,False,False,False,False,False,False,1,arobs_ce29df92d2461dbf85f5,Arkansas Department of Agriculture — Arkansas Grown directory,https://arkansasgrown.org/listing/childers-farm-to-table-arkansas/,B,2026-07-15,research_or_qa_queue,county missing; city or safe public service area missing,Fields selected by evidence grade; every source observation remains separately auditable.
AR-7140EB8F94,Comeback Creek Farm,comeback creek farm,farm,unique_source_name_reviewed,AR,,,,,public_business_address_reviewed_for_future_reduced_precision,,,arugula; broccoli; cabbage; cauliflower; chinese greens; collards; kale; kohlrabi; lettuce; mustard greens; radishes; rutabagas; sweet potatoes; swiss chard; turnips; winter-squash; eggs; beets; carrots; cucumber; green beans; green onions; onions; peas; potatoes; salad greens; salad mix; spinach; summer squash; tomatoes; blueberries; peaches; strawberries; sweet corn; eggplant; hot peppers; okra; sweet peppers; tomatillos; zucchini; cantaloupes; melons; watermelons; pumpkins; Amish Deer Tongue Lettuce; Bull Nose Large Bell pepper; Cherokee Purple Tomato; Djena Lee's Golden Girl Tomato; Jimmy Nardello's Sweet Italian Frying pepper; Speckled Lettuce,LocalHarvest Family Farm,,,internal_until_public_use_review,https://www.comebackcreek.com,,https://instagram.com/comebackcreekfarm,,True,False,False,False,False,False,False,1,arobs_04c83b665cd6a940217e,LocalHarvest — Arkansas county-seat gap search,https://www.localharvest.org/comeback-creek-farm-M31706,D,2026-07-15,research_or_qa_queue,county missing; city or safe public service area missing,Fields selected by evidence grade; every source observation remains separately auditable.
AR-B277E30A24,Cottonville Farm,cottonville farm,farm,unique_source_name_reviewed,AR,,,,,public_business_address_reviewed_for_future_reduced_precision,,,beef; chicken; duck; goat; lamb; pork; turkey; eggs; beeswax; honey; pickles; preserves; gourds; luffa; seeds; beets; broccoli; cabbage; carrots; cauliflower; celery; collards; cucumber; green onions; kale; kohlrabi; lettuce; mushrooms; mustard greens; peas; radishes; salad greens; spinach; swiss chard; turnips; baked goods; medicinal herbs; fresh flowers; oats; sweet corn; dry beans; eggplant; garlic; green beans; hot peppers; leeks; okra; onions; potatoes; summer squash; sweet peppers; tomatillos; tomatoes; zucchini; peanuts; sunflower seeds; corn; popcorn; pumpkins; sweet potatoes; winter-squash; Corriente Cattle; Plymouth Rock Chicken; St. Croix Sheep; Seminole Pumpkin; Watermelon Pickles,LocalHarvest Family Farm,,,internal_until_public_use_review,,https://www.facebook.com/Cottonville-Farm-110129600799937,,,True,False,False,False,False,False,False,1,arobs_187aecebf1e940e74a7e,LocalHarvest — Arkansas county-seat gap search,https://www.localharvest.org/cottonville-farm-M17420,D,2026-07-15,research_or_qa_queue,county missing; city or safe public service area missing,Fields selected by evidence grade; every source observation remains separately auditable.
AR-CF7B93B04B,Dairy Barn Market,dairy barn market,farm,unique_source_name_reviewed,AR,,,,,public_business_address_reviewed_for_future_reduced_precision,,,"Farm stand located in Decatur, AR selling vegetables, bread, jellies & more! More Farm Info",Direct-sale farm; Northwest Arkansas,,,internal_until_public_use_review,,https://www.facebook.com/dairybarnmarket,,,True,False,False,False,False,False,False,1,arobs_82e5a0cfc9129952e3a0,University of Arkansas Center for Arkansas Farms and Food — direct-sale farms,https://farmandfoodsystem.uada.edu/farms/,B,2026-07-15,research_or_qa_queue,county missing; city or safe public service area missing,Fields selected by evidence grade; every source observation remains separately auditable.
AR-FC463EEC5B,Food & Fiber at Sanctuary Farm,food and fiber at sanctuary farm,farm,unique_source_name_reviewed,AR,,,,,public_business_address_reviewed_for_future_reduced_precision,,,"Kale, Tomatoes, Vegetables",Arkansas Grown member,,hello@sanctuaryfarm.org,internal_until_public_use_review,https://arfarmtoschool.org,https://www.facebook.com/TheSanctuaryFarm,https://www.instagram.com/arkansasgrownandmade/,,False,False,False,False,False,False,False,1,arobs_a1fe779e44b82dcc5782,Arkansas Department of Agriculture — Arkansas Grown directory,https://arkansasgrown.org/listing/food-fiber-at-sanctuary-farm/,B,2026-07-15,research_or_qa_queue,county missing; city or safe public service area missing,Fields selected by evidence grade; every source observation remains separately auditable.
AR-F38F1BA0FD,Glory 7 Farm & Ranch,glory 7 farm and ranch,farm,unique_source_name_reviewed,AR,,,,,public_business_address_reviewed_for_future_reduced_precision,,,beef; raw milk,LocalHarvest Family Farm,(210) 429-3276,,internal_until_public_use_review,https://www.glory7farmandranch.com,http://www.facebook.com/m.glory7farmandranch,,,True,False,False,False,False,False,False,1,arobs_c6ad39a7ad59e5256d48,LocalHarvest — Arkansas county-seat gap search,https://www.localharvest.org/glory-7-farm-amp-ranch-M83340,D,2026-07-15,research_or_qa_queue,county missing; city or safe public service area missing,Fields selected by evidence grade; every source observation remains separately auditable.
AR-F61EFF3D5A,Gnarled Oak Farm,gnarled oak farm,farm,unique_source_name_reviewed,AR,,,,,public_business_address_reviewed_for_future_reduced_precision,,,beef; chicken; lamb; pork,LocalHarvest Family Farm,(541) 556-6330,,internal_until_public_use_review,https://www.gnarledoakfarm.com,http://www.facebook.com/gnarledoakfarm,https://instagram.com/Gnarledoakfarm,,True,False,False,False,False,False,False,1,arobs_9a2785e8c02d2d1a8588,LocalHarvest — Arkansas county-seat gap search,https://www.localharvest.org/gnarled-oak-farm-M72985,D,2026-07-15,research_or_qa_queue,county missing; city or safe public service area missing,Fields selected by evidence grade; every source observation remains separately auditable.
AR-8F3253582A,Grow Me Somethin',grow me somethin,farm,unique_source_name_reviewed,AR,,,,,public_business_address_reviewed_for_future_reduced_precision,,,arugula; carrots; chinese greens; collards; kale; lettuce; mustard greens; radishes; salad greens; salad mix; swiss chard; preserves; soap; medicinal herbs; green beans; cucumber; eggplant; hot peppers; fresh flowers; broccoli; sweet potatoes; tomatillos; tomatoes,LocalHarvest Family Farm,(786) 252-1855,,internal_until_public_use_review,,http://www.facebook.com/GrowMeSomethin,,,True,False,False,False,False,False,False,1,arobs_b9d009915ff770916fe5,LocalHarvest — Arkansas county-seat gap search,https://www.localharvest.org/grow-me-somethin-M64201,D,2026-07-15,research_or_qa_queue,county missing; city or safe public service area missing,Fields selected by evidence grade; every source observation remains separately auditable.
AR-29CB0D7099,Hale's Harvest,hales harvest,farm,unique_source_name_reviewed,AR,,,,,public_business_address_reviewed_for_future_reduced_precision,,,beets; broccoli; carrots; sweet corn; cucumber; green beans; lettuce; okra; onions; peas; potatoes; spinach; sweet peppers; tomatoes; chicken; pumpkins; summer squash; sweet potatoes,LocalHarvest Family Farm,,,internal_until_public_use_review,,,,,True,False,False,False,False,False,False,1,arobs_06916fde6c507fa37cdf,LocalHarvest — Arkansas county-seat gap search,https://www.localharvest.org/hales-harvest-M86362,D,2026-07-15,research_or_qa_queue,county missing; city or safe public service area missing,Fields selected by evidence grade; every source observation remains separately auditable.
AR-149AA82C4D,Hamann Farms,hamann farms,farm,unique_source_name_reviewed,AR,,,,,public_business_address_reviewed_for_future_reduced_precision,,,tropicals; beeswax; coffee; honey; blackberries; raspberries,LocalHarvest Family Farm,(417) 350-3147,,internal_until_public_use_review,,,,,True,False,False,False,False,False,False,1,arobs_ae1a28b0269dfc6f5296,LocalHarvest — Arkansas county-seat gap search,https://www.localharvest.org/hamann-farms-M59597,D,2026-07-15,research_or_qa_queue,county missing; city or safe public service area missing,Fields selected by evidence grade; every source observation remains separately auditable.
AR-06632590A1,Harris Family Farm,harris family farm,farm,unique_source_name_reviewed,AR,,,,,public_business_address_reviewed_for_future_reduced_precision,,,arugula; medicinal herbs; fresh flowers; garlic; blueberries,LocalHarvest Family Farm,,,internal_until_public_use_review,,http://www.facebook.com/HarrisfamilyFarm,https://instagram.com/harrisfamilyfarmer,,True,False,False,False,False,False,False,1,arobs_fc3d4b93431fd23b43ad,LocalHarvest — Arkansas county-seat gap search,https://www.localharvest.org/harris-family-farm-M25850,D,2026-07-15,research_or_qa_queue,county missing; city or safe public service area missing,Fields selected by evidence grade; every source observation remains separately auditable.
AR-F4185D8DFB,Heartland Botanical Works,heartland botanical works,farm,unique_source_name_reviewed,AR,,,,,public_business_address_reviewed_for_future_reduced_precision,,,mushrooms; eggs; sprouts; wheat grass; hot peppers; okra; sunchokes; sweet peppers; tomatoes; medicinal herbs; blackberries; cherries; grapes; apples; pears,LocalHarvest Family Farm,(573) 285-2711,,internal_until_public_use_review,https://Heartlandbotanicals.net,,,,True,False,False,False,False,False,False,1,arobs_2abe3f5c37a1ddf22afd,LocalHarvest — Arkansas county-seat gap search,https://www.localharvest.org/heartland-botanical-works-M86733,D,2026-07-15,research_or_qa_queue,county missing; city or safe public service area missing,Fields selected by evidence grade; every source observation remains separately auditable.
AR-7E3C4B4AF9,Lanty Cattle Company,lanty cattle,farm,unique_source_name_reviewed,AR,,,,,public_business_address_reviewed_for_future_reduced_precision,,,Beef,Arkansas Grown member,,tlscrogg@gmail.com,internal_until_public_use_review,https://arfarmtoschool.org,https://www.facebook.com/LantyCattleCompany,https://www.instagram.com/arkansasgrownandmade/,,False,False,False,False,False,False,False,1,arobs_c8a8ee827314ccccaed7,Arkansas Department of Agriculture — Arkansas Grown directory,https://arkansasgrown.org/listing/lanty-cattle-company/,B,2026-07-15,research_or_qa_queue,county missing; city or safe public service area missing,Fields selected by evidence grade; every source observation remains separately auditable.
AR-973E1CBD0C,Little Man Jerky,little man jerky,farm,unique_source_name_reviewed,AR,,,,,public_business_address_reviewed_for_future_reduced_precision,,,Peppers - Variety,Arkansas Grown member,,Lassiter.steven@gmail.com,internal_until_public_use_review,https://arfarmtoschool.org,https://www.facebook.com/profile.php?id=100057203090524,https://www.instagram.com/littlemanjerky/,,False,False,False,False,False,False,False,1,arobs_c0b85a6bb2f21f416a69,Arkansas Department of Agriculture — Arkansas Grown directory,https://arkansasgrown.org/listing/little-man-jerky/,B,2026-07-15,research_or_qa_queue,county missing; city or safe public service area missing,Fields selected by evidence grade; every source observation remains separately auditable.
AR-D99295AFCB,Lockesburg Farmers Market,lockesburg farmers market,farm,unique_source_name_reviewed,AR,,,,,public_business_address_reviewed_for_future_reduced_precision,,,Vegetables,Arkansas Grown member,870-289-3261,Liz-zy83@live.com,internal_until_public_use_review,https://arfarmtoschool.org,https://www.facebook.com/profile.php?id=61575858427482,https://www.instagram.com/arkansasgrownandmade/,,False,False,True,False,False,False,False,1,arobs_a5564307a691d243bf62,Arkansas Department of Agriculture — Arkansas Grown directory,https://arkansasgrown.org/listing/lockesburg-farmers-market/,B,2026-07-15,research_or_qa_queue,county missing; city or safe public service area missing,Fields selected by evidence grade; every source observation remains separately auditable.
AR-8958BBA6EC,Mator Farms LLC,mator farms,farm,unique_source_name_reviewed,AR,,,,,public_business_address_reviewed_for_future_reduced_precision,,,"Kale, Mustard Greens, Okra, Turnip Greens, Turnips",Arkansas Grown member,870-559-8757,matorfarmsllc@gmail.com,internal_until_public_use_review,https://arfarmtoschool.org,https://www.facebook.com/MatorFarmsLLC,https://www.instagram.com/arkansasgrownandmade/,,False,False,False,False,False,False,False,1,arobs_ba721fa59760fea9213f,Arkansas Department of Agriculture — Arkansas Grown directory,https://arkansasgrown.org/listing/mator-farms-llc/,B,2026-07-15,research_or_qa_queue,county missing; city or safe public service area missing,Fields selected by evidence grade; every source observation remains separately auditable.
AR-331EAB6F72,mcgarrah farm,mcgarrah farm,farm,unique_source_name_reviewed,AR,,,,,public_business_address_reviewed_for_future_reduced_precision,,,U-pick pumpkins and berries. Produce sales at multiple Farmer’s Markets in NWA. More Farm Info,Direct-sale farm; Northwest Arkansas,,,internal_until_public_use_review,https://www.mcgarrahfarms.com/,,,,True,False,False,False,False,False,False,1,arobs_b8d16686c9788c52dceb,University of Arkansas Center for Arkansas Farms and Food — direct-sale farms,https://farmandfoodsystem.uada.edu/farms/,B,2026-07-15,research_or_qa_queue,county missing; city or safe public service area missing,Fields selected by evidence grade; every source observation remains separately auditable.
AR-B5A6D140DF,Mercantile on Broadway,mercantile on broadway,farm,unique_source_name_reviewed,AR,,,,,public_business_address_reviewed_for_future_reduced_precision,,,"Beef, Flowers, Honey, Pork, Vegetables",Arkansas Grown member,870-337-2007,Merconbroadway@gmail.com,internal_until_public_use_review,https://arfarmtoschool.org,https://www.facebook.com/profile.php?id=61561344606797,https://www.instagram.com/arkansasgrownandmade/,,False,False,True,False,False,False,False,1,arobs_cb5a0c1fb0389e616ead,Arkansas Department of Agriculture — Arkansas Grown directory,https://arkansasgrown.org/listing/mercantile-on-broadway/,B,2026-07-15,research_or_qa_queue,county missing; city or safe public service area missing,Fields selected by evidence grade; every source observation remains separately auditable.
AR-0A54DF0657,Middlefork Farm,middlefork farm,farm,unique_source_name_reviewed,AR,,,,,public_business_address_reviewed_for_future_reduced_precision,,,Certified naturally grown produce. Offers CSA shares. More Farm Info,Direct-sale farm; Northwest Arkansas,,,internal_until_public_use_review,https://www.middleforkfarmar.com/,,,,True,False,False,False,False,False,False,1,arobs_aa7d157cd09bdce1f655,University of Arkansas Center for Arkansas Farms and Food — direct-sale farms,https://farmandfoodsystem.uada.edu/farms/,B,2026-07-15,research_or_qa_queue,county missing; city or safe public service area missing,Fields selected by evidence grade; every source observation remains separately auditable.
AR-F184C8F7A0,Missouri Herbs,missouri herbs,farm,unique_source_name_reviewed,AR,,,,,public_business_address_reviewed_for_future_reduced_precision,,,vinegar; broccoli; brussels sprouts; lettuce; salad greens; spinach; medicinal herbs; carrots; collards; hot peppers; kale; onions; summer squash; tomatoes; watermelons; cabbage; winter-squash,LocalHarvest Family Farm,,,internal_until_public_use_review,,,,,True,False,False,False,False,False,False,1,arobs_c7c19a7d78f4434b8442,LocalHarvest — Arkansas county-seat gap search,https://www.localharvest.org/missouri-herbs-M47115,D,2026-07-15,research_or_qa_queue,county missing; city or safe public service area missing,Fields selected by evidence grade; every source observation remains separately auditable.
AR-036BD69C18,Natural State Farm,natural state farm,farm,unique_source_name_reviewed,AR,,Bald Knob Area,,,public_business_address_reviewed_for_future_reduced_precision,,,beef,LocalHarvest Family Farm,(501) 681-7971,,internal_until_public_use_review,,http://www.facebook.com/Natural-State-Farm-101128365360559,,,True,False,False,False,False,False,False,1,arobs_cc2fcfa3f2364e6b37a9,LocalHarvest — Arkansas county-seat gap search,https://www.localharvest.org/natural-state-farm-M51875,D,2026-07-15,research_or_qa_queue,county missing,Fields selected by evidence grade; every source observation remains separately auditable.
AR-E4305D92A0,Osage Creek Farms,osage creek farms,farm,unique_source_name_reviewed,AR,,,,,public_business_address_reviewed_for_future_reduced_precision,,,"Beef, Goat, Pork, Sheep/Lamb",Arkansas Grown member,870-654-5719,grassfed@osagecreekfarms.com,internal_until_public_use_review,https://arfarmtoschool.org,http://facebook.com/osagecreekfarms,https://www.instagram.com/arkansasgrownandmade/,,False,False,False,False,False,False,False,1,arobs_2c6d1cb54ae7371d5557,Arkansas Department of Agriculture — Arkansas Grown directory,https://arkansasgrown.org/listing/osage-creek-farms-2/,B,2026-07-15,research_or_qa_queue,county missing; city or safe public service area missing,Fields selected by evidence grade; every source observation remains separately auditable.
AR-1F97D4C819,Pick and Peck farms,pick and peck farms,farm,unique_source_name_reviewed,AR,,,,,public_business_address_reviewed_for_future_reduced_precision,,,"Fresh produce, canning, hand cut flowers, honey and eggs. Roadside market on the farm. More Farm Info",Direct-sale farm; Northwest Arkansas,,,internal_until_public_use_review,,https://www.facebook.com/PickandPeckFarms/,,,True,False,False,False,False,False,False,1,arobs_a1b8476b5d33c6e035fd,University of Arkansas Center for Arkansas Farms and Food — direct-sale farms,https://farmandfoodsystem.uada.edu/farms/,B,2026-07-15,research_or_qa_queue,county missing; city or safe public service area missing,Fields selected by evidence grade; every source observation remains separately auditable.
AR-744B9D7606,Prairie Woods Farm,prairie woods farm,farm,unique_source_name_reviewed,AR,,,,,public_business_address_reviewed_for_future_reduced_precision,,,"No-till, certified naturally grown vegetable farm. Bentonville and Centerton Farmer’s Market vendor. More Farm Info",Direct-sale farm; Northwest Arkansas,,,internal_until_public_use_review,https://www.prairiewoodsfarm.com/,,,,True,False,False,False,False,False,False,1,arobs_7fefcaa4a379796dcc29,University of Arkansas Center for Arkansas Farms and Food — direct-sale farms,https://farmandfoodsystem.uada.edu/farms/,B,2026-07-15,research_or_qa_queue,county missing; city or safe public service area missing,Fields selected by evidence grade; every source observation remains separately auditable.
AR-93689E9975,Riverside Specialty Farm,riverside specialty farm,farm,unique_source_name_reviewed,AR,,,,,public_business_address_reviewed_for_future_reduced_precision,,,"Vegetable farm in West Fork, AR. Find them at the West Fork Farmer’s Market during the growing season. More Farm Info",Direct-sale farm; Northwest Arkansas,,,internal_until_public_use_review,,https://www.facebook.com/riversidespecialtyfarm/,,,True,False,False,False,False,False,False,1,arobs_1851ee3263d46099fe8d,University of Arkansas Center for Arkansas Farms and Food — direct-sale farms,https://farmandfoodsystem.uada.edu/farms/,B,2026-07-15,research_or_qa_queue,county missing; city or safe public service area missing,Fields selected by evidence grade; every source observation remains separately auditable.
AR-9B4E9A3CCD,Romance Farms,romance farms,farm,unique_source_name_reviewed,AR,,Romance,,,public_business_address_reviewed_for_future_reduced_precision,,,"Romance Farms is an organic, biodynamic farm located in the foothills of the Ozark Mountains In Romance Arkansas. We grow and sell herbs and import tea to make medicinal teas using old recipes from around the world and from Native Americans. We are herbalist and blend and grow most of our herbs. We sell our products on the internet and at farmers markets in the South and SouthWest. We have a smaller farm in Arizona where we grow Desert herbs and plants. We have partnered with other farms, helping them get thier products to market. We have an established product line from our farm of organic herbs, tea, salts, fairtrade organic coffee soaps and organic gardening products. We ae business and m",LocalHarvest Family Farm,,,internal_until_public_use_review,,,,,True,False,False,False,False,False,False,1,arobs_c43b7a08b5fed4f3655c,LocalHarvest — Arkansas county-seat gap search,https://www.localharvest.org/romance-farms-M26402,D,2026-07-15,research_or_qa_queue,county missing,Fields selected by evidence grade; every source observation remains separately auditable.
AR-858F337650,Rose Rustlers Flower Farm,rose rustlers flower farm,farm,unique_source_name_reviewed,AR,,Glenwood,,,public_business_address_reviewed_for_future_reduced_precision,,,coffee; honey; soap; medicinal herbs; seeds; peaches; pears; strawberries,LocalHarvest Family Farm,,,internal_until_public_use_review,https://www.roserustlers.com,,,,True,False,False,False,False,False,False,1,arobs_46da1ba718b21da7f5e1,LocalHarvest — Arkansas county-seat gap search,https://www.localharvest.org/rose-rustlers-flower-farm-M30260,D,2026-07-15,research_or_qa_queue,county missing,Fields selected by evidence grade; every source observation remains separately auditable.
AR-F82D2D3F9A,Salsa By Kim,salsa by kim,farm,unique_source_name_reviewed,AR,,,,,public_business_address_reviewed_for_future_reduced_precision,,,"Tomatoes, Vegetables",Arkansas Grown member,903-908-5394,kimerwin07@gmail.com,internal_until_public_use_review,https://arfarmtoschool.org,https://www.facebook.com/arkansasgrownandmade/,https://www.instagram.com/arkansasgrownandmade/,,False,False,False,False,False,False,False,1,arobs_f7dab767393c48951d60,Arkansas Department of Agriculture — Arkansas Grown directory,https://arkansasgrown.org/listing/salsa-by-kim/,B,2026-07-15,research_or_qa_queue,county missing; city or safe public service area missing,Fields selected by evidence grade; every source observation remains separately auditable.
AR-4C566A9682,Samaritan Community Center Garden,samaritan community center garden,farm,unique_source_name_reviewed,AR,,,,,public_business_address_reviewed_for_future_reduced_precision,,,"Expanding to grow organic vegetables, flowers, and fruit for soup kitchens & pantries in NWA. More Farm Info",Direct-sale farm; Northwest Arkansas,,,internal_until_public_use_review,https://www.samcc.org/farm,,,,True,False,False,False,False,False,False,1,arobs_c3226432ca1b4ee3259b,University of Arkansas Center for Arkansas Farms and Food — direct-sale farms,https://farmandfoodsystem.uada.edu/farms/,B,2026-07-15,research_or_qa_queue,county missing; city or safe public service area missing,Fields selected by evidence grade; every source observation remains separately auditable.
AR-1692B498D7,Shamba Ranch,shamba ranch,farm,unique_source_name_reviewed,AR,,,,,public_business_address_reviewed_for_future_reduced_precision,,,"Shamba Ranch & Meat Market is a f amily-run Black Angus ranch raising Certified Angus Beef®. Grass-raised, grain-finished, and hormone- and antibiotic-free. Sells direct to the public. More Farm Info Also Find farms in the NWA Local Food Guide Follow Follow Follow",Direct-sale farm; Northwest Arkansas,,,internal_until_public_use_review,http://nwaangus.com,https://www.facebook.com/Center-for-Food-and-Farm-System-Entrepreneurship-100312841400863/,https://www.instagram.com/caff_ar_farms/,,True,False,False,False,False,False,False,1,arobs_e97ff34b995da9c34ac8,University of Arkansas Center for Arkansas Farms and Food — direct-sale farms,https://farmandfoodsystem.uada.edu/farms/,B,2026-07-15,research_or_qa_queue,county missing; city or safe public service area missing,Fields selected by evidence grade; every source observation remains separately auditable.
AR-A0B303FE22,"Something to Eat Farm, LLC",something to eat farm,farm,unique_source_name_reviewed,AR,,Mansfield,,,public_business_address_reviewed_for_future_reduced_precision,,,"We use NO conventional pesticides, herbicides, fungicides, nor fertilizers. We are a Certified Naturally Grow farm. CNG requires us to follow the National Organic Program standards.",LocalHarvest Family Farm,(501) 218-5478,,internal_until_public_use_review,,https://facebook.com/somethingtoeatfarm,,,True,False,False,False,False,False,False,1,arobs_bf90c39ab12e4bc9996f,LocalHarvest — Arkansas county-seat gap search,https://www.localharvest.org/something-to-eat-farm-llc-M76793,D,2026-07-15,research_or_qa_queue,county missing,Fields selected by evidence grade; every source observation remains separately auditable.
AR-C77AE20419,Southern Tradition Farm,southern tradition farm,farm,unique_source_name_reviewed,AR,,,,,public_business_address_reviewed_for_future_reduced_precision,,,Flowers,Arkansas Grown member,(501) 514-1215,lednajohnson@yahoo.com,internal_until_public_use_review,https://arfarmtoschool.org,https://www.facebook.com/SouthernTraditionfarm,https://www.instagram.com/arkansasgrownandmade/,,False,False,False,False,False,False,False,1,arobs_86edb83ce8396c1336a0,Arkansas Department of Agriculture — Arkansas Grown directory,https://arkansasgrown.org/listing/southern-tradition-farm/,B,2026-07-15,research_or_qa_queue,county missing; city or safe public service area missing,Fields selected by evidence grade; every source observation remains separately auditable.
AR-E29B2EC4A9,The Birds Nest Homestead,the birds nest homestead,producer_requires_type_review,unique_source_name_reviewed,AR,,,,,public_business_address_reviewed_for_future_reduced_precision,,,Herbs,Arkansas Grown member,870-213-7628,nivey3289@aol.com,internal_until_public_use_review,https://arfarmtoschool.org,https://www.facebook.com/nancy.ivey,https://www.instagram.com/arkansasgrownandmade/,,False,False,False,False,False,False,False,1,arobs_16e5c488a0c634a49821,Arkansas Department of Agriculture — Arkansas Grown directory,https://arkansasgrown.org/listing/the-birds-nest-homestead/,B,2026-07-15,research_or_qa_queue,county missing; city or safe public service area missing; directory candidate needs independent farm-operation evidence,Fields selected by evidence grade; every source observation remains separately auditable.
AR-A89F1B0255,The Firelight Farm,the firelight farm,farm,unique_source_name_reviewed,AR,,,,,public_business_address_reviewed_for_future_reduced_precision,,,"Basil, Carrots, Cucumbers, Herbs, Kale, Lettuces—Variety, Okra, Peppers - Variety, Radishes, Squab, Tomatoes",Arkansas Grown member,541-480-6367,thefirelightfarm@gmail.com,internal_until_public_use_review,https://arfarmtoschool.org,https://www.facebook.com/thefirelightfarm,https://www.instagram.com/thefirelightfarm/?fbclid=IwAR2e-GqtZsecfet7iSf_yu0j5_jR6zC-2nSqZv4cKcbHnwteduHAORfCzsI,,False,False,False,False,False,False,False,1,arobs_6d959643a7c1a116e485,Arkansas Department of Agriculture — Arkansas Grown directory,https://arkansasgrown.org/listing/the-firelight-farm/,B,2026-07-15,research_or_qa_queue,county missing; city or safe public service area missing,Fields selected by evidence grade; every source observation remains separately auditable.
AR-5A1754D4AA,The Howard Farm,the howard farm,farm,unique_source_name_reviewed,AR,,,,,public_business_address_reviewed_for_future_reduced_precision,,,Raw milk dairy. Duck eggs also available. Buy direct. More Farm Info,Direct-sale farm; Northwest Arkansas,,,internal_until_public_use_review,https://thehowardfarm.weebly.com/,,,,True,False,False,False,False,False,False,1,arobs_8b3a9b04c58dc368d503,University of Arkansas Center for Arkansas Farms and Food — direct-sale farms,https://farmandfoodsystem.uada.edu/farms/,B,2026-07-15,research_or_qa_queue,county missing; city or safe public service area missing,Fields selected by evidence grade; every source observation remains separately auditable.
AR-CE348D6D6C,The Produce Porch,the produce porch,farm,unique_source_name_reviewed,AR,,,,,public_business_address_reviewed_for_future_reduced_precision,,,"Apples, Banana Peppers - Varietys, Blackberries, Cucumbers",Arkansas Grown member,870-731-7882,theproduceporch@outlook.com,internal_until_public_use_review,"http://Welcome%20to%20The%20Produce%20Porch!%20%20Fresh,%20local%20produce.%20Community%20roots.%20A%20new%20chapter%20for%20a%20beloved%20gathering%20place.%20We’re%20excited%20to%20grow,%20connect,%20and%20serve%20you%20—%20same%20roots,%20just%20a%20new%20season",https://www.facebook.com/arkansasgrownandmade/,https://www.instagram.com/arkansasgrownandmade/,,False,False,False,False,False,False,False,1,arobs_79d1ba2382302aa3e719,Arkansas Department of Agriculture — Arkansas Grown directory,https://arkansasgrown.org/listing/the-produce-porch/,B,2026-07-15,research_or_qa_queue,county missing; city or safe public service area missing,Fields selected by evidence grade; every source observation remains separately auditable.
AR-764468555C,Tomkins Farm CSA,tomkins farm csa,farm,unique_source_name_reviewed,AR,,,,,public_business_address_reviewed_for_future_reduced_precision,,,beets; broccoli; cabbage; carrots; cauliflower; chinese greens; collards; daikon; green onions; kale; kohlrabi; lettuce; mushrooms; mustard greens; onions; potatoes; radishes; salad greens; salad mix; spinach; sweet potatoes; swiss chard; turnips; arugula; brussels sprouts; sweet corn; cucumber; green beans; leeks; peas; tomatoes; eggplant; garlic; hot peppers; okra; pumpkins; summer squash; sweet peppers; winter-squash; zucchini; apples; blueberries; figs; peaches; sunchokes; bananas; grapefruit; persimmons; Bourbon Red Turkey; Midget White Turkey; Narragansett Turkey; St. Croix Sheep,LocalHarvest Family Farm,,,internal_until_public_use_review,https://www.tomkinsfarms.com,http://www.facebook.com/tomkinscsa,,,True,False,False,False,False,False,False,1,arobs_cf020f0901add0baa67c,LocalHarvest — Arkansas county-seat gap search,https://www.localharvest.org/tomkins-farm-csa-M49348,D,2026-07-15,research_or_qa_queue,county missing; city or safe public service area missing,Fields selected by evidence grade; every source observation remains separately auditable.
AR-D86925066E,Turnbuckle Farm,turnbuckle farm,farm,unique_source_name_reviewed,AR,,,,,public_business_address_reviewed_for_future_reduced_precision,,,"Bentonville based CSA program, farmstand, and soon, a food truck! Choose a 12-week or 24-week CSA share with fresh, seasonal veggies and exciting add-ons. More Farm Info",Direct-sale farm; Northwest Arkansas,,,internal_until_public_use_review,https://www.turnbuckle-farm.com/blank-5,,,,True,False,False,False,False,False,False,1,arobs_56d5319a23692c0cdb8f,University of Arkansas Center for Arkansas Farms and Food — direct-sale farms,https://farmandfoodsystem.uada.edu/farms/,B,2026-07-15,research_or_qa_queue,county missing; city or safe public service area missing,Fields selected by evidence grade; every source observation remains separately auditable.
AR-23E96B9A18,Vandevoir Farms,vandevoir farms,farm,unique_source_name_reviewed,AR,,,,,public_business_address_reviewed_for_future_reduced_precision,,,"Pasture raised chickens, offers online shopping, More Farm Info",Direct-sale farm; Northwest Arkansas,,,internal_until_public_use_review,,https://www.facebook.com/vandevoirfarms/,,,True,False,False,False,False,False,False,1,arobs_6d0bc5e43b0706fbfde8,University of Arkansas Center for Arkansas Farms and Food — direct-sale farms,https://farmandfoodsystem.uada.edu/farms/,B,2026-07-15,research_or_qa_queue,county missing; city or safe public service area missing,Fields selected by evidence grade; every source observation remains separately auditable.
AR-4345AF7A6B,Villines Farm,villines farm,farm,unique_source_name_reviewed,AR,,,,,public_business_address_reviewed_for_future_reduced_precision,,,Certified Naturally Grown produce. Bentonville Farmer’s Market vendor. More Farm Info,Direct-sale farm; Northwest Arkansas,,,internal_until_public_use_review,https://www.villinesfarm.com/,,,,True,False,False,False,False,False,False,1,arobs_4e4d950cb3af425ce265,University of Arkansas Center for Arkansas Farms and Food — direct-sale farms,https://farmandfoodsystem.uada.edu/farms/,B,2026-07-15,research_or_qa_queue,county missing; city or safe public service area missing,Fields selected by evidence grade; every source observation remains separately auditable.
AR-B6231A1D85,Willow Mountain Mushrooms,willow mountain mushrooms,farm,unique_source_name_reviewed,AR,,,,,public_business_address_reviewed_for_future_reduced_precision,,,mushrooms; wool,LocalHarvest Family Farm,,,internal_until_public_use_review,https://shroomshack.blogspot.com/,http://www.facebook.com/willowmountain.mushrooms,,,True,False,False,False,False,False,False,1,arobs_f6350de6e245adabbea7,LocalHarvest — Arkansas county-seat gap search,https://www.localharvest.org/willow-mountain-mushrooms-M22657,D,2026-07-15,research_or_qa_queue,county missing; city or safe public service area missing,Fields selected by evidence grade; every source observation remains separately auditable.
AR-359C582A08,Wood's Feed Store,woods feed store,farm,unique_source_name_reviewed,AR,,,,,public_business_address_reviewed_for_future_reduced_precision,,,"Hay, Vegetables",Arkansas Grown member,501-843-6121,info@woodfeedstore.com,internal_until_public_use_review,https://arfarmtoschool.org,https://www.facebook.com/profile.php?id=100042074384123,https://www.instagram.com/arkansasgrownandmade/,,False,False,False,False,False,False,False,1,arobs_388fd899456704269ae6,Arkansas Department of Agriculture — Arkansas Grown directory,https://arkansasgrown.org/listing/woods-feed-store/,B,2026-07-15,research_or_qa_queue,county missing; city or safe public service area missing,Fields selected by evidence grade; every source observation remains separately auditable.
AR-9177573CFB,~ The Ozarks Herbalist ~,the ozarks herbalist,farm,unique_source_name_reviewed,AR,,,,,public_business_address_reviewed_for_future_reduced_precision,,,burdock; garlic; soap; medicinal herbs,LocalHarvest Family Farm,,,internal_until_public_use_review,,,,,True,False,False,False,False,False,False,1,arobs_ee0d4d34f42db9740580,LocalHarvest — Arkansas county-seat gap search,https://www.localharvest.org/-the-ozarks-herbalist--M23255,D,2026-07-15,research_or_qa_queue,county missing; city or safe public service area missing,Fields selected by evidence grade; every source observation remains separately auditable.
AR-CEC705B304,BWG Herbal Tea,bwg herbal tea,farm,unique_source_name_reviewed,AR,Arkansas,Stuttgart,,"Stuttgart, AR, USA",public_business_address_reviewed_for_future_reduced_precision,34.49406,-91.5581,Herbs,Arkansas Grown member,870-672-2906,bwgherbaltea@gmail.com,internal_until_public_use_review,https://arfarmtoschool.org,https://www.facebook.com/BWGHerbalTea/,https://www.instagram.com/bwgherbaltea,,False,False,False,False,False,False,False,1,arobs_e52a35b377dd2f9e5f19,Arkansas Department of Agriculture — Arkansas Grown directory,https://arkansasgrown.org/listing/bwg-herbal-tea/,B,2026-07-15,promotion_eligible_reviewed,,Fields selected by evidence grade; every source observation remains separately auditable.
AR-47E5CF1F1C,Grand Prairie Farmers Market,grand prairie farmers market,farm,unique_source_name_reviewed,AR,Arkansas,Stuttgart,,"505 South Main Street, Stuttgart, AR, USA",public_business_address_reviewed_for_future_reduced_precision,34.49804,-91.55231,The Grand Prairie Farmers Market features vendors with Arkansas Grown produce and Arkansas made items.,Arkansas Grown member,,grandprairiefarmersmarket@gmail.com,internal_until_public_use_review,https://arfarmtoschool.org,https://www.facebook.com/arkansasgrownandmade/,https://www.instagram.com/arkansasgrownandmade/,,False,False,False,False,False,False,False,1,arobs_067359a8e9d0f4a50a0f,Arkansas Department of Agriculture — Arkansas Grown directory,https://arkansasgrown.org/listing/grand-prairie-farmers-market/,B,2026-07-15,promotion_eligible_reviewed,,Fields selected by evidence grade; every source observation remains separately auditable.
AR-912F60F5F3,Hayes Family Farm,hayes family farm,farm,unique_source_name_reviewed,AR,Arkansas,Stuttgart,72160,235 Phelps Road Stuttgart Arkansas 72160,public_business_address_reviewed_for_future_reduced_precision,34.3036,-91.52807,"Annuals, Banana Peppers - Varietys, Beans, Beef, Blackberries, Blueberries, Cantaloupe, Cherry Tomatoes, Chicken, Corn, Cucumbers, Eggs, Hay, Livestock, Okra, Peppers - Variety, Perennials, Pumpkins, Strawberries, Sweet Corn, Tomatoes, Vegetables, Yellow Squash, Zucchini",Arkansas Grown member,870-672-3119,hayesfamilyfarmar@gmail.com,internal_until_public_use_review,https://arfarmtoschool.org,https://www.facebook.com/Hayesfamilyfarms/?ref=page_internal,https://www.instagram.com/arkansasgrownandmade/,,False,False,False,False,False,False,False,1,arobs_030f0ffbbe808d76684b,Arkansas Department of Agriculture — Arkansas Grown directory,https://arkansasgrown.org/listing/hayes-family-farm-3/,B,2026-07-15,promotion_eligible_reviewed,,Fields selected by evidence grade; every source observation remains separately auditable.
AR-5F843B6C52,"Riceland Foods, Inc.",riceland foods,producer_requires_type_review,unique_source_name_reviewed,AR,Arkansas,Stuttgart,72160,2120 S. Park Ave. Stuttgart Arkansas 72160,public_business_address_reviewed_for_future_reduced_precision,34.48114,-91.54413,,Arkansas Grown member,870-673-5813,abadamson@riceland.com,internal_until_public_use_review,https://arfarmtoschool.org,https://www.facebook.com/RicelandUSA/?ref=page_internal,https://www.instagram.com/arkansasgrownandmade/,,False,False,False,False,False,False,False,1,arobs_8a9727c76181dbb70e73,Arkansas Department of Agriculture — Arkansas Grown directory,https://arkansasgrown.org/listing/riceland-foods-inc/,B,2026-07-15,research_or_qa_queue,products or farm activity missing; directory candidate needs independent farm-operation evidence,Fields selected by evidence grade; every source observation remains separately auditable.
AR-4BF9036E64,"CatPro, LLC",catpro llc,farm,unique_source_name_reviewed,AR,Ashley,Portland,,"4873 U.S. 82, Portland, AR, USA",public_business_address_reviewed_for_future_reduced_precision,33.29982,-91.46405,Fish,Arkansas Grown member,870-866-2117,catpro@live.com,internal_until_public_use_review,https://arfarmtoschool.org,https://www.facebook.com/arkansasgrownandmade/,https://www.instagram.com/arkansasgrownandmade/,,False,False,False,False,False,False,False,1,arobs_2a81b0f11f71aa16e14c,Arkansas Department of Agriculture — Arkansas Grown directory,https://arkansasgrown.org/listing/catpro-llc/,B,2026-07-15,promotion_eligible_reviewed,,Fields selected by evidence grade; every source observation remains separately auditable.
AR-1D903E9C5C,Old Milo Tree Farms and Pumpkin Patch,old milo tree farms and pumpkin patch,farm,unique_source_name_reviewed,AR,Ashley,Hamburg,71646,604 Ashley Rd 485 Hamburg Arkansas 71646,public_business_address_reviewed_for_future_reduced_precision,33.22544,-91.79569,"Christmas Trees, Flowers, Hay, Pumpkins",Arkansas Grown member,870-853-2379,oldmilofarms@gmail.com,internal_until_public_use_review,https://arfarmtoschool.org,https://www.facebook.com/people/Old-Milo-Tree-Farm-Pumpkin-Patch/100064694890708/,https://www.instagram.com/arkansasgrownandmade/,,True,False,False,False,True,False,False,1,arobs_6cd72368134cd101a890,Arkansas Department of Agriculture — Arkansas Grown directory,https://arkansasgrown.org/listing/old-milo-tree-farms-and-pumpkin-patch/,B,2026-07-15,promotion_eligible_reviewed,,Fields selected by evidence grade; every source observation remains separately auditable.
AR-5EAB1AE09F,Triple M Farm,triple m farm,farm,unique_source_name_reviewed,AR,Ashley,Hamburg,71646,,public_business_address_reviewed_for_future_reduced_precision,,,U-pick crops; agritourism,U-pick; agritourism,870 853 9285,JamesMeeks3M@yahoo.com,internal_until_public_use_review,,https://www.facebook.com/Triple-M-Farms-of-Ashley-County-207673956109847/,,,True,False,False,False,True,False,False,2,arobs_e45f7640dd2f16d60aa8 | coroobs_634e46399a5e69efaccb,PickYourOwn — Southeast Arkansas | FarmFinder automated corroboration — Arkansas Department of Agriculture — Arkansas Grown directory,https://www.pickyourown.org/ARse.htm | https://arkansasgrown.org/listing/triple-m-farm-of-ashley-co/,C | E,2026-07-15,promotion_eligible_reviewed,,Fields selected by evidence grade; every source observation remains separately auditable.
AR-4632374D49,Triple M Farm of Ashley Co.,triple m farm of ashley,farm,unique_source_name_reviewed,AR,Ashley,Hamburg,,2383 HWY 189 N HAMBURG Arkansas,public_business_address_reviewed_for_future_reduced_precision,33.29455,-91.90375,"Cantaloupe, Cucumbers, Okra, Peas, Peppers - Variety, Squash, Tomatoes, Watermelon",Arkansas Grown member,870-853-9285,JamesMeeks3M@yahoo.com,internal_until_public_use_review,https://arfarmtoschool.org,https://www.facebook.com/Triple-M-Farms-of-Ashley-County-207673956109847/?ref=page_internal,https://www.instagram.com/arkansasgrownandmade/,,True,False,False,False,True,False,False,1,arobs_55c02c526680a79d04fb,Arkansas Department of Agriculture — Arkansas Grown directory,https://arkansasgrown.org/listing/triple-m-farm-of-ashley-co/,B,2026-07-15,promotion_eligible_reviewed,,Fields selected by evidence grade; every source observation remains separately auditable.
AR-65EA665EDB,Backroad Foods,backroad foods,farm,unique_source_name_reviewed,AR,Baxter,Mountain Home,,"741 Orchid Lane, Mountain Home, AR, USA",public_business_address_reviewed_for_future_reduced_precision,36.34996,-92.44443,"Agritourism, Apples, Artichokes, Banana Peppers - Varietys, Basil, Beans - Snap, Pole, Variety, Blackberries, Blueberries, Broccoli, Butternut Squash, Cabbage, Cantaloupe, Carrots, Cauliflower, Cherry Tomatoes, Chicken",Arkansas Grown member,1-855-527-7464,backroadscompany@pm.me,internal_until_public_use_review,,https://www.facebook.com/backroadfoods,https://www.instagram.com/backroadshomesteading/,,False,False,False,False,False,False,False,1,arobs_0b663443cce7ada835f1,Arkansas Department of Agriculture — Arkansas Grown directory,https://arkansasgrown.org/listing/backroad-foods/,B,2026-07-15,promotion_eligible_reviewed,,Fields selected by evidence grade; every source observation remains separately auditable.
AR-24C9D80C19,Backstage Farms of Arkansas llc,backstage farms of arkansas,farm,unique_source_name_reviewed,AR,Baxter,Mountain Home,,"Mountain Home, AR, USA",public_business_address_reviewed_for_future_reduced_precision,36.34009,-92.38522,"Chicken, Eggs, Flowers, Fruits, Pork, Vegetables",Arkansas Grown member,317-294-9991,jerry.horne@att.net,internal_until_public_use_review,https://arfarmtoschool.org,https://www.facebook.com/profile.php?id=100078561853141,https://www.instagram.com/arkansasgrownandmade/,,False,False,False,False,False,False,False,1,arobs_d9a70442c9456154460b,Arkansas Department of Agriculture — Arkansas Grown directory,https://arkansasgrown.org/listing/backstage-farms-of-arkansas-llc/,B,2026-07-15,promotion_eligible_reviewed,,Fields selected by evidence grade; every source observation remains separately auditable.
AR-F089612641,Cotter Farmers Market,cotter farmers market,farm,unique_source_name_reviewed,AR,Baxter,Cotter,,"Big Spring Parkway, Cotter, AR, USA",public_business_address_reviewed_for_future_reduced_precision,36.26586,-92.5422,Apples,Arkansas Grown member,870-421-6227,cotterfarmersmarket@gmail.com,internal_until_public_use_review,https://arfarmtoschool.org,https://www.facebook.com/arkansasgrownandmade/,https://www.instagram.com/arkansasgrownandmade/,,False,False,False,False,False,False,False,1,arobs_8aafbf69c9f28f9a7f3f,Arkansas Department of Agriculture — Arkansas Grown directory,https://arkansasgrown.org/listing/cotter-farmers-market/,B,2026-07-15,promotion_eligible_reviewed,,Fields selected by evidence grade; every source observation remains separately auditable.
AR-0A9542EF95,"County Line Beef, LLC",county line beef,farm,unique_source_name_reviewed,AR,Baxter,Henderson,15200,"15200 U.S. 62, Henderson, AR, USA",public_business_address_reviewed_for_future_reduced_precision,36.39046,-92.16012,"Beef, Eggs, Rabbits",Arkansas Grown member,870-404-9268,hannahwalker611@gmail.com,internal_until_public_use_review,https://arfarmtoschool.org,https://www.facebook.com/profile.php?id=61553858047659,https://www.instagram.com/arkansasgrownandmade/,,False,False,False,False,False,False,False,1,arobs_1be734d3adffe8426d2c,Arkansas Department of Agriculture — Arkansas Grown directory,https://arkansasgrown.org/listing/county-line-beef-llc/,B,2026-07-15,promotion_eligible_reviewed,,Fields selected by evidence grade; every source observation remains separately auditable.
AR-635895C9F5,Gravity BrewWorks,gravity brewworks,producer_requires_type_review,unique_source_name_reviewed,AR,Baxter,,11512,11512 Highway 14 East Big Flat Arkansas 72617,public_business_address_reviewed_for_future_reduced_precision,36.00806,-92.37917,,Arkansas Grown member,870-448-2077,gravitybrewworks@gmail.com,internal_until_public_use_review,https://arfarmtoschool.org,https://www.facebook.com/arkansasgrownandmade/,https://www.instagram.com/arkansasgrownandmade/,,False,False,False,False,False,False,False,1,arobs_9f824a38812b38ada0cd,Arkansas Department of Agriculture — Arkansas Grown directory,https://arkansasgrown.org/listing/gravity-brewworks/,B,2026-07-15,research_or_qa_queue,city or safe public service area missing; products or farm activity missing; directory candidate needs independent farm-operation evidence,Fields selected by evidence grade; every source observation remains separately auditable.
AR-AF5070302B,Mountain Home Berry Farm,mountain home berry farm,farm,merged_exact_name_reviewed,AR,Baxter,Mountain Home,72653,"693 County Road 57, Mountain Home, AR, USA",public_business_address_reviewed_for_future_reduced_precision,36.24596,-92.41614,"Asparagus, Blackberries, Blueberries, Eggs, Raspberries, Strawberries; U-pick crops; agritourism",Arkansas Grown member; U-pick; agritourism,870-425-7028,mountainhomeberryfarm@gmail.com,internal_until_public_use_review,https://arfarmtoschool.org,https://www.facebook.com/MHBerryFarm,https://www.instagram.com/arkansasgrownandmade/,,True,False,False,False,True,False,False,2,arobs_6f35e46f39102b99d82a | arobs_5237b2dbdf4b386f975d,Arkansas Department of Agriculture — Arkansas Grown directory | PickYourOwn — Northeast Arkansas,https://arkansasgrown.org/listing/mountain-home-berry-farm/ | https://www.pickyourown.org/ARne.htm,B; E,2026-07-15,promotion_eligible_reviewed,,Fields selected by evidence grade; every source observation remains separately auditable.
AR-0DFBD5BD8F,Mountain Home Farmers Market,mountain home farmers market,farm,unique_source_name_reviewed,AR,Baxter,Mountain Home,,"East 5th Street & Shiras Street, Mountain Home, AR, USA",public_business_address_reviewed_for_future_reduced_precision,36.33606,-92.38193,"Local farmers and vendors offer fresh fruits, vegetables, meats, cheeses, arts and crafts. Wednesdays and Saturdays from 7am to 1pm April thru November Located at the corner of 5th and Shiras, Mountain Home, AR, United States, Arkansas",Arkansas Grown member,,grow@fbnca.org,internal_until_public_use_review,https://arfarmtoschool.org,https://www.facebook.com/mountainhomefarmersmarket,https://www.instagram.com/arkansasgrownandmade/,,False,False,False,False,False,False,False,1,arobs_063ce57fb34ca58c0587,Arkansas Department of Agriculture — Arkansas Grown directory,https://arkansasgrown.org/listing/mountain-home-farmers-market/,B,2026-07-15,promotion_eligible_reviewed,,Fields selected by evidence grade; every source observation remains separately auditable.
AR-DE5634948E,Norfork Brewing Company,norfork brewing,producer_requires_type_review,unique_source_name_reviewed,AR,Baxter,Norfork,13980,13980 Highway 5 S Norfork Arkansas 72658,public_business_address_reviewed_for_future_reduced_precision,36.20756,-92.28632,Basil,Arkansas Grown member,918-706-6082,jason@nfbrew.com,internal_until_public_use_review,https://arfarmtoschool.org,https://www.facebook.com/naturesbeer/,https://www.instagram.com/arkansasgrownandmade/,,False,False,False,False,False,False,False,1,arobs_8c5a3f29c88548ad4993,Arkansas Department of Agriculture — Arkansas Grown directory,https://arkansasgrown.org/listing/norfork-brewing-company/,B,2026-07-15,research_or_qa_queue,directory candidate needs independent farm-operation evidence,Fields selected by evidence grade; every source observation remains separately auditable.
AR-B5C2DFAF2F,Anglin Beef,anglin beef,farm,unique_source_name_reviewed,AR,Benton,Bentonville,72713,5985 S.W. Anglin Road Bentonville Arkansas 72713,public_business_address_reviewed_for_future_reduced_precision,36.32753,-94.28284,Beef,Arkansas Grown member,479-640-0312,anglinsusanr@gmail.com,internal_until_public_use_review,https://arfarmtoschool.org,https://www.facebook.com/AnglinBeef/,https://www.instagram.com/arkansasgrownandmade/,,False,False,True,False,False,False,False,1,arobs_ee972db846069497b3db,Arkansas Department of Agriculture — Arkansas Grown directory,https://arkansasgrown.org/listing/anglin-beef/,B,2026-07-15,promotion_eligible_reviewed,,Fields selected by evidence grade; every source observation remains separately auditable.
AR-BE47A0822D,Bella Vista Farmers Market,bella vista farmers market,farm,unique_source_name_reviewed,AR,Benton,Bella Vista,72714,1 Mercy Way Bella Vista Arkansas 72714`,public_business_address_reviewed_for_future_reduced_precision,36.43752,-94.23253,"Annuals, Apples, Asparagus, Banana Peppers - Varietys, Barley",Arkansas Grown member,479-876-1255,farmersmarket@bellavistaar.gov,internal_until_public_use_review,https://arfarmtoschool.org,https://www.facebook.com/bellavistafarmersmarket,https://www.instagram.com/arkansasgrownandmade/,,False,False,False,False,False,False,False,1,arobs_ee2969fe22b8ea68bf06,Arkansas Department of Agriculture — Arkansas Grown directory,https://arkansasgrown.org/listing/bella-vista-farmers-market/,B,2026-07-15,promotion_eligible_reviewed,,Fields selected by evidence grade; every source observation remains separately auditable.
AR-B788D2499C,Bentonville Farmers Market,bentonville farmers market,farm,unique_source_name_reviewed,AR,Benton,Bentonville,72712,100 Main Street Bentonville Arkansas 72712,public_business_address_reviewed_for_future_reduced_precision,36.37251,-94.2087,Vegetables,Arkansas Grown member,479-394-1721,dylan@downtownbentonville.org,internal_until_public_use_review,https://arfarmtoschool.org,https://www.facebook.com/arkansasgrownandmade/,https://www.instagram.com/arkansasgrownandmade/,,False,False,True,False,False,False,False,1,arobs_dc5b73243e21e1ca0930,Arkansas Department of Agriculture — Arkansas Grown directory,https://arkansasgrown.org/listing/bentonville-farmers-market/,B,2026-07-15,promotion_eligible_reviewed,,Fields selected by evidence grade; every source observation remains separately auditable.
AR-20706752E5,Blue Heaven Farm,blue heaven farm,farm,unique_source_name_reviewed,AR,Benton,Springdale,72762,,public_business_address_reviewed_for_future_reduced_precision,,,U-pick crops; agritourism,U-pick; agritourism,479 751-8987,blueberryman2@yahoo.com,internal_until_public_use_review,,https://www.facebook.com/Blue-Heaven-Blueberry-Farm-213950641972660,,,True,False,False,False,True,False,False,1,arobs_65402b982a37953ac3d4,PickYourOwn — Northwest Arkansas,https://www.pickyourown.org/ARnw.htm,E,2026-07-15,research_or_qa_queue,single grade-E discovery listing needs corroboration; source reports closure and requires affirmative curator decision,Fields selected by evidence grade; every source observation remains separately auditable.
AR-5828C430BC,Church & Dwight ( brand is Arm & Hammer),church and dwight brand is arm and hammer,farm,unique_source_name_reviewed,AR,Benton,Siloam Springs,72761,408 S College St Siloam Springs Arkansas 72761,public_business_address_reviewed_for_future_reduced_precision,36.18206,-94.54379,"AG education, Agritourism, Chicken, Corn, Pork, Poultry, Soybeans",Arkansas Grown member,417-312-5652,roger.beers@churchdwight.com,internal_until_public_use_review,https://arfarmtoschool.org,https://www.facebook.com/ChurchDwightCo,https://www.instagram.com/arkansasgrownandmade/,,False,False,False,False,False,False,False,1,arobs_2aaf97eff7ccb293bf80,Arkansas Department of Agriculture — Arkansas Grown directory,https://arkansasgrown.org/listing/church-dwight-brand-is-arm-hammer/,B,2026-07-15,promotion_eligible_reviewed,,Fields selected by evidence grade; every source observation remains separately auditable.
AR-F497F9090B,Cow Face Farm,cow face farm,farm,unique_source_name_reviewed,AR,Benton,Lowell,15733,"15733 Cow Face Road, Lowell, AR, USA",public_business_address_reviewed_for_future_reduced_precision,36.2255,-94.03616,"Eggs, Flowers, Vegetables",Arkansas Grown member,513-766-2300 or 859-609-6788,cowfacefarm@gmail.com,internal_until_public_use_review,https://arfarmtoschool.org,https://www.facebook.com/profile.php?id=100090475491634,https://www.instagram.com/arkansasgrownandmade/,,False,False,False,False,False,False,False,1,arobs_f4c96b153ef658db70ec,Arkansas Department of Agriculture — Arkansas Grown directory,https://arkansasgrown.org/listing/cow-face-farm/,B,2026-07-15,promotion_eligible_reviewed,,Fields selected by evidence grade; every source observation remains separately auditable.
AR-0C94CF7350,Downtown Rogers Farmers Market,downtown rogers farmers market,farm,unique_source_name_reviewed,AR,Benton,Rogers,,"216 South 1st Street, Rogers, AR, USA",public_business_address_reviewed_for_future_reduced_precision,36.33143,-94.11651,"The Downtown Rogers Farmers Market, formerly known as the Rogers Local Food Market, is a seasonal weekly marketplace in beautiful downtown Rogers, Arkansas. Join us Saturdays 8am - 1pm from May - October to shop local produce, foods, and crafts!",Arkansas Grown member,603-380-8980,rogerslocalfoodmarket@gmail.com,internal_until_public_use_review,https://arfarmtoschool.org,https://www.facebook.com/arkansasgrownandmade/,https://www.instagram.com/arkansasgrownandmade/,,False,False,True,False,False,False,False,1,arobs_d4771e6c604b0bbea1b9,Arkansas Department of Agriculture — Arkansas Grown directory,https://arkansasgrown.org/listing/downtown-rogers-farmers-market/,B,2026-07-15,promotion_eligible_reviewed,,Fields selected by evidence grade; every source observation remains separately auditable.
AR-C4D3189EF5,Fisher's Blueberries,fishers blueberries,farm,unique_source_name_reviewed,AR,Benton,Gravette,72736,,public_business_address_reviewed_for_future_reduced_precision,,,U-pick crops; agritourism,U-pick; agritourism,479-787-5312,,internal_until_public_use_review,,https://www.facebook.com/Fishers-Blueberries-170302289696401,,,True,False,False,False,True,False,False,1,arobs_a164af209cf6de98e72c,PickYourOwn — Northwest Arkansas,https://www.pickyourown.org/ARnw.htm,E,2026-07-15,research_or_qa_queue,single grade-E discovery listing needs corroboration,Fields selected by evidence grade; every source observation remains separately auditable.
AR-0829F1FD85,Goods and Grains,goods and grains,farm,unique_source_name_reviewed,AR,Benton,Siloam Springs,,"121 North Broadway Street, Siloam Springs, AR, USA",public_business_address_reviewed_for_future_reduced_precision,36.18576,-94.54037,"Beef, Eggs, Flowers, Honey, Pecans",Arkansas Grown member,479-531-8897,goodsandgrainsnwa@gmail.com,internal_until_public_use_review,https://arfarmtoschool.org,https://www.facebook.com/profile.php?id=61579321895400,https://www.instagram.com/arkansasgrownandmade/,,False,False,False,False,False,False,False,1,arobs_1e60dc685dc78341874d,Arkansas Department of Agriculture — Arkansas Grown directory,https://arkansasgrown.org/listing/goods-and-grains/,B,2026-07-15,promotion_eligible_reviewed,,Fields selected by evidence grade; every source observation remains separately auditable.
AR-35EBAEAC60,Grow NWA,grow nwa,producer_requires_type_review,unique_source_name_reviewed,AR,Benton,Bentonville,,"Bentonville, AR, USA",public_business_address_reviewed_for_future_reduced_precision,36.37236,-94.21021,"Lettuces—Variety, Microgreens",Arkansas Grown member,,growingnwa@gmail.com,internal_until_public_use_review,https://arfarmtoschool.org,https://www.facebook.com/GrowNWABentonville,https://www.instagram.com/arkansasgrownandmade/,,False,False,True,False,False,False,False,1,arobs_a746ffca5005301eb491,Arkansas Department of Agriculture — Arkansas Grown directory,https://arkansasgrown.org/listing/grow-nwa/,B,2026-07-15,research_or_qa_queue,directory candidate needs independent farm-operation evidence,Fields selected by evidence grade; every source observation remains separately auditable.
AR-CA1C5DFDC4,Hanna Family Ranch,hanna family ranch,farm,unique_source_name_reviewed,AR,Benton,Bentonville,72712,8583 Reuben Rd Bentonville Arkansas 72712,public_business_address_reviewed_for_future_reduced_precision,36.32006,-94.35334,"Agritourism, Pork, Sheep/Lamb",Arkansas Grown member,479-586-8010,wwhanna@cox.net,internal_until_public_use_review,https://arfarmtoschool.org,https://www.facebook.com/hannaranch/,https://www.instagram.com/arkansasgrownandmade/,,False,False,False,False,False,False,False,1,arobs_95b7590f338102378984,Arkansas Department of Agriculture — Arkansas Grown directory,https://arkansasgrown.org/listing/hanna-family-ranch/,B,2026-07-15,promotion_eligible_reviewed,,Fields selected by evidence grade; every source observation remains separately auditable.
AR-CE7D727FF4,Kristin Rosete Unnamed Farm,kristin rosete unnamed farm,farm,unique_source_name_reviewed,AR,Benton,,,,public_business_address_reviewed_for_future_reduced_precision,,,U-pick crops; agritourism,U-pick; agritourism,,,internal_until_public_use_review,,https://www.facebook.com/kristin.rosete,,,True,False,False,False,True,False,False,1,arobs_df6690661fe14b99e095,PickYourOwn — Northwest Arkansas,https://www.pickyourown.org/ARnw.htm,E,2026-07-15,research_or_qa_queue,city or safe public service area missing; single grade-E discovery listing needs corroboration,Fields selected by evidence grade; every source observation remains separately auditable.
AR-2001DA9DEB,Maw Maw's Blueberries,maw maws blueberries,farm,unique_source_name_reviewed,AR,Benton,Gentry,72734,,public_business_address_reviewed_for_future_reduced_precision,,,U-pick crops; agritourism,U-pick; agritourism,479-736-2818,mawmawniece@yahoo.com,internal_until_public_use_review,,https://www.facebook.com/Maw-Maws-Blueberry-Farm-249995468353863,,,True,False,False,False,True,False,False,1,arobs_ac3b9162448cddeb9b07,PickYourOwn — Northwest Arkansas,https://www.pickyourown.org/ARnw.htm,E,2026-07-15,research_or_qa_queue,single grade-E discovery listing needs corroboration,Fields selected by evidence grade; every source observation remains separately auditable.
AR-245351731D,McGarrah Farms,mcgarrah farms,farm,merged_exact_name_reviewed,AR,Benton,Garfield,16329,16329 N. Old Wire Rd Garfield Arkansas 72732,public_business_address_reviewed_for_future_reduced_precision,36.47505,-94.01404,"Beans, Blackberries, Pumpkins, Raspberries, Squash, Strawberries, Sweet Corn, Vegetables, Watermelon, Yellow Squash, Zucchini; U-pick crops; agritourism",Arkansas Grown member; U-pick; agritourism,479-451-8164,farmermcgarrah@gmail.com,internal_until_public_use_review,https://arfarmtoschool.org,https://www.facebook.com/mcgarrahfarm/photos,https://www.instagram.com/arkansasgrownandmade/,,True,False,False,False,True,False,False,2,arobs_8d39eeab4cffdd09c85f | arobs_65cc720a670ded39c9cc,Arkansas Department of Agriculture — Arkansas Grown directory | PickYourOwn — Northwest Arkansas,https://arkansasgrown.org/listing/mcgarrah-farms/ | https://www.pickyourown.org/ARnw.htm,B; E,2026-07-15,promotion_eligible_reviewed,,Fields selected by evidence grade; every source observation remains separately auditable.
AR-F36D5C067B,Neal Family Farm,neal family farm,farm,merged_exact_name_reviewed,AR,Benton,Rogers,72758,1246 W. Laurel Ave. Rogers Arkansas 72758,public_business_address_reviewed_for_future_reduced_precision,36.29055,-94.13517,"Agritourism, Blackberries, Blueberries, Flowers; U-pick crops; agritourism",Arkansas Grown member; U-pick; agritourism,479-659-1750,rjn001@gmail.com,internal_until_public_use_review,https://arfarmtoschool.org,https://www.facebook.com/Nealfamilyfarm,https://www.instagram.com/neal_family_farm/,,True,False,False,False,True,False,False,2,arobs_733afd089fb67c2e2d64 | arobs_1cff250595302a0afdb8,Arkansas Department of Agriculture — Arkansas Grown directory | PickYourOwn — Northwest Arkansas,https://arkansasgrown.org/listing/neal-family-farm/ | https://www.pickyourown.org/ARnw.htm,B; E,2026-07-15,promotion_eligible_reviewed,,Fields selected by evidence grade; every source observation remains separately auditable.
AR-4446C891B5,Nova Terra,nova terra,farm,unique_source_name_reviewed,AR,Benton,Pea Ridge,,"Pea Ridge, AR, USA",public_business_address_reviewed_for_future_reduced_precision,36.45384,-94.11516,Agritourism,Arkansas Grown member,479-531-5950,mwallmosaic@gmail.com,internal_until_public_use_review,https://arfarmtoschool.org,https://www.facebook.com/arkansasgrownandmade/,https://www.instagram.com/arkansasgrownandmade/,,False,False,False,False,False,False,False,1,arobs_543f557d38671feb33af,Arkansas Department of Agriculture — Arkansas Grown directory,https://arkansasgrown.org/listing/nova-terra/,B,2026-07-15,promotion_eligible_reviewed,,Fields selected by evidence grade; every source observation remains separately auditable.
AR-2A4ED64E70,Ozark Acres Farm,ozark acres farm,farm,unique_source_name_reviewed,AR,Benton,,,"3474 AR-112, Bentonville, AR, USA",public_business_address_reviewed_for_future_reduced_precision,36.31118,-94.22632,"Chicken, Eggs, Pork",Arkansas Grown member,479-721-5335,ozarkacresfarmnwa@gmail.com,internal_until_public_use_review,https://arfarmtoschool.org,https://www.facebook.com/OzarkAcresFarm,https://www.instagram.com/ozarkacresfarm,,False,False,False,False,False,False,False,1,arobs_fcbc42884ff73f5a3408,Arkansas Department of Agriculture — Arkansas Grown directory,https://arkansasgrown.org/listing/ozark-acres-farm/,B,2026-07-15,research_or_qa_queue,city or safe public service area missing,Fields selected by evidence grade; every source observation remains separately auditable.
AR-3343EE8F00,Parmelee Homestead Creations (PHC),parmelee homestead creations phc,farm,unique_source_name_reviewed,AR,Benton,Bella Vista,,"2 Brougham Ln, Bella Vista, AR, USA",public_business_address_reviewed_for_future_reduced_precision,36.4415,-94.19898,"Basil, Grapes, Herbs, Onions, Peppers - Variety, Potatoes, Squash, Strawberries, Tomatoes",Arkansas Grown member,479-310-5272,parmeleehomesteadcreations@gmail.com,internal_until_public_use_review,https://parmeleehomesteadcreations.com/,https://www.facebook.com/PHCINBV/,https://www.instagram.com/phcinbv/,,False,False,True,False,False,False,False,1,arobs_d5f9350d81a1ef4fbf81,Arkansas Department of Agriculture — Arkansas Grown directory,https://arkansasgrown.org/listing/parmelee-homestead-creations-phc/,B,2026-07-15,promotion_eligible_reviewed,,Fields selected by evidence grade; every source observation remains separately auditable.
AR-35F2EFC7BB,Pickering Farms,pickering farms,farm,unique_source_name_reviewed,AR,Benton,Gravette,24135,24135 Clarry Road Gravette Arkansas 72736,public_business_address_reviewed_for_future_reduced_precision,36.39037,-94.56568,Goat,Arkansas Grown member,479-291-0887,pickeringfarms@hotmail.com,internal_until_public_use_review,https://arfarmtoschool.org,https://www.facebook.com/pickering.farmsboergoats,https://www.instagram.com/arkansasgrownandmade/,,False,False,False,False,False,False,False,1,arobs_0441e39ba760c8092dcc,Arkansas Department of Agriculture — Arkansas Grown directory,https://arkansasgrown.org/listing/pickering-farms/,B,2026-07-15,promotion_eligible_reviewed,,Fields selected by evidence grade; every source observation remains separately auditable.
AR-D4E8553056,"Ranalli Farms, LLC",ranalli farms,farm,unique_source_name_reviewed,AR,Benton,Siloam Springs,72761,"15683 Logan Cave Rd, Siloam Springs, AR 72761, USA",public_business_address_reviewed_for_future_reduced_precision,36.20041,-94.38186,"Annuals, Banana Peppers - Varietys, Blackberries, Broccoli, Butternut Squash, Cantaloupe, Cherry Tomatoes, Cucumbers, Fruits, Grapes, Green Beans, Hay, Muscadine Grapes, Nursery, Okra, Peppers - Variety, Perennials, Potatoes, Pumpkins, Raspberries, Squash, Strawberries, Tomatoes, Vegetables, Vines, Watermelon, Yellow Squash, Zucchini",Arkansas Grown member,479-409-1986,mmerrick.ranallifarms@gmail.com,internal_until_public_use_review,https://arfarmtoschool.org,https://www.facebook.com/ranallifarms,https://www.instagram.com/arkansasgrownandmade/,,False,False,False,False,False,False,False,1,arobs_a9d020ad06ebe9f94b76,Arkansas Department of Agriculture — Arkansas Grown directory,https://arkansasgrown.org/listing/ranalli-farms-llc/,B,2026-07-15,promotion_eligible_reviewed,,Fields selected by evidence grade; every source observation remains separately auditable.
AR-15967E6A09,Renegade Hens,renegade hens,farm,unique_source_name_reviewed,AR,Benton,Rogers,72758,0 Rogers Arkansas 72758,public_business_address_reviewed_for_future_reduced_precision,36.29305,-94.12775,Eggs,Arkansas Grown member,479-640-0936,renegadehens@gmail.com,internal_until_public_use_review,https://arfarmtoschool.org,https://www.facebook.com/profile.php?id=100054445421898,https://www.instagram.com/arkansasgrownandmade/,,False,False,False,False,False,False,False,1,arobs_5daa6edfa8c8a60b00b1,Arkansas Department of Agriculture — Arkansas Grown directory,https://arkansasgrown.org/listing/renegade-hens/,B,2026-07-15,promotion_eligible_reviewed,,Fields selected by evidence grade; every source observation remains separately auditable.
AR-CCAC1AC75D,Rockin' Mac Farms,rockin mac farms,farm,unique_source_name_reviewed,AR,Benton,Sulphur Springs,72768,"21096 State Line Rd, Sulphur Springs, AR 72768, USA",public_business_address_reviewed_for_future_reduced_precision,36.49602,-94.49865,"Chicken, Eggs, Honey, Pork",Arkansas Grown member,4792468611,rockinmacfarm@gmail.com,internal_until_public_use_review,https://arfarmtoschool.org,https://www.facebook.com/Rockinmacfarms,https://www.instagram.com/arkansasgrownandmade/,,False,False,False,False,False,False,False,1,arobs_87bc267a0e99f030a1ff,Arkansas Department of Agriculture — Arkansas Grown directory,https://arkansasgrown.org/listing/rockin-mac-farms/,B,2026-07-15,promotion_eligible_reviewed,,Fields selected by evidence grade; every source observation remains separately auditable.
AR-8F8BB63037,Sacred Hollow Farm,sacred hollow farm,farm,unique_source_name_reviewed,AR,Benton,Lowell,72745,,public_business_address_reviewed_for_future_reduced_precision,,,U-pick crops; agritourism,U-pick; agritourism,(479) 426-4045,sacredhollowfarm@gmail.com,internal_until_public_use_review,https://www.sacredhollowfarm.com/,https://facebook.com/sacredhollowfarm/,,,True,False,False,False,True,False,False,2,arobs_cb0e5ee6993371a63dfd | coroobs_cca56004ec6eb0b9d426,PickYourOwn — Northwest Arkansas | FarmFinder automated corroboration — website liveness,https://www.pickyourown.org/ARnw.htm | https://www.sacredhollowfarm.com/,C | E,2026-07-17,promotion_eligible_reviewed,,Fields selected by evidence grade; every source observation remains separately auditable.
AR-7AE56E8E89,Shamba Ranch & Meat Market,shamba ranch and meat market,farm,unique_source_name_reviewed,AR,Benton,Bentonville,10618,"10618 Mill Dam Road, Bentonville, AR, USA",public_business_address_reviewed_for_future_reduced_precision,36.28139,-94.26683,Beef,Arkansas Grown member,479-536-1314,sales@nwaangus.com,internal_until_public_use_review,https://app.barn2door.com/nwaangus/all,https://www.facebook.com/shambameatmarket,https://www.instagram.com/shambameatmarket/,,False,False,False,False,False,False,False,1,arobs_6b33fd7b3e328228031c,Arkansas Department of Agriculture — Arkansas Grown directory,https://arkansasgrown.org/listing/shamba-ranch-meat-market/,B,2026-07-15,promotion_eligible_reviewed,,Fields selected by evidence grade; every source observation remains separately auditable.
AR-34B00A2C85,Shimizu Farms,shimizu farms,farm,unique_source_name_reviewed,AR,Benton,Pea Ridge,,"1515 It'll Do Road, Pea Ridge, AR, USA",public_business_address_reviewed_for_future_reduced_precision,36.45557,-94.14096,"Basil, Lettuces—Variety",Arkansas Grown member,479-502-7070,david@shimizufarms.com,internal_until_public_use_review,https://arfarmtoschool.org,https://www.facebook.com/arkansasgrownandmade/,https://www.instagram.com/arkansasgrownandmade/,,False,False,False,False,False,False,False,1,arobs_b111667d23a1d65de4b5,Arkansas Department of Agriculture — Arkansas Grown directory,https://arkansasgrown.org/listing/shimizu-farms/,B,2026-07-15,promotion_eligible_reviewed,,Fields selected by evidence grade; every source observation remains separately auditable.
AR-FB384B04D9,Siloam Springs Farmers Market,siloam springs farmers market,farm,unique_source_name_reviewed,AR,Benton,Siloam Springs,72761,Corner of Mt Olive and University Street Siloam Springs Arkansas 72761,public_business_address_reviewed_for_future_reduced_precision,36.18598,-94.54152,"Asparagus, Banana Peppers - Varietys, Basil, Beef, Beets, Blackberries, Blueberries, Broccoli, Butternut Squash, Cabbage, Cantaloupe, Cherry Tomatoes, Chicken, Cilantro, Collard Greens, Corn, Cucumbers, Eggs, Ferns, Flowers, Fruits, Green Beans, Green Onion, Herbs, Honey, Kale, Leeks, Mustard Greens, Okra, Parsley, Peas, Peppers - Variety, Pork, Potatoes, Poultry, Pumpkins, Radishes, Raspberries, Romaine, Squash, Strawberries, Sweet Corn, Sweet Potatoes, Swiss Chard, Tomatoes, Turkey, Turnip Greens, Turnips, Vegetables, Watermelon, Yellow Squash, Zucchini",Arkansas Grown member,479-524-4556,farmersmarket@mainstreetsiloam.org,internal_until_public_use_review,https://arfarmtoschool.org,https://www.facebook.com/SiloamSpringsFarmersMarket,https://www.instagram.com/arkansasgrownandmade/,,False,False,True,False,False,False,False,1,arobs_84123ce50751e735880b,Arkansas Department of Agriculture — Arkansas Grown directory,https://arkansasgrown.org/listing/siloam-springs-farmers-market/,B,2026-07-15,promotion_eligible_reviewed,,Fields selected by evidence grade; every source observation remains separately auditable.
AR-D4EC666B7A,Sweet Joe's Honey,sweet joes honey,farm,unique_source_name_reviewed,AR,Benton,Rogers,,"1202 E Walnut St, Rogers, Arkansas, United States",public_business_address_reviewed_for_future_reduced_precision,36.32622,-94.09738,Honey,Arkansas Grown member,479-925-0018,thehoneyman@cox.net,internal_until_public_use_review,https://arfarmtoschool.org,https://www.facebook.com/arkansasgrownandmade/,https://www.instagram.com/arkansasgrownandmade/,,False,False,False,False,False,False,False,1,arobs_e08e8f3c960afa276f52,Arkansas Department of Agriculture — Arkansas Grown directory,https://arkansasgrown.org/listing/sweet-joeaos-honey/,B,2026-07-15,promotion_eligible_reviewed,,Fields selected by evidence grade; every source observation remains separately auditable.
AR-6071E33294,Taylor's Orchard,taylors orchard,farm,unique_source_name_reviewed,AR,Benton,Gentry,72734,,public_business_address_reviewed_for_future_reduced_precision,,,U-pick crops; agritourism,U-pick; agritourism,479-736-2004,applecore@centurytel.net,internal_until_public_use_review,,https://www.facebook.com/Taylors-Orchard-104798036254354,,,True,False,False,False,True,False,False,1,arobs_7a5c247147e2db5c15ce,PickYourOwn — Northwest Arkansas,https://www.pickyourown.org/ARnw.htm,E,2026-07-15,research_or_qa_queue,single grade-E discovery listing needs corroboration,Fields selected by evidence grade; every source observation remains separately auditable.
AR-F1732D571E,The Berry Farm,the berry farm,farm,split_due_county_conflict,AR,Benton,Bentonville,72713,,public_business_address_reviewed_for_future_reduced_precision,,,U-pick crops; agritourism,U-pick; agritourism,(479) 222-0413,,internal_until_public_use_review,https://www.theberryfarmbentonville.com/,,,,True,False,False,False,True,False,False,1,arobs_a0e76435d19d4ae81e40,PickYourOwn — Northwest Arkansas,https://www.pickyourown.org/ARnw.htm,E,2026-07-15,research_or_qa_queue,same normalized name appears in multiple counties; single grade-E discovery listing needs corroboration,Fields selected by evidence grade; every source observation remains separately auditable.
AR-0B43E5C48E,The Blueberry Barn,the blueberry barn,farm,merged_exact_name_reviewed,AR,Benton,Rogers,72756,,public_business_address_reviewed_for_future_reduced_precision,,,U-pick crops; agritourism,U-pick; agritourism,479-636-9640,,internal_until_public_use_review,,https://www.facebook.com/The-Blueberry-Barn-186312808082512/,,,True,False,False,False,True,False,False,2,arobs_f03911321641de5da4a1 | arobs_e1db0e92199b20f42c63,PickYourOwn — Northwest Arkansas,https://www.pickyourown.org/ARnw.htm,E,2026-07-15,research_or_qa_queue,single grade-E discovery listing needs corroboration,Fields selected by evidence grade; every source observation remains separately auditable.
AR-145884757B,Tuckaway Farm,tuckaway farm,farm,unique_source_name_reviewed,AR,Benton,Bentonville,72712,9690 E. Plentywood Road,public_business_address_reviewed_for_future_reduced_precision,,,pork; eggs; baked goods; bread; honey; arugula; asparagus; beets; broccoli; cabbage; carrots; cauliflower; chinese greens; daikon; edamame soybeans; green onions; kale; kohlrabi; leeks; lettuce; onions; peas; radishes; salad greens; salad mix; spinach; swiss chard; turnips; strawberries; fresh flowers; celery; sweet corn; cucumber; eggplant; garlic; green beans; hot peppers; potatoes; shallots; summer squash; sweet peppers; tomatillos; tomatoes; zucchini; cantaloupes; melons; watermelons; brussels sprouts; collards; parsnips; pumpkins; winter-squash,LocalHarvest Family Farm,(636) 357-1059,,internal_until_public_use_review,https://www.tuckawaybentonville.com/,http://www.facebook.com/tuckawaybentonville,https://instagram.com/tuckawaybentonville,,True,False,False,False,False,False,False,1,arobs_e24ea2091b6a83e2e95e,LocalHarvest — Arkansas county-seat gap search,https://www.localharvest.org/tuckaway-farm-M84377,D,2026-07-15,promotion_eligible_reviewed,,Fields selected by evidence grade; every source observation remains separately auditable.
AR-851097D150,Bansley's Berkshire Ridge Farm,bansleys berkshire ridge farm,farm,unique_source_name_reviewed,AR,Boone,Harrison,72601,9623 Terrapin Creek Road Harrison Arkansas 72601,public_business_address_reviewed_for_future_reduced_precision,36.23768,-93.25612,Pork,Arkansas Grown member,870-414-1939,csbansley@yahoo.com,internal_until_public_use_review,https://arfarmtoschool.org,https://www.facebook.com/BansleysBerkshireRidgeFarms,https://www.instagram.com/arkansasgrownandmade/,,False,False,False,False,False,False,False,1,arobs_6659a86f2f503f4cfcd7,Arkansas Department of Agriculture — Arkansas Grown directory,https://arkansasgrown.org/listing/bansleyaos-berkshire-ridge-farm/,B,2026-07-15,promotion_eligible_reviewed,,Fields selected by evidence grade; every source observation remains separately auditable.
AR-E4788241D8,Bear Creek Meats and More,bear creek meats and more,farm,unique_source_name_reviewed,AR,Boone,Harrison,,"4560 Wolf Springs Road North, Harrison, AR, USA",public_business_address_reviewed_for_future_reduced_precision,36.32096,-93.16844,"Beef, Vegetables",Arkansas Grown member,870-416-7359,bearcreekmeatsandmore@gmail.com,internal_until_public_use_review,https://arfarmtoschool.org,https://www.facebook.com/bearcreekmm/,https://www.instagram.com/bearcreekmeatsandmore/,,False,False,False,False,False,False,False,1,arobs_6cb9f57551aaab6e1036,Arkansas Department of Agriculture — Arkansas Grown directory,https://arkansasgrown.org/listing/bear-creek-meats-and-more/,B,2026-07-15,promotion_eligible_reviewed,,Fields selected by evidence grade; every source observation remains separately auditable.
AR-904CF874BE,Central Ozarks Farmers & Artisans Market,central ozarks farmers and artisans market,farm,unique_source_name_reviewed,AR,Boone,Harrison,72601,Downtown Square / North Willow Street Harrison Arkansas 72601,public_business_address_reviewed_for_future_reduced_precision,36.23032,-93.10799,"Annuals, Apples, Asparagus, Banana Peppers - Varietys, Barley, Basil, Beans, Beef, Beets, Blackberries, Blueberries, Broccoli, Butter Beans, Butternut Squash, Cabbage, Cantaloupe, Cherry Tomatoes, Chicken, Christmas Trees, Cilantro, Collard Greens, Corn, Cucumbers, Eggs, Ferns, Flowers, Fruits, Grapes, Grasses, Green Beans, Green Onion, Hay, Herbs, Honey, Kale, Leeks, Livestock, Milo, Mizuna, Muscadine Grapes, Mushrooms, Mustard Greens, Nectarines, Nursery, Nuts, Okra, Oriental Vegetables, Ornamentals, Parsley, Peaches, Peas, Pecans, Peppers - Variety, Perennials, Plums, Pork, Potatoes, Poultry, Pumpkins, Radishes, Raspberries, Rice, Romaine, Rutabagas, Seeds, Shrubs, Sorghum, Southern Pines, Soybeans, Squash, Strawberries, Sweet Corn, Sweet Potatoes, Swiss Chard, Tobacco, Tomatoes, Turf, Turnip Greens, Turnips, Vegetables, Vines, Watermelon, Yellow Squash, Zucchini",Arkansas Grown member,870-204-0216,centralozarksfarmersmarket@yahoo.com,internal_until_public_use_review,https://arfarmtoschool.org,https://www.facebook.com/COFAMHarrisonAR/?ref=page_internal,https://www.instagram.com/arkansasgrownandmade/,,False,False,False,False,False,False,False,1,arobs_5f87c136981af85d142b,Arkansas Department of Agriculture — Arkansas Grown directory,https://arkansasgrown.org/listing/central-ozarks-farmers-artisans-market/,B,2026-07-15,promotion_eligible_reviewed,,Fields selected by evidence grade; every source observation remains separately auditable.
AR-A7CCF42859,Chestnuts In The Ozarks,chestnuts in the ozarks,farm,merged_exact_name_reviewed,AR,Boone,Omaha,12302,"12302 Ward Lane West, Omaha, AR, USA",public_business_address_reviewed_for_future_reduced_precision,36.47556,-93.23841,"Nuts, Trees; chestnuts; Native Chinquapin; Family-owned orchard since 2019, growing 20+ U.S.-sourced blight-resistant varieties More Farm Info",Arkansas Grown member; LocalHarvest Family Farm; Direct-sale farm; Northwest Arkansas,479-685-4469,cs@chestnutsintheozarks.com,internal_until_public_use_review,https://www.chestnutsintheozarks.com,https://www.facebook.com/profile.php?id=100083037653910,https://www.instagram.com/chestnutsozark,,True,False,True,False,False,False,False,3,arobs_25aaceb2975460ab3339 | arobs_8c610321a6c1232ea10c | arobs_785e3feec9d9ce08b3da,Arkansas Department of Agriculture — Arkansas Grown directory | LocalHarvest — Arkansas county-seat gap search | University of Arkansas Center for Arkansas Farms and Food — direct-sale farms,https://arkansasgrown.org/listing/chestnuts-in-the-ozarks/ | https://www.localharvest.org/chestnuts-in-the-ozarks-M82141 | https://farmandfoodsystem.uada.edu/farms/,B; D,2026-07-15,promotion_eligible_reviewed,,Fields selected by evidence grade; every source observation remains separately auditable.
AR-F854C4371D,Farm Goodies by Brenda,farm goodies by brenda,farm,unique_source_name_reviewed,AR,Boone,Omaha,12042,12042 Dubuque Rd Omaha Arkansas 72662,public_business_address_reviewed_for_future_reduced_precision,36.38827,-93.12003,"Asparagus, Banana Peppers - Varietys, Barley, Basil, Broccoli, Cabbage, Cantaloupe, Cherry Tomatoes, Chicken, Cilantro, Corn, Cucumbers, Eggs, Fruits, Green Onion, Herbs, Okra, Parsley, Peaches, Peppers - Variety, Poultry, Pumpkins, Radishes, Romaine, Sheep/Lamb, Squash, Sweet Corn, Tomatoes, Vegetables, Yellow Squash, Zucchini, Other",Arkansas Grown member,479-236-4824,bmcalister1971@gmail.com,internal_until_public_use_review,https://arfarmtoschool.org,https://www.facebook.com/farmonbyfaith,https://www.instagram.com/arkansasgrownandmade/,,False,False,False,False,False,False,False,1,arobs_a7f86e810f113589c539,Arkansas Department of Agriculture — Arkansas Grown directory,https://arkansasgrown.org/listing/farm-goodies-by-brenda/,B,2026-07-15,promotion_eligible_reviewed,,Fields selected by evidence grade; every source observation remains separately auditable.
AR-E34EC30C4A,Fenton's Berry Farm,fentons berry farm,farm,merged_cross_county_identity_reviewed,AR,Boone,Harrison,72601,7217 Fork Creek Road Harrison Arkansas 72601,public_business_address_reviewed_for_future_reduced_precision,36.16402,-93.15379,"Asparagus, Beans, Beets, Blackberries, Blueberries, Broccoli, Butternut Squash, Cantaloupe, Corn, Cucumbers, Fruits, Green Beans, Hay, Okra, Peppers - Variety, Potatoes, Pumpkins, Radishes, Raspberries, Squash, Strawberries, Sweet Corn, Tomatoes, Vegetables, Watermelon, Yellow Squash, Zucchini; U-pick crops; agritourism",Arkansas Grown member; U-pick; agritourism,870-741-9607,info@allthingsfenton.com,internal_until_public_use_review,https://arfarmtoschool.org,https://www.facebook.com/fentonsberryfarmAR/?ref=page_internal,https://www.instagram.com/arkansasgrownandmade/,,True,False,False,False,True,False,False,3,arobs_440bbe053f9c846247ce | arobs_39125d674604f5efa8a1 | arobs_496abc067ffad7cdcc1f,Arkansas Department of Agriculture — Arkansas Grown directory | PickYourOwn — Northwest Arkansas,https://arkansasgrown.org/listing/fentonaos-berry-farm/ | https://www.pickyourown.org/ARnw.htm,B; E,2026-07-15,promotion_eligible_reviewed,,Fields selected by evidence grade; every source observation remains separately auditable.
AR-85AC360593,George Cline Berry Farm,george cline berry farm,farm,unique_source_name_reviewed,AR,Boone,Harrison,72601,,public_business_address_reviewed_for_future_reduced_precision,,,U-pick crops; agritourism,U-pick; agritourism,870-741-7121,gcline@ieee.org,internal_until_public_use_review,,,,,True,False,False,False,True,False,False,1,arobs_f48c8beefaf2b04cb3f8,PickYourOwn — Northwest Arkansas,https://www.pickyourown.org/ARnw.htm,E,2026-07-15,research_or_qa_queue,single grade-E discovery listing needs corroboration,Fields selected by evidence grade; every source observation remains separately auditable.
AR-3206C6E0AC,Harrison Farmers Market,harrison farmers market,farm,unique_source_name_reviewed,AR,Boone,Harrison,72601,1425 North Main Street Harrison Arkansas 72601,public_business_address_reviewed_for_future_reduced_precision,36.24693,-93.11726,"Apples, Banana Peppers - Varietys, Basil, Beans, Beets, Blackberries, Blueberries, Broccoli, Butternut Squash, Cabbage, Cantaloupe, Cherry Tomatoes, Cilantro, Corn, Cucumbers, Eggs, Flowers, Fruits, Grapes, Green Beans, Green Onion, Herbs, Honey, Kale, Leeks, Mustard Greens, Nectarines, Okra, Parsley, Peaches, Pears, Peas, Peppers - Variety, Plums, Potatoes, Pumpkins, Radishes, Raspberries, Romaine, Seeds, Squash, Strawberries, Sweet Corn, Sweet Potatoes, Tomatoes, Turnip Greens, Turnips, Vegetables, Watermelon, Yellow Squash, Zucchini",Arkansas Grown member,870-365-7925,harrisonarfarmersmarket@gmail.com,internal_until_public_use_review,https://arfarmtoschool.org,https://www.facebook.com/harrisonfarmersmarket,https://www.instagram.com/arkansasgrownandmade/,,False,False,False,False,False,False,False,1,arobs_db0f6eed3f658892ad7b,Arkansas Department of Agriculture — Arkansas Grown directory,https://arkansasgrown.org/listing/harrison-farmeraos-market/,B,2026-07-15,promotion_eligible_reviewed,,Fields selected by evidence grade; every source observation remains separately auditable.
AR-37E20D3BB8,J Armstrong Cattle & Farm Fresh Beef,j armstrong cattle and farm fresh beef,farm,unique_source_name_reviewed,AR,Boone,,,"Alpena, AR, USA",public_business_address_reviewed_for_future_reduced_precision,36.29407,-93.29745,Beef,Arkansas Grown member,281-851-1151,jarmstrongcattle@gmail.com,internal_until_public_use_review,https://arfarmtoschool.org,https://www.facebook.com/jarmstrongcattle,https://www.instagram.com/arkansasgrownandmade/,,False,False,False,False,False,False,False,1,arobs_fb02771974e0b9f05dcf,Arkansas Department of Agriculture — Arkansas Grown directory,https://arkansasgrown.org/listing/j-armstrong-cattle-farm-fresh-beef/,B,2026-07-15,research_or_qa_queue,city or safe public service area missing,Fields selected by evidence grade; every source observation remains separately auditable.
AR-A276E2AD0B,JSW Farms and Blue Paradise Dairy,jsw farms and blue paradise dairy,farm,merged_exact_name_reviewed,AR,Boone,Lead Hill,,"Lead Hill, AR, USA",public_business_address_reviewed_for_future_reduced_precision,36.4197,-92.9142,"Beef, Pork; Pastured pork, grass-fed beef, eggs, dairy, and chemical-free goat’s milk soap. More Farm Info",Arkansas Grown member; Direct-sale farm; Northwest Arkansas,8706769469,jswfarmsllc@gmail.com,internal_until_public_use_review,https://blueparadisedairy.com,https://www.facebook.com/JSWFARMSBLUEPARADISEDAIRY,https://www.instagram.com/arkansasgrownandmade/,,True,False,True,False,False,False,False,2,arobs_9a4d63cbd5c87e7e8720 | arobs_29bfc3ff5be970ff3078,Arkansas Department of Agriculture — Arkansas Grown directory | University of Arkansas Center for Arkansas Farms and Food — direct-sale farms,https://arkansasgrown.org/listing/jsw-farms-and-blue-paradise-dairy/ | https://farmandfoodsystem.uada.edu/farms/,B,2026-07-15,promotion_eligible_reviewed,,Fields selected by evidence grade; every source observation remains separately auditable.
AR-306F1A74D5,Lost in the Ozarks Mushroom Farm,lost in the ozarks mushroom farm,farm,unique_source_name_reviewed,AR,Boone,Lead Hill,16789,"16789 Norman Road North, Lead Hill, AR, USA",public_business_address_reviewed_for_future_reduced_precision,36.44611,-92.94626,Mushrooms,Arkansas Grown member,870-704-0313,gdavis@lostintheozarks.com,internal_until_public_use_review,https://arfarmtoschool.org,https://www.facebook.com/lostintheozarks,https://www.instagram.com/arkansasgrownandmade/,,False,False,False,False,False,False,False,1,arobs_bc1c2ad02769b49b42da,Arkansas Department of Agriculture — Arkansas Grown directory,https://arkansasgrown.org/listing/lost-in-the-ozarks-mushroom-farm/,B,2026-07-15,promotion_eligible_reviewed,,Fields selected by evidence grade; every source observation remains separately auditable.
AR-881FD52234,Mahler Farms,mahler farms,farm,unique_source_name_reviewed,AR,Boone,Harrison,72601,5158 Hopewell Rd. Harrison Arkansas 72601,public_business_address_reviewed_for_future_reduced_precision,36.31734,-93.10812,"Banana Peppers - Varietys, Basil, Beans, Beets, Broccoli, Butternut Squash, Cabbage, Cantaloupe, Cherry Tomatoes, Cilantro, Cucumbers, Eggs, Flowers, Fruits, Green Beans, Kale, Leeks, Mustard Greens, Okra, Parsley, Peas, Peppers - Variety, Potatoes, Pumpkins, Radishes, Raspberries, Romaine, Squash, Strawberries, Sweet Corn, Sweet Potatoes, Tomatoes, Turnip Greens, Turnips, Vegetables, Watermelon, Yellow Squash, Zucchini",Arkansas Grown member,870-365-7925,hopewelljellies@gmail.com,internal_until_public_use_review,https://arfarmtoschool.org,https://www.facebook.com/Mahlerfarms,https://www.instagram.com/arkansasgrownandmade/,,False,False,False,False,False,False,False,1,arobs_4b0b87b5a211ab9a00bb,Arkansas Department of Agriculture — Arkansas Grown directory,https://arkansasgrown.org/listing/mahler-farms/,B,2026-07-15,promotion_eligible_reviewed,,Fields selected by evidence grade; every source observation remains separately auditable.
AR-9313E95DC5,Natural State Beef,natural state beef,farm,unique_source_name_reviewed,AR,Boone,Harrison,,"2264 Witty Ct, Harrison, AR, USA",public_business_address_reviewed_for_future_reduced_precision,36.16021,-93.0755,Beef,Arkansas Grown member,(870) 715-9688,katie.fountain@nsbeefcompany.com,internal_until_public_use_review,https://arfarmtoschool.org,https://www.facebook.com/Natural-State-Beef-101266241964558,https://www.instagram.com/arkansasgrownandmade/,,False,False,False,False,False,False,False,1,arobs_2556b4c2c0b1a2f2915e,Arkansas Department of Agriculture — Arkansas Grown directory,https://arkansasgrown.org/listing/natural-state-beef-2/,B,2026-07-15,promotion_eligible_reviewed,,Fields selected by evidence grade; every source observation remains separately auditable.
AR-9FFB4563A5,Oak Hill Family Farm,oak hill family farm,farm,unique_source_name_reviewed,AR,Boone,Harrison,,"1820 May Ln W, Harrison, AR, USA",public_business_address_reviewed_for_future_reduced_precision,36.12268,-93.15547,"Basil, Beans - Snap, Pole, Variety, Beets, Broccoli, Cabbage, Cantaloupe, Cherry Tomatoes, Cilantro, Corn, Cucumbers, Eggs, Green Beans, Okra, Peppers - Variety, Potatoes, Pumpkins, Squash, Sweet Corn, Tomatoes, Vegetables, Watermelon, Yellow Squash, Zucchini",Arkansas Grown member,651-308-6547,cindy55126@msn.com,internal_until_public_use_review,https://arfarmtoschool.org,https://www.facebook.com/Oak-Hill-Family-Farm,https://www.instagram.com/arkansasgrownandmade/,,False,False,False,False,False,False,False,1,arobs_0633f04e41cca0279764,Arkansas Department of Agriculture — Arkansas Grown directory,https://arkansasgrown.org/listing/oak-hill-family-farm/,B,2026-07-15,promotion_eligible_reviewed,,Fields selected by evidence grade; every source observation remains separately auditable.
AR-66108C3AF8,Pippin Wholesale Company,pippin wholesale,farm,unique_source_name_reviewed,AR,Boone,Harrison,72601,512 Hwy 62-65 North Harrison Arkansas 72601,public_business_address_reviewed_for_future_reduced_precision,36.24525,-93.1129,Blackberries,Arkansas Grown member,870-741-3421,acurtis@pippinwholesale.com,internal_until_public_use_review,https://arfarmtoschool.org,https://www.facebook.com/pippinwholesale,https://www.instagram.com/arkansasgrownandmade/,,False,False,False,False,False,False,False,1,arobs_f267f2a5e5d55b68cd73,Arkansas Department of Agriculture — Arkansas Grown directory,https://arkansasgrown.org/listing/pippin-wholesale-company/,B,2026-07-15,promotion_eligible_reviewed,,Fields selected by evidence grade; every source observation remains separately auditable.
AR-6FF4CDC2AC,Redeeming the Thyme Farmstand and Gifts,redeeming the thyme farmstand and gifts,farm,unique_source_name_reviewed,AR,Boone,Lead Hill,72644,"9419 AR-14 N, Lead Hill, AR 72644, USA",public_business_address_reviewed_for_future_reduced_precision,36.40566,-92.90234,"Beef, Eggs, Flowers, Fruits, Greens, Herbs, Lettuces—Variety, Radishes, Vegetables",Arkansas Grown member,8705770885,redeemingthethyme@gmail.com,internal_until_public_use_review,https://arfarmtoschool.org,https://m.facebook.com/Redeeming-the-Thyme-Farmstand-and-Gifts-105403515424165/?ref=page_internal,https://www.instagram.com/arkansasgrownandmade/,,True,False,True,False,False,False,False,1,arobs_b06a731b6258c32a1edb,Arkansas Department of Agriculture — Arkansas Grown directory,https://arkansasgrown.org/listing/redeeming-the-thyme-farmstand-and-gifts/,B,2026-07-15,promotion_eligible_reviewed,,Fields selected by evidence grade; every source observation remains separately auditable.
AR-21371188CA,Roberson Orchards & Farm Market,roberson orchards and farm market,farm,unique_source_name_reviewed,AR,Boone,Omaha,16181,16181 Highway 14 East Omaha Arkansas 72662,public_business_address_reviewed_for_future_reduced_precision,36.47259,-93.19915,"Apples, Banana Peppers - Varietys, Cantaloupe, Cucumbers, Nuts, Peaches, Peppers - Variety, Pumpkins, Sorghum, Sweet Potatoes, Tomatoes, Vegetables, Yellow Squash, Zucchini",Arkansas Grown member,870-426-3400,robersonorchards@yahoo.com,internal_until_public_use_review,https://arfarmtoschool.org,https://www.facebook.com/arkansasgrownandmade/,https://www.instagram.com/arkansasgrownandmade/,,False,False,False,False,False,False,False,1,arobs_a0063b0aecfe5a079cdb,Arkansas Department of Agriculture — Arkansas Grown directory,https://arkansasgrown.org/listing/roberson-orchards-farm-market/,B,2026-07-15,promotion_eligible_reviewed,,Fields selected by evidence grade; every source observation remains separately auditable.
AR-747D512F0F,RUSTLERS USA,rustlers usa,farm,unique_source_name_reviewed,AR,Boone,Harrison,72601,2878 VALLEY VIEW CHURCH ROAD HARRISON Arkansas 72601,public_business_address_reviewed_for_future_reduced_precision,36.19126,-93.16581,"Beef, Livestock",Arkansas Grown member,979-571-1294,rustlersusaproducts@gmail.com,internal_until_public_use_review,https://arfarmtoschool.org,https://www.facebook.com/rustlersusa,https://www.instagram.com/arkansasgrownandmade/,,False,False,False,False,False,False,False,1,arobs_6ca9932698658289fd27,Arkansas Department of Agriculture — Arkansas Grown directory,https://arkansasgrown.org/listing/rustlers-usa/,B,2026-07-15,promotion_eligible_reviewed,,Fields selected by evidence grade; every source observation remains separately auditable.
AR-E1DAFC2DC1,The Little Cottage on the Farm,the little cottage on the farm,farm,unique_source_name_reviewed,AR,Boone,Omaha,,"Omaha, AR, USA",public_business_address_reviewed_for_future_reduced_precision,36.45243,-93.18837,Agritourism,Arkansas Grown member,,twinoaksfarmarkansas@gmail.com,internal_until_public_use_review,https://arfarmtoschool.org,https://www.facebook.com/arkansasgrownandmade/,https://www.instagram.com/arkansasgrownandmade/,,False,False,False,False,False,False,False,1,arobs_4bbfc2841b5e401a0c82,Arkansas Department of Agriculture — Arkansas Grown directory,https://arkansasgrown.org/listing/the-little-cottage-on-the-farm/,B,2026-07-15,promotion_eligible_reviewed,,Fields selected by evidence grade; every source observation remains separately auditable.
AR-DEBE0B70A0,Two Trees Farm & Bakery,two trees farm and bakery,farm,unique_source_name_reviewed,AR,Boone,Harrison,,"Harrison, AR, USA",public_business_address_reviewed_for_future_reduced_precision,36.22979,-93.10768,Hobbyists beekeeper & artisan sourdough,Arkansas Grown member,870-416-8408,2treeshoney@gmail.com,internal_until_public_use_review,https://arfarmtoschool.org,https://www.facebook.com/groups/637704151317843/,https://www.instagram.com/arkansasgrownandmade/,,False,False,False,False,False,False,False,1,arobs_7dcca36b2893fdaa73b7,Arkansas Department of Agriculture — Arkansas Grown directory,https://arkansasgrown.org/listing/two-trees-farm-bakery/,B,2026-07-15,promotion_eligible_reviewed,,Fields selected by evidence grade; every source observation remains separately auditable.
AR-F2914B88C1,Whites Farm,whites farm,farm,unique_source_name_reviewed,AR,Boone,Harrison,72601,7207A Peach Orchard Rd HARRISON Arkansas 72601,public_business_address_reviewed_for_future_reduced_precision,36.24672,-93.24075,Beef,Arkansas Grown member,870-577-3553,whitesfarm.ark@gmail.com,internal_until_public_use_review,https://arfarmtoschool.org,https://www.facebook.com/arkansasgrownandmade/,https://www.instagram.com/arkansasgrownandmade/,,False,False,False,False,False,False,False,1,arobs_5434f2f39e94d9904dab,Arkansas Department of Agriculture — Arkansas Grown directory,https://arkansasgrown.org/listing/whites-farm/,B,2026-07-15,promotion_eligible_reviewed,,Fields selected by evidence grade; every source observation remains separately auditable.
AR-C4BEC6D3E3,CLANTON FARMS LLC,clanton farms,farm,unique_source_name_reviewed,AR,Bradley,Hermitage,71647,417 East 4t St. HERMITAGE Arkansas 71647,public_business_address_reviewed_for_future_reduced_precision,33.44706,-92.17003,"Cabbage, Cucumbers, Peppers - Variety, Tomatoes, Watermelon, Yellow Squash, Zucchini",Arkansas Grown member,870-463-2241,ethan-v@hotmail.com,internal_until_public_use_review,https://arfarmtoschool.org,https://www.facebook.com/clantonfarmsllc/,https://www.instagram.com/arkansasgrownandmade/,,True,False,False,False,False,False,False,1,arobs_023c30766f27c1f07b2d,Arkansas Department of Agriculture — Arkansas Grown directory,https://arkansasgrown.org/listing/clanton-farms-llc/,B,2026-07-15,promotion_eligible_reviewed,,Fields selected by evidence grade; every source observation remains separately auditable.
AR-1A633DDAE1,Green Fa mily Tomato Farms,green fa mily tomato farms,farm,unique_source_name_reviewed,AR,Bradley,Warren,71671,,public_business_address_reviewed_for_future_reduced_precision,,,U-pick crops; agritourism,U-pick; agritourism,870-226-6673,,internal_until_public_use_review,,https://www.facebook.com/tomatoesstraightfromthefield/,,,True,False,False,False,True,False,False,1,arobs_ac92a98218aa2fff96b5,PickYourOwn — Southeast Arkansas,https://www.pickyourown.org/ARse.htm,E,2026-07-15,research_or_qa_queue,single grade-E discovery listing needs corroboration,Fields selected by evidence grade; every source observation remains separately auditable.
AR-618118902F,King Farms,king farms,farm,unique_source_name_reviewed,AR,Bradley,Warren,71671,612 East Cedar Street Warren Arkansas 71671,public_business_address_reviewed_for_future_reduced_precision,33.61469,-92.05705,"Fruits, Vegetables",Arkansas Grown member,870-226-5657,King.farms@yahoo.com,internal_until_public_use_review,https://arfarmtoschool.org,https://www.facebook.com/arkansasgrownandmade/,https://www.instagram.com/arkansasgrownandmade/,,False,False,False,False,False,False,False,1,arobs_7be57251aaf1bfe22933,Arkansas Department of Agriculture — Arkansas Grown directory,https://arkansasgrown.org/listing/king-farms/,B,2026-07-15,promotion_eligible_reviewed,,Fields selected by evidence grade; every source observation remains separately auditable.
AR-A6B5F1ABB8,"LOWRY FARMS, INC",lowry farms,farm,unique_source_name_reviewed,AR,Bradley,Hermitage,71646,2848 HWY 8 S HERMITAGE Arkansas 71646,public_business_address_reviewed_for_future_reduced_precision,33.37601,-92.01455,Tomatoes,Arkansas Grown member,870-463-2492,lowryfrms2@yahoo.com,internal_until_public_use_review,https://arfarmtoschool.org,https://www.facebook.com/arkansasgrownandmade/,https://www.instagram.com/arkansasgrownandmade/,,False,False,False,False,False,False,False,1,arobs_962575d86b315f825fcd,Arkansas Department of Agriculture — Arkansas Grown directory,https://arkansasgrown.org/listing/lowry-farms-inc/,B,2026-07-15,promotion_eligible_reviewed,,Fields selected by evidence grade; every source observation remains separately auditable.
AR-D7123DA88E,Pattsville Farms,pattsville farms,farm,unique_source_name_reviewed,AR,Bradley,Hermitage,71647,2060 Bradley 33 Hermitage Arkansas 71647,public_business_address_reviewed_for_future_reduced_precision,33.39931,-92.1435,"Cantaloupe, Squash, Strawberries, Tomatoes, Watermelon",Arkansas Grown member,870-460-2815,craig@pattsvillefarms.com,internal_until_public_use_review,https://arfarmtoschool.org,https://www.facebook.com/arkansasgrownandmade/,https://www.instagram.com/arkansasgrownandmade/,,False,False,False,False,False,False,False,1,arobs_d3aaa8a24c6b14088941,Arkansas Department of Agriculture — Arkansas Grown directory,https://arkansasgrown.org/listing/pattsville-farms/,B,2026-07-15,promotion_eligible_reviewed,,Fields selected by evidence grade; every source observation remains separately auditable.
AR-48447B3124,Aviary Flower Farm,aviary flower farm,farm,unique_source_name_reviewed,AR,Calhoun,,,"Locust Bayou, AR, USA",public_business_address_reviewed_for_future_reduced_precision,33.5571,-92.66891,Flowers,Arkansas Grown member,,aviaryflowerfarm@gmail.com,internal_until_public_use_review,https://arfarmtoschool.org,https://www.facebook.com/profile.php?id=100085617611717&mibextid=LQQJ4d,http://www.instagram.com/aviaryflowerfarm,,False,False,True,False,False,False,False,1,arobs_ff865ef61b3f089779c0,Arkansas Department of Agriculture — Arkansas Grown directory,https://arkansasgrown.org/listing/aviary-flower-farm/,B,2026-07-15,research_or_qa_queue,city or safe public service area missing,Fields selected by evidence grade; every source observation remains separately auditable.
AR-43D1A043BE,Suzanne's Fruit Farm,suzannes fruit farm,farm,unique_source_name_reviewed,AR,Calhoun,Hampton,71744,,public_business_address_reviewed_for_future_reduced_precision,,,U-pick crops; agritourism,U-pick; agritourism,870-798-4975,SylviaAndDavid@SuzannesFruitFarm.com,internal_until_public_use_review,http://www.suzannesfruitfarm.com,,,,True,False,False,False,True,False,False,1,arobs_88bce23652778f6cf4a7,PickYourOwn — Southeast Arkansas,https://www.pickyourown.org/ARse.htm,E,2026-07-15,research_or_qa_queue,single grade-E discovery listing needs corroboration,Fields selected by evidence grade; every source observation remains separately auditable.
AR-092CBB6008,Woodys Peach Orchard,woodys peach orchard,farm,unique_source_name_reviewed,AR,Calhoun,Hampton,71744,,public_business_address_reviewed_for_future_reduced_precision,,,U-pick crops; agritourism,U-pick; agritourism,(870) 798-2331,WoodysPeaches@yahoo.com,internal_until_public_use_review,,https://www.facebook.com/WoodysPeaches,,,True,False,False,False,True,False,False,1,arobs_e5098e08fb4d1bbf3b19,PickYourOwn — Southeast Arkansas,https://www.pickyourown.org/ARse.htm,E,2026-07-15,research_or_qa_queue,single grade-E discovery listing needs corroboration,Fields selected by evidence grade; every source observation remains separately auditable.
AR-5D57AE262F,A&A Orchard,a and a orchard,farm,unique_source_name_reviewed,AR,Carroll,Green Forest,72638,2731 CR 645 Green Forest Arkansas 72638,public_business_address_reviewed_for_future_reduced_precision,36.33535,-93.43602,"Apples, Nectarines, Peaches, Pears",Arkansas Grown member,870-438-6749,aandaorchard@gmail.com,internal_until_public_use_review,https://arfarmtoschool.org,https://www.facebook.com/arkansasgrownandmade/,https://www.instagram.com/arkansasgrownandmade/,,False,False,False,False,False,False,False,1,arobs_f0e3d34993a4159de11a,Arkansas Department of Agriculture — Arkansas Grown directory,https://arkansasgrown.org/listing/aa-orchard/,B,2026-07-15,promotion_eligible_reviewed,,Fields selected by evidence grade; every source observation remains separately auditable.
AR-2559460D2C,Ashley's Blueberries,ashleys blueberries,farm,unique_source_name_reviewed,AR,Carroll,Eureka Springs,72632,,public_business_address_reviewed_for_future_reduced_precision,,,U-pick crops; agritourism,U-pick; agritourism,479-253-8344,,internal_until_public_use_review,,,,,True,False,False,False,True,False,False,1,arobs_fc814095a64f95aa3872,PickYourOwn — Northwest Arkansas,https://www.pickyourown.org/ARnw.htm,E,2026-07-15,research_or_qa_queue,single grade-E discovery listing needs corroboration,Fields selected by evidence grade; every source observation remains separately auditable.
AR-8152292331,Berryville Farmer & Artisan Market AKA Carroll County Farmers Market Association,berryville farmer and artisan market aka carroll county farmers market association,farm,unique_source_name_reviewed,AR,Carroll,Berryville,,"601 Doctor Spurlin Circle, Berryville, AR, USA",public_business_address_reviewed_for_future_reduced_precision,36.36542,-93.5746,Vegetables,Arkansas Grown member,417-559-1008,helloberryvillemarket@gmail.com,internal_until_public_use_review,https://arfarmtoschool.org,https://www.facebook.com/berryvillefarmersmarket,https://www.instagram.com/arkansasgrownandmade/,,False,False,False,False,False,False,False,1,arobs_882b793e256c48b1c9d8,Arkansas Department of Agriculture — Arkansas Grown directory,https://arkansasgrown.org/listing/berryville-farmer-artisan-market/,B,2026-07-15,promotion_eligible_reviewed,,Fields selected by evidence grade; every source observation remains separately auditable.
AR-E0061D886B,Blossom Nursery,blossom nursery,farm,unique_source_name_reviewed,AR,Carroll,Eureka Springs,72632,216 Cr 326 Eureka Springs Arkansas 72632,public_business_address_reviewed_for_future_reduced_precision,36.37095,-93.66077,"Fruits, Grapes, Nuts, Seeds, Vines",Arkansas Grown member,501-253-7895,Mblossom@juno.com,internal_until_public_use_review,https://arfarmtoschool.org,https://www.facebook.com/arkansasgrownandmade/,https://www.instagram.com/arkansasgrownandmade/,,False,False,False,False,False,False,False,1,arobs_ba427b10d3fe399299d7,Arkansas Department of Agriculture — Arkansas Grown directory,https://arkansasgrown.org/listing/blossom-nursery/,B,2026-07-15,promotion_eligible_reviewed,,Fields selected by evidence grade; every source observation remains separately auditable.
AR-77985CB583,Eureka Springs Farmers Market,eureka springs farmers market,farm,unique_source_name_reviewed,AR,Carroll,Eureka Springs,,"44 Kings Hwy, Eureka Springs, AR, United States, Arkan",public_business_address_reviewed_for_future_reduced_precision,36.39155,-93.73178,"Beef, Chicken, Honey",Arkansas Grown member,479-244-9445,esfmarket44@gmail.com,internal_until_public_use_review,https://arfarmtoschool.org,https://www.facebook.com/ESFarmersMarket,https://www.instagram.com/eurekaspringsfarmersmarket,,False,False,False,False,False,False,False,1,arobs_20091e454b381fb173b6,Arkansas Department of Agriculture — Arkansas Grown directory,https://arkansasgrown.org/listing/eureka-springs-farmers-market/,B,2026-07-15,promotion_eligible_reviewed,,Fields selected by evidence grade; every source observation remains separately auditable.
AR-9D3E839D96,Keels Creek Winery and Vineyard,keels creek winery and vineyard,farm,unique_source_name_reviewed,AR,Carroll,Eureka Springs,,"3183 East Van Buren, Eureka Springs, AR, USA",public_business_address_reviewed_for_future_reduced_precision,36.39037,-93.71342,"Blackberries, Grapes",Arkansas Grown member,479-253-1769,winery@keelscreek.com,internal_until_public_use_review,https://arfarmtoschool.org,https://www.facebook.com/keelscreek,https://www.instagram.com/keelscreekwinery/,,False,False,False,False,False,False,False,1,arobs_28d26da7126cdb0cb691,Arkansas Department of Agriculture — Arkansas Grown directory,https://arkansasgrown.org/listing/keels-creek-winery-and-vineyard/,B,2026-07-15,promotion_eligible_reviewed,,Fields selected by evidence grade; every source observation remains separately auditable.
AR-6F0E48A4E3,La Grange Lavender Co.,la grange lavender,farm,unique_source_name_reviewed,AR,Carroll,Eureka Springs,,"1755 County Road 329, Eureka Springs, AR, USA",public_business_address_reviewed_for_future_reduced_precision,36.36875,-93.66889,Herbs,Arkansas Grown member,,info@lagrangelavenderco.com,internal_until_public_use_review,https://arfarmtoschool.org,https://www.facebook.com/profile.php?id=100093280256454&sk=about,https://www.instagram.com/lagrangelavender/,,False,False,False,False,False,False,False,1,arobs_aaccaf8930ceb491bdd0,Arkansas Department of Agriculture — Arkansas Grown directory,https://arkansasgrown.org/listing/la-grange-lavender-co/,B,2026-07-15,promotion_eligible_reviewed,,Fields selected by evidence grade; every source observation remains separately auditable.
AR-3A1CD2FB81,Little Portion Bakery,little portion bakery,producer_requires_type_review,unique_source_name_reviewed,AR,Carroll,Berryville,72616,350 County Road 248 Berryville Arkansas 72616,public_business_address_reviewed_for_future_reduced_precision,36.45119,-93.66209,Chicken,Arkansas Grown member,479-253-7710,info@littleportion.org,internal_until_public_use_review,https://arfarmtoschool.org,https://www.facebook.com/littleportion,https://www.instagram.com/arkansasgrownandmade/,,False,False,False,False,False,False,False,1,arobs_95fc536e1ad55a6e6bbe,Arkansas Department of Agriculture — Arkansas Grown directory,https://arkansasgrown.org/listing/little-portion-bakery/,B,2026-07-15,research_or_qa_queue,directory candidate needs independent farm-operation evidence,Fields selected by evidence grade; every source observation remains separately auditable.
AR-DB8F8A67A6,Railway Winery,railway winery,farm,unique_source_name_reviewed,AR,Carroll,Eureka Springs,72631,4937 Hwy 187 Eureka Springs Arkansas 72631,public_business_address_reviewed_for_future_reduced_precision,36.42646,-93.7852,"Honey, Wine",Arkansas Grown member,479-244-7798,railwaywinery@trestle71-7.com,internal_until_public_use_review,https://arfarmtoschool.org,https://www.facebook.com/RailwayWinery/,https://www.instagram.com/arkansasgrownandmade/,,False,False,False,False,False,False,False,1,arobs_c012f674dc9819ef6923,Arkansas Department of Agriculture — Arkansas Grown directory,https://arkansasgrown.org/listing/railway-winery/,B,2026-07-15,promotion_eligible_reviewed,,Fields selected by evidence grade; every source observation remains separately auditable.
AR-A40DD8BA0B,Serenity Ridge Farm,serenity ridge farm,farm,unique_source_name_reviewed,AR,Carroll,Green Forest,,,public_business_address_reviewed_for_future_reduced_precision,,,chinese greens; lettuce; salad greens; salad mix; beef; eggs; soap; beets; kale; radishes; strawberries; carrots; cucumber; eggplant; green beans; hot peppers; okra; summer squash; sweet peppers; swiss chard; tomatoes; zucchini; cantaloupes; melons; watermelons; garlic; pumpkins; winter-squash; apples; pears,LocalHarvest Family Farm,(870) 553-2596,,internal_until_public_use_review,,,,,True,False,False,False,False,False,False,1,arobs_ca3f7ba2824abb62d544,LocalHarvest — Arkansas county-seat gap search,https://www.localharvest.org/serenity-ridge-farm-M51610,D,2026-07-15,promotion_eligible_reviewed,,Fields selected by evidence grade; every source observation remains separately auditable.
AR-C52236B9CC,Sycamore Bend Farm,sycamore bend farm,farm,unique_source_name_reviewed,AR,Carroll,Eureka Springs,72632,Eureka Springs Arkansas 72632,public_business_address_reviewed_for_future_reduced_precision,36.40118,-93.73797,"Asparagus, Basil, Beans, Beets, Broccoli, Butter Beans, Cabbage, Cherry Tomatoes, Cilantro, Collard Greens, Cucumbers, Fruits, Green Beans, Herbs, Kale, Milk, Mizuna, Mustard Greens, Okra, Parsley, Peas, Peppers - Variety, Potatoes, Radishes, Romaine, Sheep/Lamb, Strawberries, Sweet Potatoes, Swiss Chard, Tomatoes, Turnip Greens, Turnips, Yellow Squash",Arkansas Grown member,,csa@eurekaspringsfarm.com,internal_until_public_use_review,https://arfarmtoschool.org,https://www.facebook.com/EurekaSpringsFarm,https://www.instagram.com/arkansasgrownandmade/,,False,False,False,False,False,False,False,1,arobs_b5845cbb26019de32b81,Arkansas Department of Agriculture — Arkansas Grown directory,https://arkansasgrown.org/listing/sycamore-bend-farm/,B,2026-07-15,promotion_eligible_reviewed,,Fields selected by evidence grade; every source observation remains separately auditable.
AR-152E8F0699,The Eureka Market,the eureka market,farm,unique_source_name_reviewed,AR,Carroll,Eureka Springs,72632,121 E Van Buren Eureka Springs Arkansas 72632,public_business_address_reviewed_for_future_reduced_precision,36.39349,-93.73784,"The Eureka Market is a full-service natural foods store located in the sweet-spot of Arkansas ‚the historic city of Eureka Springs. We are family-owned-and-operated, and each member of the Kirk family can be spotted stocking the shelves or helping customers. We are proud to offer old-school customer service, great ways to save every day, and personalized health consultations for the well-being of our community. We carefully curate our product collection, and quality is our number one concern. Striving to offer ‚ the best of the best‚, we stock certified organic produce or organically-grown local produce. We carry regionally-produced bread, meats, honey, cheese and locally-roasted coffee. We",Arkansas Grown member,479-253-8136,naturalfoods@arkansas.net,internal_until_public_use_review,https://arfarmtoschool.org,https://www.facebook.com/TheEurekaMarket,https://www.instagram.com/arkansasgrownandmade/,,False,False,True,False,False,False,False,1,arobs_33a3c5cbfcd5fd524abe,Arkansas Department of Agriculture — Arkansas Grown directory,https://arkansasgrown.org/listing/the-eureka-market/,B,2026-07-15,promotion_eligible_reviewed,,Fields selected by evidence grade; every source observation remains separately auditable.
AR-C4BAF73779,Upside Downs Farms,upside downs farms,farm,unique_source_name_reviewed,AR,Carroll,Green Forest,,,public_business_address_reviewed_for_future_reduced_precision,,,beef; milk; raw milk; broccoli; cabbage; green beans,LocalHarvest Family Farm,(870) 553-2251,,internal_until_public_use_review,,https://facebook.com/UpsideDownsFarms/,,,True,False,False,False,False,False,False,1,arobs_1df1d6fdec56ce952178,LocalHarvest — Arkansas county-seat gap search,https://www.localharvest.org/upside-downs-farms-M73907,D,2026-07-15,promotion_eligible_reviewed,,Fields selected by evidence grade; every source observation remains separately auditable.
AR-06DE1145BB,Yonkipin Legacy Farms,yonkipin legacy farms,farm,unique_source_name_reviewed,AR,Carroll,Green Forest,,,public_business_address_reviewed_for_future_reduced_precision,,,beef,LocalHarvest Family Farm,(870) 423-8751,,internal_until_public_use_review,https://www.yonkipinlegacyfarms.com,http://www.facebook.com/yonkipinlegacyfarms,https://instagram.com/yonkipinlegacyfarms,,True,False,False,False,False,False,False,1,arobs_bc5af93d471b4876e722,LocalHarvest — Arkansas county-seat gap search,https://www.localharvest.org/yonkipin-legacy-farms-M84835,D,2026-07-15,promotion_eligible_reviewed,,Fields selected by evidence grade; every source observation remains separately auditable.
AR-6E90F2B97E,Atkins Farms,atkins farms,farm,unique_source_name_reviewed,AR,Chicot,Eudora,71640,,public_business_address_reviewed_for_future_reduced_precision,,,U-pick crops; agritourism,U-pick; agritourism,(870) 355-2211,,internal_until_public_use_review,https://www.arkansasgrown.org/makers-producers/atkins-farms/,,,,True,False,False,False,True,False,False,1,arobs_be0d6d82eb2a3246256f,PickYourOwn — Southeast Arkansas,https://www.pickyourown.org/ARse.htm,E,2026-07-15,research_or_qa_queue,single grade-E discovery listing needs corroboration,Fields selected by evidence grade; every source observation remains separately auditable.
AR-BA8A6BD1B0,Pigit Acres,pigit acres,farm,unique_source_name_reviewed,AR,Chicot,Dermott,,"156 Dollar Hill Lane, Dermott, AR, USA",public_business_address_reviewed_for_future_reduced_precision,33.63756,-91.53974,"Chicken, Eggs, Goat, Quail",Arkansas Grown member,870-538-8298,pigitacres@icloud.com,internal_until_public_use_review,https://arfarmtoschool.org,https://www.facebook.com/PigitAcres,https://www.instagram.com/arkansasgrownandmade/,,False,False,False,False,False,False,False,1,arobs_a53724711a03a298c75d,Arkansas Department of Agriculture — Arkansas Grown directory,https://arkansasgrown.org/listing/pigit-acres/,B,2026-07-15,promotion_eligible_reviewed,,Fields selected by evidence grade; every source observation remains separately auditable.
AR-0FF72BEE07,Sunrise Fisheries,sunrise fisheries,producer_requires_type_review,unique_source_name_reviewed,AR,Chicot,Lake Village,,2447 N. Lakeshore Drive Lake Village Arkansas 0,public_business_address_reviewed_for_future_reduced_precision,33.353,-91.2696,Fish,Arkansas Grown member,870-265-1205,jerry@sunrisefisheries.com,internal_until_public_use_review,https://arfarmtoschool.org,https://www.facebook.com/arkansasgrownandmade/,https://www.instagram.com/arkansasgrownandmade/,,False,False,False,False,False,False,False,1,arobs_bf094573264e2eca07d8,Arkansas Department of Agriculture — Arkansas Grown directory,https://arkansasgrown.org/listing/sunrise-fisheries/,B,2026-07-15,research_or_qa_queue,directory candidate needs independent farm-operation evidence,Fields selected by evidence grade; every source observation remains separately auditable.
AR-EDA7E7F266,Clark County Farmers Market,clark county farmers market,farm,unique_source_name_reviewed,AR,Clark,Arkadelphia,71923,Hwy 67/10th St. Arkadelphia Arkansas 71923,public_business_address_reviewed_for_future_reduced_precision,34.12109,-93.05746,"Annuals, Eggs, Flowers, Fruits, Honey, Vegetables",Arkansas Grown member,870-246-1050,Brooke.Beck@banksouthern.com,internal_until_public_use_review,https://arfarmtoschool.org,https://www.facebook.com/,https://www.instagram.com/arkansasgrownandmade/,,False,False,False,False,False,False,False,1,arobs_6d3a6264a1f2b9639c5e,Arkansas Department of Agriculture — Arkansas Grown directory,https://arkansasgrown.org/listing/clark-county-farmersao-market/,B,2026-07-15,promotion_eligible_reviewed,,Fields selected by evidence grade; every source observation remains separately auditable.
AR-1767F16B44,Ragnarök Ranch,ragnar k ranch,farm,unique_source_name_reviewed,AR,Clark,Amity,,"Amity, AR, USA",public_business_address_reviewed_for_future_reduced_precision,34.26476,-93.46131,"Chicken, Eggs, Livestock, Mushrooms, Pork, Poultry",Arkansas Grown member,4178337143,jmragnarokranch@gmail.com,internal_until_public_use_review,https://arfarmtoschool.org,https://www.facebook.com/profile.php?id=61555275433134,https://www.instagram.com/arkansasgrownandmade/,,False,False,False,False,False,False,False,1,arobs_0be4b8310cbc65185d21,Arkansas Department of Agriculture — Arkansas Grown directory,https://arkansasgrown.org/listing/ragnarok-ranch/,B,2026-07-15,promotion_eligible_reviewed,,Fields selected by evidence grade; every source observation remains separately auditable.
AR-0A79EF77D9,Sweeney Family Farm,sweeney family farm,farm,unique_source_name_reviewed,AR,Clark,Amity,71921,53 Fox Trail,public_business_address_reviewed_for_future_reduced_precision,,,beef; chicken; duck; gamebird; goat; jerky; lamb; pork; rabbit; eggs; artichokes; asparagus; carrots; cucumber; garlic; hot peppers; lettuce; okra; onions; radishes; salad greens; tomatoes; zucchini; cantaloupes; tangerines; watermelons; honey; sweet corn; potatoes; apples; peaches; pecans; sunflower seeds; pumpkins; summer squash,LocalHarvest Family Farm,(870) 828-2860,,internal_until_public_use_review,,,,,True,False,False,False,False,False,False,1,arobs_ecbc2ccd2b67c1caa49e,LocalHarvest — Arkansas county-seat gap search,https://www.localharvest.org/sweeney-family-farm-M55791,D,2026-07-15,promotion_eligible_reviewed,,Fields selected by evidence grade; every source observation remains separately auditable.
AR-A48FFE6623,AA Ranch,aa ranch,farm,unique_source_name_reviewed,AR,Clay,Piggott,72454,3676 N 4th Ave.,public_business_address_reviewed_for_future_reduced_precision,,,beef; eggs; baked goods; cauliflower; cucumber; lettuce; tomatoes; apples; pears,LocalHarvest Family Farm,(573) 217-8505,,internal_until_public_use_review,,http://www.facebook.com/AkridgeAcres,,,True,False,False,False,False,False,False,1,arobs_480d51a086f3b8ba3108,LocalHarvest — Arkansas county-seat gap search,https://www.localharvest.org/aa-ranch-M81562,D,2026-07-15,promotion_eligible_reviewed,,Fields selected by evidence grade; every source observation remains separately auditable.
AR-FF2C0E5B5A,Country Garden,country garden,farm,unique_source_name_reviewed,AR,Clay,Corning,72422,,public_business_address_reviewed_for_future_reduced_precision,,,U-pick crops; agritourism,U-pick; agritourism,,,internal_until_public_use_review,,,,,True,False,False,False,True,False,False,1,arobs_fafd80f0ad3695fe0389,PickYourOwn — Northeast Arkansas,https://www.pickyourown.org/ARne.htm,E,2026-07-15,research_or_qa_queue,single grade-E discovery listing needs corroboration; source reports closure and requires affirmative curator decision,Fields selected by evidence grade; every source observation remains separately auditable.
AR-EBF5689AD0,Salter's Pecans,salters pecans,farm,unique_source_name_reviewed,AR,Clay,Greenway,72430,3166 County Rd 533,public_business_address_reviewed_for_future_reduced_precision,,,pecans,LocalHarvest Family Farm,(870) 529-3777,,internal_until_public_use_review,https://www.salterspecans.com,,,,True,False,False,False,False,False,False,1,arobs_090896fd95f3d2ffc729,LocalHarvest — Arkansas county-seat gap search,https://www.localharvest.org/salters-pecans-M19291,D,2026-07-15,promotion_eligible_reviewed,,Fields selected by evidence grade; every source observation remains separately auditable.
AR-5D254A31F3,"CM Foods, LLC",cm foods,farm,unique_source_name_reviewed,AR,Cleburne,Heber Springs,72543,P.O. Box 220 Heber Springs Arkansas 72543,public_business_address_reviewed_for_future_reduced_precision,35.49147,-92.03126,Beef,Arkansas Grown member,501-206-2281,marcus@cmfoodsllc.com,internal_until_public_use_review,https://arfarmtoschool.org,https://www.facebook.com/arkansasgrownandmade/,https://www.instagram.com/arkansasgrownandmade/,,False,False,False,False,False,False,False,1,arobs_f2a59b608ba23e82a7b0,Arkansas Department of Agriculture — Arkansas Grown directory,https://arkansasgrown.org/listing/cm-foods-llc/,B,2026-07-15,promotion_eligible_reviewed,,Fields selected by evidence grade; every source observation remains separately auditable.
AR-3FDD2B512E,Valley Farms,valley farms,farm,unique_source_name_reviewed,AR,Cleburne,,,"Snell, AR, USA",public_business_address_reviewed_for_future_reduced_precision,35.45564,-91.92515,"Cantaloupe, Greens, Hay, Melons – Variety, Okra, Potatoes, Pumpkins, Squash, Strawberries, Tomatoes, Vegetables, Watermelon, Yellow Squash",Arkansas Grown member,501-362-6093,travis.haile@agriculture.arkansas.gov,internal_until_public_use_review,https://arfarmtoschool.org,https://www.facebook.com/arkansasgrownandmade/,https://www.instagram.com/arkansasgrownandmade/,,False,False,False,False,False,False,False,1,arobs_62ceaa4d39b739906f5a,Arkansas Department of Agriculture — Arkansas Grown directory,https://arkansasgrown.org/listing/valley-farms-2/,B,2026-07-15,research_or_qa_queue,city or safe public service area missing,Fields selected by evidence grade; every source observation remains separately auditable.
AR-16F00CF9C9,Wilson Ranch,wilson ranch,farm,unique_source_name_reviewed,AR,Cleburne,Heber Springs,72543,1431 Blakey Rd,public_business_address_reviewed_for_future_reduced_precision,,,beef; lamb; raw milk,LocalHarvest Family Farm,(501) 206-4261,,internal_until_public_use_review,https://wilsonranch.net,http://www.facebook.com/Wilsonranchdairy,,,True,False,False,False,False,False,False,1,arobs_ede1e1e20d78e4e16987,LocalHarvest — Arkansas county-seat gap search,https://www.localharvest.org/wilson-ranch-M80910,D,2026-07-15,promotion_eligible_reviewed,,Fields selected by evidence grade; every source observation remains separately auditable.
AR-C65C7DC01D,Parker Farms,parker farms,farm,unique_source_name_reviewed,AR,Cleveland,Warren,71671,,public_business_address_reviewed_for_future_reduced_precision,,,U-pick crops; agritourism,U-pick; agritourism,870-357-2748,hailcallfeedcall@yahoo.com,internal_until_public_use_review,,,,,True,False,False,False,True,False,False,1,arobs_3736dcb61d2ac42d4c32,PickYourOwn — Southeast Arkansas,https://www.pickyourown.org/ARse.htm,E,2026-07-15,research_or_qa_queue,single grade-E discovery listing needs corroboration,Fields selected by evidence grade; every source observation remains separately auditable.
AR-2E3DCCAF5F,777 Farms,777 farms,farm,unique_source_name_reviewed,AR,Columbia,Magnolia,,"2758 N Dudney Rd, Magnolia, AR, USA",public_business_address_reviewed_for_future_reduced_precision,33.34701,-93.19364,Beef,Arkansas Grown member,870-904-3070,triple7farms@gmail.com,internal_until_public_use_review,https://arfarmtoschool.org,https://www.facebook.com/profile.php?id=100063619328310,https://www.instagram.com/arkansasgrownandmade/,,False,False,False,False,False,False,False,1,arobs_d8c8a4414a68bdfd79e3,Arkansas Department of Agriculture — Arkansas Grown directory,https://arkansasgrown.org/listing/777-farms/,B,2026-07-15,promotion_eligible_reviewed,,Fields selected by evidence grade; every source observation remains separately auditable.
AR-B61A600A29,Columbia County 4-H,columbia county 4 h,farm,unique_source_name_reviewed,AR,Columbia,Magnolia,71753,206 West Calhoun Magnolia Arkansas 71753,public_business_address_reviewed_for_future_reduced_precision,33.26597,-93.24172,"Chicken, Corn, Eggs, Pork, Pumpkins, Sheep/Lamb, Watermelon",Arkansas Grown member,870-235-3720,jlephiew@uaex.edu,internal_until_public_use_review,https://arfarmtoschool.org,https://www.facebook.com/arkansasgrownandmade/,https://www.instagram.com/arkansasgrownandmade/,,False,False,False,False,False,False,False,1,arobs_01920937a5e2ed9cdd9e,Arkansas Department of Agriculture — Arkansas Grown directory,https://arkansasgrown.org/listing/columbia-county-4-h/,B,2026-07-15,promotion_eligible_reviewed,,Fields selected by evidence grade; every source observation remains separately auditable.
AR-40EC9C2281,Cottage 45 Heirloom Seeds and Rabbitry,cottage 45 heirloom seeds and rabbitry,farm,unique_source_name_reviewed,AR,Columbia,Mcneil,71752,2560 Columbia 45,public_business_address_reviewed_for_future_reduced_precision,,,chicken; goat; rabbit; eggs; seeds; cabbage; collards; cucumber; eggplant; green beans; hot peppers; lettuce; okra; radishes; summer squash; sweet peppers; tomatillos; tomatoes; blackberries; medicinal herbs; fresh flowers; luffa; carrots; winter-squash; figs; peaches; plums; strawberries; watermelons; pears,LocalHarvest Family Farm,(870) 949-7221,,internal_until_public_use_review,,http://www.facebook.com/jeannies'srabbitry,,,True,False,False,False,False,False,False,1,arobs_114e3218790f3e429e17,LocalHarvest — Arkansas county-seat gap search,https://www.localharvest.org/cottage-45-heirloom-seeds-and-rabbitry-M57753,D,2026-07-15,promotion_eligible_reviewed,,Fields selected by evidence grade; every source observation remains separately auditable.
AR-EF51580BD0,Barnyard Friends,barnyard friends,producer_requires_type_review,unique_source_name_reviewed,AR,Conway,Morrilton,72110,110 Jones Lane Morrilton Arkansas 72110,public_business_address_reviewed_for_future_reduced_precision,35.13935,-92.89059,Hay,Arkansas Grown member,501-208-7287,h.charton@hotmail.com,internal_until_public_use_review,https://arfarmtoschool.org,https://www.facebook.com/BarnYard-Friends-,https://www.instagram.com/arkansasgrownandmade/,,False,False,False,False,False,False,False,1,arobs_b15d7e046060a84ae3c0,Arkansas Department of Agriculture — Arkansas Grown directory,https://arkansasgrown.org/listing/barnyard-friends/,B,2026-07-15,research_or_qa_queue,directory candidate needs independent farm-operation evidence,Fields selected by evidence grade; every source observation remains separately auditable.
AR-EA03C7BC0B,Fox Farm Pecan Orchard,fox farm pecan orchard,farm,unique_source_name_reviewed,AR,Conway,Morrilton,72110,,public_business_address_reviewed_for_future_reduced_precision,,,U-pick crops; agritourism,U-pick; agritourism,(815) 582-0970,,internal_until_public_use_review,,https://www.facebook.com/foxfarmpecanorchard/,,,True,False,False,False,True,False,False,1,arobs_ba2389c357ae81a75c0a,PickYourOwn — Northwest Arkansas,https://www.pickyourown.org/ARnw.htm,E,2026-07-15,research_or_qa_queue,single grade-E discovery listing needs corroboration,Fields selected by evidence grade; every source observation remains separately auditable.
AR-DBC7FA5895,Hattieville Hens,hattieville hens,farm,unique_source_name_reviewed,AR,Conway,Hattieville,72063,2695 Highway 95,public_business_address_reviewed_for_future_reduced_precision,,,eggs; grapes,LocalHarvest Family Farm,(501) 977-0200,,internal_until_public_use_review,,,,,True,False,False,False,False,False,False,1,arobs_d2290a6d2a8c4631f3e5,LocalHarvest — Arkansas county-seat gap search,https://www.localharvest.org/hattieville-hens-M37174,D,2026-07-15,promotion_eligible_reviewed,,Fields selected by evidence grade; every source observation remains separately auditable.
AR-D8994B5B82,Main Street Morrilton Farmers Market,main street morrilton farmers market,farm,unique_source_name_reviewed,AR,Conway,Morrilton,72110,100 Block of Commerce Street Morrilton Arkansas 72110,public_business_address_reviewed_for_future_reduced_precision,35.15385,-92.74487,"Apples, Banana Peppers - Varietys, Basil, Beans, Beef, Broccoli, Cabbage, Cantaloupe, Cherry Tomatoes, Cilantro, Collard Greens, Corn, Cucumbers, Eggs, Flowers, Fruits, Green Beans, Green Onion, Herbs, Honey, Kale, Mustard Greens, Okra, Parsley, Peaches, Pears, Peas, Peppers - Variety, Perennials, Plums, Pork, Potatoes, Poultry, Pumpkins, Radishes, Squash, Strawberries, Sweet Corn, Sweet Potatoes, Tomatoes, Turnip Greens, Turnips, Vegetables, Watermelon, Worm and Castings, Yellow Squash, Zucchini",Arkansas Grown member,501-208-4598,kara.cm.jones@gmail.com,internal_until_public_use_review,https://arfarmtoschool.org,https://www.facebook.com/arkansasgrownandmade/,https://www.instagram.com/arkansasgrownandmade/,,True,False,False,False,False,False,False,1,arobs_e097539980fc030165cc,Arkansas Department of Agriculture — Arkansas Grown directory,https://arkansasgrown.org/listing/main-street-morrilton-farmers-market/,B,2026-07-15,promotion_eligible_reviewed,,Fields selected by evidence grade; every source observation remains separately auditable.
AR-B8F0B61C72,Maus Pecans,maus pecans,farm,unique_source_name_reviewed,AR,Conway,Morrilton,72110,"1207 AR-9, Morrilton, AR 72110, USA",public_business_address_reviewed_for_future_reduced_precision,35.13644,-92.7286,Pecans,Arkansas Grown member,(501)-306-4200,Mauspecans@gmail.com,internal_until_public_use_review,https://arfarmtoschool.org,https://www.facebook.com/Maus-Pecans-110285604795789,https://www.instagram.com/mauspecans/,,False,False,False,False,False,False,False,1,arobs_14f401d153a301a0444d,Arkansas Department of Agriculture — Arkansas Grown directory,https://arkansasgrown.org/listing/maus-pecans/,B,2026-07-15,promotion_eligible_reviewed,,Fields selected by evidence grade; every source observation remains separately auditable.
AR-A9104B6C61,McNeal Farms Premium Beef,mcneal farms premium beef,farm,unique_source_name_reviewed,AR,Conway,Morrilton,72110,"1205 Arkansas 9, Morrilton, AR 72110, USA",public_business_address_reviewed_for_future_reduced_precision,35.13642,-92.72882,"Beef, Eggs, Pork",Arkansas Grown member,5018894425,mcnealfarms@outlook.com,internal_until_public_use_review,https://arfarmtoschool.org,https://www.facebook.com/McNealPremiumBeef,https://www.instagram.com/arkansasgrownandmade/,,False,False,False,False,False,False,False,1,arobs_1a44bd700fb940e01249,Arkansas Department of Agriculture — Arkansas Grown directory,https://arkansasgrown.org/listing/mcneal-farms-premium-beef/,B,2026-07-15,promotion_eligible_reviewed,,Fields selected by evidence grade; every source observation remains separately auditable.
AR-546C47151A,Movie House Winery,movie house winery,farm,unique_source_name_reviewed,AR,Conway,Morrilton,72110,99 Sandtown Rd. Morrilton Arkansas 72110,public_business_address_reviewed_for_future_reduced_precision,35.12884,-92.71955,We've produced wine in Arkansas since 2011. 2017 planted a small vineyard. We produce as much local grown fruits for as possible. We've added a bee farm last year as well.,Arkansas Grown member,501-477-3131,mhwinery@hotmail.com,internal_until_public_use_review,https://arfarmtoschool.org,https://www.facebook.com/moviehousewinery,https://www.instagram.com/arkansasgrownandmade/,,False,False,False,False,False,False,False,1,arobs_42e3b76a6b662f2f771f,Arkansas Department of Agriculture — Arkansas Grown directory,https://arkansasgrown.org/listing/movie-house-winery/,B,2026-07-15,promotion_eligible_reviewed,,Fields selected by evidence grade; every source observation remains separately auditable.
AR-87E4D463DC,Petit Jean Farmers Market,petit jean farmers market,farm,unique_source_name_reviewed,AR,Conway,Morrilton,,"1039 Winrock Dr, Morrilton, AR, USA",public_business_address_reviewed_for_future_reduced_precision,35.1448,-92.86397,"Apples, Carrots, Honey, Tomatoes, Vegetables",Arkansas Grown member,501-208-2592,ed.artisanexchangefarm@gmail.com,internal_until_public_use_review,https://arfarmtoschool.org,https://www.facebook.com/PetitJeanFarmersMarket,https://www.instagram.com/arkansasgrownandmade/,,False,False,True,False,False,False,False,1,arobs_e80b0e34a89ab5df1a70,Arkansas Department of Agriculture — Arkansas Grown directory,https://arkansasgrown.org/listing/petit-jean-farmers-market/,B,2026-07-15,promotion_eligible_reviewed,,Fields selected by evidence grade; every source observation remains separately auditable.
AR-1B5CBA0B45,Petit Jean Honey,petit jean honey,farm,unique_source_name_reviewed,AR,Conway,Morrilton,72110,1039 Winrock Dr.,public_business_address_reviewed_for_future_reduced_precision,,,lamb; honey,LocalHarvest Family Farm,(888) 633-1204,,internal_until_public_use_review,https://www.petitjeanhoney.com,,,,True,False,False,False,False,False,False,1,arobs_75317d57f864aa886101,LocalHarvest — Arkansas county-seat gap search,https://www.localharvest.org/petit-jean-honey-M6676,D,2026-07-15,promotion_eligible_reviewed,,Fields selected by evidence grade; every source observation remains separately auditable.
AR-09ED90AB06,Wahrmund Farms,wahrmund farms,farm,unique_source_name_reviewed,AR,Conway,Springfield,,"11 WAHRMUND RD, SPRINGFIELD, AR, USA",public_business_address_reviewed_for_future_reduced_precision,35.15262,-92.74378,Beef,Arkansas Grown member,501-208-2010,wahrmundfarms@gmail.com,internal_until_public_use_review,https://arfarmtoschool.org,https://www.facebook.com/wahrmundfarms,https://www.instagram.com/wahrmundfarms/,,False,False,False,False,False,False,False,1,arobs_ec87987d5a9c385b5872,Arkansas Department of Agriculture — Arkansas Grown directory,https://arkansasgrown.org/listing/wahrmund-farms/,B,2026-07-15,promotion_eligible_reviewed,,Fields selected by evidence grade; every source observation remains separately auditable.
AR-0F6490D750,Banks & Bates Produce & Nursery,banks and bates produce and nursery,farm,unique_source_name_reviewed,AR,Craighead,Jonesboro,,"Jonesboro, AR, USA",public_business_address_reviewed_for_future_reduced_precision,35.8357,-90.70513,Flowers,Arkansas Grown member,870-897-9022,farrabanks@gmail.com,internal_until_public_use_review,https://arfarmtoschool.org,https://www.facebook.com/profile.php?id=61550057101064,https://www.instagram.com/arkansasgrownandmade/,,False,False,False,False,False,False,False,1,arobs_b9063b6affddd9ca9c26,Arkansas Department of Agriculture — Arkansas Grown directory,https://arkansasgrown.org/listing/banks-bates-produce-nursery/,B,2026-07-15,promotion_eligible_reviewed,,Fields selected by evidence grade; every source observation remains separately auditable.
AR-CF4A4C8EEC,Cache River Valley Seed LLC,cache river valley seed,farm,unique_source_name_reviewed,AR,Craighead,Cash,72421,Hwy 226 Cash Arkansas 72421,public_business_address_reviewed_for_future_reduced_precision,35.79337,-90.93656,"Corn, Cotton, Milo, Rice, Seeds, Soybeans, Wheat",Arkansas Grown member,870-477-5427,Crvseed@nex.net,internal_until_public_use_review,https://arfarmtoschool.org,https://www.facebook.com/arkansasgrownandmade/,https://www.instagram.com/arkansasgrownandmade/,,False,False,False,False,False,False,False,1,arobs_624daa10325ae0f3bd30,Arkansas Department of Agriculture — Arkansas Grown directory,https://arkansasgrown.org/listing/cache-river-valley-seed-llc/,B,2026-07-15,promotion_eligible_reviewed,,Fields selected by evidence grade; every source observation remains separately auditable.
AR-03B82DF7DF,Culps Honey Farm LLC,culps honey farm,farm,unique_source_name_reviewed,AR,Craighead,Jonesboro,72401,4373 CR 912 Jonesboro Arkansas 72401,public_business_address_reviewed_for_future_reduced_precision,35.85154,-90.55085,Honey,Arkansas Grown member,870-931-8647,culpshoneyfarm@hotmail.com,internal_until_public_use_review,https://arfarmtoschool.org,https://www.facebook.com/culpshoneyfarmllc,https://www.instagram.com/arkansasgrownandmade/,,False,False,False,False,False,False,False,1,arobs_59ea76e9fa6b186e70fb,Arkansas Department of Agriculture — Arkansas Grown directory,https://arkansasgrown.org/listing/culps-honey-farm-llc/,B,2026-07-15,promotion_eligible_reviewed,,Fields selected by evidence grade; every source observation remains separately auditable.
AR-33F6A6FBAB,Dasco Dairy,dasco dairy,farm,unique_source_name_reviewed,AR,Craighead,Jonesboro,,"1293 Greene 333 Road, Jonesboro, AR, USA",public_business_address_reviewed_for_future_reduced_precision,35.97482,-90.74365,"Eggs, Goat, Milk, Sheep/Lamb",Arkansas Grown member,1-870-627-8176,raphael@smartrepro.com,internal_until_public_use_review,https://arfarmtoschool.org,https://www.facebook.com/profile.php?id=61574936136966,https://www.instagram.com/arkansasgrownandmade/,,False,False,False,False,False,False,False,1,arobs_4a8dd0ab9bf9eab78081,Arkansas Department of Agriculture — Arkansas Grown directory,https://arkansasgrown.org/listing/dasco-dairy/,B,2026-07-15,promotion_eligible_reviewed,,Fields selected by evidence grade; every source observation remains separately auditable.
AR-E2E54E22D1,Judd Hill Farmers' Market,judd hill farmers market,farm,unique_source_name_reviewed,AR,Craighead,Jonesboro,,"3350 Aggie Road, Jonesboro, AR, USA",public_business_address_reviewed_for_future_reduced_precision,35.84221,-90.66602,"Apples, Asparagus, Banana Peppers - Varietys, Beans, Beef, Blueberries, Broccoli, Cabbage, Cherry Tomatoes, Corn, Cucumbers, Eggs, Fruits, Honey, Lettuces—Variety, Melons – Variety, Nursery, Okra, Pumpkins, Squash, Yellow Squash",Arkansas Grown member,,jkpittcock@gmail.com,internal_until_public_use_review,https://arfarmtoschool.org,https://www.facebook.com/arkansasgrownandmade/,https://www.instagram.com/arkansasgrownandmade/,,False,False,False,False,False,False,False,1,arobs_73478b7c358e2932e5f4,Arkansas Department of Agriculture — Arkansas Grown directory,https://arkansasgrown.org/listing/judd-hill-farmers-market-2/,B,2026-07-15,promotion_eligible_reviewed,,Fields selected by evidence grade; every source observation remains separately auditable.
AR-61BAC586A0,Lost Creek Flowers,lost creek flowers,farm,unique_source_name_reviewed,AR,Craighead,Jonesboro,,"Jonesboro, AR, USA",public_business_address_reviewed_for_future_reduced_precision,35.8357,-90.70513,Flowers,Arkansas Grown member,870-897-5520,lostcreekflowers@gmail.com,internal_until_public_use_review,https://arfarmtoschool.org,https://www.facebook.com/lostcreekflowers,https://www.instagram.com/lostcreekflowers/,,False,False,False,False,False,False,False,1,arobs_12beded54f6baf5061c1,Arkansas Department of Agriculture — Arkansas Grown directory,https://arkansasgrown.org/listing/lost-creek-flowers/,B,2026-07-15,promotion_eligible_reviewed,,Fields selected by evidence grade; every source observation remains separately auditable.
AR-FCAC24DC87,Mid-South Nursery and Greenhouses,mid south nursery and greenhouses,farm,unique_source_name_reviewed,AR,Craighead,Jonesboro,72401,3321 Dan Ave Jonesboro Arkansas 72401,public_business_address_reviewed_for_future_reduced_precision,35.85696,-90.76931,"Annuals, Ferns, Flowers, Herbs, Nursery, Ornamentals, Perennials, Shrubs, Southern Pines, Turf, Vegetables, Vines",Arkansas Grown member,870-932-2036,midsouthnursery@suddenlink.net,internal_until_public_use_review,https://arfarmtoschool.org,https://www.facebook.com/MidSouthNursery,https://www.instagram.com/arkansasgrownandmade/,,False,False,False,False,False,False,False,1,arobs_9dd16e1237e8761b5a5b,Arkansas Department of Agriculture — Arkansas Grown directory,https://arkansasgrown.org/listing/mid-south-nursery-and-greenhouses/,B,2026-07-15,promotion_eligible_reviewed,,Fields selected by evidence grade; every source observation remains separately auditable.
AR-0CB4C53586,Mootown Grill and Corn Maze,mootown grill and corn maze,farm,unique_source_name_reviewed,AR,Craighead,Brookland,72417,498 Craighead 768 Brookland Arkansas 72417,public_business_address_reviewed_for_future_reduced_precision,35.88569,-90.60097,"Beans, Cherry Tomatoes, Corn, Cucumbers, Edamame, Flowers, Green Beans, Okra, Peas, Peppers - Variety, Pumpkins, Radishes, Romaine, Squash, Tomatoes, Vegetables, Yellow Squash, Zucchini",Arkansas Grown member,870-926-2148,wfmootown@aol.com,internal_until_public_use_review,https://arfarmtoschool.org,https://www.facebook.com/mootowncornmaze,https://www.instagram.com/arkansasgrownandmade/,,False,False,False,False,False,False,False,1,arobs_cbb5f452ba5b0f14aa71,Arkansas Department of Agriculture — Arkansas Grown directory,https://arkansasgrown.org/listing/mootown-corn-maze-produce/,B,2026-07-15,promotion_eligible_reviewed,,Fields selected by evidence grade; every source observation remains separately auditable.
AR-EE0235193D,Arnold Family Farm & Store,arnold family farm and store,farm,unique_source_name_reviewed,AR,Crawford,Alma,,"7020 North Highway 71, Alma, AR, USA",public_business_address_reviewed_for_future_reduced_precision,35.55359,-94.21518,"Apples, Beef, Grapes, Pork, Pumpkins, Strawberries, Tomatoes, Watermelon",Arkansas Grown member,479-632-0757,ArnoldFarmStore@gmail.com,internal_until_public_use_review,https://arfarmtoschool.org,https://www.facebook.com/ArnoldStrawberries,https://www.instagram.com/arkansasgrownandmade/,,False,False,False,False,False,False,False,1,arobs_997093b01910df4dd69a,Arkansas Department of Agriculture — Arkansas Grown directory,https://arkansasgrown.org/listing/arnold-family-farm-store/,B,2026-07-15,promotion_eligible_reviewed,,Fields selected by evidence grade; every source observation remains separately auditable.
AR-E802376382,David's Bee Supply Mountainburg Arkansas And Berry Farm,davids bee supply mountainburg arkansas and berry farm,farm,unique_source_name_reviewed,AR,Crawford,Mountainburg,72946,8100 Mote road Mountainburg Arkansas 72946,public_business_address_reviewed_for_future_reduced_precision,35.56389,-94.19569,"Annuals, Asparagus, Banana Peppers - Varietys, Basil, Beans, Blackberries, Broccoli, Butternut Squash, Cabbage, Cilantro, Cucumbers, Eggs, Flowers, Grapes, Green Beans, Green Onion, Herbs, Honey, Kale, Muscadine Grapes, Mushrooms, Parsley, Peppers - Variety, Perennials, Radishes, Raspberries, Romaine, Squash, Swiss Chard, Tomatoes, Vegetables, Yellow Squash, Zucchini",Arkansas Grown member,479-650-3112,dfblair@ipa.net,internal_until_public_use_review,https://arfarmtoschool.org,https://www.facebook.com/arkansasgrownandmade/,https://www.instagram.com/arkansasgrownandmade/,,False,False,False,False,False,False,False,1,arobs_e88da996dc20106f21a5,Arkansas Department of Agriculture — Arkansas Grown directory,https://arkansasgrown.org/listing/davids-bee-supply-mountainburg-arkansas-and-berry-farm/,B,2026-07-15,promotion_eligible_reviewed,,Fields selected by evidence grade; every source observation remains separately auditable.
AR-F9AD7FF7A6,DBee's Nature,dbees nature,farm,unique_source_name_reviewed,AR,Crawford,Van Buren,72956,3818 Pine Hollow Pt Van Buren Arkansas 72956,public_business_address_reviewed_for_future_reduced_precision,35.49379,-94.37376,Honey,Arkansas Grown member,479-208-9949,dannylbrewer@icloud.com,internal_until_public_use_review,https://arfarmtoschool.org,https://www.facebook.com/DBeesNature,https://www.instagram.com/arkansasgrownandmade/,,False,False,False,False,False,False,False,1,arobs_c56e20f7468e49e830f2,Arkansas Department of Agriculture — Arkansas Grown directory,https://arkansasgrown.org/listing/dbees-nature/,B,2026-07-15,promotion_eligible_reviewed,,Fields selected by evidence grade; every source observation remains separately auditable.
AR-E3A15AECB2,Grange Therapie Red Wolf Rabbit Ranch,grange therapie red wolf rabbit ranch,farm,unique_source_name_reviewed,AR,Crawford,Alma,,"6582 Broadleaf Dr, Alma, AR, USA",public_business_address_reviewed_for_future_reduced_precision,35.54892,-94.17726,"Pasture raised T.A.M.U.K & Composite rabbits & protein, slow growing heritage Brahma & Faverolle chickens & protein, T.A.M.U.K. buck service, organic coconut oil and shea butter based farmcrafted body products: cold process soap, body butters, deodorant, toothpaste etc. Individual health & finance motivation sessions. Purchases benefit creation of an animal petting farm especially for children and young adults with quadriplegia, Down's Syndrome and possibly lifelong severe medical challenges. Volunteers and interns of all ages welcome. Mismatched used rabbit & goat fencing/feed/housing/buckets & alternatives, wheelchair friendly ground cover (rubber 'bark') accepted: we'll sanitize. Text 479",Arkansas Grown member,479-883-6175,grangetherapieredwolfrabbitranch@yahoo.com,internal_until_public_use_review,https://arfarmtoschool.org,https://m.facebook.com/arkansas.maker,https://www.instagram.com/arkansasgrownandmade/,,False,False,True,False,False,False,False,1,arobs_3b5f3bbdbb4346fd71f8,Arkansas Department of Agriculture — Arkansas Grown directory,https://arkansasgrown.org/listing/grange-therapie-red-wolf-rabbit-ranch/,B,2026-07-15,promotion_eligible_reviewed,,Fields selected by evidence grade; every source observation remains separately auditable.
AR-AB701257EA,Linam Farm,linam farm,farm,unique_source_name_reviewed,AR,Crawford,Alma,,"7111 N Hwy 71, Alma, AR, USA",public_business_address_reviewed_for_future_reduced_precision,35.55518,-94.21544,"Blackberries, Blueberries, Eggs, Sheep/Lamb",Arkansas Grown member,(479) 222-1295,Linamfarm@gmail.com,internal_until_public_use_review,https://arfarmtoschool.org,https://www.facebook.com/103464862566751,https://www.instagram.com/linam_family_farm,,False,False,False,False,False,False,False,1,arobs_6985dfa6f7a3644039d0,Arkansas Department of Agriculture — Arkansas Grown directory,https://arkansasgrown.org/listing/linam-farm/,B,2026-07-15,promotion_eligible_reviewed,,Fields selected by evidence grade; every source observation remains separately auditable.
AR-56BD9213AC,Lollis Christmas Tree Farm,lollis christmas tree farm,farm,unique_source_name_reviewed,AR,Crawford,Rudy,,"6100 Christmas Tree Lane, Rudy, AR, USA",public_business_address_reviewed_for_future_reduced_precision,35.5253,-94.32124,For over 30 years we have looked forward to opening our family operated farm on Thanksgiving! Open daily 10am-dark until Dec 22nd. See you soon on Christmas Tree Lane! Agritourism,Arkansas Grown member,,Christmastreefarmrudy@gmail.com,internal_until_public_use_review,https://arfarmtoschool.org,https://www.facebook.com/Lollisfarm/,https://www.instagram.com/arkansasgrownandmade/,,False,False,False,False,False,False,False,1,arobs_b0b3465a2ea9fcdcfd2f,Arkansas Department of Agriculture — Arkansas Grown directory,https://arkansasgrown.org/listing/lollis-christmas-tree-farm/,B,2026-07-15,promotion_eligible_reviewed,,Fields selected by evidence grade; every source observation remains separately auditable.
AR-68AFFECCCC,M & M Farms,m and m farms,farm,unique_source_name_reviewed,AR,Crawford,Rudy,72952,5020 N Rudy Rd Rudy Arkansas 72952,public_business_address_reviewed_for_future_reduced_precision,35.50881,-94.31815,"Beef, Eggs, Sheep/Lamb",Arkansas Grown member,479-474-4505,mmfarmgrassfed@gmail.com,internal_until_public_use_review,https://arfarmtoschool.org,https://www.facebook.com/profile.php?id=61578356095357,https://www.instagram.com/arkansasgrownandmade/,,False,False,False,False,False,False,False,1,arobs_e3531cc5a67387d28d44,Arkansas Department of Agriculture — Arkansas Grown directory,https://arkansasgrown.org/listing/m-m-farms/,B,2026-07-15,promotion_eligible_reviewed,,Fields selected by evidence grade; every source observation remains separately auditable.
AR-28A50EC3C8,Peace Farm Organics,peace farm organics,farm,unique_source_name_reviewed,AR,Crawford,Van Buren,72956,6604 Parks Road Van Buren Arkansas 72956,public_business_address_reviewed_for_future_reduced_precision,35.40321,-94.26506,"Basil, Broccoli, Cherry Tomatoes, Cilantro, Herbs, Kale, Mustard Greens, Parsley, Peppers - Variety, Romaine, Swiss Chard, Tomatoes, Vegetables",Arkansas Grown member,479-651-6845,leighcenteno@gmail.com,internal_until_public_use_review,https://arfarmtoschool.org,https://www.facebook.com/PeaceFarmOrganics,https://www.instagram.com/arkansasgrownandmade/,,False,False,False,False,False,False,False,1,arobs_b1e008838a46ef8784c8,Arkansas Department of Agriculture — Arkansas Grown directory,https://arkansasgrown.org/listing/peace-farm-organics/,B,2026-07-15,promotion_eligible_reviewed,,Fields selected by evidence grade; every source observation remains separately auditable.
AR-CDD92A7F5E,Rice Custom Meat Processing,rice custom meat processing,farm,unique_source_name_reviewed,AR,Crawford,Rudy,,"3925 Highway 348, Rudy, AR, USA",public_business_address_reviewed_for_future_reduced_precision,35.52414,-94.31117,"Beef, Pork",Arkansas Grown member,479-474-3012,custommeatprocessing@gmail.com,internal_until_public_use_review,https://arfarmtoschool.org,https://www.facebook.com/ricecustommeatprocessing,https://www.instagram.com/arkansasgrownandmade/,,False,False,True,False,False,False,False,1,arobs_9b93f6754d477bd7cb7f,Arkansas Department of Agriculture — Arkansas Grown directory,https://arkansasgrown.org/listing/rice-custom-meat-processing/,B,2026-07-15,promotion_eligible_reviewed,,Fields selected by evidence grade; every source observation remains separately auditable.
AR-A401B027A3,Silver Dragon Ranch,silver dragon ranch,farm,unique_source_name_reviewed,AR,Crawford,Mountainburg,,"9919 Rock Haven Lane, Mountainburg, AR, USA",public_business_address_reviewed_for_future_reduced_precision,35.59663,-94.1972,"AG education, Agritourism, Apples, Eggs, Fruits, Goat, Livestock, Milk, Nuts, Peaches, Pecans, Other",Arkansas Grown member,(479)274-8160,info@silverdragonranch.com,internal_until_public_use_review,https://arfarmtoschool.org,https://www.facebook.com/arkansasgrownandmade/,https://www.instagram.com/arkansasgrownandmade/,,False,False,True,False,False,False,False,1,arobs_a3d4ffd1c46054044306,Arkansas Department of Agriculture — Arkansas Grown directory,https://arkansasgrown.org/listing/silver-dragon-ranch/,B,2026-07-15,promotion_eligible_reviewed,,Fields selected by evidence grade; every source observation remains separately auditable.
AR-C497904A6F,Simmons Plant Farm,simmons plant farm,farm,unique_source_name_reviewed,AR,Crawford,Mountainburg,72946,,public_business_address_reviewed_for_future_reduced_precision,,,U-pick crops; agritourism,U-pick; agritourism,479-369-2345,,internal_until_public_use_review,,,,,True,False,False,False,True,False,False,1,arobs_109291c9c74e4d4388d6,PickYourOwn — Northwest Arkansas,https://www.pickyourown.org/ARnw.htm,E,2026-07-15,research_or_qa_queue,single grade-E discovery listing needs corroboration,Fields selected by evidence grade; every source observation remains separately auditable.
AR-382539A4D8,Treat Family Farm,treat family farm,farm,unique_source_name_reviewed,AR,Crawford,Mountainburg,72946,1828 Hollow Branch Lane Mountainburg Arkansas 72946,public_business_address_reviewed_for_future_reduced_precision,35.64909,-94.15236,Eggs,Arkansas Grown member,479-301-9156,baciwalker@hotmail.com,internal_until_public_use_review,https://arfarmtoschool.org,https://www.facebook.com/TreatFamilyFarm,https://www.instagram.com/arkansasgrownandmade/,,False,False,False,False,False,False,False,1,arobs_e435ef74f55a9f72539f,Arkansas Department of Agriculture — Arkansas Grown directory,https://arkansasgrown.org/listing/treat-family-farm/,B,2026-07-15,promotion_eligible_reviewed,,Fields selected by evidence grade; every source observation remains separately auditable.
AR-58DE9E5FB1,Twin Oaks Peach Farm,twin oaks peach farm,farm,unique_source_name_reviewed,AR,Crawford,Alma,72921,,public_business_address_reviewed_for_future_reduced_precision,,,U-pick crops; agritourism,U-pick; agritourism,501-632-3956,Allured@ipa.net,internal_until_public_use_review,https://www.arkansasgrown.org/makers-producers/twin-oaks-peach-farm/,,,,True,False,False,False,True,False,False,1,arobs_2f54cb87f178abefff3a,PickYourOwn — Northwest Arkansas,https://www.pickyourown.org/ARnw.htm,E,2026-07-15,research_or_qa_queue,single grade-E discovery listing needs corroboration,Fields selected by evidence grade; every source observation remains separately auditable.
AR-F342626906,Chesapeake Farm Organic Bakery & Produce,chesapeake farm organic bakery and produce,farm,unique_source_name_reviewed,AR,Crittenden,Earle,72331,172 2nd Street Earle Arkansas 72331-1517,public_business_address_reviewed_for_future_reduced_precision,35.27376,-90.45088,"Asparagus, Banana Peppers - Varietys, Basil, Beans, Beets, Blackberries, Broccoli, Butter Beans, Butternut Squash, Cabbage, Cantaloupe, Cherry Tomatoes, Chicken, Cilantro, Collard Greens, Corn, Cucumbers, Duck, Eggs, Flowers, Fruits, Grapes, Green Beans, Guinea Fowl, Herbs, Honey, Kale, Livestock, Muscadine Grapes, Mushrooms, Mustard Greens, Okra, Parsley, Peaches, Pears, Peas, Peppers - Variety, Plums, Potatoes, Poultry, Pumpkins, Radishes, Sorghum, Squash, Strawberries, Sweet Corn, Sweet Potatoes, Swiss Chard, Tomatoes, Turnip Greens, Turnips, Watermelon, Yellow Squash, Zucchini",Arkansas Grown member,901-596-2589,marlenadgee@gmail.com,internal_until_public_use_review,https://arfarmtoschool.org,https://www.facebook.com/Chesapeake-Farm-Organic-Bakery-Produce-,https://www.instagram.com/arkansasgrownandmade/,,False,False,False,False,False,False,False,1,arobs_95a5c094f57e744a020d,Arkansas Department of Agriculture — Arkansas Grown directory,https://arkansasgrown.org/listing/chesapeake-farm-organic-bakery-produce/,B,2026-07-15,promotion_eligible_reviewed,,Fields selected by evidence grade; every source observation remains separately auditable.
AR-A637C50592,CRITTENDEN COUNTY FARMERS MARKET,crittenden county farmers market,farm,unique_source_name_reviewed,AR,Crittenden,Marion,,"1 Court Street, Marion, AR, USA",public_business_address_reviewed_for_future_reduced_precision,35.21446,-90.1968,"Corn, Cucumbers, Eggs, Flowers, Melons – Variety, Tomatoes",Arkansas Grown member,662-863-4311,mchrestman@uada.edu,internal_until_public_use_review,https://arfarmtoschool.org,https://www.facebook.com/profile.php?id=100092186167660,https://www.instagram.com/arkansasgrownandmade/,,False,False,False,False,False,False,False,1,arobs_384a3b597d8f89043f3a,Arkansas Department of Agriculture — Arkansas Grown directory,https://arkansasgrown.org/listing/crittenden-county-farmers-market/,B,2026-07-15,promotion_eligible_reviewed,,Fields selected by evidence grade; every source observation remains separately auditable.
AR-015CED2802,Papa Joe's Sweet Corn & More,papa joes sweet corn and more,farm,unique_source_name_reviewed,AR,Crittenden,Crawfordsville,72327,305 Wallace,public_business_address_reviewed_for_future_reduced_precision,,,sweet corn; peas; tomatoes; pumpkins; Southern Field Peas; Cherokee Purple Tomato; Radiator Charlie's Mortgage Lifter Tomato,LocalHarvest Family Farm,(870) 514-9555,,internal_until_public_use_review,,http://www.facebook.com/joe.papajoessweetcorn,,,True,False,False,False,False,False,False,1,arobs_32b6e9f7732cdd25f25f,LocalHarvest — Arkansas county-seat gap search,https://www.localharvest.org/papa-joes-sweet-corn-more-M72520,D,2026-07-15,promotion_eligible_reviewed,,Fields selected by evidence grade; every source observation remains separately auditable.
AR-386EBC09DB,Cache River Rice,cache river rice,farm,unique_source_name_reviewed,AR,Cross,Hickory Ridge,,"15 County Road 138, Hickory Ridge, AR, USA",public_business_address_reviewed_for_future_reduced_precision,35.33623,-90.96356,Rice,Arkansas Grown member,870-697-3105,cartillarenterprises@outlook.com,internal_until_public_use_review,https://arfarmtoschool.org,https://www.facebook.com/arkansasgrownandmade/,https://www.instagram.com/arkansasgrownandmade/,,False,False,False,False,False,False,False,1,arobs_8c98d9957534dc939422,Arkansas Department of Agriculture — Arkansas Grown directory,https://arkansasgrown.org/listing/cache-river-rice/,B,2026-07-15,promotion_eligible_reviewed,,Fields selected by evidence grade; every source observation remains separately auditable.
AR-E7411467DD,Cross County Farmer's Market (Not a PYO),cross county farmers market not a pyo,farm,unique_source_name_reviewed,AR,Cross,Wynne,72396,,public_business_address_reviewed_for_future_reduced_precision,,,U-pick crops; agritourism,U-pick; agritourism,870-238-5528,,internal_until_public_use_review,,,,,True,False,False,False,True,False,False,1,arobs_0c5f0f0842206ed52305,PickYourOwn — Northeast Arkansas,https://www.pickyourown.org/ARne.htm,E,2026-07-15,research_or_qa_queue,single grade-E discovery listing needs corroboration,Fields selected by evidence grade; every source observation remains separately auditable.
AR-CFBC0CC5E2,Cross County Farmers Market,cross county farmers market,farm,unique_source_name_reviewed,AR,Cross,Wynne,72396,705 E. Union Ave. Wynne Arkansas 72396,public_business_address_reviewed_for_future_reduced_precision,35.22245,-90.78718,"Beans, Beets, Blackberries, Blueberries, Cabbage, Cantaloupe, Cherry Tomatoes, Collard Greens, Cucumbers, Fruits, Green Beans, Herbs, Honey, Muscadine Grapes, Okra, Peaches, Peas, Pecans, Potatoes, Sweet Corn, Sweet Potatoes, Tomatoes, Turnip Greens, Vegetables, Watermelon, Yellow Squash",Arkansas Grown member,870-238-5745,jmartin@uada.edu,internal_until_public_use_review,https://arfarmtoschool.org,https://www.facebook.com/crosscountyfarmersmarket,https://www.instagram.com/arkansasgrownandmade/,,False,False,False,False,False,False,False,1,arobs_4cbac5fd1f392ef6c5a8,Arkansas Department of Agriculture — Arkansas Grown directory,https://arkansasgrown.org/listing/cross-county-farmersao-market/,B,2026-07-15,promotion_eligible_reviewed,,Fields selected by evidence grade; every source observation remains separately auditable.
AR-AEF5C610EC,Dettelbach Farms,dettelbach farms,farm,unique_source_name_reviewed,AR,Cross,Wynne,72396,236 CR 744,public_business_address_reviewed_for_future_reduced_precision,,,lettuce; radishes; salad greens; salad mix; spinach; beef; chicken; lamb; pork; honey; seeds; beets; broccoli; cabbage; cauliflower; sweet corn; cucumber; garlic; green beans; green onions; hot peppers; kale; okra; onions; peas; summer squash; sweet peppers; swiss chard; tomatoes; zucchini; strawberries; potatoes; pumpkins; sweet potatoes; cantaloupes; melons; watermelons; collards; mustard greens; turkey,LocalHarvest Family Farm,(870) 318-7680,,internal_until_public_use_review,https://www.dettelbachfarms.com,http://www.facebook.com/pages/Dettelbach-Farms/449054041850664,,,True,False,False,False,False,False,False,1,arobs_1ed6b3e064edadb17d53,LocalHarvest — Arkansas county-seat gap search,https://www.localharvest.org/dettelbach-farms-M39503,D,2026-07-15,promotion_eligible_reviewed,,Fields selected by evidence grade; every source observation remains separately auditable.
AR-82C05D54FC,Johnson Farm,johnson farm,farm,unique_source_name_reviewed,AR,Cross,Cherry Valley,72324,581 Cr 333 Cherry Valley Arkansas 72324,public_business_address_reviewed_for_future_reduced_precision,35.37965,-90.71439,"Blackberries, Corn, Cucumbers, Green Beans, Peas, Peppers - Variety, Squash, Tomatoes, Zucchini",Arkansas Grown member,870-588-4832,treefarmer581@yahoo.com,internal_until_public_use_review,https://arfarmtoschool.org,https://www.facebook.com/arkansasgrownandmade/,https://www.instagram.com/arkansasgrownandmade/,,False,False,False,False,False,False,False,1,arobs_f285b7e92a61e9217061,Arkansas Department of Agriculture — Arkansas Grown directory,https://arkansasgrown.org/listing/johnson-farm/,B,2026-07-15,promotion_eligible_reviewed,,Fields selected by evidence grade; every source observation remains separately auditable.
AR-05DA3F6C14,Kathleen Johnson Farms,kathleen johnson farms,farm,unique_source_name_reviewed,AR,Cross,Cherry Valley,72324,,public_business_address_reviewed_for_future_reduced_precision,,,U-pick crops; agritourism,U-pick; agritourism,,,internal_until_public_use_review,,,,,True,False,False,False,True,False,False,1,arobs_6ad8f13f0b771d8a616b,PickYourOwn — Northeast Arkansas,https://www.pickyourown.org/ARne.htm,E,2026-07-15,research_or_qa_queue,single grade-E discovery listing needs corroboration; source reports closure and requires affirmative curator decision,Fields selected by evidence grade; every source observation remains separately auditable.
AR-4E87A20859,Killough Farms,killough farms,farm,unique_source_name_reviewed,AR,Cross,Wynne,72396,661 Highway 64B Wynne Arkansas 72396,public_business_address_reviewed_for_future_reduced_precision,35.22453,-90.78678,Blueberries,Arkansas Grown member,870-238-7038,c4killo@yahoo.com,internal_until_public_use_review,https://arfarmtoschool.org,https://www.facebook.com/arkansasgrownandmade/,https://www.instagram.com/arkansasgrownandmade/,,True,False,False,False,True,False,False,1,arobs_13fcc88666b369d53d8f,Arkansas Department of Agriculture — Arkansas Grown directory,https://arkansasgrown.org/listing/killough-farms/,B,2026-07-15,promotion_eligible_reviewed,,Fields selected by evidence grade; every source observation remains separately auditable.
AR-028F41983B,Matthews Ridgeview Farms,matthews ridgeview farms,farm,unique_source_name_reviewed,AR,Cross,Wynne,72396,2400 Bartlett Road Wynne Arkansas 72396,public_business_address_reviewed_for_future_reduced_precision,35.2534,-90.78116,Sweet Potatoes,Arkansas Grown member,870-238-8828,sales@arsweetpotatoes.com,internal_until_public_use_review,https://arfarmtoschool.org,https://www.facebook.com/pages/Matthews%20Ridgeview%20Farms/103657669701444/,https://www.instagram.com/arkansasgrownandmade/,,False,False,False,False,False,False,False,1,arobs_30c1c088a8f89908c68b,Arkansas Department of Agriculture — Arkansas Grown directory,https://arkansasgrown.org/listing/matthews-ridgeview-farms/,B,2026-07-15,promotion_eligible_reviewed,,Fields selected by evidence grade; every source observation remains separately auditable.
AR-0B7C1C81E4,Farindale Farms LLC,farindale farms,farm,unique_source_name_reviewed,AR,Dallas,Carthage,,"6005 U.S. 167, Carthage, AR, USA",public_business_address_reviewed_for_future_reduced_precision,34.08541,-92.40805,"Fruits, Vegetables",Arkansas Grown member,479-567-9037,farindale@gmx.com,internal_until_public_use_review,https://arfarmtoschool.org,https://www.facebook.com/Farindale.Farms,https://www.instagram.com/arkansasgrownandmade/,,False,False,False,False,False,False,False,1,arobs_2d29e3095365f82fd55b,Arkansas Department of Agriculture — Arkansas Grown directory,https://arkansasgrown.org/listing/farindale-farms-llc/,B,2026-07-15,promotion_eligible_reviewed,,Fields selected by evidence grade; every source observation remains separately auditable.
AR-65D73ED27D,Ray 5 Farm,ray 5 farm,farm,unique_source_name_reviewed,AR,Dallas,Carthage,,"Carthage, Arkansas, AR, USA",public_business_address_reviewed_for_future_reduced_precision,34.0751,-92.55544,"Banana Peppers - Varietys, Beef, Beets, Butternut Squash, Cabbage, Cantaloupe, Chicken, Collard Greens, Cucumbers, Eggplant, Greens, Green Beans, Honey, Kale, Melons – Variety, Mushrooms, Mustard Greens, Okra, Onions, Peppers - Variety, Pork, Potatoes, Poultry, Squash, Turkey, Turnip Greens, Turnips, Vegetables, Watermelon, Yellow Squash, Zucchini",Arkansas Grown member,5014675113,ray5farm2020@gmail.com,internal_until_public_use_review,https://arfarmtoschool.org,https://www.facebook.com/Ray-5-Farm-2009721295724269,https://www.instagram.com/arkansasgrownandmade/,,False,False,False,False,False,False,False,1,arobs_72ba9e32a80b6d697c76,Arkansas Department of Agriculture — Arkansas Grown directory,https://arkansasgrown.org/listing/ray-5-farm/,B,2026-07-15,promotion_eligible_reviewed,,Fields selected by evidence grade; every source observation remains separately auditable.
AR-00FDAA6AD3,Coal Oil Trading Company,coal oil trading,farm,unique_source_name_reviewed,AR,Desha,,,"909 Robert S Moore Ave, Arkansas City, AR, USA",public_business_address_reviewed_for_future_reduced_precision,33.60637,-91.20637,"Fish, Goat, Sheep/Lamb",Arkansas Grown member,870-5011054,grow.goats@gmail.com,internal_until_public_use_review,https://arfarmtoschool.org,https://www.facebook.com/HempFed,https://www.instagram.com/arkansasgrownandmade/,,False,False,False,False,False,False,False,1,arobs_d52c949a696d110c835c,Arkansas Department of Agriculture — Arkansas Grown directory,https://arkansasgrown.org/listing/coal-oil-trading-company/,B,2026-07-15,research_or_qa_queue,city or safe public service area missing,Fields selected by evidence grade; every source observation remains separately auditable.
AR-EFE93DB212,Daniel French Farms,daniel french farms,farm,unique_source_name_reviewed,AR,Desha,Dumas,71639,393 Independence Lane Dumas Arkansas 71639,public_business_address_reviewed_for_future_reduced_precision,33.93704,-91.56717,"Corn, Cotton, Rice, Soybeans",Arkansas Grown member,870-377-0881,daf.198585@gmail.com,internal_until_public_use_review,https://arfarmtoschool.org,https://www.facebook.com/arkansasgrownandmade/,https://www.instagram.com/arkansasgrownandmade/,,False,False,False,False,False,False,False,1,arobs_e6193a2c2d90f09a4780,Arkansas Department of Agriculture — Arkansas Grown directory,https://arkansasgrown.org/listing/daniel-french-farms/,B,2026-07-15,promotion_eligible_reviewed,,Fields selected by evidence grade; every source observation remains separately auditable.
AR-14C246A1C5,Esau Farms LLC,esau farms,farm,merged_exact_name_reviewed,AR,Desha,Dumas,71639,603 State Police Rd Dumas Arkansas 71639,public_business_address_reviewed_for_future_reduced_precision,33.90655,-91.53902,"Blackberries, Blueberries, Cantaloupe, Muscadine Grapes, Sweet Corn, Watermelon; U-pick crops; agritourism",Arkansas Grown member; U-pick; agritourism,870-382-5738,chadesau75@gmail.com,internal_until_public_use_review,https://arfarmtoschool.org,https://www.facebook.com/arkansasgrownandmade/,https://www.instagram.com/arkansasgrownandmade/,,True,False,False,False,True,False,False,2,arobs_f67152f7f6c4b839fede | arobs_b1e394b0a32b5bd792fd,Arkansas Department of Agriculture — Arkansas Grown directory | PickYourOwn — Southeast Arkansas,https://arkansasgrown.org/listing/esau-farms-llc/ | https://www.pickyourown.org/ARse.htm,B; E,2026-07-15,promotion_eligible_reviewed,,Fields selected by evidence grade; every source observation remains separately auditable.
AR-8CF7106DD9,Casper Branch Goat Farm,casper branch goat farm,farm,unique_source_name_reviewed,AR,Drew,Monticello,71655,"249 S 16th Section Rd, Monticello, AR 71655, USA",public_business_address_reviewed_for_future_reduced_precision,33.65213,-91.61354,"Goat, Milk",Arkansas Grown member,8705012182,mjgolden1086@yahoo.com,internal_until_public_use_review,https://arfarmtoschool.org,https://www.facebook.com/arkansasgrownandmade/,https://www.instagram.com/arkansasgrownandmade/,,False,False,False,False,False,False,False,1,arobs_440a20440ceed64ddfbd,Arkansas Department of Agriculture — Arkansas Grown directory,https://arkansasgrown.org/listing/casper-branch-goat-farm/,B,2026-07-15,promotion_eligible_reviewed,,Fields selected by evidence grade; every source observation remains separately auditable.
AR-5DF64E211F,Etheridge Farms,etheridge farms,farm,unique_source_name_reviewed,AR,Drew,Wilmar,71675,387 Pumpkin Center Rd,public_business_address_reviewed_for_future_reduced_precision,,,cucumber; green beans; green onions; hot peppers; okra; summer squash; sweet peppers; tomatoes; zucchini; watermelons,LocalHarvest Family Farm,,,internal_until_public_use_review,,http://www.facebook.com/EtheridgeFarms,,,True,False,False,False,False,False,False,1,arobs_05164ba3abfa5a115b34,LocalHarvest — Arkansas county-seat gap search,https://www.localharvest.org/etheridge-farms-M83338,D,2026-07-15,promotion_eligible_reviewed,,Fields selected by evidence grade; every source observation remains separately auditable.
AR-EDE336E9D2,Forrest Farm,forrest farm,farm,unique_source_name_reviewed,AR,Drew,Monticello,71655,134 Jose Chapel Cut Off Rd,public_business_address_reviewed_for_future_reduced_precision,,,green beans; summer squash; blueberries; eggplant; okra; peas; tomatoes; plums; preserves; pears,LocalHarvest Family Farm,(870) 723-9230,,internal_until_public_use_review,,,,,True,False,False,False,False,False,False,1,arobs_a2a466d0e9050368fd71,LocalHarvest — Arkansas county-seat gap search,https://www.localharvest.org/forrest-farm-M7578,D,2026-07-15,promotion_eligible_reviewed,,Fields selected by evidence grade; every source observation remains separately auditable.
AR-4B16D611A7,Hughes Orchard,hughes orchard,farm,unique_source_name_reviewed,AR,Drew,Monticello,71655,,public_business_address_reviewed_for_future_reduced_precision,,,U-pick crops; agritourism,U-pick; agritourism,,,internal_until_public_use_review,,,,,True,False,False,False,True,False,False,1,arobs_9932b11770d2e4bc6a49,PickYourOwn — Southeast Arkansas,https://www.pickyourown.org/ARse.htm,E,2026-07-15,research_or_qa_queue,single grade-E discovery listing needs corroboration; source reports closure and requires affirmative curator decision,Fields selected by evidence grade; every source observation remains separately auditable.
AR-D70988D3E8,Market in the Park,market in the park,farm,unique_source_name_reviewed,AR,Drew,Monticello,71655,335 W. Gaines Monticello Arkansas 71655,public_business_address_reviewed_for_future_reduced_precision,33.62883,-91.79277,"Asparagus, Banana Peppers - Varietys, Basil, Beans, Beets, Blackberries, Blueberries, Broccoli, Butter Beans, Butternut Squash, Cherry Tomatoes, Cilantro, Collard Greens, Cucumbers, Eggs, Flowers, Fruits, Green Beans, Green Onion, Herbs, Honey, Kale, Mustard Greens, Okra, Parsley, Peaches, Peas, Peppers - Variety, Perennials, Potatoes, Pumpkins, Radishes, Romaine, Squash, Swiss Chard, Tomatoes, Turnip Greens, Turnips, Vegetables, Watermelon, Yellow Squash, Zucchini",Arkansas Grown member,870-723-2247,monticellochamber@SBCglobal.net,internal_until_public_use_review,https://arfarmtoschool.org,https://www.facebook.com/arkansasgrownandmade/,https://www.instagram.com/arkansasgrownandmade/,,False,False,False,False,False,False,False,1,arobs_fac5af5830368844e483,Arkansas Department of Agriculture — Arkansas Grown directory,https://arkansasgrown.org/listing/market-in-the-park/,B,2026-07-15,promotion_eligible_reviewed,,Fields selected by evidence grade; every source observation remains separately auditable.
AR-8D3B6E7A98,3C'S Bees,3cs bees,farm,unique_source_name_reviewed,AR,Faulkner,Conway,72032,"168 Pickles Gap Rd, Conway, AR 72032, USA",public_business_address_reviewed_for_future_reduced_precision,35.11836,-92.37487,Honey,Arkansas Grown member,5414197938,hoaglin.1@gmail.com,internal_until_public_use_review,https://arfarmtoschool.org,https://www.facebook.com/arkansasgrownandmade/,https://www.instagram.com/arkansasgrownandmade/,,False,False,False,False,False,False,False,1,arobs_482fc287be8c6dca692d,Arkansas Department of Agriculture — Arkansas Grown directory,https://arkansasgrown.org/listing/3cs-bees-2/,B,2026-07-15,promotion_eligible_reviewed,,Fields selected by evidence grade; every source observation remains separately auditable.
AR-172341FF1D,Almosta Ranch Apiary LLC,almosta ranch apiary,farm,unique_source_name_reviewed,AR,Faulkner,Conway,,"Conway, AR, USA",public_business_address_reviewed_for_future_reduced_precision,35.09175,-92.43665,Honey,Arkansas Grown member,501-514-0727 or 501-514-0823,gregorbw@reagan.com,internal_until_public_use_review,https://arfarmtoschool.org,https://www.facebook.com/almostaranchapiary/photos,https://www.instagram.com/arkansasgrownandmade/,,False,False,True,False,False,False,False,1,arobs_54978aaa87a8a0be57df,Arkansas Department of Agriculture — Arkansas Grown directory,https://arkansasgrown.org/listing/almosta-ranch-apiary-llc/,B,2026-07-15,promotion_eligible_reviewed,,Fields selected by evidence grade; every source observation remains separately auditable.
AR-E7C22DDA93,Ashberry Honey Co.,ashberry honey,farm,unique_source_name_reviewed,AR,Faulkner,,72131,26 ashberry ln Quitman Arkansas 72131,public_business_address_reviewed_for_future_reduced_precision,35.3204,-92.27267,Honey,Arkansas Grown member,501-514-8829,jay_phillips27@hotmail.com,internal_until_public_use_review,https://arfarmtoschool.org,https://www.facebook.com/arkansasgrownandmade/,https://www.instagram.com/arkansasgrownandmade/,,False,False,False,False,False,False,False,1,arobs_239ce127022b353c845d,Arkansas Department of Agriculture — Arkansas Grown directory,https://arkansasgrown.org/listing/ashberry-honey-co/,B,2026-07-15,research_or_qa_queue,city or safe public service area missing,Fields selected by evidence grade; every source observation remains separately auditable.
AR-810BA8A5D1,Azamra Farms,azamra farms,farm,unique_source_name_reviewed,AR,Faulkner,Vilonia,,"11 Allen Dr, Vilonia, AR, USA",public_business_address_reviewed_for_future_reduced_precision,35.0127,-92.26098,Peppers - Variety,Arkansas Grown member,501-612-9594,Azamrafarms@outlook.com,internal_until_public_use_review,https://arfarmtoschool.org,https://www.facebook.com/cookshookarkansas?mibextid=JRoKGi,https://www.instagram.com/cookshook_hooksheat?igsh=eHhuMG55MmdmMGM1,,False,False,False,False,False,False,False,1,arobs_b24e43f5cb787243249b,Arkansas Department of Agriculture — Arkansas Grown directory,https://arkansasgrown.org/listing/azamra-farms/,B,2026-07-15,promotion_eligible_reviewed,,Fields selected by evidence grade; every source observation remains separately auditable.
AR-1F5AEC817F,BAR S&T Cattle,bar s and t cattle,farm,unique_source_name_reviewed,AR,Faulkner,Greenbrier,72058,78 Union Rd Greenbrier Arkansas 72058,public_business_address_reviewed_for_future_reduced_precision,35.24085,-92.49172,Livestock,Arkansas Grown member,501-580-2703,curtist@windstream.net,internal_until_public_use_review,https://arfarmtoschool.org,https://www.facebook.com/arkansasgrownandmade/,https://www.instagram.com/arkansasgrownandmade/,,False,False,False,False,False,False,False,1,arobs_78633b2393d5b3ca7c74,Arkansas Department of Agriculture — Arkansas Grown directory,https://arkansasgrown.org/listing/bar-st-cattle/,B,2026-07-15,promotion_eligible_reviewed,,Fields selected by evidence grade; every source observation remains separately auditable.
AR-E4AC59D3C1,Barham’s Ozark Beef,barhams ozark beef,farm,unique_source_name_reviewed,AR,Faulkner,Conway,,"1201 Oak St, Conway, AR, USA",public_business_address_reviewed_for_future_reduced_precision,35.09025,-92.44099,Beef,Arkansas Grown member,501-733-4801,ed@beefsnob.com,internal_until_public_use_review,https://www.linkedin.com/company/barhamsozarkbeef/,https://m.facebook.com/beefsnobs,https://www.instagram.com/beef.snob/,,False,False,False,False,False,False,False,1,arobs_00c3dfadcc816965c97c,Arkansas Department of Agriculture — Arkansas Grown directory,https://arkansasgrown.org/listing/barhams-ozark-beef/,B,2026-07-15,promotion_eligible_reviewed,,Fields selected by evidence grade; every source observation remains separately auditable.
AR-C24372FB2F,Baxter's Apiary,baxters apiary,farm,unique_source_name_reviewed,AR,Faulkner,Greenbrier,72058,22 Woodridge Dr Greenbrier Arkansas 72058,public_business_address_reviewed_for_future_reduced_precision,35.26736,-92.37517,Honey,Arkansas Grown member,501-291-1673,baxtersapiary@gmail.com,internal_until_public_use_review,https://arfarmtoschool.org,https://www.facebook.com/baxtersapiary/,https://www.instagram.com/arkansasgrownandmade/,,False,False,False,False,False,False,False,1,arobs_5778942911fc1d18be3e,Arkansas Department of Agriculture — Arkansas Grown directory,https://arkansasgrown.org/listing/baxters-apiary/,B,2026-07-15,promotion_eligible_reviewed,,Fields selected by evidence grade; every source observation remains separately auditable.
AR-C18514B5F2,Bearfoot Hollow Farms,bearfoot hollow farms,farm,unique_source_name_reviewed,AR,Faulkner,Conway,72032,43 Winding Branch Lane Conway Arkansas 72032,public_business_address_reviewed_for_future_reduced_precision,34.99993,-92.29394,"Butternut Squash, Cucumbers, Eggs, Okra, Squash, Sweet Corn, Tomatoes, Yellow Squash, Zucchini",Arkansas Grown member,501-908-9842,bearfoothollowfarms@gmail.com,internal_until_public_use_review,https://arfarmtoschool.org,https://www.facebook.com/arkansasgrownandmade/,https://www.instagram.com/arkansasgrownandmade/,,False,False,False,False,False,False,False,1,arobs_86ba98cc4090cddc66d9,Arkansas Department of Agriculture — Arkansas Grown directory,https://arkansasgrown.org/listing/bearfoot-hollow-farms/,B,2026-07-15,promotion_eligible_reviewed,,Fields selected by evidence grade; every source observation remains separately auditable.
AR-A326573CA3,Bell Urban Farm,bell urban farm,farm,unique_source_name_reviewed,AR,Faulkner,Conway,,"2011 Tyler Street, Conway, AR, USA",public_business_address_reviewed_for_future_reduced_precision,35.10264,-92.45159,"AG education, Agritourism, Annuals, Flowers, Greens, Herbs, Nursery, Perennials, Vegetables",Arkansas Grown member,501-504-6996,info@bellurbanfarm.com,internal_until_public_use_review,https://arfarmtoschool.org,http://facebook.com/bellurbanfarm,https://www.instagram.com/bellurbanfarm/,,False,False,False,False,False,False,False,1,arobs_f0bf0535e83b649ef5f1,Arkansas Department of Agriculture — Arkansas Grown directory,https://arkansasgrown.org/listing/bell-urban-farm/,B,2026-07-15,promotion_eligible_reviewed,,Fields selected by evidence grade; every source observation remains separately auditable.
AR-CC4CAD4021,Braveheart Cattle Company LLC,braveheart cattle,farm,unique_source_name_reviewed,AR,Faulkner,,72111,1009 Hwy 36 Mt. Vernon Arkansas 72111,public_business_address_reviewed_for_future_reduced_precision,35.17131,-92.16529,Beef,Arkansas Grown member,501-416-2161,braveheartcowboy7@gmail.com,internal_until_public_use_review,https://arfarmtoschool.org,https://www.facebook.com/braveheartcowboy/?ref=page_internal,https://www.instagram.com/arkansasgrownandmade/,,False,False,False,False,False,False,False,1,arobs_bd1838c2b5930de7bcb2,Arkansas Department of Agriculture — Arkansas Grown directory,https://arkansasgrown.org/listing/braveheart-cattle-company-llc/,B,2026-07-15,research_or_qa_queue,city or safe public service area missing,Fields selected by evidence grade; every source observation remains separately auditable.
AR-288352F1BB,Caney Creek Berry Farm,caney creek berry farm,farm,merged_exact_name_reviewed,AR,Faulkner,Conway,72032,2568 Little Creek Drive Conway Arkansas 72032,public_business_address_reviewed_for_future_reduced_precision,35.06133,-92.39168,Blueberries; U-pick crops; agritourism,Arkansas Grown member; U-pick; agritourism,501-548-0475,ccberryfarm@yahoo.com,internal_until_public_use_review,https://arfarmtoschool.org,https://www.facebook.com/CaneyCreekBerryFarm,https://www.instagram.com/arkansasgrownandmade/,,True,False,False,False,True,False,False,2,arobs_2be4c76d20078afd1f13 | arobs_f1cef8fc853488e5ac98,Arkansas Department of Agriculture — Arkansas Grown directory | PickYourOwn — Central Arkansas,https://arkansasgrown.org/listing/caney-creek-berry-farm/ | https://www.pickyourown.org/ARlittlerock.htm,B; E,2026-07-15,promotion_eligible_reviewed,,Fields selected by evidence grade; every source observation remains separately auditable.
AR-FAE9DCB933,City Farm Conway,city farm conway,farm,unique_source_name_reviewed,AR,Faulkner,Conway,,"Conway, AR, USA",public_business_address_reviewed_for_future_reduced_precision,35.09175,-92.43665,"Eggs, Flowers, Herbs, Honey, Livestock, Vegetables",Arkansas Grown member,501-499-9204,cityfarmconway@gmail.com,internal_until_public_use_review,https://arfarmtoschool.org,https://www.facebook.com/CityFarmConway/,https://www.instagram.com/cityfarmconway/,,False,False,False,False,False,False,False,1,arobs_c4423ea0c1f254be5b5e,Arkansas Department of Agriculture — Arkansas Grown directory,https://arkansasgrown.org/listing/city-farm-conway/,B,2026-07-15,promotion_eligible_reviewed,,Fields selected by evidence grade; every source observation remains separately auditable.
AR-207E0D1BE7,Conway Farmers Market,conway farmers market,producer_requires_type_review,unique_source_name_reviewed,AR,Faulkner,Conway,72032,150 Amity Road Conway Arkansas 72032,public_business_address_reviewed_for_future_reduced_precision,35.07778,-92.41063,,Arkansas Grown member,501-499-7672,marketmanager@conwayfarmersmarket.org,internal_until_public_use_review,https://arfarmtoschool.org,https://www.facebook.com/ConwayFarmersMktAntioch/,https://www.instagram.com/arkansasgrownandmade/,,False,False,False,False,False,False,False,1,arobs_700d13d9b3d64c58689e,Arkansas Department of Agriculture — Arkansas Grown directory,https://arkansasgrown.org/listing/conway-farmers-market/,B,2026-07-15,research_or_qa_queue,products or farm activity missing; directory candidate needs independent farm-operation evidence,Fields selected by evidence grade; every source observation remains separately auditable.
AR-638121EBDB,Conway Wholesale Produce,conway wholesale produce,farm,unique_source_name_reviewed,AR,Faulkner,Conway,72032,"1150 Markham St, Conway, AR 72032, USA",public_business_address_reviewed_for_future_reduced_precision,35.09405,-92.4396,"Apples, Blackberries, Fruits, Peaches, Peas, Strawberries, Sweet Corn, Sweet Potatoes, Tomatoes, Vegetables, Watermelon",Arkansas Grown member,(501) 764-0707,rkelley@cyberback.com,internal_until_public_use_review,https://arfarmtoschool.org,https://www.facebook.com/conwaywholesaleproduce,https://www.instagram.com/arkansasgrownandmade/,,False,False,False,False,False,False,False,1,arobs_59827e6fdf7d79a56576,Arkansas Department of Agriculture — Arkansas Grown directory,https://arkansasgrown.org/listing/conway-wholesale-produce/,B,2026-07-15,promotion_eligible_reviewed,,Fields selected by evidence grade; every source observation remains separately auditable.
AR-5CF6821628,Crossen Crops,crossen crops,farm,unique_source_name_reviewed,AR,Faulkner,Conway,72032,"12 Coy Trail, Conway, AR 72032, USA",public_business_address_reviewed_for_future_reduced_precision,35.0888,-92.27124,"Okra, Peppers - Variety, Tomatoes, Vegetables",Arkansas Grown member,501-658-5192,crossencrops@gmail.com,internal_until_public_use_review,https://arfarmtoschool.org,https://www.facebook.com/arkansasgrownandmade/,https://www.instagram.com/arkansasgrownandmade/,,False,False,False,False,False,False,False,1,arobs_a76ba591d55c4b308f90,Arkansas Department of Agriculture — Arkansas Grown directory,https://arkansasgrown.org/listing/crossen-crops/,B,2026-07-15,promotion_eligible_reviewed,,Fields selected by evidence grade; every source observation remains separately auditable.
AR-0909EFB167,Davis Country Farm,davis country farm,farm,unique_source_name_reviewed,AR,Faulkner,Mount Vernon,72111,104 Beverly Drive Mount Vernon Arkansas 72111,public_business_address_reviewed_for_future_reduced_precision,35.26105,-92.09319,"Beans, Cabbage, Cherry Tomatoes, Cucumbers, Green Beans, Okra, Peas, Squash, Tomatoes, Vegetables, Yellow Squash, Zucchini",Arkansas Grown member,501-206-7177,daviscountryfarm@gmail.com,internal_until_public_use_review,https://arfarmtoschool.org,https://www.facebook.com/daviscountryfarm,https://www.instagram.com/arkansasgrownandmade/,,False,False,True,False,False,False,False,1,arobs_621deee5c77f1341e1ca,Arkansas Department of Agriculture — Arkansas Grown directory,https://arkansasgrown.org/listing/davis-country-farm/,B,2026-07-15,promotion_eligible_reviewed,,Fields selected by evidence grade; every source observation remains separately auditable.
AR-38CA595636,Dogwood Hill Orchard,dogwood hill orchard,farm,unique_source_name_reviewed,AR,Faulkner,Conway,72032,,public_business_address_reviewed_for_future_reduced_precision,,,U-pick crops; agritourism,U-pick; agritourism,501-328-9212,,internal_until_public_use_review,,,,,True,False,False,False,True,False,False,1,arobs_37203407210000502ee9,PickYourOwn — Central Arkansas,https://www.pickyourown.org/ARlittlerock.htm,E,2026-07-15,research_or_qa_queue,single grade-E discovery listing needs corroboration,Fields selected by evidence grade; every source observation remains separately auditable.
AR-AA68C7205F,Downtown Conway Farmers & Craft Market,downtown conway farmers and craft market,farm,unique_source_name_reviewed,AR,Faulkner,Conway,72034,718 Parkway Conway Arkansas 72034,public_business_address_reviewed_for_future_reduced_precision,35.08856,-92.44079,"Apples, Banana Peppers - Varietys, Basil, Beans, Beef, Beets, Blackberries, Blueberries, Butter Beans, Butternut Squash, Cabbage, Cantaloupe, Cherry Tomatoes, Chicken, Cilantro, Collard Greens, Corn, Cucumbers, Eggs, Flowers, Fruits, Grapes, Green Beans, Green Onion, Hay, Herbs, Honey, Kale, Leeks, Muscadine Grapes, Mushrooms, Mustard Greens, Okra, Oriental Vegetables, Ornamentals, Parsley, Peaches, Pears, Peas, Pecans, Peppers - Variety, Perennials, Plums, Pork, Potatoes, Poultry, Pumpkins, Radishes, Raspberries, Romaine, Rutabagas, Squash, Strawberries, Sweet Corn, Sweet Potatoes, Swiss Chard, Tomatoes, Turnip Greens, Turnips, Vegetables, Watermelon, Yellow Squash, Zucchini, Other",Arkansas Grown member,,info@downtownconwayfarmersmarket.com,internal_until_public_use_review,https://arfarmtoschool.org,https://www.facebook.com/downtownconwayfarmersandcraftsmarket/?ref=page_internal,https://www.instagram.com/arkansasgrownandmade/,,False,False,False,False,False,False,False,1,arobs_6ac9d6b4ffa7b643296c,Arkansas Department of Agriculture — Arkansas Grown directory,https://arkansasgrown.org/listing/downtown-conway-farmers-craft-market/,B,2026-07-15,promotion_eligible_reviewed,,Fields selected by evidence grade; every source observation remains separately auditable.
AR-170DBBF80B,Flying C Ranch,flying c ranch,farm,unique_source_name_reviewed,AR,Faulkner,Conway,72032,"733 Rocky Point Rd, Conway, AR 72032, USA",public_business_address_reviewed_for_future_reduced_precision,35.0577,-92.29971,"Agritourism, Beef, Pecans",Arkansas Grown member,501-454-2667,flyingcranchar@gmail.com,internal_until_public_use_review,https://arfarmtoschool.org,https://www.facebook.com/FlyingCRanchAR/,https://www.instagram.com/flyingcranchar/?hl=en,,False,False,True,False,False,False,False,1,arobs_351c75d3377644bffa70,Arkansas Department of Agriculture — Arkansas Grown directory,https://arkansasgrown.org/listing/flying-c-ranch/,B,2026-07-15,promotion_eligible_reviewed,,Fields selected by evidence grade; every source observation remains separately auditable.
AR-0D9D98E77E,Greenbrier Farmers Market,greenbrier farmers market,farm,unique_source_name_reviewed,AR,Faulkner,Greenbrier,,"5 Lois Lane, Greenbrier, AR, USA",public_business_address_reviewed_for_future_reduced_precision,35.2238,-92.38545,"Beef, Blackberries, Cucumbers, Eggs, Flowers, Fruits, Garlic, Greens, Green Beans, Herbs, Honey, Kale, Lettuces—Variety, Okra, Onions, Peppers - Variety, Potatoes, Poultry, Squash, Tomatoes, Vegetables, Zucchini",Arkansas Grown member,,greenbrierfarmersmarket@gmail.com,internal_until_public_use_review,https://arfarmtoschool.org,https://www.facebook.com/greenbrierfarmersmarket,https://www.instagram.com/arkansasgrownandmade/,,True,False,False,False,False,False,False,1,arobs_df5c0e680456e9a4f49e,Arkansas Department of Agriculture — Arkansas Grown directory,https://arkansasgrown.org/listing/greenbrier-farmers-market/,B,2026-07-15,promotion_eligible_reviewed,,Fields selected by evidence grade; every source observation remains separately auditable.
AR-2A9F003379,Healthy Flavors Arkansas,healthy flavors arkansas,farm,unique_source_name_reviewed,AR,Faulkner,Conway,72032,"810 Front St, Conway, AR 72032, USA",public_business_address_reviewed_for_future_reduced_precision,35.09017,-92.43993,"Butternut Squash, Cabbage, Collard Greens, Herbs, Kale, Peas, Romaine, Squash, Yellow Squash",Arkansas Grown member,,daniel.spatz@gmail.com,internal_until_public_use_review,https://arfarmtoschool.org,https://www.facebook.com/HealthyFlavorsAR,https://www.instagram.com/arkansasgrownandmade/,,False,False,False,False,False,False,False,1,arobs_b4773c66f555ed982983,Arkansas Department of Agriculture — Arkansas Grown directory,https://arkansasgrown.org/listing/healthy-flavors-arkansas/,B,2026-07-15,promotion_eligible_reviewed,,Fields selected by evidence grade; every source observation remains separately auditable.
AR-10F5D04355,Hidden Farm,hidden farm,farm,unique_source_name_reviewed,AR,Faulkner,Vilonia,,"72 Jackson Rd, Vilonia, AR, USA",public_business_address_reviewed_for_future_reduced_precision,35.15039,-92.26801,"Agritourism, Vegetables",Arkansas Grown member,501-733-5817,jcdonham@gmail.com,internal_until_public_use_review,https://arfarmtoschool.org,https://www.facebook.com/HiddenFarmLocal,https://www.instagram.com/arkansasgrownandmade/,,False,False,False,False,False,False,False,1,arobs_996ecbeb288aa4afb1bb,Arkansas Department of Agriculture — Arkansas Grown directory,https://arkansasgrown.org/listing/hidden-farm/,B,2026-07-15,promotion_eligible_reviewed,,Fields selected by evidence grade; every source observation remains separately auditable.
AR-B6DE9CF5C1,Hudson Orchard,hudson orchard,farm,unique_source_name_reviewed,AR,Faulkner,Greenbrier,72058,,public_business_address_reviewed_for_future_reduced_precision,,,U-pick crops; agritourism,U-pick; agritourism,501-679-6692,hudsonbrendas2002@yahoo.com,internal_until_public_use_review,,https://www.facebook.com/hudsonorchardAR,,,True,False,False,False,True,False,False,1,arobs_d5ddc90f8224a7582197,PickYourOwn — Central Arkansas,https://www.pickyourown.org/ARlittlerock.htm,E,2026-07-15,research_or_qa_queue,single grade-E discovery listing needs corroboration,Fields selected by evidence grade; every source observation remains separately auditable.
AR-8FF6CA7B2E,Jeffries' Creekside Farm,jeffries creekside farm,farm,unique_source_name_reviewed,AR,Faulkner,Conway,72034,3285 Tyler Street Conway Arkansas 72034,public_business_address_reviewed_for_future_reduced_precision,35.09933,-92.48157,"Blackberries, Blueberries, Peaches",Arkansas Grown member,501-336-7398,greg.jeffries@sbcglobal.net,internal_until_public_use_review,https://arfarmtoschool.org,https://www.facebook.com/profile.php?id=100064535146331,https://www.instagram.com/arkansasgrownandmade/,,False,False,False,False,False,False,False,1,arobs_5b35bb98d7174fa53a71,Arkansas Department of Agriculture — Arkansas Grown directory,https://arkansasgrown.org/listing/jeffriesao-creekside-farm/,B,2026-07-15,promotion_eligible_reviewed,,Fields selected by evidence grade; every source observation remains separately auditable.
AR-A67F57F633,Lil Cypress Creek Heritage Farms,lil cypress creek heritage farms,farm,unique_source_name_reviewed,AR,Faulkner,Conway,72032,328 Beryl Rd,public_business_address_reviewed_for_future_reduced_precision,,,beef; chicken; eggs; raw milk; turkey,LocalHarvest Family Farm,(501) 339-7375,,internal_until_public_use_review,https://lccheritagefarms.com,http://www.facebook.com/Lil-Cypress-Creek-Heritage-Farm,,,True,False,False,False,False,False,False,1,arobs_3806ceaf833a92890869,LocalHarvest — Arkansas county-seat gap search,https://www.localharvest.org/lil-cypress-creek-heritage-farms-M73398,D,2026-07-15,promotion_eligible_reviewed,,Fields selected by evidence grade; every source observation remains separately auditable.
AR-FB2EBC0E45,Mindful Farmer and Mindful Kitchen,mindful farmer and mindful kitchen,farm,unique_source_name_reviewed,AR,Faulkner,Conway,72034,1318 Sunset Drive Conway Arkansas 72034,public_business_address_reviewed_for_future_reduced_precision,35.09807,-92.46082,"AG education, Flowers, Honey, Other",Arkansas Grown member,979-236-0868,sean@mindfulfarmerarkansas.com,internal_until_public_use_review,http://Mindulfulkitchenarkansas.com,https://www.facebook.com/mindfulfarmerarkansas/?ref=page_internal,https://www.instagram.com/arkansasgrownandmade/,,False,False,False,False,False,False,False,1,arobs_965f0746b0fa78f03894,Arkansas Department of Agriculture — Arkansas Grown directory,https://arkansasgrown.org/listing/mindful-honey-llc/,B,2026-07-15,promotion_eligible_reviewed,,Fields selected by evidence grade; every source observation remains separately auditable.
AR-3C9BF34578,Northfork Christmas Tree Farm,northfork christmas tree farm,farm,unique_source_name_reviewed,AR,Faulkner,Greenbrier,72058,P.O. Box 264 Greenbrier Arkansas 72058,public_business_address_reviewed_for_future_reduced_precision,35.22444,-92.38752,Christmas Trees,Arkansas Grown member,501-679-4555,Chic@cyberback.com,internal_until_public_use_review,https://arfarmtoschool.org,https://www.facebook.com/arkansasgrownandmade/,https://www.instagram.com/arkansasgrownandmade/,,False,False,False,False,False,False,False,1,arobs_41b2a75e07644d741095,Arkansas Department of Agriculture — Arkansas Grown directory,https://arkansasgrown.org/listing/northfork-christmas-tree-farm/,B,2026-07-15,promotion_eligible_reviewed,,Fields selected by evidence grade; every source observation remains separately auditable.
AR-CEED337D9D,OverEasy Ranch,overeasy ranch,farm,unique_source_name_reviewed,AR,Faulkner,Conway,,"450 Middle Road, Conway, AR, USA",public_business_address_reviewed_for_future_reduced_precision,35.09175,-92.43665,"Beef, Chicken, Pork",Arkansas Grown member,501-733-1957,oerbeef@gmail.com,internal_until_public_use_review,https://arfarmtoschool.org,https://www.facebook.com/WadeFamilyFarms,https://www.instagram.com/arkansasgrownandmade/,,False,False,False,False,False,False,False,1,arobs_b72e86bfba4abce6f139,Arkansas Department of Agriculture — Arkansas Grown directory,https://arkansasgrown.org/listing/overeasy-ranch/,B,2026-07-15,promotion_eligible_reviewed,,Fields selected by evidence grade; every source observation remains separately auditable.
AR-3789DE9265,Rattle's Garden,rattles garden,farm,unique_source_name_reviewed,AR,Faulkner,Vilonia,,,public_business_address_reviewed_for_future_reduced_precision,,,kale; broccoli; cabbage; cauliflower; chinese greens; green beans; lettuce; mustard greens; peas; spinach; swiss chard; strawberries; eggs; fresh flowers; cucumber; edamame soybeans; eggplant; garlic; hot peppers; okra; onions; summer squash; sweet peppers; tomatoes; winter-squash; zucchini; blackberries; blueberries; cantaloupes; watermelons,LocalHarvest Family Farm,,,internal_until_public_use_review,https://www.rattlesgarden.com,,,,True,False,False,False,False,False,False,1,arobs_47db63ff06fbc915f0b4,LocalHarvest — Arkansas county-seat gap search,https://www.localharvest.org/rattles-garden-M52294,D,2026-07-15,promotion_eligible_reviewed,,Fields selected by evidence grade; every source observation remains separately auditable.
AR-B66084798F,Red Roof Dairy,red roof dairy,farm,unique_source_name_reviewed,AR,Faulkner,Damascus,72039,198 SCRATCH GRAVEL RD,public_business_address_reviewed_for_future_reduced_precision,,,raw milk; yogurt,LocalHarvest Family Farm,(501) 529-2317,,internal_until_public_use_review,,http://www.facebook.com/Red-Roof-Dairy-226259644564163/,,,True,False,False,False,False,False,False,1,arobs_e734299ee1c360236ca6,LocalHarvest — Arkansas county-seat gap search,https://www.localharvest.org/red-roof-dairy-M74675,D,2026-07-15,promotion_eligible_reviewed,,Fields selected by evidence grade; every source observation remains separately auditable.
AR-FF8262B658,Robinette's Berry Farm,robinettes berry farm,farm,unique_source_name_reviewed,AR,Faulkner,Conway,,"Conway, AR, USA",public_business_address_reviewed_for_future_reduced_precision,35.09175,-92.43665,"Blackberries, Blueberries, Cherry Tomatoes, Cucumbers, Hay, Muscadine Grapes, Squash, Tomatoes, Vegetables",Arkansas Grown member,501-472-1125 or 501-410-3938,robinettecd@gmail.com,internal_until_public_use_review,https://arfarmtoschool.org,https://www.facebook.com/arkansasgrownandmade/,https://www.instagram.com/arkansasgrownandmade/,,False,False,True,False,False,False,False,1,arobs_e59111fc8f5c25e56b22,Arkansas Department of Agriculture — Arkansas Grown directory,https://arkansasgrown.org/listing/robinettes-berry-farm/,B,2026-07-15,promotion_eligible_reviewed,,Fields selected by evidence grade; every source observation remains separately auditable.
AR-51217DCE5F,SalScilla Farms,salscilla farms,farm,unique_source_name_reviewed,AR,Faulkner,Mayflower,,"845 Lollie Road, Mayflower, AR, USA",public_business_address_reviewed_for_future_reduced_precision,34.98621,-92.55365,"Basil, Beets, Eggs, Hay, Herbs, Honey, Mushrooms, Okra, Peppers - Variety, Romaine, Squash, Strawberries, Tomatoes, Vegetables, Yellow Squash, Zucchini",Arkansas Grown member,501-590-8592,jallen0702@hotmail.com,internal_until_public_use_review,https://arfarmtoschool.org,https://www.facebook.com/SalScillaFarms/?ref=page_internal,https://www.instagram.com/arkansasgrownandmade/,,False,False,True,False,False,False,False,1,arobs_2b2d9e4f4c30ca8fea75,Arkansas Department of Agriculture — Arkansas Grown directory,https://arkansasgrown.org/listing/salscilla-farms/,B,2026-07-15,promotion_eligible_reviewed,,Fields selected by evidence grade; every source observation remains separately auditable.
AR-19FFFFC746,"See More Bees, LLC",see more bees,farm,unique_source_name_reviewed,AR,Faulkner,Mount Vernon,,"337 Mt Nebo Rd, Mount Vernon, AR, USA",public_business_address_reviewed_for_future_reduced_precision,35.25219,-92.17385,Honey,Arkansas Grown member,501-428-3207,anorwood28@gmail.com,internal_until_public_use_review,https://arfarmtoschool.org,https://www.facebook.com/arkansasgrownandmade/,https://www.instagram.com/arkansasgrownandmade/,,False,False,False,False,False,False,False,1,arobs_fd9c53108d5c14e6deff,Arkansas Department of Agriculture — Arkansas Grown directory,https://arkansasgrown.org/listing/see-more-bees-llc/,B,2026-07-15,promotion_eligible_reviewed,,Fields selected by evidence grade; every source observation remains separately auditable.
AR-F9702FCAAD,Streetside Creperie,streetside creperie,farm,unique_source_name_reviewed,AR,Faulkner,Conway,72034,1321 West Oak Street Conway Arkansas 72034,public_business_address_reviewed_for_future_reduced_precision,35.08998,-92.44232,"Apples, Basil, Blueberries, Chicken, Eggs, Green Onion, Honey, Livestock, Peaches, Pecans, Pork, Poultry, Radishes, Romaine, Strawberries, Sweet Potatoes, Tomatoes, Vegetables, Watermelon, Yellow Squash, Zucchini",Arkansas Grown member,501-205-9904,streetsideconway@gmail.com,internal_until_public_use_review,https://arfarmtoschool.org,https://www.facebook.com/streetsidecreperie/,https://www.instagram.com/arkansasgrownandmade/,,False,False,True,False,False,False,False,1,arobs_96f92ac8e2697bacbbc7,Arkansas Department of Agriculture — Arkansas Grown directory,https://arkansasgrown.org/listing/streetside-creperie/,B,2026-07-15,promotion_eligible_reviewed,,Fields selected by evidence grade; every source observation remains separately auditable.
AR-72BE8A8F48,The Locals,the locals,farm,unique_source_name_reviewed,AR,Faulkner,Conway,72032,1900 Tyler St Conway Arkansas 72032,public_business_address_reviewed_for_future_reduced_precision,35.10329,-92.45018,AG education,Arkansas Grown member,479-259-1727,info@laluchaspace.com,internal_until_public_use_review,https://arfarmtoschool.org,https://www.facebook.com/thelocalsbe,https://www.instagram.com/arkansasgrownandmade/,,False,False,False,False,False,False,False,1,arobs_84d7a2fa98f5476bc079,Arkansas Department of Agriculture — Arkansas Grown directory,https://arkansasgrown.org/listing/the-locals/,B,2026-07-15,promotion_eligible_reviewed,,Fields selected by evidence grade; every source observation remains separately auditable.
AR-202D50E6F1,The Riley Homestead LLC,the riley homestead,farm,unique_source_name_reviewed,AR,Faulkner,Conway,,"16 Hiawatha Lane, Conway, AR, USA",public_business_address_reviewed_for_future_reduced_precision,35.03623,-92.27634,"Chicken, Duck, Eggs, Turkey",Arkansas Grown member,5015004487,therileyhomestead@gmail.com,internal_until_public_use_review,https://arfarmtoschool.org,https://www.facebook.com/Therileyhomestead/,https://www.instagram.com/arkansasgrownandmade/,,False,False,False,False,False,False,False,1,arobs_837c474e20146e8603d6,Arkansas Department of Agriculture — Arkansas Grown directory,https://arkansasgrown.org/listing/the-riley-homestead-llc/,B,2026-07-15,promotion_eligible_reviewed,,Fields selected by evidence grade; every source observation remains separately auditable.
AR-49439A77CA,The Valley Market,the valley market,farm,unique_source_name_reviewed,AR,Faulkner,,,"640 Arkansas 25, Greenbrier, AR, USA",public_business_address_reviewed_for_future_reduced_precision,35.17359,-92.44718,"Banana Peppers - Varietys, Beans, Beef, Cherry Tomatoes, Chicken, Corn, Cucumbers, Eggs, Flowers, Fruits, Green Beans, Herbs, Honey, Lettuces—Variety, Melons – Variety, Microgreens, Okra, Onions, Peaches, Peas, Pecans, Peppers - Variety, Pork, Poultry, Sheep/Lamb, Squash, Strawberries, Sweet Potatoes, Tomatoes, Vegetables, Watermelon, Yellow Squash, Zucchini",Arkansas Grown member,501-908-6229,brandigwilcox@gmail.com,internal_until_public_use_review,https://arfarmtoschool.org,https://www.facebook.com/arkansasgrownandmade/,https://www.instagram.com/arkansasgrownandmade/,,False,False,False,False,False,False,False,1,arobs_6d86b4793f6a1429aab0,Arkansas Department of Agriculture — Arkansas Grown directory,https://arkansasgrown.org/listing/the-valley-market/,B,2026-07-15,research_or_qa_queue,city or safe public service area missing,Fields selected by evidence grade; every source observation remains separately auditable.
AR-90C06F0D8D,Two Rhodes Farm,two rhodes farm,farm,unique_source_name_reviewed,AR,Faulkner,Greenbrier,,"521 Hwy 225 W, Greenbrier, AR, USA",public_business_address_reviewed_for_future_reduced_precision,35.23005,-92.47087,"Blackberries, Cucumbers, Eggs, Lettuces—Variety, Okra, Tomatoes, Yellow Squash",Arkansas Grown member,501-328-7302,tworhodesfarm@gmail.com,internal_until_public_use_review,https://arfarmtoschool.org,https://www.facebook.com/profile.php?id=100092986038160,https://www.instagram.com/tworhodesfarm?igsh=anBldzBrd3FqbGt6,,False,False,False,False,False,False,False,1,arobs_6c430759e5f154608dcd,Arkansas Department of Agriculture — Arkansas Grown directory,https://arkansasgrown.org/listing/two-rhodes-farm/,B,2026-07-15,promotion_eligible_reviewed,,Fields selected by evidence grade; every source observation remains separately auditable.
AR-864EFA5380,Vilonia Farmers Market,vilonia farmers market,farm,unique_source_name_reviewed,AR,Faulkner,Vilonia,72173,1112 Main Street Vilonia Arkansas 72173-9524,public_business_address_reviewed_for_future_reduced_precision,35.08348,-92.20392,"Beef, Eggs, Flowers, Fruits, Honey, Pork, Vegetables",Arkansas Grown member,501-259-1280,glenn@magnesscreekfarm.com,internal_until_public_use_review,https://arfarmtoschool.org,https://www.facebook.com/viloniafarmersmarket,https://www.instagram.com/arkansasgrownandmade/,,False,False,False,False,False,False,False,1,arobs_7b2e00eca84d213d8860,Arkansas Department of Agriculture — Arkansas Grown directory,https://arkansasgrown.org/listing/vilonia-farmers-market/,B,2026-07-15,promotion_eligible_reviewed,,Fields selected by evidence grade; every source observation remains separately auditable.
AR-7F18B669E1,Whispering Willow Farm,whispering willow farm,farm,unique_source_name_reviewed,AR,Faulkner,Conway,,"Conway, AR, USA",public_business_address_reviewed_for_future_reduced_precision,35.09175,-92.43665,"Beets, Flowers, Tomatoes",Arkansas Grown member,,jill@thewhisperingwillowfarm.com,internal_until_public_use_review,,https://www.facebook.com/whisperingwillowfarm15/about,https://www.instagram.com/whisperingwillowfrm/,,False,False,False,False,False,False,False,1,arobs_77f6ee96491d5c78d801,Arkansas Department of Agriculture — Arkansas Grown directory,https://arkansasgrown.org/listing/whispering-willow-farm/,B,2026-07-15,promotion_eligible_reviewed,,Fields selected by evidence grade; every source observation remains separately auditable.
AR-E421E9E514,Wilcox Valley Farm,wilcox valley farm,farm,unique_source_name_reviewed,AR,Faulkner,Greenbrier,72058,"3 E Pleasant Valley Rd, Greenbrier, AR 72058, USA",public_business_address_reviewed_for_future_reduced_precision,35.17873,-92.44794,"Beef, Pork, Sheep/Lamb",Arkansas Grown member,501-908-6229,wilcoxvalleyfarm@gmail.com,internal_until_public_use_review,https://arfarmtoschool.org,https://www.facebook.com/Wilcox-Valley-Farms,https://www.instagram.com/arkansasgrownandmade/,,False,False,False,False,False,False,False,1,arobs_cfcf55fb53baa0810ae7,Arkansas Department of Agriculture — Arkansas Grown directory,https://arkansasgrown.org/listing/wilcox-valley-farm/,B,2026-07-15,promotion_eligible_reviewed,,Fields selected by evidence grade; every source observation remains separately auditable.
AR-7060A57A72,Charleston Farmers Market,charleston farmers market,farm,unique_source_name_reviewed,AR,Franklin,Charleston,72933,607 East Main Street Charleston Arkansas 72933,public_business_address_reviewed_for_future_reduced_precision,35.29699,-94.0365,"Cabbage, Okra, Pumpkins, Turnip Greens, Turnips",Arkansas Grown member,479-965-2605,growingahealthycharleston@gmail.com,internal_until_public_use_review,https://arfarmtoschool.org,https://www.facebook.com/,https://www.instagram.com/arkansasgrownandmade/,,True,False,False,False,False,False,False,1,arobs_5a7bccb64ef977ab711f,Arkansas Department of Agriculture — Arkansas Grown directory,https://arkansasgrown.org/listing/charleston-farmers-market/,B,2026-07-15,promotion_eligible_reviewed,,Fields selected by evidence grade; every source observation remains separately auditable.
AR-2974E4F339,Chateau Aux Arc Vineyards & Winery,chateau aux arc vineyards and winery,farm,unique_source_name_reviewed,AR,Franklin,Altus,72821,8045 Highway 186 Altus Arkansas 72821,public_business_address_reviewed_for_future_reduced_precision,35.47867,-93.7426,"Ginseng, Grapes, Guinea Fowl, Muscadine Grapes, Nursery, Ornamentals, Perennials, Vines, Wine",Arkansas Grown member,479-468-4400,Audreybhouse@gmail.com,internal_until_public_use_review,https://arfarmtoschool.org,https://www.facebook.com/ChateauAuxArc/,https://www.instagram.com/arkansasgrownandmade/,,False,False,False,False,False,False,False,1,arobs_1e9b9f18159adf7a23f6,Arkansas Department of Agriculture — Arkansas Grown directory,https://arkansasgrown.org/listing/chateau-aux-arc-vineyards-winery/,B,2026-07-15,promotion_eligible_reviewed,,Fields selected by evidence grade; every source observation remains separately auditable.
AR-048B5113C2,Christmas Tree Lane and The Christmas Cabin,christmas tree lane and the christmas cabin,producer_requires_type_review,unique_source_name_reviewed,AR,Franklin,Ozark,72949,"8102 AR-23, Ozark, AR 72949, USA",public_business_address_reviewed_for_future_reduced_precision,35.36996,-93.84942,Christmas Trees,Arkansas Grown member,479-667-8412,christmastreelane@hotmail.com,internal_until_public_use_review,https://arfarmtoschool.org,https://www.facebook.com/christmastreelanefarm,https://www.instagram.com/arkansasgrownandmade/,,False,False,False,False,False,False,False,1,arobs_0f88a44c21833cdfdc02,Arkansas Department of Agriculture — Arkansas Grown directory,https://arkansasgrown.org/listing/christmas-tree-lane-and-the-christmas-cabin/,B,2026-07-15,research_or_qa_queue,directory candidate needs independent farm-operation evidence,Fields selected by evidence grade; every source observation remains separately auditable.
AR-EDDA0E6711,Circle K Angus Farm,circle k angus farm,farm,unique_source_name_reviewed,AR,Franklin,Ozark,,"Ozark, AR, USA; Sheridan, AR, USA",public_business_address_reviewed_for_future_reduced_precision,35.51281,-93.82288,"Beef, Pork",Arkansas Grown member,870-917-8178,daniel@circlekangusfarm.com,internal_until_public_use_review,https://arfarmtoschool.org,https://www.facebook.com/circlekangus,https://www.instagram.com/arkansasgrownandmade/,,False,False,False,False,False,False,False,1,arobs_ad42eb8619fa624efabd,Arkansas Department of Agriculture — Arkansas Grown directory,https://arkansasgrown.org/listing/circle-k-angus-farm/,B,2026-07-15,promotion_eligible_reviewed,,Fields selected by evidence grade; every source observation remains separately auditable.
AR-CFE37618BD,Dahlem Vineyard,dahlem vineyard,farm,unique_source_name_reviewed,AR,Franklin,Altus,72821,8411 Log Cabin Road Altus Arkansas 72821,public_business_address_reviewed_for_future_reduced_precision,35.47758,-93.73553,"Agritourism, Grapes",Arkansas Grown member,479-667-7967,dahlemgrapz@centurytel.net,internal_until_public_use_review,https://arfarmtoschool.org,https://www.facebook.com/profile.php?id=100067211654062,https://www.instagram.com/arkansasgrownandmade/,,True,False,False,False,True,False,False,1,arobs_92d12acb2ab3e896900b,Arkansas Department of Agriculture — Arkansas Grown directory,https://arkansasgrown.org/listing/dahlem-vineyard/,B,2026-07-15,promotion_eligible_reviewed,,Fields selected by evidence grade; every source observation remains separately auditable.
AR-6E09403A98,Fay Vineyards,fay vineyards,farm,unique_source_name_reviewed,AR,Franklin,Ozark,11347,11347 Honeysuckle Road Ozark Arkansas 72949,public_business_address_reviewed_for_future_reduced_precision,35.52064,-93.71037,Muscadine Grapes,Arkansas Grown member,479-209-2184,fayvineyards@gmail.com,internal_until_public_use_review,https://arfarmtoschool.org,https://www.facebook.com/FayMuscadineVineyards/,https://www.instagram.com/arkansasgrownandmade/,,False,False,False,False,False,False,False,1,arobs_4badbf62471ae44c4250,Arkansas Department of Agriculture — Arkansas Grown directory,https://arkansasgrown.org/listing/fay-vineyards/,B,2026-07-15,promotion_eligible_reviewed,,Fields selected by evidence grade; every source observation remains separately auditable.
AR-DD9067E836,Pine Grove Christmas Tree Farm,pine grove christmas tree farm,farm,unique_source_name_reviewed,AR,Franklin,Charleston,,"2919 Yocum St, Charleston, AR, USA",public_business_address_reviewed_for_future_reduced_precision,35.30089,-93.97904,"Pine Grove Christmas Tree Farm offers Virginia Pine trees, Murray Cypress, Leyland Cypress, Caroline Sapphire, and Blue Ice. We cut, shake, and bale the trees at no cost. We will help load the trees if the customers needs assistance. Pine Grove not only offers beautiful Christmas trees but also a fun family experience. We have a petting zoo, hayrides, a giant haystack with 2 tunnels to crawl thru, pig races, a barrel train, games, and photo ops. We also offer popcorn, soft drinks, cookies, jams, and crafts for sale and of course FREE hot chocolate. Opening date is the Saturday before Thanksgiving. Closing date: Dec. 22. On Black Friday we open at 10:00am instead of 1:00pm. Monday thru Friday",Arkansas Grown member,479-965-4826,Geckart21@hotmail.com,internal_until_public_use_review,https://arfarmtoschool.org,https://www.facebook.com/Pine-Grove-Christmas-Tree-Farm-133567033419514,https://www.instagram.com/arkansasgrownandmade/,,False,False,False,False,False,False,False,1,arobs_b8664adef097fb896af9,Arkansas Department of Agriculture — Arkansas Grown directory,https://arkansasgrown.org/listing/pine-grove-christmas-tree-farm/,B,2026-07-15,promotion_eligible_reviewed,,Fields selected by evidence grade; every source observation remains separately auditable.
AR-6822A94D8B,Post Familie Vineyards,post familie vineyards,producer_requires_type_review,unique_source_name_reviewed,AR,Franklin,Altus,72821,1700 St.Mary's Mtn Rd Altus Arkansas 72821,public_business_address_reviewed_for_future_reduced_precision,35.44828,-93.76029,"Grapes, Wine",Arkansas Grown member,479-468-2741,josephjtpost@gmail.com,internal_until_public_use_review,https://arfarmtoschool.org,https://www.facebook.com/arkansasgrownandmade/,https://www.instagram.com/arkansasgrownandmade/,,False,False,False,False,False,False,False,1,arobs_c9bf19acb55ce78db7bd,Arkansas Department of Agriculture — Arkansas Grown directory,https://arkansasgrown.org/listing/post-familie-vineyards/,B,2026-07-15,research_or_qa_queue,directory candidate needs independent farm-operation evidence,Fields selected by evidence grade; every source observation remains separately auditable.
AR-2428ABEAFD,Puddin Ridge Fibers,puddin ridge fibers,farm,unique_source_name_reviewed,AR,Franklin,Ozark,,"Ozark, AR, USA",public_business_address_reviewed_for_future_reduced_precision,35.48703,-93.8277,"Agritourism, Other",Arkansas Grown member,479-213-0128,puddinridgefibers@hotmail.com,internal_until_public_use_review,https://arfarmtoschool.org,https://www.facebook.com/Puddinridgefibers/?ref=page_internal,https://www.instagram.com/arkansasgrownandmade/,,False,False,False,False,False,False,False,1,arobs_2ae3474acb47ec96d298,Arkansas Department of Agriculture — Arkansas Grown directory,https://arkansasgrown.org/listing/puddin-ridge-fibers/,B,2026-07-15,promotion_eligible_reviewed,,Fields selected by evidence grade; every source observation remains separately auditable.
AR-DAD1DCEBA7,Tater Hill Honey,tater hill honey,farm,unique_source_name_reviewed,AR,Franklin,Charleston,72933,"3221 West Main Street, Charleston, AR 72933, USA",public_business_address_reviewed_for_future_reduced_precision,35.29571,-94.07622,"Eggs, Honey, Milk, Vegetables",Arkansas Grown member,4799655222,Brewer729@outlook.com,internal_until_public_use_review,https://arfarmtoschool.org,https://www.facebook.com/taterhillhoney/,https://www.instagram.com/arkansasgrownandmade/,,False,False,False,False,False,False,False,1,arobs_33fd85ab32b536dce37b,Arkansas Department of Agriculture — Arkansas Grown directory,https://arkansasgrown.org/listing/tater-hill-honey/,B,2026-07-15,promotion_eligible_reviewed,,Fields selected by evidence grade; every source observation remains separately auditable.
AR-5E41875C5A,"Wiederkehr Wine Cellars, Inc.",wiederkehr wine cellars,producer_requires_type_review,unique_source_name_reviewed,AR,Franklin,Wiederkehr Village,,3324 Swiss Family Drive Wiederkehr Village Arkansas 0,public_business_address_reviewed_for_future_reduced_precision,35.45718,-93.75154,"Grapes, Wine",Arkansas Grown member,479-468-9463,wiederkehr@centurytel.net,internal_until_public_use_review,https://arfarmtoschool.org,https://www.facebook.com/WiederkehrWine,https://www.instagram.com/arkansasgrownandmade/,,False,False,True,False,False,False,False,1,arobs_d3e994b3ea78a1d9d619,Arkansas Department of Agriculture — Arkansas Grown directory,https://arkansasgrown.org/listing/wiederkehr-wine-cellars-inc/,B,2026-07-15,research_or_qa_queue,directory candidate needs independent farm-operation evidence,Fields selected by evidence grade; every source observation remains separately auditable.
AR-492E89D170,Jones Berry Farm,jones berry farm,farm,unique_source_name_reviewed,AR,Fulton,,,,public_business_address_reviewed_for_future_reduced_precision,,,U-pick crops; agritourism,U-pick; agritourism,870-637-2995,,internal_until_public_use_review,,https://www.facebook.com/jonesberryfarm/,,,True,False,False,False,True,False,False,1,arobs_1595b098d1c43a30034c,PickYourOwn — Northeast Arkansas,https://www.pickyourown.org/ARne.htm,E,2026-07-15,research_or_qa_queue,city or safe public service area missing; single grade-E discovery listing needs corroboration,Fields selected by evidence grade; every source observation remains separately auditable.
AR-A14AE55DB0,Newman's family farm,newmans family farm,farm,unique_source_name_reviewed,AR,Fulton,,72576,2645 Greasy Creek Road Salem Arkansas 72576,public_business_address_reviewed_for_future_reduced_precision,36.29358,-91.94677,"Basil, Beets, Broccoli, Butternut Squash, Cantaloupe, Cilantro, Cucumbers, Honey, Kale, Mushrooms, Mustard Greens, Okra, Potatoes, Pumpkins, Romaine, Sorghum, Squash, Strawberries, Sweet Corn, Sweet Potatoes, Swiss Chard, Tomatoes, Turnip Greens, Turnips, Watermelon, Yellow Squash, Zucchini",Arkansas Grown member,870-706-9973,wknewman@hotmail.com,internal_until_public_use_review,https://arfarmtoschool.org,https://www.facebook.com/Newmansfamilyfarm,https://www.instagram.com/arkansasgrownandmade/,,False,False,False,False,False,False,False,1,arobs_d5f5653db952ed29c90c,Arkansas Department of Agriculture — Arkansas Grown directory,https://arkansasgrown.org/listing/newmans-family-farm/,B,2026-07-15,research_or_qa_queue,city or safe public service area missing,Fields selected by evidence grade; every source observation remains separately auditable.
AR-2AD71C5B0C,Swayzee’z Daisy’z,swayzeez daisyz,farm,unique_source_name_reviewed,AR,Fulton,,,"Salem, AR, USA",public_business_address_reviewed_for_future_reduced_precision,36.37101,-91.8227,Flowers,Arkansas Grown member,870-612-4751,swayzeezdaisyz@gmail.com,internal_until_public_use_review,https://arfarmtoschool.org,https://www.facebook.com/arkansasgrownandmade/,https://www.instagram.com/arkansasgrownandmade/,,False,False,False,False,False,False,False,1,arobs_003e22d3b700c453c843,Arkansas Department of Agriculture — Arkansas Grown directory,https://arkansasgrown.org/listing/swayzeez-daisyz/,B,2026-07-15,research_or_qa_queue,city or safe public service area missing,Fields selected by evidence grade; every source observation remains separately auditable.
AR-584BB2C9CE,Walnut Valley Farms,walnut valley farms,farm,unique_source_name_reviewed,AR,Fulton,,18237,"18237 Arkansas 289, Mammoth Spring, AR, USA",public_business_address_reviewed_for_future_reduced_precision,36.46183,-91.55873,Sheep/Lamb,Arkansas Grown member,870-219-5830,katylyn.kersey@gmail.com,internal_until_public_use_review,https://arfarmtoschool.org,https://www.facebook.com/arkansasgrownandmade/,https://www.instagram.com/arkansasgrownandmade/,,False,False,True,False,False,False,False,1,arobs_637ef37ef64c125b835c,Arkansas Department of Agriculture — Arkansas Grown directory,https://arkansasgrown.org/listing/walnut-valley-farms/,B,2026-07-15,research_or_qa_queue,city or safe public service area missing,Fields selected by evidence grade; every source observation remains separately auditable.
AR-B9B0D2B3BA,Berry Hill Farms,berry hill farms,farm,merged_exact_name_reviewed,AR,Garland,Jessieville,71949,344 Walter Adams Trl.,public_business_address_reviewed_for_future_reduced_precision,,,broccoli; cabbage; cucumber; kohlrabi; eggplant; green beans; hot peppers; lettuce; okra; onions; peas; potatoes; summer squash; sweet peppers; swiss chard; tomatoes; zucchini; blackberries; blueberries; cantaloupes; watermelons; brussels sprouts; collards; daikon; mustard greens; sweet potatoes; turnips; U-pick crops; agritourism,LocalHarvest Family Farm; U-pick; agritourism,(501) 984-5498,berryhillfarms@ymail.com,internal_until_public_use_review,,,,,True,False,False,False,True,False,False,2,arobs_661002e5e7cebf76685a | arobs_4315c3ca2c67a6aa3d15,LocalHarvest — Arkansas county-seat gap search | PickYourOwn — Southwest Arkansas,https://www.localharvest.org/berry-hill-farms-M51852 | https://www.pickyourown.org/ARsw.htm,D; E,2026-07-15,promotion_eligible_reviewed,,Fields selected by evidence grade; every source observation remains separately auditable.
AR-70CC8BF9F0,Cedar Creek Farms of Lonsdale LLC,cedar creek farms of lonsdale,farm,unique_source_name_reviewed,AR,Garland,Lonsdale,72087,Heinze Way,public_business_address_reviewed_for_future_reduced_precision,,,beef; goat; raw milk; soap,LocalHarvest Family Farm,(501) 467-4452,,internal_until_public_use_review,,https://www.facebook.com/cedarcreekfarmsar?mibextid=LQQJ4d,,,True,False,False,False,False,False,False,1,arobs_c8641038b0fbc0d7a1c0,LocalHarvest — Arkansas county-seat gap search,https://www.localharvest.org/cedar-creek-farms-of-lonsdale-llc-M81249,D,2026-07-15,promotion_eligible_reviewed,,Fields selected by evidence grade; every source observation remains separately auditable.
AR-DF5AAED73D,Crooked House Herbals,crooked house herbals,farm,unique_source_name_reviewed,AR,Garland,,71968,299 Rustic Hills Trail Royal Arkansas 71968,public_business_address_reviewed_for_future_reduced_precision,34.54116,-93.2106,Herbs,Arkansas Grown member,501-291-2452,Crookedhouseherbals@gmail.com,internal_until_public_use_review,https://arfarmtoschool.org,https://www.facebook.com/crookedhouseherbal,https://www.instagram.com/arkansasgrownandmade/,,False,False,False,False,False,False,False,1,arobs_d42282c7a54b969798f1,Arkansas Department of Agriculture — Arkansas Grown directory,https://arkansasgrown.org/listing/crooked-house-herbals/,B,2026-07-15,research_or_qa_queue,city or safe public service area missing,Fields selected by evidence grade; every source observation remains separately auditable.
AR-686F6DA4F0,Fat Rabbit Farms LLC,fat rabbit farms,farm,unique_source_name_reviewed,AR,Garland,,,"4650 Mill Creek Road, Hot Springs National Park, AR, USA",public_business_address_reviewed_for_future_reduced_precision,34.57386,-92.9216,"AG education, Agritourism, Banana Peppers - Varietys, Basil, Beans, Beets, Broccoli, Butternut Squash, Cabbage, Carrots, Cauliflower, Cherry Tomatoes, Cilantro, Cucumbers, Eggs, Eggplant, Flowers, Garlic, Greens, Green Beans, Green Onion, Herbs, Kale, Lettuces—Variety, Microgreens, Mushrooms, Mustard Greens, Okra, Onions, Oriental Vegetables, Parsley, Peas, Peppers - Variety, Radishes, Romaine, Squash, Swiss Chard, Tomatoes, Turnips, Vegetables, Worm and Castings, Yellow Squash, Zucchini",Arkansas Grown member,479-857-1985,becca@fatrabbitfarms.com,internal_until_public_use_review,https://arfarmtoschool.org,https://facebook.com/fatrabbitfarmshotsprings,https://www.instagram.com/arkansasgrownandmade/,,False,False,False,False,False,False,False,1,arobs_32d37e473207f5ce5590,Arkansas Department of Agriculture — Arkansas Grown directory,https://arkansasgrown.org/listing/fat-rabbit-farms-llc/,B,2026-07-15,research_or_qa_queue,city or safe public service area missing,Fields selected by evidence grade; every source observation remains separately auditable.
AR-794FEB249D,Garden of Love 501,garden of love 501,farm,unique_source_name_reviewed,AR,Garland,Hot Springs,,"Hot Springs, AR, USA",public_business_address_reviewed_for_future_reduced_precision,34.50776,-93.0546,Mushrooms,Arkansas Grown member,501-617-0153,gardenoflove501@gmail.com,internal_until_public_use_review,,https://l.facebook.com/l.php?u=https%3A%2F%2Fwww.instagram.com%2Fgardenoflove501%3Ffbclid%3DIwZXh0bgNhZW0CMTAAAR1DrGJensTUbJNflJ0lFy2yedh7m24F9J_P2dgjHjNAzSDwvuLguaxLDN4_aem_X8CkPBNUACvt689ZcJlr3A&h=AT2fsG38KMJf8Lwb3uFFZJWHJMuh5-FJhG15PUK4YC9MgQyQTKvULbkVyi5fOKh9AjFbw4Z4EBdiFXZoMdS8u8IW4bcrWlHuemgOEyi5BuQGKX_Ncu_-disCaKzAlC3l_Roq,https://www.instagram.com/arkansasgrownandmade/,,False,False,False,False,False,False,False,1,arobs_4fc69af3eb9a58e33aa2,Arkansas Department of Agriculture — Arkansas Grown directory,https://arkansasgrown.org/listing/garden-of-love-501/,B,2026-07-15,promotion_eligible_reviewed,,Fields selected by evidence grade; every source observation remains separately auditable.
AR-87CFA318BF,Horse Shoe Vineyards,horse shoe vineyards,farm,unique_source_name_reviewed,AR,Garland,Hot Springs,71913,,public_business_address_reviewed_for_future_reduced_precision,,,U-pick crops; agritourism,U-pick; agritourism,501-767-6562,,internal_until_public_use_review,,,,,True,False,False,False,True,False,False,1,arobs_d22c3a5243a73fe62d06,PickYourOwn — Southwest Arkansas,https://www.pickyourown.org/ARsw.htm,E,2026-07-15,research_or_qa_queue,single grade-E discovery listing needs corroboration,Fields selected by evidence grade; every source observation remains separately auditable.
AR-B824B2669C,Hot Springs Historic Downtown Farmers Market,hot springs historic downtown farmers market,farm,unique_source_name_reviewed,AR,Garland,Hot Springs,71901,121 Orange St Hot Springs Arkansas 71901,public_business_address_reviewed_for_future_reduced_precision,34.5049,-93.05093,"Honey, Vegetables",Arkansas Grown member,501-363-9111,hsfarmersmarket@gmail.com,internal_until_public_use_review,https://arfarmtoschool.org,https://www.facebook.com/hotspringsfarmersmarket,https://www.instagram.com/arkansasgrownandmade/,,False,False,False,False,False,False,False,1,arobs_20798ce66594c1b38b8b,Arkansas Department of Agriculture — Arkansas Grown directory,https://arkansasgrown.org/listing/historic-downtown-farmers-market/,B,2026-07-15,promotion_eligible_reviewed,,Fields selected by evidence grade; every source observation remains separately auditable.
AR-D3F7AEFAB7,Hot Springs Produce LLC - DBA Greenley Foods,hot springs produce llc dba greenley foods,farm,unique_source_name_reviewed,AR,Garland,Hot Springs,71913,"338 Elkhorn Loop, Hot Springs, AR 71913, USA",public_business_address_reviewed_for_future_reduced_precision,34.53463,-93.16417,"Apples, Cabbage, Cantaloupe, Cherry Tomatoes, Corn, Eggs, Flowers, Fruits, Honey, Peaches, Pecans, Peppers - Variety, Pumpkins, Sorghum, Squash, Strawberries, Sweet Corn, Tomatoes, Vegetables, Watermelon, Yellow Squash, Zucchini",Arkansas Grown member,501-321-1188,greenleyfoods@gmail.com,internal_until_public_use_review,https://arfarmtoschool.org,https://www.facebook.com/GreenleyFoodsHotSpringsProduce,https://www.instagram.com/arkansasgrownandmade/,,False,False,False,False,False,False,False,1,arobs_225cc8c0624b4e360420,Arkansas Department of Agriculture — Arkansas Grown directory,https://arkansasgrown.org/listing/hot-springs-greenley-foods/,B,2026-07-15,promotion_eligible_reviewed,,Fields selected by evidence grade; every source observation remains separately auditable.
AR-98C485389A,Muscadine Farm,muscadine farm,farm,unique_source_name_reviewed,AR,Garland,Hot Springs,71913,,public_business_address_reviewed_for_future_reduced_precision,,,U-pick crops; agritourism,U-pick; agritourism,501-340-3900,kayshorez@yahoo.com,internal_until_public_use_review,,,,,True,False,False,False,True,False,False,1,arobs_76ba7533b1d9c62a6f18,PickYourOwn — Southwest Arkansas,https://www.pickyourown.org/ARsw.htm,E,2026-07-15,research_or_qa_queue,single grade-E discovery listing needs corroboration,Fields selected by evidence grade; every source observation remains separately auditable.
AR-D5CF91CF06,Origami Sake,origami sake,farm,unique_source_name_reviewed,AR,Garland,Hot Springs,,"2360 East Grand Avenue, Hot Springs, AR, USA",public_business_address_reviewed_for_future_reduced_precision,34.50255,-92.99996,"Agritourism, Rice",Arkansas Grown member,5014636906,contact@origamisake.co,internal_until_public_use_review,,https://www.facebook.com/OrigamiSake,https://www.instagram.com/origamisakeco/,,False,False,False,False,False,False,False,1,arobs_b006658e36175b95102b,Arkansas Department of Agriculture — Arkansas Grown directory,https://arkansasgrown.org/listing/origami-sake/,B,2026-07-15,promotion_eligible_reviewed,,Fields selected by evidence grade; every source observation remains separately auditable.
AR-5FF8ACB169,Ron Coleman Mining,ron coleman mining,producer_requires_type_review,unique_source_name_reviewed,AR,Garland,,,"211 Crystal Ridge Lane, Jessieville, AR, USA",public_business_address_reviewed_for_future_reduced_precision,34.66163,-93.09969,Other,Arkansas Grown member,5019845396,colemanquartz@gmail.com,internal_until_public_use_review,,http://www.facebook.com/roncolemanmining,http://www.instagram.com/roncolemanmine,,False,False,True,False,False,False,False,1,arobs_a3c4a82487c508d86d5d,Arkansas Department of Agriculture — Arkansas Grown directory,https://arkansasgrown.org/listing/ron-coleman-mining/,B,2026-07-15,research_or_qa_queue,city or safe public service area missing; directory candidate needs independent farm-operation evidence,Fields selected by evidence grade; every source observation remains separately auditable.
AR-352026D9F7,Royal Berry Farm,royal berry farm,farm,unique_source_name_reviewed,AR,Garland,Royal,71968,,public_business_address_reviewed_for_future_reduced_precision,,,U-pick crops; agritourism,U-pick; agritourism,501-767-2502,royalberryfarm@yahoo.com,internal_until_public_use_review,,https://www.facebook.com/Royal-Berry-Farm-223486084345862,,,True,False,False,False,True,False,False,1,arobs_51ad5e99809220569475,PickYourOwn — Southwest Arkansas,https://www.pickyourown.org/ARsw.htm,E,2026-07-15,research_or_qa_queue,single grade-E discovery listing needs corroboration,Fields selected by evidence grade; every source observation remains separately auditable.
AR-3F68C3F1B7,Sassy Bee’s Farm,sassy bees farm,farm,unique_source_name_reviewed,AR,Garland,Pearcy,,"200 Amaryllis Pl, Pearcy, AR, USA",public_business_address_reviewed_for_future_reduced_precision,34.42594,-93.20225,Honey,Arkansas Grown member,(501) 463-3771,sassybeesfarm@gmail.com,internal_until_public_use_review,https://arfarmtoschool.org,https://www.facebook.com/sassybeesfarm,https://www.instagram.com/sassybeesfarm,,False,False,False,False,False,False,False,1,arobs_a9dc75da964286b5ab0a,Arkansas Department of Agriculture — Arkansas Grown directory,https://arkansasgrown.org/listing/sassy-bees-farm/,B,2026-07-15,promotion_eligible_reviewed,,Fields selected by evidence grade; every source observation remains separately auditable.
AR-8BDAC1D76A,ScrappyLittleCook,scrappylittlecook,farm,unique_source_name_reviewed,AR,Garland,Pearcy,71964,"Pearcy, AR 71964, USA",public_business_address_reviewed_for_future_reduced_precision,34.43229,-93.24831,Other,Arkansas Grown member,5018441854,gingercstephens@yahoo.com,internal_until_public_use_review,https://arfarmtoschool.org,https://www.facebook.com/arkansasgrownandmade/,https://www.instagram.com/scrappylittlecook?igsh=MTEyaWU3aHRwMHB1dA%3D%3D&utm_source=qr,,False,False,False,False,False,False,False,1,arobs_9c2b9395090374008bb9,Arkansas Department of Agriculture — Arkansas Grown directory,https://arkansasgrown.org/listing/scrappylittlecook/,B,2026-07-15,promotion_eligible_reviewed,,Fields selected by evidence grade; every source observation remains separately auditable.
AR-544FBF2503,Stella Porta (TM),stella porta tm,farm,unique_source_name_reviewed,AR,Garland,,,"Royal, AR, USA",public_business_address_reviewed_for_future_reduced_precision,34.51148,-93.24102,"Agritourism, Beets, Carrots, Pumpkins, Yellow Squash",Arkansas Grown member,5419418873,business@stellaporta.us,internal_until_public_use_review,https://gcc02.safelinks.protection.outlook.com/?url=https%3A%2F%2Fwww.instagram.com%2Fstellaportafarm%2F&data=05%7C02%7CBeth.Moore%40agriculture.arkansas.gov%7Cc7f4693753ba4b1790d808dd0d688fe5%7C5ec1d8f0cb624000b3278e63b0547048%7C0%7C0%7C638681465293338306%7CUnknown%7CTWFpbGZsb3d8eyJFbXB0eU1hcGkiOnRydWUsIlYiOiIwLjAuMDAwMCIsIlAiOiJXaW4zMiIsIkFOIjoiTWFpbCIsIldUIjoyfQ%3D%3D%7C60000%7C%7C%7C&sdata=hMlO0eo1uk0SbJ6K2dPe3hQvJvlGP6qnTJmtXs5uD9U%3D&reserved=0,https://www.facebook.com/arkansasgrownandmade/,https://www.instagram.com/arkansasgrownandmade/,,False,False,True,False,False,False,False,1,arobs_ac760b95dd0dc5e5b7c8,Arkansas Department of Agriculture — Arkansas Grown directory,https://arkansasgrown.org/listing/stella-porta-tm/,B,2026-07-15,research_or_qa_queue,city or safe public service area missing,Fields selected by evidence grade; every source observation remains separately auditable.
AR-4F34F200A2,Sunshine Store,sunshine store,producer_requires_type_review,unique_source_name_reviewed,AR,Garland,,,"3719 Sunshine Road, Royal, Arkansas, USA",public_business_address_reviewed_for_future_reduced_precision,34.47488,-93.23613,,Arkansas Grown member,501-767-4614,,internal_until_public_use_review,https://arfarmtoschool.org,https://www.facebook.com/Sunshine-Store-Cafe-122091165991,https://www.instagram.com/arkansasgrownandmade/,,False,False,False,False,False,False,False,1,arobs_6d8267b22777f6296783,Arkansas Department of Agriculture — Arkansas Grown directory,https://arkansasgrown.org/listing/sunshine-store/,B,2026-07-15,research_or_qa_queue,city or safe public service area missing; products or farm activity missing; directory candidate needs independent farm-operation evidence,Fields selected by evidence grade; every source observation remains separately auditable.
AR-3B86062379,The Garden Door,the garden door,farm,unique_source_name_reviewed,AR,Garland,Hot Springs,,"Hot Springs, AR, USA",public_business_address_reviewed_for_future_reduced_precision,34.50776,-93.0546,Flowers,Arkansas Grown member,14796506995,thegardendoorinc@gmail.com,internal_until_public_use_review,https://arfarmtoschool.org,https://www.facebook.com/arkansasgrownandmade/,https://www.instagram.com/arkansasgrownandmade/,,True,False,False,False,True,False,False,1,arobs_7efe228ccc6cbd0f5e5d,Arkansas Department of Agriculture — Arkansas Grown directory,https://arkansasgrown.org/listing/the-garden-door/,B,2026-07-15,promotion_eligible_reviewed,,Fields selected by evidence grade; every source observation remains separately auditable.
AR-69DAAA32C8,Tribe Ranch,tribe ranch,farm,unique_source_name_reviewed,AR,Garland,,,"7885 Airport Road, Bonnerdale, AR, USA",public_business_address_reviewed_for_future_reduced_precision,34.39882,-93.34169,Beef,Arkansas Grown member,501-547-6731,contact@triberanch.net,internal_until_public_use_review,https://arfarmtoschool.org,https://www.facebook.com/triberanch.net,https://www.instagram.com/arkansasgrownandmade/,,False,False,False,False,False,False,False,1,arobs_dee2700d3c462605fc30,Arkansas Department of Agriculture — Arkansas Grown directory,https://arkansasgrown.org/listing/tribe-ranch/,B,2026-07-15,research_or_qa_queue,city or safe public service area missing,Fields selected by evidence grade; every source observation remains separately auditable.
AR-4E3FC49B02,Veronica's Wildcrafter Farm,veronicas wildcrafter farm,farm,unique_source_name_reviewed,AR,Garland,Hot Springs,71913,1718 Treasure Isle Rd.,public_business_address_reviewed_for_future_reduced_precision,,,mushrooms; medicinal herbs,LocalHarvest Family Farm,(501) 767-1122,,internal_until_public_use_review,,,,,True,False,False,False,False,False,False,1,arobs_8b5a492d52252a73f47d,LocalHarvest — Arkansas county-seat gap search,https://www.localharvest.org/veronicas-wildcrafter-farm-M66436,D,2026-07-15,promotion_eligible_reviewed,,Fields selected by evidence grade; every source observation remains separately auditable.
AR-7DC6DD76A8,A & B Berry Farm,a and b berry farm,farm,unique_source_name_reviewed,AR,Grant,,,,public_business_address_reviewed_for_future_reduced_precision,,,U-pick crops; agritourism,U-pick; agritourism,870-699-4792,wlewis1@hughes.net,internal_until_public_use_review,,,,,True,False,False,False,True,False,False,1,arobs_cf733ed86617fd3bc8da,PickYourOwn — Central Arkansas,https://www.pickyourown.org/ARlittlerock.htm,E,2026-07-15,research_or_qa_queue,city or safe public service area missing; single grade-E discovery listing needs corroboration,Fields selected by evidence grade; every source observation remains separately auditable.
AR-06676BB28F,Featherz Nest Alpacas,featherz nest alpacas,farm,unique_source_name_reviewed,AR,Grant,,,"839 Arkansas 190, Grapevine, AR, USA",public_business_address_reviewed_for_future_reduced_precision,34.22566,-92.33072,Livestock,Arkansas Grown member,870-883-1090,featherznest@gmail.com,internal_until_public_use_review,https://arfarmtoschool.org,https://www.facebook.com/FeatherzNestAlpacas,https://www.instagram.com/arkansasgrownandmade/,,False,False,False,False,False,False,False,1,arobs_5f82ef167ff6188b78c0,Arkansas Department of Agriculture — Arkansas Grown directory,https://arkansasgrown.org/listing/featherz-nest-alpacas/,B,2026-07-15,research_or_qa_queue,city or safe public service area missing,Fields selected by evidence grade; every source observation remains separately auditable.
AR-4E2DF97F47,"Pickin Flowers Farm, LLC",pickin flowers farm,farm,unique_source_name_reviewed,AR,Grant,Sheridan,,"Sheridan, AR, USA",public_business_address_reviewed_for_future_reduced_precision,34.30683,-92.39914,Flowers,Arkansas Grown member,8703298094,Emilybarnes06@gmail.com,internal_until_public_use_review,https://arfarmtoschool.org,https://www.facebook.com/arkansasgrownandmade/,https://www.instagram.com/arkansasgrownandmade/,,False,False,False,False,False,False,False,1,arobs_c7a88d8183b3ea82241a,Arkansas Department of Agriculture — Arkansas Grown directory,https://arkansasgrown.org/listing/pickin-flowers-farm-llc/,B,2026-07-15,promotion_eligible_reviewed,,Fields selected by evidence grade; every source observation remains separately auditable.
AR-17F001E089,"Pickin Peppers Farm, LLC",pickin peppers farm,farm,unique_source_name_reviewed,AR,Grant,Sheridan,,"Sheridan, AR, USA",public_business_address_reviewed_for_future_reduced_precision,34.30683,-92.39914,"Flowers, Peppers - Variety, Tomatoes",Arkansas Grown member,8703298094,Pickin.peppers.farm@Gmail.com,internal_until_public_use_review,https://arfarmtoschool.org,https://www.facebook.com/profile.php?id=61557157845280,https://www.instagram.com/arkansasgrownandmade/,,False,False,False,False,False,False,False,1,arobs_cfc7527060614ce485d7,Arkansas Department of Agriculture — Arkansas Grown directory,https://arkansasgrown.org/listing/pickin-peppers-farm-llc/,B,2026-07-15,promotion_eligible_reviewed,,Fields selected by evidence grade; every source observation remains separately auditable.
AR-ED22F495F6,Proud to Be A Farm,proud to be a farm,farm,unique_source_name_reviewed,AR,Grant,Tull,,"8910 W Cherry St, Tull, AR, USA",public_business_address_reviewed_for_future_reduced_precision,34.44729,-92.58571,"Beef, Eggs",Arkansas Grown member,501-601-5413,proudtobeafarm@gmail.com,internal_until_public_use_review,https://arfarmtoschool.org,https://www.facebook.com/ProudToBeAFarm/photos,https://www.instagram.com/arkansasgrownandmade/,,False,False,True,False,False,False,False,1,arobs_897489e8e3442a430ef7,Arkansas Department of Agriculture — Arkansas Grown directory,https://arkansasgrown.org/listing/proud-to-be-a-farm/,B,2026-07-15,promotion_eligible_reviewed,,Fields selected by evidence grade; every source observation remains separately auditable.
AR-54ECA82F25,Shack Creek Cattle & Cowsmetics,shack creek cattle and cowsmetics,farm,unique_source_name_reviewed,AR,Grant,Sheridan,,"Sheridan, AR, USA",public_business_address_reviewed_for_future_reduced_precision,34.30683,-92.39914,Beef,Arkansas Grown member,8709413542,Shackcreekbeef@gmail.com,internal_until_public_use_review,http://shackcreekcattle.square.site,http://Facebook.com/shackcreekcattleco,https://www.instagram.com/arkansasgrownandmade/,,False,False,False,False,False,False,False,1,arobs_7df53b67d864c67c58d5,Arkansas Department of Agriculture — Arkansas Grown directory,https://arkansasgrown.org/listing/shack-creek-cattle-cowsmetics/,B,2026-07-15,promotion_eligible_reviewed,,Fields selected by evidence grade; every source observation remains separately auditable.
AR-C843BCA219,SHERIDAN FARMERS MARKET,sheridan farmers market,farm,unique_source_name_reviewed,AR,Grant,Sheridan,72150,"Grant County Courthouse Square, 101 W. Center Street, Sheridan, AR 72150",public_business_address_reviewed_for_future_reduced_precision,34.30588,-92.40146,"Flowers, Vegetables, Other",Arkansas Grown member,501-317-0409,Sheridanfarmersmarketar@gmail.com,internal_until_public_use_review,https://arfarmtoschool.org,https://www.facebook.com/sheridanfarmersmarketar/?ref=page_internal,https://www.instagram.com/arkansasgrownandmade/,,False,False,False,False,False,False,False,1,arobs_3df179f546ba8c7a9608,Arkansas Department of Agriculture — Arkansas Grown directory,https://arkansasgrown.org/listing/sheridan-farmers-market/,B,2026-07-15,promotion_eligible_reviewed,,Fields selected by evidence grade; every source observation remains separately auditable.
AR-4938562ACF,Paragould Farmers Market,paragould farmers market,farm,unique_source_name_reviewed,AR,Greene,Paragould,72450,"100 West Block of Emerson Street, Paragould Arkansas 72450",public_business_address_reviewed_for_future_reduced_precision,36.05594,-90.48906,Locally Grown - Homemade - Handcrafted!,Arkansas Grown member,870-236-7684,,internal_until_public_use_review,,,,,False,False,False,False,False,False,False,1,arobs_85208a79ffa0b0223087,Arkansas Department of Agriculture — Arkansas Grown directory,https://arkansasgrown.org/listing/paragould-farmersao-market/,B,2026-07-15,promotion_eligible_reviewed,,Fields selected by evidence grade; every source observation remains separately auditable.
AR-6B59E25C74,SAK Farms,sak farms,farm,unique_source_name_reviewed,AR,Greene,Lafe,72436,"Lafe, AR 72436, USA",public_business_address_reviewed_for_future_reduced_precision,36.25128,-90.47855,"Beef, Eggs, Pork",Arkansas Grown member,870-761-3925,sakfarmsarkansas@gmail.com,internal_until_public_use_review,https://arfarmtoschool.org,https://www.facebook.com/arkansasgrownandmade/,https://www.instagram.com/arkansasgrownandmade/,,False,False,False,False,False,False,False,1,arobs_898afc7a2fa49b463764,Arkansas Department of Agriculture — Arkansas Grown directory,https://arkansasgrown.org/listing/sak-farms/,B,2026-07-15,promotion_eligible_reviewed,,Fields selected by evidence grade; every source observation remains separately auditable.
AR-84E785A99E,Scatter Creek Berries and Produce,scatter creek berries and produce,farm,merged_exact_name_reviewed,AR,Greene,Paragould,72450,44 Greene 145 RD Paragould Arkansas 72450,public_business_address_reviewed_for_future_reduced_precision,36.16843,-90.58805,"Banana Peppers - Varietys, Blackberries, Cucumbers, Muscadine Grapes, Peas, Peppers - Variety, Squash, Tomatoes, Vegetables, Yellow Squash; U-pick crops; agritourism",Arkansas Grown member; U-pick; agritourism,970-573-4819 or 870-586-0423,scattercrkberries@yahoo.com,internal_until_public_use_review,https://arfarmtoschool.org,https://www.facebook.com/scattercreekberries,https://www.instagram.com/arkansasgrownandmade/,,True,False,False,False,True,False,False,2,arobs_82f61fe2cbd098c3f062 | arobs_4dc35a0c3f57de394319,Arkansas Department of Agriculture — Arkansas Grown directory | PickYourOwn — Northeast Arkansas,https://arkansasgrown.org/listing/scatter-creek-berries-and-produce/ | https://www.pickyourown.org/ARne.htm,B; E,2026-07-15,promotion_eligible_reviewed,,Fields selected by evidence grade; every source observation remains separately auditable.
AR-7BA8CBB148,Farm on the Hill,farm on the hill,farm,unique_source_name_reviewed,AR,Hempstead,Hope,,"Hope, AR, USA",public_business_address_reviewed_for_future_reduced_precision,33.66706,-93.59157,Beef,Arkansas Grown member,,swomack5757@gmail.com,internal_until_public_use_review,https://arfarmtoschool.org,https://www.facebook.com/farmonthehill,https://www.instagram.com/arkansasgrownandmade/,,False,False,False,False,False,False,False,1,arobs_ee3358e788f7b19b261c,Arkansas Department of Agriculture — Arkansas Grown directory,https://arkansasgrown.org/listing/farm-on-the-hill/,B,2026-07-15,promotion_eligible_reviewed,,Fields selected by evidence grade; every source observation remains separately auditable.
AR-53BB1D54C1,Hope Farmers Market,hope farmers market,farm,unique_source_name_reviewed,AR,Hempstead,Hope,71801,3rd and Elm Street Hope Arkansas 71801,public_business_address_reviewed_for_future_reduced_precision,33.66787,-93.59305,"Banana Peppers - Varietys, Basil, Beans, Beets, Blackberries, Blueberries, Broccoli, Butter Beans, Cabbage, Cantaloupe, Cherry Tomatoes, Cilantro, Collard Greens, Corn, Cucumbers, Eggs, Flowers, Fruits, Green Beans, Green Onion, Herbs, Honey, Kale, Leeks, Muscadine Grapes, Mustard Greens, Nuts, Okra, Oriental Vegetables, Parsley, Peaches, Peas, Pecans, Peppers - Variety, Plums, Potatoes, Pumpkins, Radishes, Romaine, Squash, Strawberries, Sweet Corn, Sweet Potatoes, Swiss Chard, Tomatoes, Turnip Greens, Turnips, Vegetables, Watermelon, Yellow Squash, Zucchini",Arkansas Grown member,870-331-7986,Deanna.Gilbert@hpsdistrict.org,internal_until_public_use_review,https://arfarmtoschool.org,https://www.facebook.com/HopeFarmersMarket/,https://www.instagram.com/arkansasgrownandmade/,,False,False,False,False,False,False,False,1,arobs_d460be8047cbb7a1f959,Arkansas Department of Agriculture — Arkansas Grown directory,https://arkansasgrown.org/listing/hope-farmers-market/,B,2026-07-15,promotion_eligible_reviewed,,Fields selected by evidence grade; every source observation remains separately auditable.
AR-2FEDAC5218,Old Washington Farmers Market,old washington farmers market,farm,unique_source_name_reviewed,AR,Hempstead,Washington,71862,106 Carrol st. Washington Arkansas 71862,public_business_address_reviewed_for_future_reduced_precision,33.77399,-93.68291,"Banana Peppers - Varietys, Basil, Beans, Blackberries, Blueberries, Broccoli, Butter Beans, Butternut Squash, Cabbage, Cantaloupe, Cherry Tomatoes, Cilantro, Collard Greens, Corn, Cucumbers, Flowers, Fruits, Green Beans, Green Onion, Herbs, Honey, Kale, Mushrooms, Mustard Greens, Oriental Vegetables, Parsley, Peaches, Pears, Peas, Pecans, Peppers - Variety, Potatoes, Pumpkins, Radishes, Raspberries, Romaine, Squash, Strawberries, Sweet Corn, Sweet Potatoes, Swiss Chard, Tomatoes, Turnip Greens, Turnips, Vegetables, Watermelon, Yellow Squash, Zucchini",Arkansas Grown member,870-826-4101,oldwashingtonfarmersmarket@gmail.com,internal_until_public_use_review,https://arfarmtoschool.org,https://www.facebook.com/oldwashingtonfarmersmarket,https://www.instagram.com/arkansasgrownandmade/,,False,False,False,False,False,False,False,1,arobs_94cb4708a1540c7869df,Arkansas Department of Agriculture — Arkansas Grown directory,https://arkansasgrown.org/listing/old-washington-farmeraos-market/,B,2026-07-15,promotion_eligible_reviewed,,Fields selected by evidence grade; every source observation remains separately auditable.
AR-F2B3F0302C,Southern Yankee Homestead,southern yankee homestead,farm,unique_source_name_reviewed,AR,Hempstead,Washington,,"462 Hempstead 48 Road, Washington, AR, USA",public_business_address_reviewed_for_future_reduced_precision,33.75455,-93.79706,Honey,Arkansas Grown member,870-200-0007,nasonk26@gmail.com,internal_until_public_use_review,https://arfarmtoschool.org,https://www.facebook.com/SouthernYankeeCustoms,https://www.instagram.com/arkansasgrownandmade/,,False,False,False,False,False,False,False,1,arobs_62d1e540039c952265e2,Arkansas Department of Agriculture — Arkansas Grown directory,https://arkansasgrown.org/listing/southern-yankee-homestead/,B,2026-07-15,promotion_eligible_reviewed,,Fields selected by evidence grade; every source observation remains separately auditable.
AR-F858507587,Alexander Produce aka Alexander Market Playhouse,alexander produce aka alexander market playhouse,farm,unique_source_name_reviewed,AR,Hot Spring,Malvern,72104,1130 Highway 222 Malvern Arkansas 72104,public_business_address_reviewed_for_future_reduced_precision,34.22546,-92.87139,Vegetables,Arkansas Grown member,501-384-2552,loretta91650@hotmail.com,internal_until_public_use_review,https://arfarmtoschool.org,https://www.facebook.com/retiredfloyd,https://www.instagram.com/arkansasgrownandmade/,,False,False,False,False,False,False,False,1,arobs_338684adf5ee849555b6,Arkansas Department of Agriculture — Arkansas Grown directory,https://arkansasgrown.org/listing/alexander-produce-aka-alexander-market-playhouse/,B,2026-07-15,promotion_eligible_reviewed,,Fields selected by evidence grade; every source observation remains separately auditable.
AR-DAAC447544,Ausley Family Premium Beef,ausley family premium beef,farm,unique_source_name_reviewed,AR,Hot Spring,Bismarck,71929,9896 Highway 84 Bismarck Arkansas 71929,public_business_address_reviewed_for_future_reduced_precision,34.30692,-93.19867,Beef,Arkansas Grown member,501-282-2997,brett.ausley@live.com,internal_until_public_use_review,https://arfarmtoschool.org,https://www.facebook.com/ausleyfamilypremiumbeef,https://www.instagram.com/arkansasgrownandmade/,,False,False,False,False,False,False,False,1,arobs_edc335e673708d1dc6f0,Arkansas Department of Agriculture — Arkansas Grown directory,https://arkansasgrown.org/listing/ausley-family-premium-beef/,B,2026-07-15,promotion_eligible_reviewed,,Fields selected by evidence grade; every source observation remains separately auditable.
AR-1FC099298C,Bismarck Bees,bismarck bees,farm,unique_source_name_reviewed,AR,Hot Spring,Bismarck,71929,1265 Fendley Road Bismarck Arkansas 71929,public_business_address_reviewed_for_future_reduced_precision,34.30426,-93.14005,Honey,Arkansas Grown member,501-282-7575,bismarckbees@gmail.com,internal_until_public_use_review,https://arfarmtoschool.org,https://www.facebook.com/Bismarckbees,https://www.instagram.com/arkansasgrownandmade/,,False,False,False,False,False,False,False,1,arobs_b13c0ec47a3e864c451b,Arkansas Department of Agriculture — Arkansas Grown directory,https://arkansasgrown.org/listing/bismarck-bees/,B,2026-07-15,promotion_eligible_reviewed,,Fields selected by evidence grade; every source observation remains separately auditable.
AR-4AC68DC613,Chez Fur Fiber Farm,chez fur fiber farm,farm,unique_source_name_reviewed,AR,Hot Spring,Malvern,15470,15470 Highway 9 Malvern Arkansas 72104,public_business_address_reviewed_for_future_reduced_precision,34.33273,-92.79629,"Agritourism, Livestock",Arkansas Grown member,501-547-4686,chezfurfibers@gmail.com,internal_until_public_use_review,https://arfarmtoschool.org,https://www.facebook.com/Chez-Fur-Fiber-Farm,https://www.instagram.com/arkansasgrownandmade/,,False,False,False,False,False,False,False,1,arobs_bc716f8c0e4defdcd6d8,Arkansas Department of Agriculture — Arkansas Grown directory,https://arkansasgrown.org/listing/chez-fur-fiber-farm/,B,2026-07-15,promotion_eligible_reviewed,,Fields selected by evidence grade; every source observation remains separately auditable.
AR-95AD91FBAB,CJ Farms,cj farms,farm,unique_source_name_reviewed,AR,Hot Spring,Malvern,,,public_business_address_reviewed_for_future_reduced_precision,,,chicken; duck; gamebird; rabbit; turkey; eggs,LocalHarvest Family Farm,(501) 458-1579,,internal_until_public_use_review,,,,,True,False,False,False,False,False,False,1,arobs_27378984e7ad0cce792b,LocalHarvest — Arkansas county-seat gap search,https://www.localharvest.org/cj-farms-M47134,D,2026-07-15,promotion_eligible_reviewed,,Fields selected by evidence grade; every source observation remains separately auditable.
AR-E90B4CE990,Francois Creek Farm,francois creek farm,farm,unique_source_name_reviewed,AR,Hot Spring,Malvern,72104,4697 Sand Road Malvern Arkansas 72104,public_business_address_reviewed_for_future_reduced_precision,34.41877,-92.77237,"Goat, Milk",Arkansas Grown member,501-732-5562,ronibowman@yahoo.com,internal_until_public_use_review,https://arfarmtoschool.org,https://www.facebook.com/Francioscreekfarm,https://www.instagram.com/arkansasgrownandmade/,,False,False,False,False,False,False,False,1,arobs_44692ad154cde49e6236,Arkansas Department of Agriculture — Arkansas Grown directory,https://arkansasgrown.org/listing/francois-creek-farm/,B,2026-07-15,promotion_eligible_reviewed,,Fields selected by evidence grade; every source observation remains separately auditable.
AR-E484F95665,Gaines Family Farm,gaines family farm,farm,unique_source_name_reviewed,AR,Hot Spring,Malvern,72104,19384 Hwy 51,public_business_address_reviewed_for_future_reduced_precision,,,eggs,LocalHarvest Family Farm,,,internal_until_public_use_review,https://www.gainesfamilyfarm.com,http://www.facebook.com/GainesFamilyFarm,,,True,False,False,False,False,False,False,1,arobs_8bd8a871cff44c6ed021,LocalHarvest — Arkansas county-seat gap search,https://www.localharvest.org/gaines-family-farm-M61603,D,2026-07-15,promotion_eligible_reviewed,,Fields selected by evidence grade; every source observation remains separately auditable.
AR-E31187EC0E,Hot Springs County Farmers Market,hot springs county farmers market,farm,unique_source_name_reviewed,AR,Hot Spring,Malvern,,"1407 Rodeo Drive, Malvern, AR, USA",public_business_address_reviewed_for_future_reduced_precision,34.3827,-92.82564,"Annuals, Asparagus, Banana Peppers - Varietys, Basil, Beans, Beets, Blueberries, Butternut Squash",Arkansas Grown member,479-216-1991,hscmarketmanager@gmail.com,internal_until_public_use_review,https://arfarmtoschool.org,https://www.facebook.com/profile.php?id=100092784831625,https://www.instagram.com/arkansasgrownandmade/,,False,False,False,False,False,False,False,1,arobs_b5d768cb02b9c935ec54,Arkansas Department of Agriculture — Arkansas Grown directory,https://arkansasgrown.org/listing/hot-spring-county-farmers-market/,B,2026-07-15,promotion_eligible_reviewed,,Fields selected by evidence grade; every source observation remains separately auditable.
AR-1BE31652C3,JA Farms Feed,ja farms feed,farm,unique_source_name_reviewed,AR,Hot Spring,Bismarck,71929,2146 Finch Road Bismarck Arkansas 71929,public_business_address_reviewed_for_future_reduced_precision,34.31932,-93.19402,Soybeans,Arkansas Grown member,501-304-4323,jafarms@gmail.com,internal_until_public_use_review,https://arfarmtoschool.org,https://www.facebook.com/jafarmsfeed,https://www.instagram.com/arkansasgrownandmade/,,False,False,False,False,False,False,False,1,arobs_bb3c3583f88817d030bc,Arkansas Department of Agriculture — Arkansas Grown directory,https://arkansasgrown.org/listing/ja-farms-feed/,B,2026-07-15,promotion_eligible_reviewed,,Fields selected by evidence grade; every source observation remains separately auditable.
AR-3884068B27,JV Farms,jv farms,farm,merged_exact_name_reviewed,AR,Hot Spring,Bismarck,71929,5754 Sycamore Drive bismarck Arkansas 71929,public_business_address_reviewed_for_future_reduced_precision,34.32449,-93.09698,"Beans, Beef, Blackberries, Broccoli, Cabbage, Cantaloupe, Cherry Tomatoes, Chicken, Corn, Cucumbers, Eggs, Goat, Green Beans, Green Onion, Hay, Kale, Livestock, Milk, Mushrooms, Mustard Greens, Okra, Peas, Pork, Potatoes, Poultry, Pumpkins, Sorghum, Squash, Sweet Corn, Sweet Potatoes, Swiss Chard, Tomatoes, Turnip Greens, Turnips, Vegetables, Yellow Squash, Zucchini; turnips; chicken; pork; rabbit; eggs; luffa; beets; broccoli; cabbage; carrots; garlic; green onions; kale; lettuce; mustard greens; okra; peas; potatoes; radishes; summer squash; swiss chard; zucchini; duck; fresh flowers; shallots; sweet potatoes; tomatoes; gourds; geese; turkey",Arkansas Grown member; LocalHarvest Family Farm,501-732-9093,jvfarms71929@gmail.com,internal_until_public_use_review,https://arfarmtoschool.org,https://www.facebook.com/jvfarms/,https://www.instagram.com/arkansasgrownandmade/,,True,False,False,False,False,False,False,2,arobs_f3bc1b846bf2b9d5ed90 | arobs_6992ad3f4f77e5729da0,Arkansas Department of Agriculture — Arkansas Grown directory | LocalHarvest — Arkansas county-seat gap search,https://arkansasgrown.org/listing/jv-farms/ | https://www.localharvest.org/jv-farms-M75542,B; D,2026-07-15,promotion_eligible_reviewed,,Fields selected by evidence grade; every source observation remains separately auditable.
AR-57C50DA7A2,LF Feeds LLC,lf feeds,farm,unique_source_name_reviewed,AR,Hot Spring,Bismarck,71929,510 Tomahawk ln Bismarck Arkansas 71929,public_business_address_reviewed_for_future_reduced_precision,34.3396,-93.17039,"Corn, Soybeans",Arkansas Grown member,501-304-4323,LFFeeds@gmail.com,internal_until_public_use_review,https://arfarmtoschool.org,https://www.facebook.com/cooksfeed,https://www.instagram.com/arkansasgrownandmade/,,False,False,False,False,False,False,False,1,arobs_e0ec59443895fecb9ea4,Arkansas Department of Agriculture — Arkansas Grown directory,https://arkansasgrown.org/listing/lf-feeds-llc/,B,2026-07-15,promotion_eligible_reviewed,,Fields selected by evidence grade; every source observation remains separately auditable.
AR-9C734F04BD,McAlpine Christmas Tree Farm,mcalpine christmas tree farm,farm,unique_source_name_reviewed,AR,Hot Spring,Bismarck,71929,197 Christmas Tree Lane Bismarck Arkansas 71929,public_business_address_reviewed_for_future_reduced_precision,34.31594,-93.21224,Christmas Trees,Arkansas Grown member,501-865-3731,bobbiemcalpine@gmail.com,internal_until_public_use_review,https://arfarmtoschool.org,https://www.facebook.com/profile.php?id=100057438069773,https://www.instagram.com/arkansasgrownandmade/,,False,False,False,False,False,False,False,1,arobs_65a750baef30bedeeac0,Arkansas Department of Agriculture — Arkansas Grown directory,https://arkansasgrown.org/listing/mcalpine/,B,2026-07-15,promotion_eligible_reviewed,,Fields selected by evidence grade; every source observation remains separately auditable.
AR-D18738E876,Ouachita River Valley Farm,ouachita river valley farm,farm,unique_source_name_reviewed,AR,Hot Spring,Donaldson,71941,4399 Midway Road Donaldson Arkansas 71941,public_business_address_reviewed_for_future_reduced_precision,34.29137,-92.93896,"Cabbage, Fruits, Herbs, Vegetables",Arkansas Grown member,479-216-1991,mrsmere9@gmail.com,internal_until_public_use_review,https://arfarmtoschool.org,https://www.facebook.com/Ouachita-River-Valley-Farm-105891521081218,https://www.instagram.com/arkansasgrownandmade/,,False,False,False,False,False,False,False,1,arobs_ffebc27bf245f30b7b6f,Arkansas Department of Agriculture — Arkansas Grown directory,https://arkansasgrown.org/listing/ouachita-river-valley-farm/,B,2026-07-15,promotion_eligible_reviewed,,Fields selected by evidence grade; every source observation remains separately auditable.
AR-1410D75397,Point Cedar Grocery,point cedar grocery,farm,unique_source_name_reviewed,AR,Hot Spring,Bismarck,71929,107 Hwy 347 Bismarck Arkansas 71929,public_business_address_reviewed_for_future_reduced_precision,34.32776,-93.30744,Beef,Arkansas Grown member,501-865-6238,timausley@yahoo.com,internal_until_public_use_review,https://arfarmtoschool.org,https://www.facebook.com/arkansasgrownandmade/,https://www.instagram.com/arkansasgrownandmade/,,False,False,False,False,False,False,False,1,arobs_fe07d9283a7e22081228,Arkansas Department of Agriculture — Arkansas Grown directory,https://arkansasgrown.org/listing/point-cedar-grocery/,B,2026-07-15,promotion_eligible_reviewed,,Fields selected by evidence grade; every source observation remains separately auditable.
AR-32169DF3CA,Robins Nest Produce,robins nest produce,farm,unique_source_name_reviewed,AR,Hot Spring,Bismarck,71929,7808 hwy 7 north,public_business_address_reviewed_for_future_reduced_precision,,,asparagus; beets; broccoli; carrots; sweet corn; cucumber; dry beans; garlic; green beans; kale; lettuce; peas; potatoes; radishes; spinach; hot peppers; okra; summer squash; sweet peppers; tomatoes; zucchini; cantaloupes; melons; watermelons; cauliflower; pumpkins; sweet potatoes; winter-squash,LocalHarvest Family Farm,(501) 467-6894,,internal_until_public_use_review,https://bismarck.locallygrown.net,http://www.facebook.com/robinsnestproduce/,,,True,False,False,False,False,False,False,1,arobs_3614bf4146e9aadc3a96,LocalHarvest — Arkansas county-seat gap search,https://www.localharvest.org/robins-nest-produce-M76980,D,2026-07-15,promotion_eligible_reviewed,,Fields selected by evidence grade; every source observation remains separately auditable.
AR-658B87AB1A,The Herb Square LLC,the herb square,producer_requires_type_review,unique_source_name_reviewed,AR,Hot Spring,Malvern,,"2079 South Kratz Road, Malvern, AR, USA",public_business_address_reviewed_for_future_reduced_precision,34.20849,-92.87495,Herbs,Arkansas Grown member,5013845207,info@theherbsquare.com,internal_until_public_use_review,https://arfarmtoschool.org,http://facebook.com/theherbsquare,https://www.instagram.com/arkansasgrownandmade/,,False,False,False,False,False,False,False,1,arobs_f121c0a1f09b32d07f38,Arkansas Department of Agriculture — Arkansas Grown directory,https://arkansasgrown.org/listing/the-herb-square-llc/,B,2026-07-15,research_or_qa_queue,directory candidate needs independent farm-operation evidence,Fields selected by evidence grade; every source observation remains separately auditable.
AR-D61C8D3112,Aunt Fern's Fried Pies,aunt ferns fried pies,farm,unique_source_name_reviewed,AR,Howard,Nashville,,"Nashville, AR, USA",public_business_address_reviewed_for_future_reduced_precision,33.94825,-93.84705,Fruits,Arkansas Grown member,870-200-0046,dixonfern2@gmail.com,internal_until_public_use_review,https://arfarmtoschool.org,https://www.facebook.com/arkansasgrownandmade/,https://www.instagram.com/arkansasgrownandmade/,,False,False,False,False,False,False,False,1,arobs_f7dfc127cd8a75309b09,Arkansas Department of Agriculture — Arkansas Grown directory,https://arkansasgrown.org/listing/aunt-ferns-fired-pies/,B,2026-07-15,promotion_eligible_reviewed,,Fields selected by evidence grade; every source observation remains separately auditable.
AR-C8A2EC8CFE,Daddy Bob's Orchards,daddy bobs orchards,farm,unique_source_name_reviewed,AR,Howard,Nashville,71852,,public_business_address_reviewed_for_future_reduced_precision,,,U-pick crops; agritourism,U-pick; agritourism,870-845-4145,rtlcunited@yahoo.com,internal_until_public_use_review,,,,,True,False,False,False,True,False,False,1,arobs_58ccc70bf29c8a580a50,PickYourOwn — Southwest Arkansas,https://www.pickyourown.org/ARsw.htm,E,2026-07-15,research_or_qa_queue,single grade-E discovery listing needs corroboration,Fields selected by evidence grade; every source observation remains separately auditable.
AR-286C95A196,Howard County Farmers Market,howard county farmers market,farm,unique_source_name_reviewed,AR,Howard,Nashville,71852,110 South Washington Nashville Arkansas 71852,public_business_address_reviewed_for_future_reduced_precision,33.94288,-93.84417,"Apples, Banana Peppers - Varietys, Basil, Beans, Beans - Snap, Pole, Variety, Beef, Blackberries, Blueberries, Broccoli, Cabbage, Cantaloupe, Carrots, Cherry Tomatoes, Cilantro, Collard Greens, Corn, Cucumbers, Eggs, Figs, Flowers, Fruits, Garlic, Greens, Green Beans, Green Onion, Herbs, Honey, Kale, Lettuces—Variety, Melons – Variety, Muscadine Grapes, Mustard Greens, Nectarines, Okra, Onions, Ornamentals, Peaches, Pears, Peas, Peppers - Variety, Plums, Potatoes, Pumpkins, Radishes, Seeds, Sheep/Lamb, Squash, Sweet Potatoes, Tomatoes, Turnip Greens, Turnips, Vegetables, Watermelon, Yellow Squash, Zucchini, Other",Arkansas Grown member,,howardcountyfarmermarket@gmail.com,internal_until_public_use_review,https://arfarmtoschool.org,https://www.facebook.com/HowardCountyFarmersMarket,https://www.instagram.com/arkansasgrownandmade/,,False,False,False,False,False,False,False,1,arobs_1a7ebd558b285da28631,Arkansas Department of Agriculture — Arkansas Grown directory,https://arkansasgrown.org/listing/howard-county-farmers-market/,B,2026-07-15,promotion_eligible_reviewed,,Fields selected by evidence grade; every source observation remains separately auditable.
AR-2ABDECAEF6,Jamison Farm,jamison farm,farm,unique_source_name_reviewed,AR,Howard,Nashville,71852,,public_business_address_reviewed_for_future_reduced_precision,,,U-pick crops; agritourism,U-pick; agritourism,870-845-4827,,internal_until_public_use_review,,https://www.facebook.com/jamisonorchard/,,,True,False,False,False,True,False,False,2,arobs_a22de169bda38dec6d2a | coroobs_78921a6ca7a76b5cf5d9,PickYourOwn — Southwest Arkansas | FarmFinder automated corroboration — Arkansas Department of Agriculture — Arkansas Grown directory,https://www.pickyourown.org/ARsw.htm | https://arkansasgrown.org/listing/jamison-orchard/,C | E,2026-07-15,promotion_eligible_reviewed,,Fields selected by evidence grade; every source observation remains separately auditable.
AR-B81CE386AF,Jamison Orchard,jamison orchard,farm,unique_source_name_reviewed,AR,Howard,Nashville,71852,169 Bluegrass Rd Nashville Arkansas 71852,public_business_address_reviewed_for_future_reduced_precision,34.0189,-93.91738,Peaches,Arkansas Grown member,870-845-4827,loujamison@hotmail.com,internal_until_public_use_review,https://arfarmtoschool.org,https://www.facebook.com/jamisonorchard,https://www.instagram.com/arkansasgrownandmade/,,False,False,False,False,False,False,False,1,arobs_ea5458286b270f854d4c,Arkansas Department of Agriculture — Arkansas Grown directory,https://arkansasgrown.org/listing/jamison-orchard/,B,2026-07-15,promotion_eligible_reviewed,,Fields selected by evidence grade; every source observation remains separately auditable.
AR-D8CA605EFF,LTB Farms,ltb farms,farm,unique_source_name_reviewed,AR,Howard,Nashville,71852,"Nashville, AR 71852, USA",public_business_address_reviewed_for_future_reduced_precision,33.94811,-93.84739,"Beef, Chicken, Goat, Sheep/Lamb",Arkansas Grown member,870-557-1287,ltbfarms@myyahoo.com,internal_until_public_use_review,https://www.youtube.com/channel/UCt-eQkgsLEZq6qK3x_7h7vQ,https://www.facebook.com/ltbfarms,https://www.instagram.com/arkansasgrownandmade/,,False,False,False,False,False,False,False,1,arobs_341df06f0d387dc5cd0c,Arkansas Department of Agriculture — Arkansas Grown directory,https://arkansasgrown.org/listing/ltb-farms/,B,2026-07-15,promotion_eligible_reviewed,,Fields selected by evidence grade; every source observation remains separately auditable.
AR-CD139B9FA7,Sunshine Acres Greenhouses and Garden Center,sunshine acres greenhouses and garden center,farm,unique_source_name_reviewed,AR,Howard,Nashville,71852,126 Hempstead 33 South Nashville Arkansas 71852,public_business_address_reviewed_for_future_reduced_precision,33.97353,-93.80895,"Herbs, Perennials, Shrubs, Vegetables",Arkansas Grown member,870-845-1385,sunshineacres71852@yahoo.com,internal_until_public_use_review,https://arfarmtoschool.org,https://www.facebook.com/Sunshine-Acres-102162366492156/photos/?ref=page_internal,https://www.instagram.com/arkansasgrownandmade/,,False,False,False,False,False,False,False,1,arobs_fbc399767b6c0b1a3fd1,Arkansas Department of Agriculture — Arkansas Grown directory,https://arkansasgrown.org/listing/sunshine-acres-garden-center/,B,2026-07-15,promotion_eligible_reviewed,,Fields selected by evidence grade; every source observation remains separately auditable.
AR-D43E69F007,Tate the Farmer,tate the farmer,farm,unique_source_name_reviewed,AR,Howard,Nashville,,"610 West College Street, Nashville, AR, USA",public_business_address_reviewed_for_future_reduced_precision,33.94706,-93.8536,"Banana Peppers - Varietys, Basil, Blackberries, Broccoli, Cabbage, Cilantro, Cucumbers, Herbs, Muscadine Grapes, Mustard Greens, Tomatoes",Arkansas Grown member,870-557-2783,t8.the.farmer@gmail.com,internal_until_public_use_review,https://arfarmtoschool.org,https://www.facebook.com/tatethefarmer,https://www.instagram.com/arkansasgrownandmade/,,False,False,False,False,False,False,False,1,arobs_030829a2a6e923314b00,Arkansas Department of Agriculture — Arkansas Grown directory,https://arkansasgrown.org/listing/tate-the-farmer/,B,2026-07-15,promotion_eligible_reviewed,,Fields selected by evidence grade; every source observation remains separately auditable.
AR-906C212752,Backyard Foodie Gardener,backyard foodie gardener,farm,unique_source_name_reviewed,AR,Independence,Batesville,,"Batesville, AR, USA",public_business_address_reviewed_for_future_reduced_precision,35.76969,-91.64094,"Asparagus, Banana Peppers - Varietys, Basil, Beans - Snap, Pole, Variety, Beets, Blueberries, Broccoli, Butternut Squash, Cabbage, Cantaloupe, Carrots, Cauliflower, Cherry Tomatoes, Cilantro, Collard Greens, Cucumbers, Eggplant, Figs, Flowers, Garlic, Greens, Green Beans, Green Onion, Herbs, Kale, Leeks, Lettuces—Variety, Melons – Variety, Mizuna, Mustard Greens, Okra, Onions, Oriental Vegetables, Parsley, Peas, Peppers - Variety, Potatoes, Radishes, Romaine, Squash, Strawberries, Sweet Potatoes, Swiss Chard, Tomatoes, Turnips, Watermelon, Yellow Squash, Zucchini",Arkansas Grown member,870-805-8967,backyardfoodiegardener@gmail.com,internal_until_public_use_review,https://www.youtube.com/@thebackyardfoodiegardener,https://www.facebook.com/backyardfoodiegardener/,https://www.instagram.com/arkansasgrownandmade/,,False,False,False,False,False,False,False,1,arobs_0582bcd00fa1852bac16,Arkansas Department of Agriculture — Arkansas Grown directory,https://arkansasgrown.org/listing/backyard-foodie-gardener-2/,B,2026-07-15,promotion_eligible_reviewed,,Fields selected by evidence grade; every source observation remains separately auditable.
AR-F63D902D99,BDR Butchering LLC,bdr butchering,farm,unique_source_name_reviewed,AR,Independence,Batesville,72501,1651 White Dr Batesville Arkansas 72501,public_business_address_reviewed_for_future_reduced_precision,35.79178,-91.62939,"Beef, Pork",Arkansas Grown member,870-793-7541,meachampacking@yahoo.com,internal_until_public_use_review,https://arfarmtoschool.org,https://www.facebook.com/arkansasgrownandmade/,https://www.instagram.com/arkansasgrownandmade/,,False,False,False,False,False,False,False,1,arobs_116870a941f150b6b70b,Arkansas Department of Agriculture — Arkansas Grown directory,https://arkansasgrown.org/listing/bdr-butchering-llc/,B,2026-07-15,promotion_eligible_reviewed,,Fields selected by evidence grade; every source observation remains separately auditable.
AR-2A28BDA5CC,Cave Creek Farms,cave creek farms,farm,unique_source_name_reviewed,AR,Independence,Batesville,,"805 Cave Creek Road, Batesville, AR, USA",public_business_address_reviewed_for_future_reduced_precision,35.82679,-91.61173,"Beef, Eggs, Fruits, Honey, Livestock, Sheep/Lamb",Arkansas Grown member,870-949-0863,info@cavecreekfarms.com,internal_until_public_use_review,https://arfarmtoschool.org,http://www.facebook.com/CaveCreekAR,https://www.instagram.com/arkansasgrownandmade/,,False,False,False,False,False,False,False,1,arobs_b7abf8b55661ee6ed7fb,Arkansas Department of Agriculture — Arkansas Grown directory,https://arkansasgrown.org/listing/cave-creek-farms/,B,2026-07-15,promotion_eligible_reviewed,,Fields selected by evidence grade; every source observation remains separately auditable.
AR-805A794E8F,Garden Girl Farm Fresh Produce & More,garden girl farm fresh produce and more,farm,unique_source_name_reviewed,AR,Independence,Pleasant Plains,72568,6990 Batesville Blvd. Pleasant Plains Arkansas 72568,public_business_address_reviewed_for_future_reduced_precision,35.54842,-91.62185,"Apples, Beans, Blackberries, Blueberries, Cantaloupe, Corn, Cucumbers, Kale, Muscadine Grapes, Okra, Pumpkins, Squash, Strawberries, Watermelon, Zucchini, Other",Arkansas Grown member,870-613-4588,gardengirl.farmfreshproduce@gmail.com,internal_until_public_use_review,https://arfarmtoschool.org,https://www.facebook.com/Garden-Girl-Farm-Fresh-Produce-More-Market-100347110156014,https://www.instagram.com/arkansasgrownandmade/,,False,False,False,False,False,False,False,1,arobs_c3a8b3f68f2c97151fb7,Arkansas Department of Agriculture — Arkansas Grown directory,https://arkansasgrown.org/listing/garden-girl-farm-fresh-produce-more/,B,2026-07-15,promotion_eligible_reviewed,,Fields selected by evidence grade; every source observation remains separately auditable.
AR-D4473ED361,Hackberry Farm,hackberry farm,farm,unique_source_name_reviewed,AR,Independence,Batesville,72501,"5440 Bethesda Road, Batesville, Arkansas 72501, USA",public_business_address_reviewed_for_future_reduced_precision,35.83829,-91.75335,"AG education, Sheep/Lamb, Other",Arkansas Grown member,870-307-4440,jessandadamhogue@gmail.com,internal_until_public_use_review,http://www.hackberryfarm.etsy.com,http://www.facebook.com/hackberryfarmshetlands,http://www.instagram.com/hackberry_farm,,True,False,True,False,False,False,False,1,arobs_b7903be492dfec7b8553,Arkansas Department of Agriculture — Arkansas Grown directory,https://arkansasgrown.org/listing/hackberry-farm/,B,2026-07-15,promotion_eligible_reviewed,,Fields selected by evidence grade; every source observation remains separately auditable.
AR-B394737B7F,Jumpmaster Ranch LLC,jumpmaster ranch,farm,unique_source_name_reviewed,AR,Independence,Batesville,,"Batesville, AR, USA",public_business_address_reviewed_for_future_reduced_precision,35.7698,-91.64097,"Chicken, Eggs, Hay",Arkansas Grown member,910-988-1575,barbarahenson@jumpmasterranch.com,internal_until_public_use_review,https://arfarmtoschool.org,https://www.facebook.com/arkansasgrownandmade/,https://www.instagram.com/arkansasgrownandmade/,,False,False,False,False,False,False,False,1,arobs_b82a0d8ba7f1825860b4,Arkansas Department of Agriculture — Arkansas Grown directory,https://arkansasgrown.org/listing/jumpmaster-ranch-llc-2/,B,2026-07-15,promotion_eligible_reviewed,,Fields selected by evidence grade; every source observation remains separately auditable.
AR-1FB4C3AC39,Leis Creek Farm To Fork,leis creek farm to fork,farm,unique_source_name_reviewed,AR,Independence,Pleasant Plains,,"896 Main Street, Pleasant Plains, AR, USA",public_business_address_reviewed_for_future_reduced_precision,35.54155,-91.62336,"Beef, Chicken, Eggs, Pork, Sheep/Lamb",Arkansas Grown member,501-247-4425,leiscreekfarmtofork@gmail.com,internal_until_public_use_review,https://arfarmtoschool.org,https://www.facebook.com/leiscreekfarmtofork,https://instagram.com/leiscreekcattleco?igshid=MzRIODBiNWFIZA==,,False,False,False,False,False,False,False,1,arobs_82935f620ef37fe6a15a,Arkansas Department of Agriculture — Arkansas Grown directory,https://arkansasgrown.org/listing/leis-creek-farm-to-fork/,B,2026-07-15,promotion_eligible_reviewed,,Fields selected by evidence grade; every source observation remains separately auditable.
AR-DA0867EC25,Main Street Batesville Downtown Farmers Market,main street batesville downtown farmers market,farm,unique_source_name_reviewed,AR,Independence,Batesville,72501,"180 N Central Ave, Batesville, AR 72501, USA",public_business_address_reviewed_for_future_reduced_precision,35.77078,-91.65432,"Eggs, Honey, Microgreens, Milk, Pumpkins, Strawberries, Tomatoes, Vegetables, Watermelon, Other",Arkansas Grown member,,farmersmarketmsb@gmail.com,internal_until_public_use_review,https://arfarmtoschool.org,https://www.facebook.com/share/1C4Dmd1mxe/,https://www.instagram.com/arkansasgrownandmade/,,False,False,False,False,False,False,False,1,arobs_986013078c8ffe0a8176,Arkansas Department of Agriculture — Arkansas Grown directory,https://arkansasgrown.org/listing/main-street-batesville-downtown-farmers-market/,B,2026-07-15,promotion_eligible_reviewed,,Fields selected by evidence grade; every source observation remains separately auditable.
AR-E793483CEB,Past Due Farms,past due farms,farm,unique_source_name_reviewed,AR,Independence,Cave City,72521,340 Sunset Ridge,public_business_address_reviewed_for_future_reduced_precision,,,pork; rabbit; raw milk,LocalHarvest Family Farm,(870) 834-8959,,internal_until_public_use_review,,,,,True,False,False,False,False,False,False,1,arobs_3b87bb0a57a969474295,LocalHarvest — Arkansas county-seat gap search,https://www.localharvest.org/past-due-farms-M71074,D,2026-07-15,promotion_eligible_reviewed,,Fields selected by evidence grade; every source observation remains separately auditable.
AR-B9B073B80B,RidgeRunner Blackberry Farm,ridgerunner blackberry farm,farm,unique_source_name_reviewed,AR,Independence,Floral,72534,,public_business_address_reviewed_for_future_reduced_precision,,,U-pick crops; agritourism,U-pick; agritourism,,thechapelatridgerunnerfarm@gmail.com,internal_until_public_use_review,,https://www.facebook.com/RidgeRunner-Blackberry-Farm-423028437896069,,,True,False,False,False,True,False,False,1,arobs_dbd7ecad1beb513502f7,PickYourOwn — Northeast Arkansas,https://www.pickyourown.org/ARne.htm,E,2026-07-15,research_or_qa_queue,single grade-E discovery listing needs corroboration,Fields selected by evidence grade; every source observation remains separately auditable.
AR-8658FA45AF,Williams Berry Farm,williams berry farm,farm,unique_source_name_reviewed,AR,Independence,Batesville,72501,,public_business_address_reviewed_for_future_reduced_precision,,,U-pick crops; agritourism,U-pick; agritourism,,,internal_until_public_use_review,,,,,True,False,False,False,True,False,False,1,arobs_364a9f5cf8dc82eeef08,PickYourOwn — Northeast Arkansas,https://www.pickyourown.org/ARne.htm,E,2026-07-15,research_or_qa_queue,single grade-E discovery listing needs corroboration; source reports closure and requires affirmative curator decision,Fields selected by evidence grade; every source observation remains separately auditable.
AR-F22991CEE2,Brooke Drake,brooke drake,farm,unique_source_name_reviewed,AR,Izard,Franklin,,,public_business_address_reviewed_for_future_reduced_precision,,,chicken; pork; rabbit; eggs; raw milk; beets; broccoli; brussels sprouts; cabbage; carrots; lettuce; peas; radishes; salad greens; tomatoes; fresh flowers; cucumber; garlic; green beans; hot peppers; okra; onions; summer squash; sweet peppers; zucchini; blackberries; melons; rhubarb; watermelons; medicinal herbs; winter-squash; Plymouth Rock Chicken,LocalHarvest Family Farm,(719) 429-9757,,internal_until_public_use_review,https://Hayeshumblehomestead.com,,,,True,False,False,False,False,False,False,1,arobs_2747bfd7ca897751530c,LocalHarvest — Arkansas county-seat gap search,https://www.localharvest.org/brooke-drake-M83096,D,2026-07-15,promotion_eligible_reviewed,,Fields selected by evidence grade; every source observation remains separately auditable.
AR-A0102CEFD5,Crossroads Gardens,crossroads gardens,farm,unique_source_name_reviewed,AR,Izard,Pineville,,"556 West Crossroads, Pineville, Arkansas, USA",public_business_address_reviewed_for_future_reduced_precision,36.19504,-92.10402,"Broccoli, Butternut Squash, Cabbage, Cauliflower, Cherry Tomatoes, Cucumbers, Eggplant, Flowers, Garlic, Green Beans, Green Onion, Herbs, Kale, Lettuces—Variety, Melons – Variety, Okra, Onions, Peas, Peppers - Variety, Potatoes, Pumpkins, Radishes, Romaine, Squash, Sweet Potatoes, Swiss Chard, Tomatoes, Turnips, Vegetables, Yellow Squash, Zucchini",Arkansas Grown member,870-297-4216,joeyandbeth@crossroadsgardens.com,internal_until_public_use_review,http://www.youtube.com/@CrossroadsGardens,https://www.facebook.com/profile.php?id=100057598083382,https://www.instagram.com/crossroads_gardens,,False,False,False,False,False,False,False,1,arobs_9a94f6253c15dd0baf95,Arkansas Department of Agriculture — Arkansas Grown directory,https://arkansasgrown.org/listing/crossroads-gardens/,B,2026-07-15,promotion_eligible_reviewed,,Fields selected by evidence grade; every source observation remains separately auditable.
AR-50A55D9D4D,Izard County Farmers Market,izard county farmers market,farm,unique_source_name_reviewed,AR,Izard,Melbourne,,"Melbourne, AR, USA",public_business_address_reviewed_for_future_reduced_precision,36.05929,-91.90712,"Annuals, Herbs, Honey, Peppers - Variety, Potatoes, Pumpkins, Squash, Tomatoes",Arkansas Grown member,,MelbourneVeggies@gmail.com,internal_until_public_use_review,https://arfarmtoschool.org,https://www.facebook.com/MelbourneFarmToTable,https://www.instagram.com/arkansasgrownandmade/,,False,False,True,False,False,False,False,1,arobs_15671d04441076c8ae9f,Arkansas Department of Agriculture — Arkansas Grown directory,https://arkansasgrown.org/listing/izard-county-farmers-market/,B,2026-07-15,promotion_eligible_reviewed,,Fields selected by evidence grade; every source observation remains separately auditable.
AR-BDAF06FF33,Outspire Homestead,outspire homestead,farm,unique_source_name_reviewed,AR,Izard,Melbourne,,"Melbourne, AR, USA",public_business_address_reviewed_for_future_reduced_precision,36.05929,-91.90712,"Eggs, Herbs",Arkansas Grown member,501-225-1598,OutspireHomestead@gmail.com,internal_until_public_use_review,https://arfarmtoschool.org,https://www.facebook.com/OutspireHomestead,https://www.instagram.com/arkansasgrownandmade/,,False,False,False,False,False,False,False,1,arobs_632b4ca032238ba9e053,Arkansas Department of Agriculture — Arkansas Grown directory,https://arkansasgrown.org/listing/outspire-homestead/,B,2026-07-15,promotion_eligible_reviewed,,Fields selected by evidence grade; every source observation remains separately auditable.
AR-DEC5349DD4,PINEY CREEK FARM KUNEKUNES,piney creek farm kunekunes,farm,unique_source_name_reviewed,AR,Izard,Calico Rock,,"747 Rock Wall Fork, Calico Rock, AR, USA",public_business_address_reviewed_for_future_reduced_precision,36.11171,-92.07627,Livestock,Arkansas Grown member,870-291-8906,pineycreekfarmkunekunes@gmail.com,internal_until_public_use_review,https://arfarmtoschool.org,https://www.facebook.com/ozarkmtnkunekune,https://www.instagram.com/brendas.kunekunes/,,False,False,False,False,False,False,False,1,arobs_9a26ba0766b34ad4aac4,Arkansas Department of Agriculture — Arkansas Grown directory,https://arkansasgrown.org/listing/piney-creek-farm-kunekunes/,B,2026-07-15,promotion_eligible_reviewed,,Fields selected by evidence grade; every source observation remains separately auditable.
AR-DC20A648F5,Piney Fork Berry Farm,piney fork berry farm,farm,unique_source_name_reviewed,AR,Izard,Zion,72556,,public_business_address_reviewed_for_future_reduced_precision,,,U-pick crops; agritourism,U-pick; agritourism,870-368-5001,kjv1611@centurytel.net,internal_until_public_use_review,,,,,True,False,False,False,True,False,False,1,arobs_9a7ef5dcc3295337ae9e,PickYourOwn — Northeast Arkansas,https://www.pickyourown.org/ARne.htm,E,2026-07-15,research_or_qa_queue,single grade-E discovery listing needs corroboration,Fields selected by evidence grade; every source observation remains separately auditable.
AR-9ED35AAB7E,"RUTHIE MOUNTAIN SMOKED PEPPER, LLC",ruthie mountain smoked pepper,farm,unique_source_name_reviewed,AR,Izard,,,"Sage, AR, USA",public_business_address_reviewed_for_future_reduced_precision,36.0459,-91.81626,Peppers - Variety,Arkansas Grown member,8703683093,katie@ruthiemountainsmokedpepper.com,internal_until_public_use_review,https://arfarmtoschool.org,https://www.facebook.com/arkansasgrownandmade/,https://www.instagram.com/arkansasgrownandmade/,,False,False,False,False,False,False,False,1,arobs_a7a042cac89812030630,Arkansas Department of Agriculture — Arkansas Grown directory,https://arkansasgrown.org/listing/ruthie-mountain-smoked-pepper-llc/,B,2026-07-15,research_or_qa_queue,city or safe public service area missing,Fields selected by evidence grade; every source observation remains separately auditable.
AR-4D65CA82DE,Three Little Goats Homestead,three little goats homestead,farm,unique_source_name_reviewed,AR,Izard,Franklin,72536,"Franklin, AR 72536, USA",public_business_address_reviewed_for_future_reduced_precision,36.14147,-91.77336,Milk,Arkansas Grown member,8703731002,jamiesatterwaite@gmail.com,internal_until_public_use_review,http://YouTube.com/threelittlegoats,http://Facebook.com/threelittlegoats,http://Instagram.com/threelittlegoatshomestead,,False,False,False,False,False,False,False,1,arobs_4290970a1f666f833e22,Arkansas Department of Agriculture — Arkansas Grown directory,https://arkansasgrown.org/listing/three-little-goats-homestead/,B,2026-07-15,promotion_eligible_reviewed,,Fields selected by evidence grade; every source observation remains separately auditable.
AR-3932405EEC,Baumgarner Farms,baumgarner farms,farm,unique_source_name_reviewed,AR,Jackson,Tupelo,72169,,public_business_address_reviewed_for_future_reduced_precision,,,U-pick crops; agritourism,U-pick; agritourism,501-626-3737,debbum2001@hotmail.com,internal_until_public_use_review,,,,,True,False,False,False,True,False,False,1,arobs_8416242411ec3b0a63ab,PickYourOwn — Northeast Arkansas,https://www.pickyourown.org/ARne.htm,E,2026-07-15,research_or_qa_queue,single grade-E discovery listing needs corroboration,Fields selected by evidence grade; every source observation remains separately auditable.
AR-1161238D64,Berries by Bill,berries by bill,farm,unique_source_name_reviewed,AR,Jackson,Newport,72112,,public_business_address_reviewed_for_future_reduced_precision,,,U-pick crops; agritourism,U-pick; agritourism,870-503-0139,,internal_until_public_use_review,,,,,True,False,False,False,True,False,False,1,arobs_8f018045db6086e1d860,PickYourOwn — Northeast Arkansas,https://www.pickyourown.org/ARne.htm,E,2026-07-15,research_or_qa_queue,single grade-E discovery listing needs corroboration,Fields selected by evidence grade; every source observation remains separately auditable.
AR-FF5053D282,"Burtons, Inc",burtons inc,farm,unique_source_name_reviewed,AR,Jackson,Tupelo,72169,,public_business_address_reviewed_for_future_reduced_precision,,,U-pick crops; agritourism,U-pick; agritourism,870-744-2262,,internal_until_public_use_review,,,,,True,False,False,False,True,False,False,1,arobs_215f31361be0559a23d3,PickYourOwn — Northeast Arkansas,https://www.pickyourown.org/ARne.htm,E,2026-07-15,research_or_qa_queue,single grade-E discovery listing needs corroboration,Fields selected by evidence grade; every source observation remains separately auditable.
AR-E49A8D73CB,"Cindy's Pecan Goodies, LLC",cindys pecan goodies,producer_requires_type_review,unique_source_name_reviewed,AR,Jackson,Newport,,"4050 Jackson 37, Newport, AR, USA",public_business_address_reviewed_for_future_reduced_precision,35.60562,-91.18023,Pecans,Arkansas Grown member,870-512-9872,cindy60543@gmail.com,internal_until_public_use_review,http://cindyspecangoodies.com,https://www.facebook.com/profile.php?id=61553933682498,https://www.instagram.com/cindys_pecan_goodies,,False,False,True,False,False,False,False,1,arobs_3e3f599c035ad1409f53,Arkansas Department of Agriculture — Arkansas Grown directory,https://arkansasgrown.org/listing/cindys-pecan-goodies-llc/,B,2026-07-15,research_or_qa_queue,directory candidate needs independent farm-operation evidence,Fields selected by evidence grade; every source observation remains separately auditable.
AR-81CCE37245,Downtown Newport Farmers Market,downtown newport farmers market,farm,unique_source_name_reviewed,AR,Jackson,Newport,72112,"201 Malcolm Avenue, Newport, Arkansas 72112, USA",public_business_address_reviewed_for_future_reduced_precision,35.60697,-91.27623,"Annuals, Apples, Beets, Blackberries, Cabbage, Cantaloupe, Cherry Tomatoes, Corn, Cucumbers, Flowers, Fruits, Green Beans, Herbs, Honey, Kale, Leeks, Okra, Peaches, Peas, Peppers - Variety, Perennials, Plums, Potatoes, Pumpkins, Radishes, Squash, Strawberries, Sweet Corn, Sweet Potatoes, Tomatoes, Vegetables, Watermelon, Yellow Squash, Zucchini",Arkansas Grown member,870-217-9387,denaread@hotmail.com,internal_until_public_use_review,https://arfarmtoschool.org,https://www.facebook.com/Downtown-Newport-Farmers-Market-1454514414840500/,https://www.instagram.com/arkansasgrownandmade/,,False,False,False,False,False,False,False,1,arobs_9300f7b79c103a7d0187,Arkansas Department of Agriculture — Arkansas Grown directory,https://arkansasgrown.org/listing/downtown-newport-farmers-market/,B,2026-07-15,promotion_eligible_reviewed,,Fields selected by evidence grade; every source observation remains separately auditable.
AR-ACE8D4720F,Farmers Elevator and Warehouse,farmers elevator and warehouse,producer_requires_type_review,unique_source_name_reviewed,AR,Jackson,Newport,72112,124 Beech Street Newport Arkansas 72112,public_business_address_reviewed_for_future_reduced_precision,35.60837,-91.28038,Seeds,Arkansas Grown member,870-523-3195,Seed@cei.net,internal_until_public_use_review,https://arfarmtoschool.org,https://www.facebook.com/arkansasgrownandmade/,https://www.instagram.com/arkansasgrownandmade/,,False,False,False,False,False,False,False,1,arobs_cbd25f8654f24f35d753,Arkansas Department of Agriculture — Arkansas Grown directory,https://arkansasgrown.org/listing/farmers-elevator-and-warehouse/,B,2026-07-15,research_or_qa_queue,directory candidate needs independent farm-operation evidence,Fields selected by evidence grade; every source observation remains separately auditable.
AR-3C3EEE6C99,"Shoffner Farm Research, Inc.",shoffner farm research,farm,unique_source_name_reviewed,AR,Jackson,Newport,72112,191 Jackson 136 Newport Arkansas 72112,public_business_address_reviewed_for_future_reduced_precision,35.45127,-91.20829,Seeds,Arkansas Grown member,870-744-8237,Shoffner@cei.net,internal_until_public_use_review,https://arfarmtoschool.org,https://www.facebook.com/arkansasgrownandmade/,https://www.instagram.com/arkansasgrownandmade/,,False,False,False,False,False,False,False,1,arobs_eab1e210e6ed38dfbd86,Arkansas Department of Agriculture — Arkansas Grown directory,https://arkansasgrown.org/listing/shoffner-farm-research-inc/,B,2026-07-15,promotion_eligible_reviewed,,Fields selected by evidence grade; every source observation remains separately auditable.
AR-D41485B592,Back To Nature Farm,back to nature farm,farm,unique_source_name_reviewed,AR,Jefferson,Pine Bluff,,"2401 South Catalpa Street, Pine Bluff, AR, USA",public_business_address_reviewed_for_future_reduced_precision,34.20543,-92.03343,Vegetables,Arkansas Grown member,870 794 3693,binaryrack@gmail.com,internal_until_public_use_review,https://arfarmtoschool.org,https://www.facebook.com/arkansasgrownandmade/,https://www.instagram.com/arkansasgrownandmade/,,False,False,False,False,False,False,False,1,arobs_35b82a12ee9548b4a6a8,Arkansas Department of Agriculture — Arkansas Grown directory,https://arkansasgrown.org/listing/back-to-nature-farm/,B,2026-07-15,promotion_eligible_reviewed,,Fields selected by evidence grade; every source observation remains separately auditable.
AR-6C377A04D1,D&S Produce,d and s produce,farm,unique_source_name_reviewed,AR,Jefferson,Pine Bluff,71601,2205 N. University Drive Pine Bluff Arkansas 71601,public_business_address_reviewed_for_future_reduced_precision,34.22622,-92.01954,"Broccoli, Collard Greens, Kale, Okra, Peas, Pecans, Squash, Turnip Greens, Turnips, Vegetables, Watermelon, Yellow Squash, Zucchini",Arkansas Grown member,870-413-0060,dsproduce.cd@gmail.com,internal_until_public_use_review,https://arfarmtoschool.org,https://www.facebook.com/arkansasgrownandmade/,https://www.instagram.com/arkansasgrownandmade/,,False,False,False,False,False,False,False,1,arobs_266182e92f91e48f4c5e,Arkansas Department of Agriculture — Arkansas Grown directory,https://arkansasgrown.org/listing/ds-produce/,B,2026-07-15,promotion_eligible_reviewed,,Fields selected by evidence grade; every source observation remains separately auditable.
AR-93F279BD6D,"Pense Nursery, Inc.",pense nursery,farm,unique_source_name_reviewed,AR,Jefferson,Mountainburg,72946,,public_business_address_reviewed_for_future_reduced_precision,,,U-pick crops; agritourism,U-pick; agritourism,479-217-1163,dj3897508@gmail.com,internal_until_public_use_review,https://penseberryfarm.com/,https://www.facebook.com/PenseNurseryInc,,,True,False,False,False,True,False,False,1,arobs_0aa4b4c7137b9281db43,PickYourOwn — Central Arkansas,https://www.pickyourown.org/ARlittlerock.htm,E,2026-07-15,research_or_qa_queue,single grade-E discovery listing needs corroboration,Fields selected by evidence grade; every source observation remains separately auditable.
AR-5CC08FAFC8,Quality Worm Farm,quality worm farm,farm,unique_source_name_reviewed,AR,Jefferson,Pine Bluff,71601,1109 West 6th Street Pine Bluff Arkansas 71601,public_business_address_reviewed_for_future_reduced_precision,34.2241,-92.01429,Worm and Castings,Arkansas Grown member,870-329-2518,mccraneyvernon@yahoo.com,internal_until_public_use_review,https://arfarmtoschool.org,https://www.facebook.com/arkansasgrownandmade/,https://www.instagram.com/arkansasgrownandmade/,,False,False,False,False,False,False,False,1,arobs_5f215a2fcbc5b30842c1,Arkansas Department of Agriculture — Arkansas Grown directory,https://arkansasgrown.org/listing/quality-worm-farm/,B,2026-07-15,promotion_eligible_reviewed,,Fields selected by evidence grade; every source observation remains separately auditable.
AR-A443960197,Seeds of Grace,seeds of grace,farm,unique_source_name_reviewed,AR,Jefferson,Redfield,,"Redfield, AR, USA",public_business_address_reviewed_for_future_reduced_precision,34.44424,-92.18524,"Flowers, Vegetables",Arkansas Grown member,501-467-6919,Seedsofgracefarm@gmail.com,internal_until_public_use_review,https://arfarmtoschool.org,https://www.facebook.com/SeedsofGraceFarm,https://www.instagram.com/arkansasgrownandmade/,,False,False,False,False,False,False,False,1,arobs_a3c63c6c0fe45bae7280,Arkansas Department of Agriculture — Arkansas Grown directory,https://arkansasgrown.org/listing/seeds-of-grace/,B,2026-07-15,promotion_eligible_reviewed,,Fields selected by evidence grade; every source observation remains separately auditable.
AR-4A02325331,Spann Farm,spann farm,farm,unique_source_name_reviewed,AR,Jefferson,Redfield,,"6049 Grant 58, Redfield, AR, USA",public_business_address_reviewed_for_future_reduced_precision,34.47063,-92.25817,"Beef, Eggs, Milk, Pork",Arkansas Grown member,501-416-1801,jjjrspann@yahoo.com,internal_until_public_use_review,https://arfarmtoschool.org,https://www.facebook.com/arkansasgrownandmade/,https://www.instagram.com/arkansasgrownandmade/,,False,False,False,False,False,False,False,1,arobs_7a066b91a2083234a59f,Arkansas Department of Agriculture — Arkansas Grown directory,https://arkansasgrown.org/listing/spann-farm/,B,2026-07-15,promotion_eligible_reviewed,,Fields selected by evidence grade; every source observation remains separately auditable.
AR-3346DEBB77,The Perennial Millennial,the perennial millennial,farm,unique_source_name_reviewed,AR,Jefferson,Pine Bluff,71603,9201 Family Drive Pine Bluff Arkansas 71603,public_business_address_reviewed_for_future_reduced_precision,34.18414,-92.12671,"About five years ago, I started to learn about a more self-sufficient lifestyle. I started small with a few veggie plants on the back porch, and it's now grown to a 60'x30' garden, chickens, ducks, turkeys, and a pet pig! We call it our ""farmlet"" and hope to watch it continue to grow! As I was learning, I found canning to be a great way to preserve, and it also made a little money on the side. I just LOVE making jellies and jams and hearing how they remind people of their grandmother's or their favorite restaurants'. I hope to add to more listings as I learn and grow. I create homemade Jams, Jellies, Fruit butters and honeys.",Arkansas Grown member,870-550-5244,payton.burgess34@gmail.com,internal_until_public_use_review,https://arfarmtoschool.org,https://www.facebook.com/theperennialmillennial/?ref=page_internal,https://www.instagram.com/arkansasgrownandmade/,,False,False,False,False,False,False,False,1,arobs_b1989a8e8646b4402986,Arkansas Department of Agriculture — Arkansas Grown directory,https://arkansasgrown.org/listing/the-perennial-millennial/,B,2026-07-15,promotion_eligible_reviewed,,Fields selected by evidence grade; every source observation remains separately auditable.
AR-494EDC3CD5,Circle H Bar Ranch LLC,circle h bar ranch,farm,unique_source_name_reviewed,AR,Johnson,Clarksville,72830,905 CR 3281 Clarksville Arkansas 72830,public_business_address_reviewed_for_future_reduced_precision,35.47331,-93.5359,Beef,Arkansas Grown member,479-746-4539,circlehbarranch2012@gmail.com,internal_until_public_use_review,https://arfarmtoschool.org,https://www.facebook.com/circlehbarranchmeats,https://www.instagram.com/arkansasgrownandmade/,,False,False,False,False,False,False,False,1,arobs_e656cfbef993d7f49e84,Arkansas Department of Agriculture — Arkansas Grown directory,https://arkansasgrown.org/listing/circle-h-bar-ranch-llc/,B,2026-07-15,promotion_eligible_reviewed,,Fields selected by evidence grade; every source observation remains separately auditable.
AR-8738925957,Cox Berry Farm,cox berry farm,farm,unique_source_name_reviewed,AR,Johnson,Clarksville,72830,,public_business_address_reviewed_for_future_reduced_precision,,,U-pick crops; agritourism,U-pick; agritourism,479-754-3707,coxberryfarm@gmail.com,internal_until_public_use_review,https://www.coxberryfarm.com,https://www.facebook.com/coxberryfarm/,,,True,False,False,False,True,False,False,1,arobs_5f0685e58548e8295606,PickYourOwn — Northwest Arkansas,https://www.pickyourown.org/ARnw.htm,E,2026-07-15,research_or_qa_queue,single grade-E discovery listing needs corroboration,Fields selected by evidence grade; every source observation remains separately auditable.
AR-52055E6B46,Ewell Sexton,ewell sexton,farm,unique_source_name_reviewed,AR,Johnson,Clarksville,72830,,public_business_address_reviewed_for_future_reduced_precision,,,U-pick crops; agritourism,U-pick; agritourism,479-754-3346,,internal_until_public_use_review,,,,,True,False,False,False,True,False,False,1,arobs_3a3e9d84f26d541f1ad3,PickYourOwn — Northwest Arkansas,https://www.pickyourown.org/ARnw.htm,E,2026-07-15,research_or_qa_queue,single grade-E discovery listing needs corroboration,Fields selected by evidence grade; every source observation remains separately auditable.
AR-35B5906588,Green Door Farms,green door farms,farm,unique_source_name_reviewed,AR,Johnson,Oark,,"Oark, AR, USA",public_business_address_reviewed_for_future_reduced_precision,35.68953,-93.57241,"Broccoli, Cabbage, Herbs, Onions, Other",Arkansas Grown member,817-692-1273,greendoorfarmsllc@gmail.com,internal_until_public_use_review,https://arfarmtoschool.org,http://www.facebook.com/greendoorfarms/,http://www.instagram.com/greendoorfarms.ar/,,False,False,True,False,False,False,False,1,arobs_78572369784a07ba6dc7,Arkansas Department of Agriculture — Arkansas Grown directory,https://arkansasgrown.org/listing/green-door-farms/,B,2026-07-15,promotion_eligible_reviewed,,Fields selected by evidence grade; every source observation remains separately auditable.
AR-EA2F034B0C,"Johnson County Community Farmers' Market, Inc.",johnson county community farmers market,farm,unique_source_name_reviewed,AR,Johnson,Clarksville,72830,Johnson County Court House Clarksville Arkansas 72830,public_business_address_reviewed_for_future_reduced_precision,35.47086,-93.46512,"Agritourism, Annuals, Banana Peppers - Varietys, Basil, Beans, Beef, Beets, Blackberries, Blueberries, Broccoli, Butter Beans, Butternut Squash, Cabbage, Cantaloupe, Cherry Tomatoes, Cilantro, Collard Greens, Corn, Cucumbers, Eggs, Fruits, Green Beans, Green Onion, Herbs, Honey, Kale, Leeks, Muscadine Grapes, Mustard Greens, Okra, Parsley, Pears, Peas, Peppers - Variety, Perennials, Pork, Potatoes, Pumpkins, Radishes, Raspberries, Romaine, Rutabagas, Sheep/Lamb, Squash, Strawberries, Sweet Corn, Sweet Potatoes, Swiss Chard, Tomatoes, Turnip Greens, Turnips, Vegetables, Watermelon, Yellow Squash, Zucchini, Other",Arkansas Grown member,479-518-5050,jococommunityfarmersmarket@gmail.com,internal_until_public_use_review,https://arfarmtoschool.org,https://www.facebook.com/JoCoFarmersMarket,https://www.instagram.com/arkansasgrownandmade/,,False,False,False,False,False,False,False,1,arobs_cd5370c8b47f61142f36,Arkansas Department of Agriculture — Arkansas Grown directory,https://arkansasgrown.org/listing/johnson-county-community-farmers-market-inc/,B,2026-07-15,promotion_eligible_reviewed,,Fields selected by evidence grade; every source observation remains separately auditable.
AR-3059E3F897,Knoxvilleberry Farm,knoxvilleberry farm,farm,unique_source_name_reviewed,AR,Johnson,Knoxville,72845,,public_business_address_reviewed_for_future_reduced_precision,,,U-pick crops; agritourism,U-pick; agritourism,(479) 692-3410,knoxvileberry@gmail.com,internal_until_public_use_review,,https://www.facebook.com/pages/category/Urban-Farm/Knoxville-Berry-Farms-542735622743307/,,,True,False,False,False,True,False,False,1,arobs_c97ba03b215b2ad20e85,PickYourOwn — Northwest Arkansas,https://www.pickyourown.org/ARnw.htm,E,2026-07-15,research_or_qa_queue,single grade-E discovery listing needs corroboration,Fields selected by evidence grade; every source observation remains separately auditable.
AR-4CB5AEB3FE,Peach Pickin' Paradise,peach pickin paradise,farm,merged_exact_name_reviewed,AR,Johnson,Lamar,72846,1901 McGuire Rd Lamar Arkansas 72846,public_business_address_reviewed_for_future_reduced_precision,35.47404,-93.39412,"Nectarines, Peaches; U-pick crops; agritourism",Arkansas Grown member; U-pick; agritourism,479-754-2006,markstevenmorgan@yahoo.com,internal_until_public_use_review,https://arfarmtoschool.org,https://www.facebook.com/peachpickinparadise,https://www.instagram.com/arkansasgrownandmade/,,True,False,False,False,True,False,False,2,arobs_f87d95e32e5c42e8e98c | arobs_d2749e8dfec212c0de08,Arkansas Department of Agriculture — Arkansas Grown directory | PickYourOwn — Northwest Arkansas,https://arkansasgrown.org/listing/peach-pickinao-paradise/ | https://www.pickyourown.org/ARnw.htm,B; E,2026-07-15,promotion_eligible_reviewed,,Fields selected by evidence grade; every source observation remains separately auditable.
AR-3A83719DFD,Bradley Produce,bradley produce,farm,unique_source_name_reviewed,AR,Lafayette,Bradley,,"529 Lafayette 7, Bradley, AR, USA",public_business_address_reviewed_for_future_reduced_precision,33.05492,-93.75838,"Cantaloupe, Green Beans, Honey, Peppers - Variety, Sweet Corn, Tomatoes, Watermelon, Yellow Squash",Arkansas Grown member,8709491958,koehnsweetcorn@gmail.com,internal_until_public_use_review,https://arfarmtoschool.org,https://www.facebook.com/arkansasgrownandmade/,https://www.instagram.com/arkansasgrownandmade/,,False,False,False,False,False,False,False,1,arobs_ce8829d5207b058d3d48,Arkansas Department of Agriculture — Arkansas Grown directory,https://arkansasgrown.org/listing/bradley-produce/,B,2026-07-15,promotion_eligible_reviewed,,Fields selected by evidence grade; every source observation remains separately auditable.
AR-2B9C2D763D,Cedar Hill Farms,cedar hill farms,farm,unique_source_name_reviewed,AR,Lafayette,,,"Arkansas 160, Doddridge, AR, USA",public_business_address_reviewed_for_future_reduced_precision,33.10938,-93.67051,"Beans - Snap, Pole, Variety, Cucumbers, Fruits, Okra, Peppers - Variety",Arkansas Grown member,903-244-7260,cedarhillfarm71834@gmail.com,internal_until_public_use_review,https://arfarmtoschool.org,https://www.facebook.com/profile.php?id=100071086508319,https://www.instagram.com/arkansasgrownandmade/,,False,False,False,False,False,False,False,1,arobs_22475b91e5eab7848c40,Arkansas Department of Agriculture — Arkansas Grown directory,https://arkansasgrown.org/listing/cedar-hill-farms/,B,2026-07-15,research_or_qa_queue,city or safe public service area missing,Fields selected by evidence grade; every source observation remains separately auditable.
AR-9889F749AD,ArkLa produce & Seafood Co. Llc,arkla produce and seafood,farm,unique_source_name_reviewed,AR,Lawrence,Saffell,72572,"170 State Hwy 361, Saffell, AR 72572, USA",public_business_address_reviewed_for_future_reduced_precision,35.91994,-91.27414,"Corn, Strawberries, Tomatoes",Arkansas Grown member,8703841989,mkhuskeylandleveling@gmail.com,internal_until_public_use_review,http://@Arklaproduce&seafood.llc,https://www.facebook.com/arkansasgrownandmade/,https://www.instagram.com/arkansasgrownandmade/,,False,False,False,False,False,False,False,1,arobs_a95112083d4426a10256,Arkansas Department of Agriculture — Arkansas Grown directory,https://arkansasgrown.org/listing/arkla-produce-seafood-co-llc/,B,2026-07-15,promotion_eligible_reviewed,,Fields selected by evidence grade; every source observation remains separately auditable.
AR-A39D9694E0,Autumn Woods,autumn woods,farm,unique_source_name_reviewed,AR,Lawrence,Black Rock,72415,30 Lawrence Road 218 Black Rock Arkansas 72415,public_business_address_reviewed_for_future_reduced_precision,36.13658,-91.13309,"Agritourism, Corn, Pumpkins, Sweet Corn",Arkansas Grown member,870-759-2011,michael.spain1@icloud.com,internal_until_public_use_review,https://arfarmtoschool.org,https://www.facebook.com/Autumn-Woods-Fall-Festival-And-Hayrides-1145069148969788/?ref=page_internal,https://www.instagram.com/arkansasgrownandmade/,,False,False,False,False,False,False,False,1,arobs_f6a23f924970bb1cf86b,Arkansas Department of Agriculture — Arkansas Grown directory,https://arkansasgrown.org/listing/autumn-woods/,B,2026-07-15,promotion_eligible_reviewed,,Fields selected by evidence grade; every source observation remains separately auditable.
AR-0AF28B5109,Heard's Country Market (not a PYO),heards country market not a pyo,farm,unique_source_name_reviewed,AR,Lawrence,Walnut Ridge,72476,,public_business_address_reviewed_for_future_reduced_precision,,,U-pick crops; agritourism,U-pick; agritourism,870-886-6272,rheard@bscn.com,internal_until_public_use_review,,,,,True,False,False,False,True,False,False,1,arobs_f03627f8ccfecfec9e70,PickYourOwn — Northeast Arkansas,https://www.pickyourown.org/ARne.htm,E,2026-07-15,research_or_qa_queue,single grade-E discovery listing needs corroboration,Fields selected by evidence grade; every source observation remains separately auditable.
AR-E76E4963A7,Home to the Farm,home to the farm,farm,unique_source_name_reviewed,AR,Lawrence,Black Rock,72415,565 Lawrence Road 131,public_business_address_reviewed_for_future_reduced_precision,,,cashmere; mohair; wool,LocalHarvest Family Farm,(870) 869-0004,,internal_until_public_use_review,https://www.hometothefarm.com,,,,True,False,False,False,False,False,False,1,arobs_eceac48fc0a5bca09458,LocalHarvest — Arkansas county-seat gap search,https://www.localharvest.org/home-to-the-farm-M24618,D,2026-07-15,promotion_eligible_reviewed,,Fields selected by evidence grade; every source observation remains separately auditable.
AR-5A4D438552,Little Homestead Market/Dian's Ozark Quilts,little homestead market dians ozark quilts,farm,unique_source_name_reviewed,AR,Lawrence,,,"2MGH+V7 Jesup, AR, USA",public_business_address_reviewed_for_future_reduced_precision,36.02716,-91.32186,"A place created as an extension of our homestead to sell homegrown/homemade products from our homestead. We have a variety of items in season but also other items yearround, including quilts & machine quilting service, aprons, free range chicken eggs, jellies jams & marmalades, baked goods, homemade peanut butter fudge, herbs & spices seasonings, baking mixes & essential oils.",Arkansas Grown member,870-844-0244,potter72450@yahoo.com,internal_until_public_use_review,https://arfarmtoschool.org,https://www.facebook.com/arkansasgrownandmade/,https://www.instagram.com/arkansasgrownandmade/,,False,False,False,False,False,False,False,1,arobs_a21cd58a11e950fcf394,Arkansas Department of Agriculture — Arkansas Grown directory,https://arkansasgrown.org/listing/little-homestead-market-dians-ozark-quilts/,B,2026-07-15,research_or_qa_queue,city or safe public service area missing,Fields selected by evidence grade; every source observation remains separately auditable.
AR-3E2D8AA3D7,Powhatan Farms,powhatan farms,farm,unique_source_name_reviewed,AR,Lawrence,Powhatan,72458,3537 Hwy 117 Powhatan Arkansas 72458,public_business_address_reviewed_for_future_reduced_precision,36.09783,-91.13662,"Powhatan Farms is a family farm that produces pastured meats, including chicken, turkey and beef.",Arkansas Grown member,501-626-3730,,internal_until_public_use_review,,,,,False,False,False,False,False,False,False,1,arobs_872efeeed2aeeb19def3,Arkansas Department of Agriculture — Arkansas Grown directory,https://arkansasgrown.org/listing/powhatan-farms/,B,2026-07-15,promotion_eligible_reviewed,,Fields selected by evidence grade; every source observation remains separately auditable.
AR-455ED18E6C,Praiseworthy Foods,praiseworthy foods,farm,unique_source_name_reviewed,AR,Lawrence,Smithville,72466,60 Lawrence 2692 Smithville Arkansas 72466,public_business_address_reviewed_for_future_reduced_precision,36.08035,-91.30374,"Banana Peppers - Varietys, Basil, Beef, Cabbage, Chicken, Cucumbers, Eggs, Herbs, Peas, Peppers - Variety, Pork, Potatoes, Squash, Tomatoes, Yellow Squash",Arkansas Grown member,870-528-0347,praiseworthyfoods@gmail.com,internal_until_public_use_review,https://arfarmtoschool.org,https://www.facebook.com/praiseworthyfoods/?fref=ts,https://www.instagram.com/arkansasgrownandmade/,,False,False,False,False,False,False,False,1,arobs_189382b23e8659781fc0,Arkansas Department of Agriculture — Arkansas Grown directory,https://arkansasgrown.org/listing/praiseworthy-foods/,B,2026-07-15,promotion_eligible_reviewed,,Fields selected by evidence grade; every source observation remains separately auditable.
AR-5A01DD1CF4,The Makers Market,the makers market,farm,unique_source_name_reviewed,AR,Lawrence,Walnut Ridge,,"116 West Main Street, Walnut Ridge, AR, USA",public_business_address_reviewed_for_future_reduced_precision,36.06885,-90.9562,Vegetables,Arkansas Grown member,870-878-1152,themakersmarket.southside@gmail.com,internal_until_public_use_review,https://arfarmtoschool.org,https://www.facebook.com/profile.php?id=100088827855795,https://www.instagram.com/arkansasgrownandmade/,,False,False,False,False,False,False,False,1,arobs_28f44b15071e795c8149,Arkansas Department of Agriculture — Arkansas Grown directory,https://arkansasgrown.org/listing/the-makers-market/,B,2026-07-15,promotion_eligible_reviewed,,Fields selected by evidence grade; every source observation remains separately auditable.
AR-490218B81F,Marianna Farmers Market,marianna farmers market,producer_requires_type_review,unique_source_name_reviewed,AR,Lee,Marianna,,"Marianna, AR, USA",public_business_address_reviewed_for_future_reduced_precision,34.77371,-90.75761,,Arkansas Grown member,501-438-5139,mariannachamber@yahoo.com,internal_until_public_use_review,https://arfarmtoschool.org,https://www.facebook.com/arkansasgrownandmade/,https://www.instagram.com/arkansasgrownandmade/,,False,False,False,False,False,False,False,1,arobs_a8584a5c23b68f9e0e97,Arkansas Department of Agriculture — Arkansas Grown directory,https://arkansasgrown.org/listing/marianna-farmers-market/,B,2026-07-15,research_or_qa_queue,products or farm activity missing; directory candidate needs independent farm-operation evidence,Fields selected by evidence grade; every source observation remains separately auditable.
AR-95B67D8B8C,Treat Flower Farm aka Friendly Flowers,treat flower farm aka friendly flowers,farm,unique_source_name_reviewed,AR,Lee,,,"Lee County, Arkansas, AR, USA",public_business_address_reviewed_for_future_reduced_precision,34.77127,-90.8294,Flowers,Arkansas Grown member,,treatflowerfarm@gmail.com,internal_until_public_use_review,https://arfarmtoschool.org,http://facebook.com/treatflowerfarm,http://instagram.com/treatflowerfarm,,True,False,True,False,False,False,False,1,arobs_22858462ba397cef950a,Arkansas Department of Agriculture — Arkansas Grown directory,https://arkansasgrown.org/listing/treat-flower-farm-aka-friendly-flowers/,B,2026-07-15,research_or_qa_queue,city or safe public service area missing,Fields selected by evidence grade; every source observation remains separately auditable.
AR-7CE378DC48,Frank Gibson,frank gibson,farm,unique_source_name_reviewed,AR,Lincoln,Star City,71667,,public_business_address_reviewed_for_future_reduced_precision,,,U-pick crops; agritourism,U-pick; agritourism,870-628-3608,,internal_until_public_use_review,,,,,True,False,False,False,True,False,False,1,arobs_fe154f86f33bd7b446ad,PickYourOwn — Southeast Arkansas,https://www.pickyourown.org/ARse.htm,E,2026-07-15,research_or_qa_queue,single grade-E discovery listing needs corroboration,Fields selected by evidence grade; every source observation remains separately auditable.
AR-09E2F54C1A,Lick Creek Meats,lick creek meats,farm,unique_source_name_reviewed,AR,Little River,Ashdown,71822,161 LR 145 Ashdown Arkansas 71822,public_business_address_reviewed_for_future_reduced_precision,33.67429,-94.13131,"Beef, Pork",Arkansas Grown member,806-778-6067,lickcreekmeats@gmail.com,internal_until_public_use_review,https://arfarmtoschool.org,https://www.facebook.com/lickcreekmeats,https://www.instagram.com/arkansasgrownandmade/,,False,False,False,False,False,False,False,1,arobs_d4c873902d56a49275a0,Arkansas Department of Agriculture — Arkansas Grown directory,https://arkansasgrown.org/listing/lick-creek-meats/,B,2026-07-15,promotion_eligible_reviewed,,Fields selected by evidence grade; every source observation remains separately auditable.
AR-938A9C9E1D,Little River County Farmers Market,little river county farmers market,producer_requires_type_review,unique_source_name_reviewed,AR,Little River,Ashdown,71822,180 E. Whitaker St. Ashdown Arkansas 71822,public_business_address_reviewed_for_future_reduced_precision,33.67399,-94.12849,Banana Peppers - Varietys,Arkansas Grown member,870-898-2758,lrcoc0436@sbcglobal.net,internal_until_public_use_review,https://arfarmtoschool.org,https://www.facebook.com/arkansasgrownandmade/,https://www.instagram.com/arkansasgrownandmade/,,False,False,False,False,False,False,False,1,arobs_daf8632177aaa1520055,Arkansas Department of Agriculture — Arkansas Grown directory,https://arkansasgrown.org/listing/little-river-county-farmers-market/,B,2026-07-15,research_or_qa_queue,directory candidate needs independent farm-operation evidence,Fields selected by evidence grade; every source observation remains separately auditable.
AR-FC7D1B96AA,Sage’s River Ridge Farm,sages river ridge farm,farm,unique_source_name_reviewed,AR,Little River,Ashdown,71822,,public_business_address_reviewed_for_future_reduced_precision,,,U-pick crops; agritourism,U-pick; agritourism,870-648-9887,sagesriverridgefarm@icloud.com,internal_until_public_use_review,,https://www.facebook.com/p/Sages-River-Ridge-Farm-100077828530061/,,,True,False,False,False,True,False,False,1,arobs_60749d80be5023a1f3a6,PickYourOwn — Southwest Arkansas,https://www.pickyourown.org/ARsw.htm,E,2026-07-15,research_or_qa_queue,single grade-E discovery listing needs corroboration,Fields selected by evidence grade; every source observation remains separately auditable.
AR-D0CD578D59,York Pecan Company,york pecan,producer_requires_type_review,unique_source_name_reviewed,AR,Little River,Foreman,71836,"2919 State Hwy 32, Foreman, Arkansas 71836, USA",public_business_address_reviewed_for_future_reduced_precision,33.69119,-94.37726,Pecans,Arkansas Grown member,870-542-6196,becky@yorkpecans.com,internal_until_public_use_review,https://arfarmtoschool.org,https://www.facebook.com/yorkpecan/,https://www.instagram.com/arkansasgrownandmade/,,False,False,False,False,False,False,False,1,arobs_67e563408ecef5e7457f,Arkansas Department of Agriculture — Arkansas Grown directory,https://arkansasgrown.org/listing/york-pecan-company/,B,2026-07-15,research_or_qa_queue,directory candidate needs independent farm-operation evidence,Fields selected by evidence grade; every source observation remains separately auditable.
AR-C45FDCDBE9,Booneville Farmers Market,booneville farmers market,farm,unique_source_name_reviewed,AR,Logan,Booneville,,"West 2nd Street, Booneville, AR, USA",public_business_address_reviewed_for_future_reduced_precision,35.13942,-93.9269,Vegetables,Arkansas Grown member,479-675-2666,Farmersmarket@booneville.com,internal_until_public_use_review,https://arfarmtoschool.org,https://www.facebook.com/profile.php?id=100090094502531,https://www.instagram.com/arkansasgrownandmade/,,False,False,True,False,False,False,False,1,arobs_b4898676859686f70222,Arkansas Department of Agriculture — Arkansas Grown directory,https://arkansasgrown.org/listing/booneville-farmers-market/,B,2026-07-15,promotion_eligible_reviewed,,Fields selected by evidence grade; every source observation remains separately auditable.
AR-6DF16B024A,Bowman Farm,bowman farm,farm,unique_source_name_reviewed,AR,Logan,Subiaco,,"891 Horne Road, Subiaco, AR, USA",public_business_address_reviewed_for_future_reduced_precision,35.28161,-93.53145,"Beef, Goat, Vegetables",Arkansas Grown member,479-438-3669,wooster_m@yahoo.com,internal_until_public_use_review,https://arfarmtoschool.org,https://www.facebook.com/profile.php?id=100064469931839,https://www.instagram.com/arkansasgrownandmade/,,False,False,False,False,False,False,False,1,arobs_1689d5d35f59d195ecd4,Arkansas Department of Agriculture — Arkansas Grown directory,https://arkansasgrown.org/listing/bowman-farm/,B,2026-07-15,promotion_eligible_reviewed,,Fields selected by evidence grade; every source observation remains separately auditable.
AR-C3AE8B1FFB,Clearwater Ranch,clearwater ranch,farm,unique_source_name_reviewed,AR,Logan,Booneville,72927,1075 Hanshaw Rd,public_business_address_reviewed_for_future_reduced_precision,,,"Our Ranch is located in beautiful Booneville Arkansas. We raise Black Angus cattle as well as Savanna and Boer goats. We have both percentage and full blood. Please call for list of goats for sale. We sell wethers, bucks, show goats and nannies. We also have a honey bee apiary on our farm and sell pure raw honey, creamed honey, honey straws, lip balm, creams and beeswax candles. Please contact us with any questions.",LocalHarvest Family Farm,(479) 675-6194,,internal_until_public_use_review,,,,,True,False,False,False,False,False,False,1,arobs_92f06eeee0ab66ef4668,LocalHarvest — Arkansas county-seat gap search,https://www.localharvest.org/clearwater-ranch-M71125,D,2026-07-15,promotion_eligible_reviewed,,Fields selected by evidence grade; every source observation remains separately auditable.
AR-BE12E6A8FD,Gum Creek Emu Farm,gum creek emu farm,farm,unique_source_name_reviewed,AR,Logan,Paris,72855,2020 Red Bench Rd Paris Arkansas 72855,public_business_address_reviewed_for_future_reduced_precision,35.25493,-93.63815,"Eggs, Livestock, Poultry, Other",Arkansas Grown member,870-686-6016,GoFarm2020@outlook.com,internal_until_public_use_review,https://arfarmtoschool.org,https://www.facebook.com/CaptainEmu,https://www.instagram.com/arkansasgrownandmade/,,False,False,False,False,False,False,False,1,arobs_96692968cdf5484ab1c0,Arkansas Department of Agriculture — Arkansas Grown directory,https://arkansasgrown.org/listing/gum-creek-emu-farm/,B,2026-07-15,promotion_eligible_reviewed,,Fields selected by evidence grade; every source observation remains separately auditable.
AR-E04DE68DFE,Little Piney Farm & Apiary,little piney farm and apiary,farm,unique_source_name_reviewed,AR,Logan,Paris,,"Paris, AR, USA",public_business_address_reviewed_for_future_reduced_precision,35.29212,-93.72992,"Chicken, Herbs, Honey, Vegetables",Arkansas Grown member,,littlepineyfarm@gmail.com,internal_until_public_use_review,https://arfarmtoschool.org,http://www.facebook.com/littlepineyfarm,https://www.instagram.com/arkansasgrownandmade/,,False,False,False,False,False,False,False,1,arobs_a73e8f05336df786a55f,Arkansas Department of Agriculture — Arkansas Grown directory,https://arkansasgrown.org/listing/little-piney-farm-apiary/,B,2026-07-15,promotion_eligible_reviewed,,Fields selected by evidence grade; every source observation remains separately auditable.
AR-7A68F15C44,Milk & Honey Hill Farm,milk and honey hill farm,farm,unique_source_name_reviewed,AR,Logan,New Blaine,72851,1100 Bayview Dr New Blaine Arkansas 72851,public_business_address_reviewed_for_future_reduced_precision,35.31552,-93.4238,"Beef, Chicken, Eggs, Honey, Milk, Pork",Arkansas Grown member,9103082869,ruaballard@gmail.com,internal_until_public_use_review,https://arfarmtoschool.org,https://www.facebook.com/milkandhoneyhill.farm,https://www.instagram.com/arkansasgrownandmade/,,False,False,False,False,False,False,False,1,arobs_965ba0a514e1d1e6d7b2,Arkansas Department of Agriculture — Arkansas Grown directory,https://arkansasgrown.org/listing/milk-honey-hill-farm/,B,2026-07-15,promotion_eligible_reviewed,,Fields selected by evidence grade; every source observation remains separately auditable.
AR-491ECCFA46,Paris Arkansas Farmers Market,paris arkansas farmers market,farm,unique_source_name_reviewed,AR,Logan,Paris,,"25 West Walnut Street, Paris, AR, USA",public_business_address_reviewed_for_future_reduced_precision,35.29243,-93.7303,"Honey, Vegetables",Arkansas Grown member,479-970-0526,parisarkfarmersmarket@gmail.com,internal_until_public_use_review,https://arfarmtoschool.org,https://www.facebook.com/parisarkansasfarmersmkt,https://www.instagram.com/arkansasgrownandmade/,,False,False,True,False,False,False,False,1,arobs_c40a8c792a61d2651b1d,Arkansas Department of Agriculture — Arkansas Grown directory,https://arkansasgrown.org/listing/paris-arknasas-farmers-market/,B,2026-07-15,promotion_eligible_reviewed,,Fields selected by evidence grade; every source observation remains separately auditable.
AR-B499A2C465,Prestonrose Farm and Brewing Co.,prestonrose farm and brewing,farm,unique_source_name_reviewed,AR,Logan,Paris,,"201 Saint Louis Valley Road, Paris, AR, USA",public_business_address_reviewed_for_future_reduced_precision,35.28657,-93.55678,"Basil, Beans, Beans - Snap, Pole, Variety, Carrots, Cilantro, Cucumbers, Flowers, Fruits, Green Beans, Herbs, Melons – Variety, Mustard Greens, Okra, Parsley, Peas, Peppers - Variety, Pumpkins, Radishes, Tomatoes, Zucchini",Arkansas Grown member,479-938-0199,prestonrosefarm@gmail.com,internal_until_public_use_review,,https://www.facebook.com/PrestonroseFarm,https://www.instagram.com/prestonrosefarm/,,False,False,False,False,False,False,False,1,arobs_5b37d05befbe28a14136,Arkansas Department of Agriculture — Arkansas Grown directory,https://arkansasgrown.org/listing/prestonrose-farm-and-brewing-co/,B,2026-07-15,promotion_eligible_reviewed,,Fields selected by evidence grade; every source observation remains separately auditable.
AR-CE6CF293ED,Red Rooster Farms,red rooster farms,farm,unique_source_name_reviewed,AR,Logan,Booneville,72927,293 Merry Ln,public_business_address_reviewed_for_future_reduced_precision,,,beets; green onions; kale; turnips; pecans; baked goods; bread; arugula; broccoli; brussels sprouts; cabbage; carrots; cauliflower; collards; cucumber; daikon; eggplant; green beans; kohlrabi; leeks; lettuce; mustard greens; onions; peas; potatoes; radishes; salad greens; salad mix; shallots; spinach; swiss chard; zucchini; strawberries; eggs; fresh flowers; sweet corn; dry beans; hot peppers; okra; summer squash; sweet peppers; tomatillos; tomatoes; blackberries; blueberries; cantaloupes; melons; peaches; watermelons; pumpkins; sweet potatoes; winter-squash; persimmons; Cherokee Purple Tomato; German Pink Tomato,LocalHarvest Family Farm,(479) 561-3915,,internal_until_public_use_review,,https://www.facebook.com/Red-Rooster-Farms-1166971980002894/,,,True,False,False,False,False,False,False,1,arobs_292b6b4ca346e4041a6f,LocalHarvest — Arkansas county-seat gap search,https://www.localharvest.org/red-rooster-farms-M73248,D,2026-07-15,promotion_eligible_reviewed,,Fields selected by evidence grade; every source observation remains separately auditable.
AR-05C6CA6596,Skycrest Restaurant,skycrest restaurant,producer_requires_type_review,unique_source_name_reviewed,AR,Logan,Paris,72855,The Lodge at Mt. Magazine Paris Arkansas 72855,public_business_address_reviewed_for_future_reduced_precision,35.16391,-93.64672,Tomatoes,Arkansas Grown member,479-963-5133,findley.johnson@arkansas.gov,internal_until_public_use_review,https://arfarmtoschool.org,https://www.facebook.com/arkansasgrownandmade/,https://www.instagram.com/arkansasgrownandmade/,,False,False,False,False,False,False,False,1,arobs_b4885db2aaeb7b342dc5,Arkansas Department of Agriculture — Arkansas Grown directory,https://arkansasgrown.org/listing/skycrest-restaurant/,B,2026-07-15,research_or_qa_queue,directory candidate needs independent farm-operation evidence,Fields selected by evidence grade; every source observation remains separately auditable.
AR-C9B0173F5B,Subiaco Abbey,subiaco abbey,farm,unique_source_name_reviewed,AR,Logan,Subiaco,72865,Subiaco Abbey Subiaco Arkansas 72865,public_business_address_reviewed_for_future_reduced_precision,35.29902,-93.63326,Peppers - Variety,Arkansas Grown member,479-934-1190,frrichard@subi.org,internal_until_public_use_review,https://arfarmtoschool.org,https://www.facebook.com/countrymonksbrewing,https://www.instagram.com/arkansasgrownandmade/,,False,False,False,False,False,False,False,1,arobs_64c968b6bdb9be7d832f,Arkansas Department of Agriculture — Arkansas Grown directory,https://arkansasgrown.org/listing/subiaco-abbey/,B,2026-07-15,promotion_eligible_reviewed,,Fields selected by evidence grade; every source observation remains separately auditable.
AR-7B7E9FA39E,Sunnyland Berry Farm,sunnyland berry farm,farm,unique_source_name_reviewed,AR,Logan,Booneville,72927,,public_business_address_reviewed_for_future_reduced_precision,,,U-pick crops; agritourism,U-pick; agritourism,,,internal_until_public_use_review,,https://www.facebook.com/Sunnyland-Berry-Farm-161204077263672,,,True,False,False,False,True,False,False,1,arobs_ffb0494d6e0ae6fd5686,PickYourOwn — Northwest Arkansas,https://www.pickyourown.org/ARnw.htm,E,2026-07-15,research_or_qa_queue,single grade-E discovery listing needs corroboration; source reports closure and requires affirmative curator decision,Fields selected by evidence grade; every source observation remains separately auditable.
AR-6E7B73E4B6,Ahillen Acres Farm,ahillen acres farm,farm,unique_source_name_reviewed,AR,Lonoke,Austin,72007,"1103 AR-319, Austin, AR 72007, USA",public_business_address_reviewed_for_future_reduced_precision,35.03631,-91.96672,"Eggs, Vegetables, Other",Arkansas Grown member,501-941-4733,Ahillen_Acres@yahoo.com,internal_until_public_use_review,https://arfarmtoschool.org,http://www.facebook.com/AhillenAcres,https://www.instagram.com/arkansasgrownandmade/,,False,False,False,False,False,False,False,1,arobs_ac148580dc3c438eec36,Arkansas Department of Agriculture — Arkansas Grown directory,https://arkansasgrown.org/listing/ahillen-acres-farm/,B,2026-07-15,promotion_eligible_reviewed,,Fields selected by evidence grade; every source observation remains separately auditable.
AR-FEBF962176,Arkansas Bees,arkansas bees,farm,unique_source_name_reviewed,AR,Lonoke,Cabot,72023,910 Besancon Road Cabot Arkansas 72023,public_business_address_reviewed_for_future_reduced_precision,34.88078,-92.0181,Honey,Arkansas Grown member,501-993-1540,john@arkansasbees.com,internal_until_public_use_review,https://arfarmtoschool.org,https://www.facebook.com/arkbees,https://www.instagram.com/arkansasgrownandmade/,,False,False,False,False,False,False,False,1,arobs_e5de92657938d02863e3,Arkansas Department of Agriculture — Arkansas Grown directory,https://arkansasgrown.org/listing/arkansas-bees/,B,2026-07-15,promotion_eligible_reviewed,,Fields selected by evidence grade; every source observation remains separately auditable.
AR-55529BAD20,Barnhill Orchards,barnhill orchards,farm,unique_source_name_reviewed,AR,Lonoke,Lonoke,72086,19 Sandhill Road Lonoke Arkansas 72086,public_business_address_reviewed_for_future_reduced_precision,34.87952,-91.9836,"Banana Peppers - Varietys, Beans, Blackberries, Blueberries, Broccoli, Butternut Squash, Cabbage, Cantaloupe, Corn, Cucumbers, Eggs, Fruits, Nuts, Okra, Peaches, Pears, Pecans, Peppers - Variety, Potatoes, Squash, Strawberries, Sweet Corn, Sweet Potatoes, Swiss Chard, Tomatoes, Vegetables, Watermelon, Yellow Squash, Zucchini",Arkansas Grown member,501-286-2677,Barnhillorchards@aol.com,internal_until_public_use_review,https://arfarmtoschool.org,https://www.facebook.com/Barnhillorchards,https://www.instagram.com/arkansasgrownandmade/,,False,False,False,False,False,False,False,1,arobs_9fd4f1fe25bfa0153781,Arkansas Department of Agriculture — Arkansas Grown directory,https://arkansasgrown.org/listing/barnhill-orchards/,B,2026-07-15,promotion_eligible_reviewed,,Fields selected by evidence grade; every source observation remains separately auditable.
AR-DD0E0C9771,Brandau Farm,brandau farm,farm,unique_source_name_reviewed,AR,Lonoke,Cabot,,,public_business_address_reviewed_for_future_reduced_precision,,,chicken; pork; rabbit; eggs; goat; lamb; turkey,LocalHarvest Family Farm,(501) 470-3216,,internal_until_public_use_review,https://www.brandaufarm.com,,,,True,False,False,False,False,False,False,1,arobs_06482d6bf901b13d7e9d,LocalHarvest — Arkansas county-seat gap search,https://www.localharvest.org/brandau-farm-M44180,D,2026-07-15,promotion_eligible_reviewed,,Fields selected by evidence grade; every source observation remains separately auditable.
AR-5351977B3E,Cabot Farmers Market,cabot farmers market,producer_requires_type_review,unique_source_name_reviewed,AR,Lonoke,Cabot,72023,1122 South Second Street Cabot Arkansas 72023,public_business_address_reviewed_for_future_reduced_precision,34.96699,-92.02633,,Arkansas Grown member,501-920-2122,cabotbeautiful@yahoo.com,internal_until_public_use_review,https://arfarmtoschool.org,https://www.facebook.com/CabotFarmersMarket,https://www.instagram.com/arkansasgrownandmade/,,False,False,False,False,False,False,False,1,arobs_e5f67e3cb6b42efddb22,Arkansas Department of Agriculture — Arkansas Grown directory,https://arkansasgrown.org/listing/cabot-farmers-market/,B,2026-07-15,research_or_qa_queue,products or farm activity missing; directory candidate needs independent farm-operation evidence,Fields selected by evidence grade; every source observation remains separately auditable.
AR-9651463A5D,Charlie’s Nut House,charlies nut house,farm,unique_source_name_reviewed,AR,Lonoke,Lonoke,,"451 Lingo Road, Lonoke, AR, USA",public_business_address_reviewed_for_future_reduced_precision,34.83125,-92.00155,Pecans,Arkansas Grown member,501-590-7154,Charliesnuthouse@hotmail.com,internal_until_public_use_review,https://arfarmtoschool.org,https://www.facebook.com/arkansasgrownandmade/,https://www.instagram.com/arkansasgrownandmade/,,False,False,False,False,False,False,False,1,arobs_ba0e558c43a81a1679c0,Arkansas Department of Agriculture — Arkansas Grown directory,https://arkansasgrown.org/listing/charlies-nut-house/,B,2026-07-15,promotion_eligible_reviewed,,Fields selected by evidence grade; every source observation remains separately auditable.
AR-7C87D37FA1,CMA Farms Registered Angus and Scottish Highland Cattle,cma farms registered angus and scottish highland cattle,farm,unique_source_name_reviewed,AR,Lonoke,Ward,,"Charlie Olds Road, Ward, AR, USA",public_business_address_reviewed_for_future_reduced_precision,35.01021,-91.89138,"Beef, Pork",Arkansas Grown member,,cmtmfamily@gmail.com,internal_until_public_use_review,https://arfarmtoschool.org,https://www.facebook.com/profile.php?id=100070377761171,https://www.instagram.com/arkansasgrownandmade/,,False,False,False,False,False,False,False,1,arobs_d4f11de08d9fbfb1922b,Arkansas Department of Agriculture — Arkansas Grown directory,https://arkansasgrown.org/listing/cma-farms-registered-angus-and-scottish-highland-cattle/,B,2026-07-15,promotion_eligible_reviewed,,Fields selected by evidence grade; every source observation remains separately auditable.
AR-7852409C5B,Diamond State Planting Co. LLC,diamond state planting,farm,unique_source_name_reviewed,AR,Lonoke,Carlisle,72024,"620 Hwy 381, Carlisle, AR 72024, USA",public_business_address_reviewed_for_future_reduced_precision,34.77013,-91.80747,"Cherry Tomatoes, Strawberries, Tomatoes, Watermelon",Arkansas Grown member,501-412-3558,jeremy@jdstatontrans.com,internal_until_public_use_review,https://arfarmtoschool.org,https://www.facebook.com/arkansasgrownandmade/,https://www.instagram.com/arkansasgrownandmade/,,False,False,False,False,False,False,False,1,arobs_9752716c05fcb533ad1f,Arkansas Department of Agriculture — Arkansas Grown directory,https://arkansasgrown.org/listing/diamond-state-planting-co-llc/,B,2026-07-15,promotion_eligible_reviewed,,Fields selected by evidence grade; every source observation remains separately auditable.
AR-5A9DE1C5E0,Hicks Family Farms,hicks family farms,farm,unique_source_name_reviewed,AR,Lonoke,Lonoke,72086,184 Lasiter Road Lonoke Arkansas 72086,public_business_address_reviewed_for_future_reduced_precision,34.91532,-91.91688,"Flowers, Hay, Pumpkins",Arkansas Grown member,501-941-2703,hicksfamilyfarms@gmail.com,internal_until_public_use_review,https://arfarmtoschool.org,https://www.facebook.com/arkansasgrownandmade/,https://www.instagram.com/arkansasgrownandmade/,,False,False,False,False,False,False,False,1,arobs_d410a6633e690c443f4c,Arkansas Department of Agriculture — Arkansas Grown directory,https://arkansasgrown.org/listing/hicks-family-farms/,B,2026-07-15,promotion_eligible_reviewed,,Fields selected by evidence grade; every source observation remains separately auditable.
AR-2DC3069083,Holland Bottom Farm,holland bottom farm,farm,merged_exact_name_reviewed,AR,Lonoke,Cabot,72023,1255 Hwy 321 (Bill Foster Mem. Hwy) Cabot Arkansas 72023,public_business_address_reviewed_for_future_reduced_precision,34.95588,-91.92813,"Agritourism, Blueberries, Cucumbers, Honey, Nectarines, Okra, Peaches, Peas, Peppers - Variety, Plums, Potatoes, Squash, Strawberries, Sweet Corn, Sweet Potatoes, Tomatoes, Turnip Greens, Zucchini; U-pick crops; agritourism",Arkansas Grown member; U-pick; agritourism,501-259-9986,hollandbottomfarmllc@gmail.com,internal_until_public_use_review,https://arfarmtoschool.org,https://www.facebook.com/arkansasgrownandmade/,https://www.instagram.com/arkansasgrownandmade/,,True,False,False,False,True,False,False,2,arobs_4b8e2dc0bf5f5912d7bb | arobs_4e13e1339f3e4f1bc3a6,Arkansas Department of Agriculture — Arkansas Grown directory | PickYourOwn — Central Arkansas,https://arkansasgrown.org/listing/holland-bottom-farm/ | https://www.pickyourown.org/ARlittlerock.htm,B; E,2026-07-15,promotion_eligible_reviewed,,Fields selected by evidence grade; every source observation remains separately auditable.
AR-A5FC2AE9E2,Honeyton Farms Apiary,honeyton farms apiary,farm,unique_source_name_reviewed,AR,Lonoke,Cabot,72023,75 Huntington Ln. Cabot Arkansas 72023,public_business_address_reviewed_for_future_reduced_precision,34.88204,-92.0224,Honey,Arkansas Grown member,501-351-1838,Honeytonfarms@gmail.com,internal_until_public_use_review,https://arfarmtoschool.org,https://www.facebook.com/HoneytonFarms,https://www.instagram.com/arkansasgrownandmade/,,False,False,False,False,False,False,False,1,arobs_5856f5da89520ef3117f,Arkansas Department of Agriculture — Arkansas Grown directory,https://arkansasgrown.org/listing/honeyton-farms-apiary/,B,2026-07-15,promotion_eligible_reviewed,,Fields selected by evidence grade; every source observation remains separately auditable.
AR-82DA6D8FA2,IMOJE Dawson Family Farms,imoje dawson family farms,farm,unique_source_name_reviewed,AR,Lonoke,Austin,72007,201 Shadow Lane Austin Arkansas 72007,public_business_address_reviewed_for_future_reduced_precision,34.9539,-91.94559,"Beef, Goat, Livestock",Arkansas Grown member,858-449-4755,brett.a.dawson@gmail.com,internal_until_public_use_review,https://arfarmtoschool.org,https://www.facebook.com/imojedff,https://www.instagram.com/imoje_dawsonfamilyfarms/,,False,False,False,False,False,False,False,1,arobs_4817e6e9ef610b76d89c,Arkansas Department of Agriculture — Arkansas Grown directory,https://arkansasgrown.org/listing/dawson-farms/,B,2026-07-15,promotion_eligible_reviewed,,Fields selected by evidence grade; every source observation remains separately auditable.
AR-3287D75980,India Blue Farm,india blue farm,farm,unique_source_name_reviewed,AR,Lonoke,Cabot,12407,12407 Davis Ranch Rd. Cabot Arkansas 72023,public_business_address_reviewed_for_future_reduced_precision,34.98016,-92.16984,"Flowers, Honey, Peppers - Variety, Sheep/Lamb, Strawberries, Tomatoes",Arkansas Grown member,501-580-4212,alan@arktimes.com,internal_until_public_use_review,https://arfarmtoschool.org,https://www.facebook.com/arkansasgrownandmade/,https://www.instagram.com/arkansasgrownandmade/,,False,False,False,False,False,False,False,1,arobs_6bd8f7d8dc766fbc2293,Arkansas Department of Agriculture — Arkansas Grown directory,https://arkansasgrown.org/listing/india-blue-farm/,B,2026-07-15,promotion_eligible_reviewed,,Fields selected by evidence grade; every source observation remains separately auditable.
AR-2600ACAD4A,JUST PICKED Vegetables,just picked vegetables,farm,unique_source_name_reviewed,AR,Lonoke,Cabot,,4007 W Cleland Rd CABOT Arkansas CABOT,public_business_address_reviewed_for_future_reduced_precision,34.97189,-92.15502,"Cucumbers, Green Beans, Kale, Mustard Greens, Peas, Squash, Tomatoes, Turnip Greens, Turnips",Arkansas Grown member,501-988-1003,justpickedveggie@yahoo.com,internal_until_public_use_review,https://arfarmtoschool.org,https://www.facebook.com/profile.php?id=100064566884513,https://www.instagram.com/arkansasgrownandmade/,,False,False,False,False,False,False,False,1,arobs_2143296a9a7c9e22b5f9,Arkansas Department of Agriculture — Arkansas Grown directory,https://arkansasgrown.org/listing/just-picked-vegetables/,B,2026-07-15,promotion_eligible_reviewed,,Fields selected by evidence grade; every source observation remains separately auditable.
AR-CDCE97BFB7,Larry High,larry high,farm,unique_source_name_reviewed,AR,Lonoke,Cabot,72023,,public_business_address_reviewed_for_future_reduced_precision,,,U-pick crops; agritourism,U-pick; agritourism,501-988-4720,,internal_until_public_use_review,,https://www.facebook.com/profile.php?id=100092007324896,,,True,False,False,False,True,False,False,1,arobs_52e23c75c8996fac36fa,PickYourOwn — Central Arkansas,https://www.pickyourown.org/ARlittlerock.htm,E,2026-07-15,research_or_qa_queue,single grade-E discovery listing needs corroboration,Fields selected by evidence grade; every source observation remains separately auditable.
AR-EA02070307,Magness Creek Farm,magness creek farm,farm,unique_source_name_reviewed,AR,Lonoke,Austin,72007,910 Williams Rd Austin Arkansas 72007,public_business_address_reviewed_for_future_reduced_precision,35.03544,-92.01425,"Beans, Beets, Blackberries, Broccoli, Butternut Squash, Cabbage, Cantaloupe, Corn, Cucumbers, Eggs, Grapes, Green Beans, Nursery, Okra, Peppers - Variety, Potatoes, Poultry, Radishes, Squash, Strawberries, Sweet Corn, Sweet Potatoes, Tomatoes, Turnips, Vegetables, Watermelon, Yellow Squash, Zucchini",Arkansas Grown member,501-259-1280,glenn@magnesscreekfarm.com,internal_until_public_use_review,https://arfarmtoschool.org,https://www.facebook.com/MagnessCreekFarm,https://www.instagram.com/arkansasgrownandmade/,,False,False,True,False,False,False,False,1,arobs_221d5e9bf2579e32fd1b,Arkansas Department of Agriculture — Arkansas Grown directory,https://arkansasgrown.org/listing/magness-creek-farm/,B,2026-07-15,promotion_eligible_reviewed,,Fields selected by evidence grade; every source observation remains separately auditable.
AR-2301173384,Marlsgate Plantation,marlsgate plantation,producer_requires_type_review,unique_source_name_reviewed,AR,Lonoke,,,"2695 Bear Skin Lake Road, Scott, AR, USA",public_business_address_reviewed_for_future_reduced_precision,34.7155,-92.05429,"Agritourism, Pecans",Arkansas Grown member,870-717-2789,info@marlsgate.com,internal_until_public_use_review,https://arfarmtoschool.org,https://www.facebook.com/ForrestCityFarmersMarket,https://www.instagram.com/arkansasgrownandmade/,,False,False,False,False,False,False,False,1,arobs_d7cb9f63dd9e514073ed,Arkansas Department of Agriculture — Arkansas Grown directory,https://arkansasgrown.org/listing/marlsgate-plantation/,B,2026-07-15,research_or_qa_queue,city or safe public service area missing; directory candidate needs independent farm-operation evidence,Fields selected by evidence grade; every source observation remains separately auditable.
AR-FDA886610D,McSwain Ranch,mcswain ranch,farm,unique_source_name_reviewed,AR,Lonoke,Lonoke,72086,1636 Hwy 31S Lonoke Arkansas 72086,public_business_address_reviewed_for_future_reduced_precision,34.64367,-91.90961,"Beef, Eggs, Livestock, Sheep/Lamb",Arkansas Grown member,501-676-1572,mcduxx@mac.com,internal_until_public_use_review,https://arfarmtoschool.org,https://www.facebook.com/arkansasgrownandmade/,https://www.instagram.com/arkansasgrownandmade/,,False,False,False,False,False,False,False,1,arobs_cbb572b7696d9773ab79,Arkansas Department of Agriculture — Arkansas Grown directory,https://arkansasgrown.org/listing/mcswain-ranch/,B,2026-07-15,promotion_eligible_reviewed,,Fields selected by evidence grade; every source observation remains separately auditable.
AR-EF4A121957,Mill Creek Farm Raised Cattle,mill creek farm raised cattle,farm,unique_source_name_reviewed,AR,Lonoke,Ward,,"Bird Dog Rd, Ward, AR, USA",public_business_address_reviewed_for_future_reduced_precision,35.01681,-91.92813,Beef,Arkansas Grown member,5013501606,MillCreekFarmRaisedCattle@gmail.com,internal_until_public_use_review,https://arfarmtoschool.org,https://www.facebook.com/MillCreekFarmRaisedCattle?mibextid=ZbWKwL,https://www.instagram.com/arkansasgrownandmade/,,False,False,False,False,False,False,False,1,arobs_6e2594dcde52a019bfd5,Arkansas Department of Agriculture — Arkansas Grown directory,https://arkansasgrown.org/listing/mill-creek-farm-raised-cattle/,B,2026-07-15,promotion_eligible_reviewed,,Fields selected by evidence grade; every source observation remains separately auditable.
AR-A6244DF2E4,Moss Prairie Fish Farm LLC,moss prairie fish farm,farm,unique_source_name_reviewed,AR,Lonoke,Lonoke,72086,5176 Hwy 236 W Lonoke Arkansas 72086,public_business_address_reviewed_for_future_reduced_precision,34.866,-91.88823,Fish,Arkansas Grown member,501-690-6941,dereck6941@aol.com,internal_until_public_use_review,https://arfarmtoschool.org,https://www.facebook.com/Moss-Prairie-Fish-Farm-LLC-102706684873640/?ref=page_internal,https://www.instagram.com/arkansasgrownandmade/,,False,False,False,False,False,False,False,1,arobs_ff9d972a78d585c79a3c,Arkansas Department of Agriculture — Arkansas Grown directory,https://arkansasgrown.org/listing/moss-prairie-fish-farm-llc/,B,2026-07-15,promotion_eligible_reviewed,,Fields selected by evidence grade; every source observation remains separately auditable.
AR-9916619A04,Natural State Lavender Co.,natural state lavender,farm,unique_source_name_reviewed,AR,Lonoke,,,"Scott, AR, USA",public_business_address_reviewed_for_future_reduced_precision,34.69648,-92.09626,"Herbs, Pecans",Arkansas Grown member,,info@naturalstatelavenderco.com,internal_until_public_use_review,https://arfarmtoschool.org,https://www.facebook.com/naturalstatelavender,https://www.instagram.com/naturalstatelavender/,,False,False,True,False,False,False,False,1,arobs_39823ee69ad7e2581f3d,Arkansas Department of Agriculture — Arkansas Grown directory,https://arkansasgrown.org/listing/natural-state-lavender-co/,B,2026-07-15,research_or_qa_queue,city or safe public service area missing,Fields selected by evidence grade; every source observation remains separately auditable.
AR-9640288F43,North Pulaski Farms,north pulaski farms,farm,merged_exact_name_reviewed,AR,Lonoke,Cabot,13018,13018 Ellen Cove Cabot Arkansas 72023,public_business_address_reviewed_for_future_reduced_precision,34.98509,-92.15577,"Beans, Cantaloupe, Lettuces—Variety, Mushrooms, Squash, Tomatoes, Vegetables; broccoli; cabbage; collards; kale; lettuce; mustard greens; salad greens; spinach; summer squash; sweet peppers; swiss chard; tomatoes; turnips; cucumber; green beans; okra; peas; radishes; salad mix; zucchini; cantaloupes; strawberries; watermelons; winter-squash; blackberries; raspberries",Arkansas Grown member; LocalHarvest Family Farm,501-240-4233,info@northpulaskifarms.com,internal_until_public_use_review,https://arfarmtoschool.org,https://www.facebook.com/NorthPulaskiFarms,https://www.instagram.com/arkansasgrownandmade/,,True,False,False,False,False,False,False,2,arobs_5dadf17a1da267a10c65 | arobs_dd7fad5b6d492b6e450c,Arkansas Department of Agriculture — Arkansas Grown directory | LocalHarvest — Arkansas county-seat gap search,https://arkansasgrown.org/listing/north-pulaski-farms/ | https://www.localharvest.org/north-pulaski-farms-M34206,B; D,2026-07-15,promotion_eligible_reviewed,,Fields selected by evidence grade; every source observation remains separately auditable.
AR-E2F534D1C6,North Wind Farmstead,north wind farmstead,farm,unique_source_name_reviewed,AR,Lonoke,Ward,,"193 Jones Road, Ward, AR, USA",public_business_address_reviewed_for_future_reduced_precision,34.98164,-91.91044,"Annuals, Beans - Snap, Pole, Variety, Cucumbers, Eggs, Flowers, Green Beans, Okra, Peppers - Variety, Rabbits, Squash, Tomatoes, Yellow Squash, Zucchini",Arkansas Grown member,4062911458,thenorthwindfarmstead@gmail.com,internal_until_public_use_review,https://arfarmtoschool.org,https://www.facebook.com/profile.php?id=100089843814697,https://www.instagram.com/northwind_farmstead?igsh=Y3pzMWJndGxnOXps,,False,False,False,False,False,False,False,1,arobs_14cfc81b4e40e4b48e39,Arkansas Department of Agriculture — Arkansas Grown directory,https://arkansasgrown.org/listing/north-wind-farmstead/,B,2026-07-15,promotion_eligible_reviewed,,Fields selected by evidence grade; every source observation remains separately auditable.
AR-BC0E599C3D,Pure South Pastures,pure south pastures,farm,unique_source_name_reviewed,AR,Lonoke,Lonoke,72086,7245 Mount Tabor Road,public_business_address_reviewed_for_future_reduced_precision,,,beef; chicken; pork; eggs,LocalHarvest Family Farm,(501) 680-4696,,internal_until_public_use_review,https://www.puresouthpastures.com,http://www.facebook.com/puresouthpastures/,https://instagram.com/puresouthpastures/,,True,False,False,False,False,False,False,1,arobs_45ef300f116f7f26c14e,LocalHarvest — Arkansas county-seat gap search,https://www.localharvest.org/pure-south-pastures-M80933,D,2026-07-15,promotion_eligible_reviewed,,Fields selected by evidence grade; every source observation remains separately auditable.
AR-6DECEC64C9,Ricks Bees Farm,ricks bees farm,farm,unique_source_name_reviewed,AR,Lonoke,Cabot,,"Cabot, AR, USA",public_business_address_reviewed_for_future_reduced_precision,34.97488,-92.01633,Honey sales coming in mid June and produce tomatoes cucumbers and others,Arkansas Grown member,5017431269,gfinch1050@gmail.com,internal_until_public_use_review,https://arfarmtoschool.org,https://www.facebook.com/arkansasgrownandmade/,https://www.instagram.com/arkansasgrownandmade/,,False,False,False,False,False,False,False,1,arobs_d91dacfa8df52f6a5721,Arkansas Department of Agriculture — Arkansas Grown directory,https://arkansasgrown.org/listing/ricks-bees-farm/,B,2026-07-15,promotion_eligible_reviewed,,Fields selected by evidence grade; every source observation remains separately auditable.
AR-15D5856001,Rusher Family Farms Inc,rusher family farms,farm,unique_source_name_reviewed,AR,Lonoke,,10979,"10979 Arkansas 161, Scott, AR, USA",public_business_address_reviewed_for_future_reduced_precision,34.63797,-92.10207,Pecans,Arkansas Grown member,5016813940,greg.rusher@yahoo.com,internal_until_public_use_review,https://arfarmtoschool.org,https://www.facebook.com/profile.php?id=100067780390766,https://www.instagram.com/arkansasgrownandmade/,,False,False,False,False,False,False,False,1,arobs_65872d11e7fce5151a9d,Arkansas Department of Agriculture — Arkansas Grown directory,https://arkansasgrown.org/listing/rusher-family-farms-inc/,B,2026-07-15,research_or_qa_queue,city or safe public service area missing,Fields selected by evidence grade; every source observation remains separately auditable.
AR-D69AEEF323,Sortomme Family Farms,sortomme family farms,farm,unique_source_name_reviewed,AR,Lonoke,Austin,72007,"1005 Seaton Rd, Austin, AR 72007, USA",public_business_address_reviewed_for_future_reduced_precision,34.94911,-91.91358,"Beef, Eggs, Hay, Poultry, Vegetables",Arkansas Grown member,707-386-4940,levisortomme@gmail.com,internal_until_public_use_review,https://arfarmtoschool.org,https://www.facebook.com/SortommeFamilyFarms/,https://www.instagram.com/arkansasgrownandmade/,,False,False,False,False,False,False,False,1,arobs_aa4fa4f74767738a1fc0,Arkansas Department of Agriculture — Arkansas Grown directory,https://arkansasgrown.org/listing/sortomme-family-farms/,B,2026-07-15,promotion_eligible_reviewed,,Fields selected by evidence grade; every source observation remains separately auditable.
AR-FD24FEF39E,Spradley Farms,spradley farms,farm,unique_source_name_reviewed,AR,Lonoke,Lonoke,72086,,public_business_address_reviewed_for_future_reduced_precision,,,U-pick crops; agritourism,U-pick; agritourism,501-676-5502,,internal_until_public_use_review,https://AI-search-SUCKS-dont-trust-it.php,,,,True,False,False,False,True,False,False,1,arobs_caa2b41cdcf2b5dd74de,PickYourOwn — Central Arkansas,https://www.pickyourown.org/ARlittlerock.htm,E,2026-07-15,research_or_qa_queue,single grade-E discovery listing needs corroboration; source reports closure and requires affirmative curator decision,Fields selected by evidence grade; every source observation remains separately auditable.
AR-DB6B520B70,Squizito Tasting Room,squizito tasting room,farm,unique_source_name_reviewed,AR,Lonoke,Cabot,,"711 South Pine Street, Cabot, AR, USA",public_business_address_reviewed_for_future_reduced_precision,34.95906,-92.00704,"Beef, Eggs, Honey, Pecans, Poultry",Arkansas Grown member,501-286-6109,info@squizitotastingroom.com,internal_until_public_use_review,https://www.youtube.com/@SquizitoTastingRoom,https://www.facebook.com/sqtastingroom?mibextid=LQQJ4d,https://instagram.com/sqtastingroom?igshid=OGQ5ZDc2ODk2ZA==,,False,False,False,False,False,False,False,1,arobs_8655a161576e88fdda95,Arkansas Department of Agriculture — Arkansas Grown directory,https://arkansasgrown.org/listing/squizito-tasting-room/,B,2026-07-15,promotion_eligible_reviewed,,Fields selected by evidence grade; every source observation remains separately auditable.
AR-4943A13920,Sumner Beef Farms,sumner beef farms,farm,unique_source_name_reviewed,AR,Lonoke,Carlisle,72024,714 mt Zion rd Carlisle Arkansas 72024,public_business_address_reviewed_for_future_reduced_precision,34.85764,-91.74203,Beef,Arkansas Grown member,870-552-0455,sumnerbeef@gmail.com,internal_until_public_use_review,,https://www.facebook.com/sumnerbeef,https://www.instagram.com/arkansasgrownandmade/,,True,False,False,False,False,False,False,1,arobs_69ac9e207d79bf40a6a9,Arkansas Department of Agriculture — Arkansas Grown directory,https://arkansasgrown.org/listing/sumner-beef-farms/,B,2026-07-15,promotion_eligible_reviewed,,Fields selected by evidence grade; every source observation remains separately auditable.
AR-C8AB285282,The Cabot Patch,the cabot patch,farm,unique_source_name_reviewed,AR,Lonoke,,,"3885 Arkansas 89, Cabot, AR, USA",public_business_address_reviewed_for_future_reduced_precision,34.92574,-91.99724,"Blackberries, Blueberries, Corn, Cucumbers, Flowers, Okra, Peaches, Peas, Peppers - Variety, Pumpkins, Squash, Strawberries, Sweet Potatoes, Tomatoes, Vegetables, Watermelon, Yellow Squash, Zucchini",Arkansas Grown member,501-605-1313,lairdhigh@hotmail.com,internal_until_public_use_review,https://arfarmtoschool.org,https://www.facebook.com/cabotpatchfarms,https://www.instagram.com/arkansasgrownandmade/,,False,False,False,False,False,False,False,1,arobs_800e13dc2d0eaca508ba,Arkansas Department of Agriculture — Arkansas Grown directory,https://arkansasgrown.org/listing/the-cabot-patch-2/,B,2026-07-15,research_or_qa_queue,city or safe public service area missing,Fields selected by evidence grade; every source observation remains separately auditable.
AR-C416A92A5D,The Curve Market,the curve market,farm,unique_source_name_reviewed,AR,Lonoke,,15235,15235 Hwy 165 Scott Arkansas 72142,public_business_address_reviewed_for_future_reduced_precision,34.69644,-92.09637,"Annuals, Apples, Asparagus, Banana Peppers - Varietys, Beans, Beets, Blackberries, Blueberries, Broccoli, Butter Beans, Butternut Squash, Cabbage, Cantaloupe, Cherry Tomatoes, Collard Greens, Cucumbers, Eggs, Flowers, Fruits, Grasses, Green Beans, Green Onion, Herbs, Honey, Muscadine Grapes, Mushrooms, Mustard Greens, Nectarines, Nursery, Nuts, Okra, Oriental Vegetables, Ornamentals, Parsley, Peaches, Peanuts, Pears, Peas, Pecans, Peppers - Variety, Perennials, Plums, Potatoes, Pumpkins, Radishes, Raspberries, Romaine, Sorghum, Squash, Strawberries, Sweet Corn, Sweet Potatoes, Swiss Chard, Tomatoes, Turnip Greens, Turnips, Vegetables, Watermelon, Yellow Squash, Zucchini",Arkansas Grown member,501-454-1999,scottcurvemarket@gmail.com,internal_until_public_use_review,https://arfarmtoschool.org,https://www.facebook.com/thecurvemarket,https://www.instagram.com/arkansasgrownandmade/,,False,False,False,False,False,False,False,1,arobs_2ff8f2e382a27ebafc8e,Arkansas Department of Agriculture — Arkansas Grown directory,https://arkansasgrown.org/listing/the-curve-market/,B,2026-07-15,research_or_qa_queue,city or safe public service area missing,Fields selected by evidence grade; every source observation remains separately auditable.
AR-F437B935D3,The Grumpy Rabbit,the grumpy rabbit,farm,unique_source_name_reviewed,AR,Lonoke,Lonoke,,"105 Front Street Southwest, Lonoke, AR, USA",public_business_address_reviewed_for_future_reduced_precision,34.78367,-91.9004,"Nuts, Vegetables",Arkansas Grown member,501-438-8005,manager@grumpyrabbitlonoke.com,internal_until_public_use_review,https://arfarmtoschool.org,https://www.facebook.com/grumpyrabbitlonoke,https://www.instagram.com/arkansasgrownandmade/,,False,False,False,False,False,False,False,1,arobs_fddcfffd1eb1df54ff72,Arkansas Department of Agriculture — Arkansas Grown directory,https://arkansasgrown.org/listing/the-grumpy-rabbit/,B,2026-07-15,promotion_eligible_reviewed,,Fields selected by evidence grade; every source observation remains separately auditable.
AR-3ABAAE9B64,The Keo Main Street Market,the keo main street market,farm,unique_source_name_reviewed,AR,Lonoke,Keo,,"Keo, AR, USA",public_business_address_reviewed_for_future_reduced_precision,34.60285,-92.00928,"Blackberries, Corn, Honey, Pecans, Vegetables",Arkansas Grown member,,shannon_hudkins@hotmail.com,internal_until_public_use_review,https://arfarmtoschool.org,https://www.facebook.com/arkansasgrownandmade/,https://www.instagram.com/arkansasgrownandmade/,,False,False,False,False,False,False,False,1,arobs_fcb6778dc6dd19feedd8,Arkansas Department of Agriculture — Arkansas Grown directory,https://arkansasgrown.org/listing/the-keo-main-street-market-2/,B,2026-07-15,promotion_eligible_reviewed,,Fields selected by evidence grade; every source observation remains separately auditable.
AR-453336CD7C,Wacky Walker Farm,wacky walker farm,farm,unique_source_name_reviewed,AR,Lonoke,Ward,72176,"13905 AR-38, Ward, AR 72176, USA",public_business_address_reviewed_for_future_reduced_precision,34.9793,-91.87251,"Eggs, Pork, Vegetables",Arkansas Grown member,5016282358,calebshon@yahoo.com,internal_until_public_use_review,https://arfarmtoschool.org,https://www.facebook.com/arkansasgrownandmade/,https://www.instagram.com/arkansasgrownandmade/,,False,False,False,False,False,False,False,1,arobs_a3b2cff794fd44f35f02,Arkansas Department of Agriculture — Arkansas Grown directory,https://arkansasgrown.org/listing/wacky-walker-farm/,B,2026-07-15,promotion_eligible_reviewed,,Fields selected by evidence grade; every source observation remains separately auditable.
AR-3127FBA654,Whiskey Pig Ranch,whiskey pig ranch,farm,unique_source_name_reviewed,AR,Lonoke,Cabot,,"Cabot, AR, USA",public_business_address_reviewed_for_future_reduced_precision,34.97488,-92.01633,Beef,Arkansas Grown member,4796197890,headhog@whiskeypigranch.com,internal_until_public_use_review,https://arfarmtoschool.org,https://www.facebook.com/profile.php?id=61554339326548,https://www.instagram.com/arkansasgrownandmade/,,False,False,False,False,False,False,False,1,arobs_78d82f8ebf43398fe898,Arkansas Department of Agriculture — Arkansas Grown directory,https://arkansasgrown.org/listing/whiskey-pig-ranch/,B,2026-07-15,promotion_eligible_reviewed,,Fields selected by evidence grade; every source observation remains separately auditable.
AR-FCD81C7D9E,WildWood Honey Bees,wildwood honey bees,farm,unique_source_name_reviewed,AR,Lonoke,Cabot,72023,7604 Kerr Station Rd Cabot Arkansas 72023,public_business_address_reviewed_for_future_reduced_precision,34.86969,-92.02569,Honey,Arkansas Grown member,501-920-7068,wildwoodhoneybees@yahoo.com,internal_until_public_use_review,https://arfarmtoschool.org,https://www.facebook.com/Wildwoodhoneybees/?ref=page_internal,https://www.instagram.com/arkansasgrownandmade/,,False,False,False,False,False,False,False,1,arobs_329ac6ae63c6d3caee17,Arkansas Department of Agriculture — Arkansas Grown directory,https://arkansasgrown.org/listing/wildwood-honey-bees/,B,2026-07-15,promotion_eligible_reviewed,,Fields selected by evidence grade; every source observation remains separately auditable.
AR-D3183C6885,Dripping Springs Garden,dripping springs garden,farm,merged_exact_name_reviewed,AR,Madison,Huntsville,72740,1558 CR 548 Huntsville Arkansas 72740,public_business_address_reviewed_for_future_reduced_precision,36.08619,-93.7413,"Flowers, Herbs, Vegetables; Organic vegetables and cut flowers. Offers CSA shares. More Farm Info",Arkansas Grown member; Direct-sale farm; Northwest Arkansas,870-545-3658,drippingspringsgdn@gmail.com,internal_until_public_use_review,https://www.drippingspringsgarden.com/,https://www.facebook.com/Dripping-Springs-Garden,https://www.instagram.com/arkansasgrownandmade/,,True,False,False,False,False,False,False,2,arobs_194d495f72a0270b96b7 | arobs_7b29979e192ee24b4a10,Arkansas Department of Agriculture — Arkansas Grown directory | University of Arkansas Center for Arkansas Farms and Food — direct-sale farms,https://arkansasgrown.org/listing/dripping-springs-garden/ | https://farmandfoodsystem.uada.edu/farms/,B,2026-07-15,promotion_eligible_reviewed,,Fields selected by evidence grade; every source observation remains separately auditable.
AR-91DE4E2073,Fall Fire Farm,fall fire farm,farm,unique_source_name_reviewed,AR,Madison,Hindsville,72738,197 Madison 8376 Hindsville Arkansas 72738,public_business_address_reviewed_for_future_reduced_precision,36.19685,-93.85533,"Eggs, Turkey",Arkansas Grown member,479-325-0733,zgraham80@gmail.com,internal_until_public_use_review,https://arfarmtoschool.org,https://www.facebook.com/fallfirefarm,https://www.instagram.com/arkansasgrownandmade/,,False,False,False,False,False,False,False,1,arobs_1a2c36f881d562c5db29,Arkansas Department of Agriculture — Arkansas Grown directory,https://arkansasgrown.org/listing/fall-fire-farm/,B,2026-07-15,promotion_eligible_reviewed,,Fields selected by evidence grade; every source observation remains separately auditable.
AR-FFD29A29ED,Hickory Hills Farms N.W.A Small Fruit Farm,hickory hills farms n w a small fruit farm,farm,unique_source_name_reviewed,AR,Madison,Huntsville,72740,515 Madison 5320 Huntsville Arkansas 72740,public_business_address_reviewed_for_future_reduced_precision,35.91443,-93.79816,"Apples, Blackberries, Grapes, Muscadine Grapes, Peaches, Vegetables",Arkansas Grown member,479-957-2568,hickoryhillsfarms@gmail.com,internal_until_public_use_review,https://arfarmtoschool.org,https://www.facebook.com/HickoryHillsFarms,https://www.instagram.com/arkansasgrownandmade/,,False,False,False,False,False,False,False,1,arobs_f58911e9bc1c6b0fa08b,Arkansas Department of Agriculture — Arkansas Grown directory,https://arkansasgrown.org/listing/hickory-hills-farms-n-w-a-small-fruit-farm/,B,2026-07-15,promotion_eligible_reviewed,,Fields selected by evidence grade; every source observation remains separately auditable.
AR-3D1F2217BD,Honig Hills Apiary,honig hills apiary,farm,unique_source_name_reviewed,AR,Madison,Huntsville,,"Huntsville, AR, USA",public_business_address_reviewed_for_future_reduced_precision,36.08619,-93.7413,Honey,Arkansas Grown member,903-824-6486,HonigHillsHoney@gmail.com,internal_until_public_use_review,https://arfarmtoschool.org,https://www.facebook.com/arkansasgrownandmade/,https://www.instagram.com/arkansasgrownandmade/,,False,False,False,False,False,False,False,1,arobs_ba5310e5f12977e8805e,Arkansas Department of Agriculture — Arkansas Grown directory,https://arkansasgrown.org/listing/honig-hills-apiary/,B,2026-07-15,promotion_eligible_reviewed,,Fields selected by evidence grade; every source observation remains separately auditable.
AR-BCF2FE0F1C,Livity Farm,livity farm,farm,unique_source_name_reviewed,AR,Madison,,,"Pettigrew, AR, USA",public_business_address_reviewed_for_future_reduced_precision,35.81786,-93.64852,Milk,Arkansas Grown member,8703710117,klbontrag@gmail.com,internal_until_public_use_review,https://arfarmtoschool.org,https://www.facebook.com/arkansasgrownandmade/,https://www.instagram.com/arkansasgrownandmade/,,False,False,False,False,False,False,False,1,arobs_fea154483b2f05603d50,Arkansas Department of Agriculture — Arkansas Grown directory,https://arkansasgrown.org/listing/livity-farm/,B,2026-07-15,research_or_qa_queue,city or safe public service area missing,Fields selected by evidence grade; every source observation remains separately auditable.
AR-470EB28658,Mother's Haven,mothers haven,farm,unique_source_name_reviewed,AR,Madison,,,"664 Madison County Rd 5351, Combs, AR, USA",public_business_address_reviewed_for_future_reduced_precision,35.83759,-93.83035,"Apples, Herbs, Pears",Arkansas Grown member,,suzherb@hotmail.com,internal_until_public_use_review,https://arfarmtoschool.org,https://www.facebook.com/arkansasgrownandmade/,https://www.instagram.com/arkansasgrownandmade/,,False,False,False,False,False,False,False,1,arobs_11bdcf81354a11d45a3b,Arkansas Department of Agriculture — Arkansas Grown directory,https://arkansasgrown.org/listing/mothers-haven/,B,2026-07-15,research_or_qa_queue,city or safe public service area missing,Fields selected by evidence grade; every source observation remains separately auditable.
AR-01F411EE36,Natural State Flower Farm,natural state flower farm,farm,unique_source_name_reviewed,AR,Madison,Huntsville,72740,"8096 US-412, Huntsville, AR 72740, USA",public_business_address_reviewed_for_future_reduced_precision,36.12232,-93.81007,"Agritourism, Annuals, Flowers, Nursery",Arkansas Grown member,,naturalstateflowerfarm@gmail.com,internal_until_public_use_review,https://arfarmtoschool.org,http://www.facebook.com/naturalstateflowerfarm,http://www.instagram.com/naturalstateflowerfarm,,False,False,False,False,False,False,False,1,arobs_485f1ab032732465ecb0,Arkansas Department of Agriculture — Arkansas Grown directory,https://arkansasgrown.org/listing/natural-state-flower-farm/,B,2026-07-15,promotion_eligible_reviewed,,Fields selected by evidence grade; every source observation remains separately auditable.
AR-AF6658ECC2,Wild Ozark,wild ozark,farm,merged_exact_name_reviewed,AR,Madison,Kingston,72742,"562 Madison County Rd 3270, Kingston, AR 72742, USA",public_business_address_reviewed_for_future_reduced_precision,35.9599,-93.51363,Ginseng; medicinal herbs; American Spice Bush,Arkansas Grown member; LocalHarvest Family Farm,4794093429,madison@wildozark.com,internal_until_public_use_review,,https://www.facebook.com/wildozark,https://www.instagram.com/wildozark,,True,False,True,False,False,False,False,2,arobs_71648a3c8b207209c4e0 | arobs_e00be65148d88474500f,Arkansas Department of Agriculture — Arkansas Grown directory | LocalHarvest — Arkansas county-seat gap search,https://arkansasgrown.org/listing/wild-ozark/ | https://www.localharvest.org/wild-ozark-M66247,B; D,2026-07-15,promotion_eligible_reviewed,,Fields selected by evidence grade; every source observation remains separately auditable.
AR-7AF4C8BC62,Williams Angus Beef,williams angus beef,farm,unique_source_name_reviewed,AR,Madison,Hindsville,,"Hindsville, AR, USA",public_business_address_reviewed_for_future_reduced_precision,36.14424,-93.86214,Beef,Arkansas Grown member,(479) 601-4285,williamsfarmangusbeef@gmail.com,internal_until_public_use_review,https://arfarmtoschool.org,http://facebook.com/williamsangusbeef,https://www.instagram.com/arkansasgrownandmade/,,False,False,True,False,False,False,False,1,arobs_86280aeb8b0e668919d5,Arkansas Department of Agriculture — Arkansas Grown directory,https://arkansasgrown.org/listing/williams-angus-beef-2/,B,2026-07-15,promotion_eligible_reviewed,,Fields selected by evidence grade; every source observation remains separately auditable.
AR-62B678F0E9,Bruno pigs,bruno pigs,farm,unique_source_name_reviewed,AR,Marion,,,"1889 Marion County 5008, Bruno, AR, USA",public_business_address_reviewed_for_future_reduced_precision,36.12144,-92.76862,Pork,Arkansas Grown member,870-427-2848,kcox339@gmail.com,internal_until_public_use_review,https://arfarmtoschool.org,https://www.facebook.com/arkansasgrownandmade/,https://www.instagram.com/arkansasgrownandmade/,,False,False,False,False,False,False,False,1,arobs_b328821e0d620964ce56,Arkansas Department of Agriculture — Arkansas Grown directory,https://arkansasgrown.org/listing/bruno-pigs/,B,2026-07-15,research_or_qa_queue,city or safe public service area missing,Fields selected by evidence grade; every source observation remains separately auditable.
AR-18DAB004FA,GAE Organic Farm,gae organic farm,farm,unique_source_name_reviewed,AR,Marion,,,,public_business_address_reviewed_for_future_reduced_precision,,,U-pick crops; agritourism,U-pick; agritourism,870-656-6275,gaeorganicfarm@gmail.com,internal_until_public_use_review,,,,,True,False,False,False,True,False,False,1,arobs_6159a52efad07aa9c387,PickYourOwn — Northwest Arkansas,https://www.pickyourown.org/ARnw.htm,E,2026-07-15,research_or_qa_queue,city or safe public service area missing; single grade-E discovery listing needs corroboration,Fields selected by evidence grade; every source observation remains separately auditable.
AR-8F08627201,Lucky Star Art Farm,lucky star art farm,farm,unique_source_name_reviewed,AR,Marion,,,"4FQ2+6C Rea Valley, AR, USA",public_business_address_reviewed_for_future_reduced_precision,36.13812,-92.54899,"The goal of the Artists in Residency (AIR) Program at Lucky Star Farm is to consciously cultivate food, the arts, and community in ways that protect and sustain our environment. At Lucky Star we are immersed in the natural world and allow artists and scholars to be nourished by the farm and the beauty of the surrounding Ozark Mountains. The Lucky Star Farm AIR Program offers residencies in the Spring and Fall with room, board and a stipend. We welcome emerging and established artists in a wide range of disciplines—visual arts, music, performance art, theater, dance, writing, culinary arts, photography, architecture, interior design, garden design, textile arts, sculpture, graphic design, bio",Arkansas Grown member,On Website,donnamus28@gmail.com,internal_until_public_use_review,https://arfarmtoschool.org,https://www.facebook.com/LuckyStarFarmOzarks/,http://www.instagram.com/luckystarfarmozarks,,False,False,False,False,False,False,False,1,arobs_06b2033edf6cfc10c171,Arkansas Department of Agriculture — Arkansas Grown directory,https://arkansasgrown.org/listing/lucky-star-art-farm/,B,2026-07-15,research_or_qa_queue,city or safe public service area missing,Fields selected by evidence grade; every source observation remains separately auditable.
AR-327128DF64,Schot's Slopes Farm,schots slopes farm,farm,unique_source_name_reviewed,AR,Marion,,72682,134 Keystone Lane Bruno Arkansas 72682,public_business_address_reviewed_for_future_reduced_precision,36.16027,-92.71617,"Chicken, Milk, Tomatoes",Arkansas Grown member,870-449-4294,schotsslopesfarm@gmail.com,internal_until_public_use_review,https://arfarmtoschool.org,https://www.facebook.com/SchotsSlopesFarm/photos,https://www.instagram.com/arkansasgrownandmade/,,False,False,False,False,False,False,False,1,arobs_e4a36ec6abdff47cf026,Arkansas Department of Agriculture — Arkansas Grown directory,https://arkansasgrown.org/listing/schots-slopes-farm-2/,B,2026-07-15,research_or_qa_queue,city or safe public service area missing,Fields selected by evidence grade; every source observation remains separately auditable.
AR-5372E4F863,Enoch Berry Farm,enoch berry farm,farm,unique_source_name_reviewed,AR,Miller,Fouke,71837,,public_business_address_reviewed_for_future_reduced_precision,,,U-pick crops; agritourism,U-pick; agritourism,,,internal_until_public_use_review,https://berryfarm.com/berryfarm.com/U-Pick.html,,,,True,False,False,False,True,False,False,1,arobs_1989fd57cb9d41e1c398,PickYourOwn — Southwest Arkansas,https://www.pickyourown.org/ARsw.htm,E,2026-07-15,research_or_qa_queue,single grade-E discovery listing needs corroboration; source reports closure and requires affirmative curator decision,Fields selected by evidence grade; every source observation remains separately auditable.
AR-C808709CB5,Enoch's Berry Farm,enochs berry farm,farm,unique_source_name_reviewed,AR,Miller,Fouke,71837,1722 MC 40,public_business_address_reviewed_for_future_reduced_precision,,,Farm products; see source profile,LocalHarvest Family Farm,(870) 653-2512,,internal_until_public_use_review,https://www.berryfarm.com,,,,True,False,False,False,False,False,False,1,arobs_3f53a21768308886eddc,LocalHarvest — Arkansas county-seat gap search,https://www.localharvest.org/enochs-berry-farm-M6876,D,2026-07-15,promotion_eligible_reviewed,,Fields selected by evidence grade; every source observation remains separately auditable.
AR-0A4CE5FB1B,Farm,farm,farm,unique_source_name_reviewed,AR,Miller,Texarkana,,,public_business_address_reviewed_for_future_reduced_precision,,,fresh flowers,LocalHarvest Family Farm,,,internal_until_public_use_review,,,,,True,False,False,False,False,False,False,1,arobs_57f85537df5ff313bd07,LocalHarvest — Arkansas county-seat gap search,https://www.localharvest.org/farm-M13935,D,2026-07-15,promotion_eligible_reviewed,,Fields selected by evidence grade; every source observation remains separately auditable.
AR-D9A039355C,Gateway Farmers Market,gateway farmers market,farm,unique_source_name_reviewed,AR,Miller,Texarkana,,"602 Jefferson Avenue, Texarkana, AR, USA",public_business_address_reviewed_for_future_reduced_precision,33.43011,-94.02944,"Asparagus, Banana Peppers - Varietys, Basil, Beans, Beef, Beets, Blackberries, Blueberries, Broccoli, Butter Beans, Butternut Squash, Cabbage, Cantaloupe, Carrots, Cauliflower, Cherry Tomatoes, Cilantro, Collard Greens, Corn, Cucumbers, Eggs, Figs, Flowers, Fruits, Garlic, Greens, Green Beans, Green Onion, Herbs, Honey, Kale, Lettuces—Variety, Melons – Variety, Mustard Greens, Okra, Onions, Oriental Vegetables, Peaches, Pears, Peas, Peppers - Variety, Perennials, Plums, Pork, Potatoes, Pumpkins, Radishes, Romaine, Squash, Strawberries, Sweet Corn, Sweet Potatoes, Swiss Chard, Tomatoes, Trees, Turnip Greens, Turnips, Vegetables, Watermelon, Yellow Squash, Zucchini, Other",Arkansas Grown member,903-824-0140,cowgirl0up@yahoo.com,internal_until_public_use_review,https://arfarmtoschool.org,https://www.facebook.com/gatewayfarmersmarket,https://www.instagram.com/arkansasgrownandmade/,,False,False,False,False,False,False,False,1,arobs_6ebd5730f0054b669314,Arkansas Department of Agriculture — Arkansas Grown directory,https://arkansasgrown.org/listing/gateway-farmers-market-2/,B,2026-07-15,promotion_eligible_reviewed,,Fields selected by evidence grade; every source observation remains separately auditable.
AR-517E7F0642,Gladden Farms,gladden farms,farm,unique_source_name_reviewed,AR,Miller,Fouke,71837,390 MC 459 Fouke Arkansas 71837,public_business_address_reviewed_for_future_reduced_precision,33.25597,-93.83922,"Banana Peppers - Varietys, Basil, Beans, Beets, Cantaloupe, Cherry Tomatoes, Cilantro, Cucumbers, Flowers, Green Beans, Green Onion, Herbs, Okra, Parsley, Peppers - Variety, Potatoes, Radishes, Romaine, Squash, Tomatoes, Turnip Greens, Turnips, Watermelon, Yellow Squash, Zucchini",Arkansas Grown member,903-824-0140,countrypets@swat.coop,internal_until_public_use_review,https://arfarmtoschool.org,https://www.facebook.com/gladdenfarmsofarkansas,https://www.instagram.com/arkansasgrownandmade/,,False,False,False,False,False,False,False,1,arobs_f7e626affcbfae7ee5fe,Arkansas Department of Agriculture — Arkansas Grown directory,https://arkansasgrown.org/listing/gladden-farms/,B,2026-07-15,promotion_eligible_reviewed,,Fields selected by evidence grade; every source observation remains separately auditable.
AR-3ABBA486C9,McGuire Family Farm,mcguire family farm,farm,unique_source_name_reviewed,AR,Miller,Texarkana,71854,124 N. Lake Davis Drive Texarkana Arkansas 71854,public_business_address_reviewed_for_future_reduced_precision,33.32661,-93.97717,"Chicken, Eggs, Milk",Arkansas Grown member,903-293-2222,Kerimcguirern@gmail.com,internal_until_public_use_review,https://arfarmtoschool.org,https://www.facebook.com/arkansasgrownandmade/,https://www.instagram.com/arkansasgrownandmade/,,False,False,False,False,False,False,False,1,arobs_304b3dc3f6182d23e4cf,Arkansas Department of Agriculture — Arkansas Grown directory,https://arkansasgrown.org/listing/mcguire-family-farm/,B,2026-07-15,promotion_eligible_reviewed,,Fields selected by evidence grade; every source observation remains separately auditable.
AR-EC0D219859,Parsons Ranch,parsons ranch,farm,unique_source_name_reviewed,AR,Miller,Texarkana,,"32 Miller County 294, Texarkana, AR, USA",public_business_address_reviewed_for_future_reduced_precision,33.39507,-93.94339,"Beef, Eggs, Goat, Poultry",Arkansas Grown member,903-277-0074,parsonsorganicranch@gmail.com,internal_until_public_use_review,https://arfarmtoschool.org,https://www.facebook.com/ParsonsOrganicRanch,https://www.instagram.com/arkansasgrownandmade/,,False,False,False,False,False,False,False,1,arobs_e216c28f328cca7f661c,Arkansas Department of Agriculture — Arkansas Grown directory,https://arkansasgrown.org/listing/parsons-ranch/,B,2026-07-15,promotion_eligible_reviewed,,Fields selected by evidence grade; every source observation remains separately auditable.
AR-00D2215082,Texarkana Blueberry Patch,texarkana blueberry patch,farm,unique_source_name_reviewed,AR,Miller,Texarkana,71854,,public_business_address_reviewed_for_future_reduced_precision,,,U-pick crops; agritourism,U-pick; agritourism,(903) 293-7545,,internal_until_public_use_review,,https://www.facebook.com/TexarkanaBlueberryPatch/,,,True,False,False,False,True,False,False,1,arobs_bcaa2a71e3c4641888f1,PickYourOwn — Southwest Arkansas,https://www.pickyourown.org/ARsw.htm,E,2026-07-15,research_or_qa_queue,single grade-E discovery listing needs corroboration,Fields selected by evidence grade; every source observation remains separately auditable.
AR-8701DEA296,Hawkins Farms,hawkins farms,farm,unique_source_name_reviewed,AR,Mississippi,Leachville,72438,5168 CR W196 Leachville Arkansas 72438,public_business_address_reviewed_for_future_reduced_precision,35.93591,-90.25788,"Cucumbers, Peppers - Variety, Vegetables, Yellow Squash, Zucchini",Arkansas Grown member,870-931-2737,heath.hawkins1@yahoo.com,internal_until_public_use_review,https://arfarmtoschool.org,https://www.facebook.com/pages/Hawkins%20Farms/192994951326707/,https://www.instagram.com/arkansasgrownandmade/,,False,False,False,False,False,False,False,1,arobs_8cca240d9d7b72c1b224,Arkansas Department of Agriculture — Arkansas Grown directory,https://arkansasgrown.org/listing/hawkins-farms/,B,2026-07-15,promotion_eligible_reviewed,,Fields selected by evidence grade; every source observation remains separately auditable.
AR-FDAEF9A105,The Grange at Wilson Gardens,the grange at wilson gardens,farm,unique_source_name_reviewed,AR,Mississippi,Wilson,,"15 South Jefferson Street, Wilson, AR, USA",public_business_address_reviewed_for_future_reduced_precision,35.56676,-90.04188,"AG education, Agritourism, Annuals, Eggs, Flowers, Fruits, Perennials, Vegetables",Arkansas Grown member,8705763079,jill@wilsongrange.com,internal_until_public_use_review,https://arfarmtoschool.org,https://www.facebook.com/WilsonGardensAR,https://www.instagram.com/arkansasgrownandmade/,,False,False,True,False,False,False,False,1,arobs_c9cbde0d9014a240c90d,Arkansas Department of Agriculture — Arkansas Grown directory,https://arkansasgrown.org/listing/the-grange-at-wilson-gardens/,B,2026-07-15,promotion_eligible_reviewed,,Fields selected by evidence grade; every source observation remains separately auditable.
AR-0647FFE604,Wilson Gardens,wilson gardens,farm,unique_source_name_reviewed,AR,Mississippi,Wilson,72395,15 S. Jefferson St,public_business_address_reviewed_for_future_reduced_precision,,,"Wilson Gardens Offering organically-grown produce to both the public and farm to table restaurants. Furthering education through farm tours, cooking classes, and events. The Arkansas Delta is a place rooted in agriculture. It touches the lives of everyone here. Wilson Gardens was created in the Spring of 2014 with the purpose of growing a different kind of Farm. Our mission is simply to support the people of our region in leading healthier, richer lives. We aim to achieve this by bringing people together in the celebration of food: how it is cultivated, prepared and feasted upon. By nurturing the connection between people, food and the land in which it is grown, we intend to build a resilien",LocalHarvest Family Farm,(870) 655-8422,,internal_until_public_use_review,https://www.wilsongardens.com,http://www.facebook.com/WilsongardensAR,,,True,False,False,False,False,False,False,1,arobs_263dc10dcf0fc19ad8f5,LocalHarvest — Arkansas county-seat gap search,https://www.localharvest.org/wilson-gardens-M65898,D,2026-07-15,promotion_eligible_reviewed,,Fields selected by evidence grade; every source observation remains separately auditable.
AR-7AF55732A5,"Della Rice DBA, Specialty Rice, Inc.",della rice dba specialty rice,farm,unique_source_name_reviewed,AR,Monroe,Brinkley,,"1000 West 1st Street, Brinkley, AR, USA",public_business_address_reviewed_for_future_reduced_precision,34.89706,-91.2062,Rice,Arkansas Grown member,870-734-1233 or 870919-6361 Cell,stephenh@dellarice.com,internal_until_public_use_review,https://www.youtube.com/dellarice,https://www.facebook.com/cookdellarice/,https://www.instagram.com/dellarice/,,False,False,False,False,False,False,False,1,arobs_e1885bc9ad34ff469f51,Arkansas Department of Agriculture — Arkansas Grown directory,https://arkansasgrown.org/listing/della-rice-dba-specialty-rice-inc/,B,2026-07-15,promotion_eligible_reviewed,,Fields selected by evidence grade; every source observation remains separately auditable.
AR-85FCBB0CB7,Lonesome Doe Farm,lonesome doe farm,farm,merged_exact_name_reviewed,AR,Monroe,Holly Grove,72069,"344 Scott Road, Holly Grove Arkansas 72069",public_business_address_reviewed_for_future_reduced_precision,34.66802,-91.10138,"Banana Peppers - Varietys, Beans, Butter Beans, Cabbage, Cantaloupe, Cherry Tomatoes, Cucumbers, Green Beans, Okra, Peas, Peppers - Variety, Radishes, Squash, Tomatoes, Turnip Greens, Turnips, Vegetables, Watermelon, Yellow Squash, Zucchini; U-pick crops; agritourism",Arkansas Grown member; U-pick; agritourism,870-821-9800,blackton1958@yahoo.com,internal_until_public_use_review,https://arfarmtoschool.org,https://www.facebook.com/lonesomedoefarm/,https://www.instagram.com/arkansasgrownandmade/,,True,False,False,False,True,False,False,2,arobs_2fc280996d3ed41db544 | arobs_63b004e6844579714cab,Arkansas Department of Agriculture — Arkansas Grown directory | PickYourOwn — Southeast Arkansas,https://arkansasgrown.org/listing/lonesome-dove-farm/ | https://www.pickyourown.org/ARse.htm,B; E,2026-07-15,promotion_eligible_reviewed,,Fields selected by evidence grade; every source observation remains separately auditable.
AR-91F9A7B833,Berkshire Prime Pork,berkshire prime pork,farm,unique_source_name_reviewed,AR,Montgomery,Mount Ida,71957,154 Gap Creek Dr Mount Ida Arkansas 71957,public_business_address_reviewed_for_future_reduced_precision,34.52971,-93.44143,"Pork, Vegetables",Arkansas Grown member,870-490-1579,trogers1981@yahoo.com,internal_until_public_use_review,https://arfarmtoschool.org,https://www.facebook.com/cleanhappypork,https://www.instagram.com/arkansasgrownandmade/,,False,False,False,False,False,False,False,1,arobs_108dadeadc7bf3e6bbef,Arkansas Department of Agriculture — Arkansas Grown directory,https://arkansasgrown.org/listing/berkshire-prime-pork/,B,2026-07-15,promotion_eligible_reviewed,,Fields selected by evidence grade; every source observation remains separately auditable.
AR-4C7F880BA5,Evergreen Acres,evergreen acres,farm,unique_source_name_reviewed,AR,Montgomery,Mount Ida,71957,272 Evergreen Rd Mount Ida Arkansas 71957,public_business_address_reviewed_for_future_reduced_precision,34.54257,-93.50092,"Cucumbers, Eggs, Livestock, Milk, Peas, Peppers - Variety, Squash, Tomatoes",Arkansas Grown member,501-617-2928,evergreenacresar@yahoo.com,internal_until_public_use_review,https://arfarmtoschool.org,https://www.facebook.com/evergreenacresminifarm,https://www.instagram.com/arkansasgrownandmade/,,False,False,False,False,False,False,False,1,arobs_8d101bc82d52683717f3,Arkansas Department of Agriculture — Arkansas Grown directory,https://arkansasgrown.org/listing/evergreen-acres/,B,2026-07-15,promotion_eligible_reviewed,,Fields selected by evidence grade; every source observation remains separately auditable.
AR-2EA65E11F0,Lily Creek2 Produce,lily creek2 produce,farm,unique_source_name_reviewed,AR,Nevada,Rosston,71858,"1523 Highway 200, Box 120 Rosston Arkansas 71858",public_business_address_reviewed_for_future_reduced_precision,33.59772,-93.23672,"Collard Greens, Cucumbers, Kale, Mustard Greens, Okra, Peas, Peppers - Variety, Squash, Tomatoes, Turnip Greens, Turnips, Vegetables, Yellow Squash, Zucchini",Arkansas Grown member,870-331-2437,holleman1921@gmail.com,internal_until_public_use_review,https://arfarmtoschool.org,https://www.facebook.com/arkansasgrownandmade/,https://www.instagram.com/arkansasgrownandmade/,,False,False,False,False,False,False,False,1,arobs_6296401bb0c8615c4d49,Arkansas Department of Agriculture — Arkansas Grown directory,https://arkansasgrown.org/listing/lily-creek2-produce/,B,2026-07-15,promotion_eligible_reviewed,,Fields selected by evidence grade; every source observation remains separately auditable.
AR-8BB5226004,Miracle Farms Market,miracle farms market,farm,unique_source_name_reviewed,AR,Nevada,Rosston,71858,659 Nevada 15 Rosston Arkansas 71858,public_business_address_reviewed_for_future_reduced_precision,33.54249,-93.38379,"Agritourism, Beef, Blackberries, Chicken, Cucumbers, Eggs, Hay, Honey, Milk, Okra, Oriental Vegetables, Peas, Peppers - Variety, Poultry, Pumpkins, Sheep/Lamb, Squash, Sweet Corn, Tomatoes, Vegetables, Yellow Squash, Zucchini",Arkansas Grown member,870-703-7266,miraclefarms@yahoo.com,internal_until_public_use_review,https://arfarmtoschool.org,https://www.facebook.com/miraclefarmsmarket,https://www.instagram.com/miraclefarmsmarket/,,True,False,False,False,False,False,False,1,arobs_454cb4c920b13621ec14,Arkansas Department of Agriculture — Arkansas Grown directory,https://arkansasgrown.org/listing/miracle-farms-market/,B,2026-07-15,promotion_eligible_reviewed,,Fields selected by evidence grade; every source observation remains separately auditable.
AR-0D45BA011B,Solomon's Farm,solomons farm,farm,unique_source_name_reviewed,AR,Nevada,,71835,821 highway 299E Emmet Arkansas 71835,public_business_address_reviewed_for_future_reduced_precision,33.72335,-93.42462,"Banana Peppers - Varietys, Beets, Broccoli, Butternut Squash, Cabbage, Cantaloupe, Cherry Tomatoes, Cilantro, Collard Greens, Corn, Cucumbers, Fruits, Grapes, Green Beans, Honey, Kale, Muscadine Grapes, Mustard Greens, Okra, Pears, Peas, Peppers - Variety, Plums, Potatoes, Radishes, Squash, Sweet Corn, Sweet Potatoes, Swiss Chard, Tomatoes, Turnip Greens, Turnips, Vegetables, Watermelon, Yellow Squash, Zucchini",Arkansas Grown member,870-887-0577,jmsolomon_2000@yahoo.com,internal_until_public_use_review,https://arfarmtoschool.org,https://www.facebook.com/Solomons-Farm,https://www.instagram.com/arkansasgrownandmade/,,True,False,False,False,False,False,False,1,arobs_70bb0df7234f08097e3c,Arkansas Department of Agriculture — Arkansas Grown directory,https://arkansasgrown.org/listing/solomons-farm/,B,2026-07-15,research_or_qa_queue,city or safe public service area missing,Fields selected by evidence grade; every source observation remains separately auditable.
AR-4D1B85EFC8,Cowbell Ranch,cowbell ranch,farm,unique_source_name_reviewed,AR,Newton,Mount Judea,,"Mount Judea, AR, USA",public_business_address_reviewed_for_future_reduced_precision,35.92147,-93.06017,Beef,Arkansas Grown member,870-688-4493,kayla@cowbellranch.com,internal_until_public_use_review,https://arfarmtoschool.org,http://www.facebook.com/cowbellranchmj,https://www.instagram.com/arkansasgrownandmade/,,False,False,False,False,False,False,False,1,arobs_4b540f4a6b12ddb08fde,Arkansas Department of Agriculture — Arkansas Grown directory,https://arkansasgrown.org/listing/cowbell-ranch/,B,2026-07-15,promotion_eligible_reviewed,,Fields selected by evidence grade; every source observation remains separately auditable.
AR-A466C2452A,Jack Martin,jack martin,producer_requires_type_review,unique_source_name_reviewed,AR,Newton,,,Hwys. 21 and 16 Fallsville Arkansas 0,public_business_address_reviewed_for_future_reduced_precision,35.77617,-93.46608,,Arkansas Grown member,870-428-5445,jmmath60@yahoo.com,internal_until_public_use_review,https://arfarmtoschool.org,https://www.facebook.com/MarwoodInc,https://www.instagram.com/arkansasgrownandmade/,,False,False,False,False,False,False,False,1,arobs_875bc79c3322807cbd5c,Arkansas Department of Agriculture — Arkansas Grown directory,https://arkansasgrown.org/listing/jack-martin/,B,2026-07-15,research_or_qa_queue,city or safe public service area missing; products or farm activity missing; directory candidate needs independent farm-operation evidence,Fields selected by evidence grade; every source observation remains separately auditable.
AR-DF2A2EC33A,Jasper Farmers Market,jasper farmers market,farm,unique_source_name_reviewed,AR,Newton,,,"Arkansas 7, Jasper, Newton County, AR, USA",public_business_address_reviewed_for_future_reduced_precision,36.01277,-93.17976,"Annuals, Apples, Beans - Snap, Pole, Variety, Beef, Beets, Blackberries, Cherry Tomatoes, Collard Greens, Cucumbers, Eggs, Flowers, Fruits, Garlic, Greens, Herbs, Honey, Leeks, Lettuces—Variety, Melons – Variety, Microgreens, Mushrooms, Okra, Onions, Pecans, Peppers - Variety, Perennials, Potatoes, Pumpkins, Raspberries, Squash, Strawberries, Sweet Potatoes, Tomatoes, Vegetables, Yellow Squash, Zucchini, Other",Arkansas Grown member,,jasperarfarmersmarket@gmail.com,internal_until_public_use_review,https://arfarmtoschool.org,https://www.facebook.com/jasperarfarmersmarket,https://www.instagram.com/arkansasgrownandmade/,,False,False,True,False,False,False,False,1,arobs_ba2845d3779973dc5bcf,Arkansas Department of Agriculture — Arkansas Grown directory,https://arkansasgrown.org/listing/jasper-farmers-market/,B,2026-07-15,research_or_qa_queue,city or safe public service area missing,Fields selected by evidence grade; every source observation remains separately auditable.
AR-8309D9F59E,Our Green Acre,our green acre,farm,unique_source_name_reviewed,AR,Newton,Jasper,72641,HC 70 Box 353 Jasper Arkansas 72641,public_business_address_reviewed_for_future_reduced_precision,36.00813,-93.18657,"Beef, Blackberries, Chicken, Eggs, Guinea Fowl, Hay, Honey, Livestock, Milk, Pork, Poultry, Raspberries",Arkansas Grown member,870-861-5890,misty@ourgreenacre.com,internal_until_public_use_review,https://arfarmtoschool.org,https://www.facebook.com/arkansasgrownandmade/,https://www.instagram.com/arkansasgrownandmade/,,False,False,False,False,False,False,False,1,arobs_5d435e661386ebae06a9,Arkansas Department of Agriculture — Arkansas Grown directory,https://arkansasgrown.org/listing/our-green-acre/,B,2026-07-15,promotion_eligible_reviewed,,Fields selected by evidence grade; every source observation remains separately auditable.
AR-F524B45656,Wildwind Bluff Farm,wildwind bluff farm,farm,unique_source_name_reviewed,AR,Newton,,72624,HC 33 Box 54A Compton Arkansas 72624,public_business_address_reviewed_for_future_reduced_precision,36.0968,-93.30227,Flowers,Arkansas Grown member,870-420-3120,rdarlenec@aol.com,internal_until_public_use_review,https://arfarmtoschool.org,https://www.facebook.com/Wildwind-Bluff-Farm-206798490063433,https://www.instagram.com/arkansasgrownandmade/,,False,False,False,False,False,False,False,1,arobs_8b9ba2ecddcd9f7f5619,Arkansas Department of Agriculture — Arkansas Grown directory,https://arkansasgrown.org/listing/wildwind-bluff-farm/,B,2026-07-15,research_or_qa_queue,city or safe public service area missing,Fields selected by evidence grade; every source observation remains separately auditable.
AR-71C0538747,Ouachita County Farmer's market,ouachita county farmers market,farm,unique_source_name_reviewed,AR,Ouachita,Camden,,"120 Harrison Avenue Southwest, Camden, AR, USA",public_business_address_reviewed_for_future_reduced_precision,33.58506,-92.83142,Vegetables,Arkansas Grown member,870-818-1410,glbradshaw2012@outlook.com,internal_until_public_use_review,https://arfarmtoschool.org,https://www.facebook.com/arkansasgrownandmade/,https://www.instagram.com/arkansasgrownandmade/,,False,False,False,False,False,False,False,1,arobs_bd571fb9cd470bf59406,Arkansas Department of Agriculture — Arkansas Grown directory,https://arkansasgrown.org/listing/ouachita-county-farmers-market/,B,2026-07-15,promotion_eligible_reviewed,,Fields selected by evidence grade; every source observation remains separately auditable.
AR-47CD3FBE56,Pace City Produce,pace city produce,farm,unique_source_name_reviewed,AR,Ouachita,Camden,71701,"1074 Ouachita 47 Mount Holly Road, Camden, AR 71701",public_business_address_reviewed_for_future_reduced_precision,33.45412,-92.89582,"Basil, Beans, Cantaloupe, Collard Greens, Corn, Cucumbers, Eggs, Flowers, Herbs, Honey, Mustard Greens, Okra, Ornamentals, Peas, Peppers - Variety, Pumpkins, Radishes, Squash, Sweet Corn, Swiss Chard, Tomatoes, Turnip Greens, Vegetables, Watermelon, Yellow Squash, Zucchini, Other",Arkansas Grown member,870-310-6808,sturner687@gmail.com,internal_until_public_use_review,https://arfarmtoschool.org,https://www.facebook.com/Pace-City-Produce-109633467436859,https://www.instagram.com/arkansasgrownandmade/,,False,False,False,False,False,False,False,1,arobs_87eb8834f07c4467104d,Arkansas Department of Agriculture — Arkansas Grown directory,https://arkansasgrown.org/listing/pace-city-produce/,B,2026-07-15,promotion_eligible_reviewed,,Fields selected by evidence grade; every source observation remains separately auditable.
AR-7C288D4682,Rowe McCarver Farms,rowe mccarver farms,farm,unique_source_name_reviewed,AR,Ouachita,Chidester,71726,404 Ouachita 16,public_business_address_reviewed_for_future_reduced_precision,,,beef; lamb,LocalHarvest Family Farm,,,internal_until_public_use_review,https://www.grassfedbeef-ar.com/WhatisaCowShare.htm#,,https://instagram.com/rowe_mccarver_farms/,,True,False,False,False,False,False,False,1,arobs_8561a71ded153adef87e,LocalHarvest — Arkansas county-seat gap search,https://www.localharvest.org/rowe-mccarver-farms-M78954,D,2026-07-15,promotion_eligible_reviewed,,Fields selected by evidence grade; every source observation remains separately auditable.
AR-38E5314CAB,SMITH FAMILY FARM,smith family farm,farm,unique_source_name_reviewed,AR,Ouachita,Camden,71701,2550 Old Wire Road CAMDEN Arkansas 71701,public_business_address_reviewed_for_future_reduced_precision,33.53856,-92.86853,"Banana Peppers - Varietys, Beans, Butter Beans, Cabbage, Cantaloupe, Cherry Tomatoes, Collard Greens, Corn, Cucumbers, Eggs, Goat, Green Beans, Green Onion, Kale, Okra, Peas, Peppers - Variety, Potatoes, Pumpkins, Squash, Sweet Corn, Sweet Potatoes, Tomatoes, Turnip Greens, Turnips, Vegetables, Watermelon, Worm and Castings, Yellow Squash, Zucchini",Arkansas Grown member,870-390-9320,southernsammy.ss@gmail.com,internal_until_public_use_review,https://arfarmtoschool.org,https://www.facebook.com/arkansasgrownandmade/,https://www.instagram.com/arkansasgrownandmade/,,False,False,False,False,False,False,False,1,arobs_9a64fc88b1d6e64e765e,Arkansas Department of Agriculture — Arkansas Grown directory,https://arkansasgrown.org/listing/smith-family-farm/,B,2026-07-15,promotion_eligible_reviewed,,Fields selected by evidence grade; every source observation remains separately auditable.
AR-F5EF4051C7,"Tyler Farms and Ranch, LLC",tyler farms and ranch,farm,unique_source_name_reviewed,AR,Ouachita,Camden,,"355 Ouachita 380, Camden, AR, USA",public_business_address_reviewed_for_future_reduced_precision,33.50683,-92.80206,"Beef, Eggs, Fruits, Goat, Hay, Honey, Nuts",Arkansas Grown member,(870) 675-0709,tylerfarmsandranch@gmail.com,internal_until_public_use_review,https://arfarmtoschool.org,https://www.facebook.com/arkansasfarms,https://www.instagram.com/arkansasgrownandmade/,,False,False,False,False,False,False,False,1,arobs_64b65bee74773c20268d,Arkansas Department of Agriculture — Arkansas Grown directory,https://arkansasgrown.org/listing/tyler-farms-and-ranch-llc/,B,2026-07-15,promotion_eligible_reviewed,,Fields selected by evidence grade; every source observation remains separately auditable.
AR-5DB0E854D9,Farm Girl Meats,farm girl meats,farm,unique_source_name_reviewed,AR,Perry,Perryville,72126,17 Possum Song Trail,public_business_address_reviewed_for_future_reduced_precision,,,beef; pork; eggs; raw milk; chicken; Florida Cracker Cattle,LocalHarvest Family Farm,(501) 215-0419,,internal_until_public_use_review,https://www.farmgirlfood.com,http://www.facebook.com/farmgirlmeats,,,True,False,False,False,False,False,False,1,arobs_e0815788b06d5cc46118,LocalHarvest — Arkansas county-seat gap search,https://www.localharvest.org/farm-girl-meats-M17107,D,2026-07-15,promotion_eligible_reviewed,,Fields selected by evidence grade; every source observation remains separately auditable.
AR-A2A51567E8,Food for Thought Farm,food for thought farm,farm,unique_source_name_reviewed,AR,Perry,Bigelow,72016,522 Breezewood Rd,public_business_address_reviewed_for_future_reduced_precision,,,arugula; chinese greens; daikon; kale; lettuce; rabbit; eggs; preserves; medicinal herbs; peas; salad greens; salad mix; spinach; fresh flowers; collards; mustard greens; okra; summer squash; sweet potatoes; zucchini; burdock,LocalHarvest Family Farm,(501) 213-5561,,internal_until_public_use_review,https://rodcollinsconstruction.com,http://www.facebook.com/?q=#/pages/Food-for-Thought-Farm/143425789071677,,,True,False,False,False,False,False,False,1,arobs_a7085b41cfb90f028fce,LocalHarvest — Arkansas county-seat gap search,https://www.localharvest.org/food-for-thought-farm-M50099,D,2026-07-15,promotion_eligible_reviewed,,Fields selected by evidence grade; every source observation remains separately auditable.
AR-940DC4C226,Foster's Four Seasons Farm,fosters four seasons farm,farm,unique_source_name_reviewed,AR,Perry,Houston,72070,1211 Highway 300,public_business_address_reviewed_for_future_reduced_precision,,,broccoli; cabbage; carrots; collards; green onions; kale; lettuce; mustard greens; salad greens; goat; rabbit; butter; cheese; eggs; goat yogurt; baked goods; bread; pickles; preserves; soap; onions; peas; potatoes; radishes; sweet corn; cucumber; eggplant; green beans; hot peppers; okra; summer squash; sweet peppers; tomatoes; zucchini; fresh flowers; garlic; pumpkins; spinach; swiss chard; turnips; winter-squash; chicken; honey,LocalHarvest Family Farm,(501) 563-4645,,internal_until_public_use_review,,,,,True,False,False,False,False,False,False,1,arobs_02623a1491c35a9068d1,LocalHarvest — Arkansas county-seat gap search,https://www.localharvest.org/fosters-four-seasons-farm-M61549,D,2026-07-15,promotion_eligible_reviewed,,Fields selected by evidence grade; every source observation remains separately auditable.
AR-819712350B,Heifer Ranch CSA,heifer ranch csa,farm,unique_source_name_reviewed,AR,Perry,Perryville,72126,55 Heifer Rd.,public_business_address_reviewed_for_future_reduced_precision,,,arugula; beets; broccoli; cabbage; carrots; cauliflower; chinese greens; collards; green beans; green onions; kale; lettuce; radishes; salad greens; spinach; summer squash; swiss chard; turnips; fresh flowers; sweet corn; cucumber; edamame soybeans; eggplant; garlic; hot peppers; okra; onions; peas; potatoes; sweet peppers; tomatoes; winter-squash; zucchini; melons; watermelons; mustard greens; sweet potatoes,LocalHarvest Family Farm,,,internal_until_public_use_review,https://heifer.org,http://www.facebook.com/HeiferInternationalLearningCenters,,,True,False,False,False,False,False,False,1,arobs_202c79eee310dc6c777f,LocalHarvest — Arkansas county-seat gap search,https://www.localharvest.org/heifer-ranch-csa-M28924,D,2026-07-15,promotion_eligible_reviewed,,Fields selected by evidence grade; every source observation remains separately auditable.
AR-88E7AB98F0,KMG Farms,kmg farms,farm,unique_source_name_reviewed,AR,Perry,Perryville,,,public_business_address_reviewed_for_future_reduced_precision,,,"Greetings! We are a small diversified farm located in western Perry County. We raise Large Black Pigs, cattle, sheep, goats, chickens, and produce. We raise our animals naturally without the use of steroids, hormones, or antibiotics. All of our animals are raised on pasture. We do not use steroids, hormones, or antibiotics on our animals. Our primary focus is on heritage breed pork. We raise Large Black Pigs whose meat is red in color and micro-marbled much like a ribeye steak. We raise several butcher pigs per year and have pigs that are available to be purchased quarterly. We sell our pigs by the wholes, halves and retail cuts. It's cheapest to buy them by the whole hog. We also raise catt",LocalHarvest Family Farm,,,internal_until_public_use_review,https://www.kmgfarms.com,http://www.facebook.com/Kmgfarms,,,True,False,False,False,False,False,False,1,arobs_117a70a2272a4b0e5474,LocalHarvest — Arkansas county-seat gap search,https://www.localharvest.org/kmg-farms-M67511,D,2026-07-15,promotion_eligible_reviewed,,Fields selected by evidence grade; every source observation remains separately auditable.
AR-807D4259F7,Music & Market on Perryville's Historic Courthouse Square,music and market on perryvilles historic courthouse square,farm,unique_source_name_reviewed,AR,Perry,Perryville,72126,"107 N Plum St, Perryville, AR 72126, USA",public_business_address_reviewed_for_future_reduced_precision,35.00502,-92.80337,Vegetables,Arkansas Grown member,(501) 354-2393,director@perrycountyarkansas.org,internal_until_public_use_review,https://arfarmtoschool.org,http://www.facebook.com/perrycountyarkansas,https://www.instagram.com/arkansasgrownandmade/,,False,False,False,False,False,False,False,1,arobs_162d74967f9cdfc2a7be,Arkansas Department of Agriculture — Arkansas Grown directory,https://arkansasgrown.org/listing/music-market-on-perryvilles-historic-courthouse-square/,B,2026-07-15,promotion_eligible_reviewed,,Fields selected by evidence grade; every source observation remains separately auditable.
AR-AF14CDCEAF,Olles Farms,olles farms,farm,unique_source_name_reviewed,AR,Perry,Bigelow,72016,63 Olles Farm Lane Bigelow Arkansas 72016,public_business_address_reviewed_for_future_reduced_precision,35.04434,-92.60383,"Beef, Pork",Arkansas Grown member,5014722946,olleswb@gmail.com,internal_until_public_use_review,https://arfarmtoschool.org,https://www.facebook.com/OllesFarms,https://www.instagram.com/arkansasgrownandmade/,,False,False,False,False,False,False,False,1,arobs_12d3494a98cffc4982c0,Arkansas Department of Agriculture — Arkansas Grown directory,https://arkansasgrown.org/listing/olles-farms/,B,2026-07-15,promotion_eligible_reviewed,,Fields selected by evidence grade; every source observation remains separately auditable.
AR-292E1BCAD7,Perry County Conservation District,perry county conservation district,farm,unique_source_name_reviewed,AR,Perry,Perryville,72126,209 Williams Complex Drive Perryville Arkansas 72126,public_business_address_reviewed_for_future_reduced_precision,35.00481,-92.80267,AG education,Arkansas Grown member,501-391-2586,perrycountycd@yahoo.com,internal_until_public_use_review,https://arfarmtoschool.org,https://www.facebook.com/PerryCountyCD/photos,https://www.instagram.com/arkansasgrownandmade/,,False,False,False,False,False,False,False,1,arobs_e3bdd77ca7e267acf148,Arkansas Department of Agriculture — Arkansas Grown directory,https://arkansasgrown.org/listing/perry-county-conservation-district/,B,2026-07-15,promotion_eligible_reviewed,,Fields selected by evidence grade; every source observation remains separately auditable.
AR-C61D376433,"Porch Swing Farms, LLC",porch swing farms,farm,unique_source_name_reviewed,AR,Perry,Bigelow,72016,"69 AR-113, Bigelow, AR 72016, USA",public_business_address_reviewed_for_future_reduced_precision,35.02194,-92.63076,"Eggs, Pork",Arkansas Grown member,4798712840,holly@porchswingfarms.com,internal_until_public_use_review,https://arfarmtoschool.org,https://www.facebook.com/porchswingfarmers,https://www.instagram.com/porchswingfarmers/,,False,False,False,False,False,False,False,1,arobs_1bf3f73475a8fe687d73,Arkansas Department of Agriculture — Arkansas Grown directory,https://arkansasgrown.org/listing/porch-swing-farms-llc/,B,2026-07-15,promotion_eligible_reviewed,,Fields selected by evidence grade; every source observation remains separately auditable.
AR-5C8DB58B10,Wye Mountain Berries,wye mountain berries,farm,unique_source_name_reviewed,AR,Perry,Roland,72135,,public_business_address_reviewed_for_future_reduced_precision,,,U-pick crops; agritourism,U-pick; agritourism,501-330-1906,farm@wyemountain.net,internal_until_public_use_review,,https://www.facebook.com/WyeMountain/,,,True,False,False,False,True,False,False,1,arobs_445988a364e01a3fcac7,PickYourOwn — Central Arkansas,https://www.pickyourown.org/ARlittlerock.htm,E,2026-07-15,research_or_qa_queue,county requires geography review due cross-directory conflicts with AR-127BB8F111 and AR-8DEB1601AB in Pulaski; single grade-E discovery listing needs corroboration,Fields selected by evidence grade; every source observation remains separately auditable.
AR-B43DDEA2FB,B. Chastain Farms,b chastain farms,farm,unique_source_name_reviewed,AR,Phillips,Poplar Grove,72374,7879 hwy. 49 Poplar Grove Arkansas 72374,public_business_address_reviewed_for_future_reduced_precision,34.55527,-90.79845,"Corn, Soybeans, Sweet Potatoes, Watermelon",Arkansas Grown member,870-572-2888,chastainbrian@hotmail.com,internal_until_public_use_review,https://arfarmtoschool.org,https://www.facebook.com/B-Chastain-Farms-466154083575998,https://www.instagram.com/arkansasgrownandmade/,,False,False,False,False,False,False,False,1,arobs_0697dd4e758de5151003,Arkansas Department of Agriculture — Arkansas Grown directory,https://arkansasgrown.org/listing/b-chastain-farms/,B,2026-07-15,promotion_eligible_reviewed,,Fields selected by evidence grade; every source observation remains separately auditable.
AR-7C505F17A6,Carruth's Peach Haven,carruths peach haven,farm,unique_source_name_reviewed,AR,Phillips,Poplar Grove,72374,,public_business_address_reviewed_for_future_reduced_precision,,,U-pick crops; agritourism,U-pick; agritourism,870-572-3260,,internal_until_public_use_review,,,,,True,False,False,False,True,False,False,1,arobs_e447630acdd66e36cd94,PickYourOwn — Southeast Arkansas,https://www.pickyourown.org/ARse.htm,E,2026-07-15,research_or_qa_queue,single grade-E discovery listing needs corroboration,Fields selected by evidence grade; every source observation remains separately auditable.
AR-095DE94706,Delta Dirt Distillery,delta dirt distillery,producer_requires_type_review,unique_source_name_reviewed,AR,Phillips,,,"430 Cherry Street, Helena, AR, USA",public_business_address_reviewed_for_future_reduced_precision,34.52682,-90.5859,"Corn, Sweet Potatoes",Arkansas Grown member,(870) 662-5709,CustomerService@deltadirtdistillery.com,internal_until_public_use_review,https://arfarmtoschool.org,http://www.Facebook.com/deltadirtdistillery.com,http://www.instagram.com/deltadirtdistillery.com,,False,False,False,False,False,False,False,1,arobs_f03e0363f30019a9764b,Arkansas Department of Agriculture — Arkansas Grown directory,https://arkansasgrown.org/listing/delta-dirt-distillery-4/,B,2026-07-15,research_or_qa_queue,city or safe public service area missing; directory candidate needs independent farm-operation evidence,Fields selected by evidence grade; every source observation remains separately auditable.
AR-2BDC735677,R. A. Williams Family Foundation,r a williams family foundation,farm,unique_source_name_reviewed,AR,Phillips,Helena-West Helena,,"West Helena, Helena-West Helena, AR, USA",public_business_address_reviewed_for_future_reduced_precision,34.55018,-90.64132,"Eggs, Peanuts, Sweet Potatoes, Turnip Greens, Turnips",Arkansas Grown member,1-501-358-8466,telights31@gmail.com,internal_until_public_use_review,https://arfarmtoschool.org,https://www.facebook.com/arkansasgrownandmade/,https://www.instagram.com/arkansasgrownandmade/,,False,False,False,False,False,False,False,1,arobs_2043e2c11e3fee33adcc,Arkansas Department of Agriculture — Arkansas Grown directory,https://arkansasgrown.org/listing/r-a-williams-family-foundation/,B,2026-07-15,promotion_eligible_reviewed,,Fields selected by evidence grade; every source observation remains separately auditable.
AR-A69531090B,Sunlight Farm LLC,sunlight farm,farm,unique_source_name_reviewed,AR,Phillips,Marvell,13427,"13427 Hwy 49, Marvell, AR, USA",public_business_address_reviewed_for_future_reduced_precision,34.55533,-90.89686,"Cantaloupe, Cucumbers, Okra, Peas, Squash, Sweet Corn, Tomatoes, Vegetables, Watermelon",Arkansas Grown member,870-995-3113,weasey_wee@yahoo.com,internal_until_public_use_review,https://arfarmtoschool.org,https://www.facebook.com/arkansasgrownandmade/,https://www.instagram.com/arkansasgrownandmade/,,False,False,False,False,False,False,False,1,arobs_d7c2650cd88e3ebaa1b9,Arkansas Department of Agriculture — Arkansas Grown directory,https://arkansasgrown.org/listing/sunlight-farm-llc/,B,2026-07-15,promotion_eligible_reviewed,,Fields selected by evidence grade; every source observation remains separately auditable.
AR-816426D0F9,Waddling Fowl Farm,waddling fowl farm,farm,unique_source_name_reviewed,AR,Phillips,Lexa,,"Lexa, AR, USA",public_business_address_reviewed_for_future_reduced_precision,34.59883,-90.7503,"Duck, Eggs",Arkansas Grown member,865-321-6441,Ebelerduckfarm@gmail.com,internal_until_public_use_review,https://arfarmtoschool.org,https://www.facebook.com/share/1BooUe3d56/,https://www.instagram.com/arkansasgrownandmade/,,False,False,False,False,False,False,False,1,arobs_bc421854ebcc90720441,Arkansas Department of Agriculture — Arkansas Grown directory,https://arkansasgrown.org/listing/waddling-fowl-farm/,B,2026-07-15,promotion_eligible_reviewed,,Fields selected by evidence grade; every source observation remains separately auditable.
AR-5FBC25EB35,Hawkins Variety Store,hawkins variety store,producer_requires_type_review,unique_source_name_reviewed,AR,Pike,Murfreesboro,,"51 Courthouse Square, Murfreesboro, AR, USA",public_business_address_reviewed_for_future_reduced_precision,34.06198,-93.68951,"Annuals, Pears",Arkansas Grown member,870-285-1130,hawkinsvarietystore@gmail.com,internal_until_public_use_review,https://arfarmtoschool.org,https://www.facebook.com/Hawkins1943/,https://www.instagram.com/arkansasgrownandmade/,,False,False,False,False,False,False,False,1,arobs_856e390428ef5e7872bb,Arkansas Department of Agriculture — Arkansas Grown directory,https://arkansasgrown.org/listing/hawkins-variety-store/,B,2026-07-15,research_or_qa_queue,directory candidate needs independent farm-operation evidence,Fields selected by evidence grade; every source observation remains separately auditable.
AR-0E32845621,"Cullum Seeds, LLC",cullum seeds,farm,unique_source_name_reviewed,AR,Poinsett,Fisher,72429,P.O. Box 178 Fisher Arkansas 72429,public_business_address_reviewed_for_future_reduced_precision,35.49109,-90.97281,"Rice, Seeds, Soybeans, Wheat",Arkansas Grown member,870-328-7222,Kelly.phipps@cullumseed.com,internal_until_public_use_review,https://arfarmtoschool.org,https://www.facebook.com/arkansasgrownandmade/,https://www.instagram.com/arkansasgrownandmade/,,False,False,False,False,False,False,False,1,arobs_3bd08568d51f8cd09c04,Arkansas Department of Agriculture — Arkansas Grown directory,https://arkansasgrown.org/listing/cullum-seeds-llc/,B,2026-07-15,promotion_eligible_reviewed,,Fields selected by evidence grade; every source observation remains separately auditable.
AR-5CECCFC102,Eagle Seed Company,eagle seed,producer_requires_type_review,unique_source_name_reviewed,AR,Poinsett,Weiner,72479,8496 Swan Pond Rd. Weiner Arkansas 72479,public_business_address_reviewed_for_future_reduced_precision,35.61515,-90.88573,Soybeans,Arkansas Grown member,870-684-7377,brad@eagleseed.com,internal_until_public_use_review,https://arfarmtoschool.org,https://www.facebook.com/eagleseedco,https://www.instagram.com/arkansasgrownandmade/,,False,False,False,False,False,False,False,1,arobs_2cef3fcf889aa6ff0fb8,Arkansas Department of Agriculture — Arkansas Grown directory,https://arkansasgrown.org/listing/eagle-seed-company/,B,2026-07-15,research_or_qa_queue,directory candidate needs independent farm-operation evidence,Fields selected by evidence grade; every source observation remains separately auditable.
AR-9CFB886E68,Whitton Farms,whitton farms,farm,merged_exact_name_reviewed,AR,Poinsett,Tyronza,72386,5157 W St Hwy 118 Tyronza Arkansas 72386,public_business_address_reviewed_for_future_reduced_precision,35.51249,-90.26157,"Asparagus, Banana Peppers - Varietys, Basil, Beans, Beets, Butter Beans, Butternut Squash, Cabbage, Cherry Tomatoes, Cilantro, Collard Greens, Corn, Cucumbers, Flowers, Fruits, Green Beans, Green Onion, Herbs, Kale, Leeks, Mustard Greens, Okra, Oriental Vegetables, Peas, Pecans, Peppers - Variety, Perennials, Pumpkins, Radishes, Romaine, Squash, Strawberries, Sweet Corn, Swiss Chard, Tomatoes, Turnip Greens, Turnips, Vegetables, Vines, Watermelon, Yellow Squash, Zucchini; arugula; carrots; chinese greens; collards; kale; lettuce; mustard greens; peas; salad greens; salad mix; spinach; sweet potatoes; swiss chard; turnips; pecans; baked goods; bread; honey; preserves; wreaths; asparagus; beets; broccoli; brussels sprouts; cabbage; green onions; kohlrabi; potatoes; radishes; winter-squash; blackberries; strawberries; medicinal herbs; fresh flowers; sweet corn; cucumber; eggplant; green beans; hot peppers; leeks; okra; onions; pumpkins; summer squash; sweet peppers; tomatoes; zucchini; apples; cantaloupes; figs; melons; watermelons; pickles; gourds; luffa; garlic; sunchokes",Arkansas Grown member; LocalHarvest Family Farm,8708195929,info@whittonfarms.com,internal_until_public_use_review,https://arfarmtoschool.org,https://www.facebook.com/whitton.farms,https://www.instagram.com/whittonfarms/,,True,False,True,False,False,False,False,2,arobs_c2500d008c9991e586c2 | arobs_a62284ec12c96cb9f88a,Arkansas Department of Agriculture — Arkansas Grown directory | LocalHarvest — Arkansas county-seat gap search,https://arkansasgrown.org/listing/whitton-farms/ | https://www.localharvest.org/whitton-farms-M18231,B; D,2026-07-15,promotion_eligible_reviewed,,Fields selected by evidence grade; every source observation remains separately auditable.
AR-EBAF08F98B,Avalon Keep Mena Orchard,avalon keep mena orchard,farm,unique_source_name_reviewed,AR,Polk,Mena,71953,1709 Miller,public_business_address_reviewed_for_future_reduced_precision,,,spinach; sweet corn; cucumber; green beans; okra; peas; sweet peppers; tomatoes; zucchini; apples; apricots; asian-pears; blackberries; blueberries; cantaloupes; cherries; grapes; melons; nectarines; peaches; pears; plums; raspberries; watermelons; garlic; sweet potatoes; turnips; wreaths,LocalHarvest Family Farm,,,internal_until_public_use_review,https://www.AvalonKeep.com,http://www.facebook.com/AvalonKeep.com,,,True,False,False,False,False,False,False,1,arobs_dfe5098e48c979aa724e,LocalHarvest — Arkansas county-seat gap search,https://www.localharvest.org/avalon-keep-mena-orchard-M59187,D,2026-07-15,promotion_eligible_reviewed,,Fields selected by evidence grade; every source observation remains separately auditable.
AR-F64FA0CB18,D Bar D Ranch,d bar d ranch,farm,unique_source_name_reviewed,AR,Polk,Mena,14718,"14718 Johnson Creek Rd, Mena, Arkansas, USA",public_business_address_reviewed_for_future_reduced_precision,34.72037,-94.23545,Beef,Arkansas Grown member,5016814854,dbardcattleranch@gmail.com,internal_until_public_use_review,http://Www.dbardcattleranch.com,https://www.facebook.com/dbardcattleranch,https://www.instagram.com/dbardranch/,,False,False,False,False,False,False,False,1,arobs_93d7a605bf596d76b3d2,Arkansas Department of Agriculture — Arkansas Grown directory,https://arkansasgrown.org/listing/d-bar-d-ranch/,B,2026-07-15,promotion_eligible_reviewed,,Fields selected by evidence grade; every source observation remains separately auditable.
AR-625E102A35,"Holly Springs Homestead, LLC",holly springs homestead,farm,unique_source_name_reviewed,AR,Polk,Mena,71953,,public_business_address_reviewed_for_future_reduced_precision,,,U-pick crops; agritourism,U-pick; agritourism,479-437-4069,HSH_LLC@ATT.NET,internal_until_public_use_review,https://www.hollyspringshomestead.com,https://www.facebook.com/hollyspringshomestead,,,True,False,False,False,True,False,False,1,arobs_87fd1767c9458c3627ba,PickYourOwn — Southwest Arkansas,https://www.pickyourown.org/ARsw.htm,E,2026-07-15,research_or_qa_queue,single grade-E discovery listing needs corroboration,Fields selected by evidence grade; every source observation remains separately auditable.
AR-94EC2244B7,Howard's Heritage Farms,howards heritage farms,farm,unique_source_name_reviewed,AR,Polk,Mena,,"Mena, AR, USA",public_business_address_reviewed_for_future_reduced_precision,34.58422,-94.23637,"Chicken, Duck, Honey, Pork",Arkansas Grown member,479-394-1225,katsheep00@gmail.com,internal_until_public_use_review,https://arfarmtoschool.org,https://www.facebook.com/HowardsHeritageFarms/,https://www.instagram.com/arkansasgrownandmade/,,False,False,False,False,False,False,False,1,arobs_88938ba368c215a5b8b3,Arkansas Department of Agriculture — Arkansas Grown directory,https://arkansasgrown.org/listing/howards-heritage-farms/,B,2026-07-15,promotion_eligible_reviewed,,Fields selected by evidence grade; every source observation remains separately auditable.
AR-C8FFFAD845,Mountain Meadows Farm,mountain meadows farm,farm,merged_exact_name_reviewed,AR,Polk,Hatfield,71945,255 Polk Road 30,public_business_address_reviewed_for_future_reduced_precision,,,"Pastured livestock and/or farm products; see source listing; beef; chicken; pork; eggs; medicinal herbs; Rhode Island Red Chicken, ""Old-Type""",Pastured-product farm; direct sales; LocalHarvest Family Farm,(479) 234-8245,mmf@jadoke.com,internal_until_public_use_review,https://www.mmfsustainablefarmliving.com,http://www.facebook.com/pages/Mountain-Meadows-Farm/209340022560436,,,True,False,False,False,False,False,False,2,arobs_94f5070901b8da7192ff | arobs_fcb42aa06f12c27553c4,EatWild Arkansas directory | LocalHarvest — Arkansas county-seat gap search,https://www.eatwild.com/products/arkansas.html | https://www.localharvest.org/mountain-meadows-farm-M61217,D,2026-07-15,promotion_eligible_reviewed,,Fields selected by evidence grade; every source observation remains separately auditable.
AR-CD5307917E,New Dawn Farm,new dawn farm,farm,unique_source_name_reviewed,AR,Polk,Cove,,"134 Polk Rd 20 W, Cove, AR, USA",public_business_address_reviewed_for_future_reduced_precision,34.41517,-94.41323,"Beef, Chicken, Eggs, Poultry",Arkansas Grown member,2145369660,rgoss_71603@yahoo.com,internal_until_public_use_review,https://arfarmtoschool.org,https://www.facebook.com/share/TD3rdGDkSNipMs92/?mibextid=LQQJ4d,https://www.instagram.com/new_dawn_farm?igsh=MWIyYWQ0bXE0aG53Yg%3D%3D&utm_source=qr,,False,False,False,False,False,False,False,1,arobs_9a679a312c29c7be0d5d,Arkansas Department of Agriculture — Arkansas Grown directory,https://arkansasgrown.org/listing/new-dawn-farm/,B,2026-07-15,promotion_eligible_reviewed,,Fields selected by evidence grade; every source observation remains separately auditable.
AR-741570FC4C,Wildacre Ranch,wildacre ranch,farm,unique_source_name_reviewed,AR,Polk,Mena,71953,,public_business_address_reviewed_for_future_reduced_precision,,,U-pick crops; agritourism,U-pick; agritourism,479-216-9202,,internal_until_public_use_review,,,,,True,False,False,False,True,False,False,1,arobs_e807e1557bcb5ccbb7a4,PickYourOwn — Southwest Arkansas,https://www.pickyourown.org/ARsw.htm,E,2026-07-15,research_or_qa_queue,single grade-E discovery listing needs corroboration,Fields selected by evidence grade; every source observation remains separately auditable.
AR-E692D956F6,Yellowpebble Ranch,yellowpebble ranch,farm,unique_source_name_reviewed,AR,Polk,Wickes,,"661 U.S. 278, Wickes, AR, USA",public_business_address_reviewed_for_future_reduced_precision,34.29788,-94.28508,Beef,Arkansas Grown member,618-798-1994,davedun74@yahoo.com,internal_until_public_use_review,https://arfarmtoschool.org,https://www.facebook.com/arkansasgrownandmade/,https://www.instagram.com/arkansasgrownandmade/,,False,False,False,False,False,False,False,1,arobs_6707345fbed73fbdf1a4,Arkansas Department of Agriculture — Arkansas Grown directory,https://arkansasgrown.org/listing/yellowpebble-ranch/,B,2026-07-15,promotion_eligible_reviewed,,Fields selected by evidence grade; every source observation remains separately auditable.
AR-0BEF4F490D,Arkansas Tech University,arkansas tech university,farm,unique_source_name_reviewed,AR,Pope,Russellville,72801,402 West O Street Russellville Arkansas 72801,public_business_address_reviewed_for_future_reduced_precision,35.29508,-93.13864,"Beef, Pork",Arkansas Grown member,479-968-0251,mraineyjr@atu.edu,internal_until_public_use_review,https://arfarmtoschool.org,https://www.facebook.com/arkansastech,https://www.instagram.com/arkansasgrownandmade/,,False,False,False,False,False,False,False,1,arobs_3912ada8c34c7e4f86f0,Arkansas Department of Agriculture — Arkansas Grown directory,https://arkansasgrown.org/listing/arkansas-tech-university/,B,2026-07-15,promotion_eligible_reviewed,,Fields selected by evidence grade; every source observation remains separately auditable.
AR-95D7C9EF8A,Bewley Peach Orchard,bewley peach orchard,farm,unique_source_name_reviewed,AR,Pope,Dover,72837,,public_business_address_reviewed_for_future_reduced_precision,,,U-pick crops; agritourism,U-pick; agritourism,479-331-3247,,internal_until_public_use_review,,,,,True,False,False,False,True,False,False,1,arobs_6da601f461da1306a110,PickYourOwn — Northwest Arkansas,https://www.pickyourown.org/ARnw.htm,E,2026-07-15,research_or_qa_queue,single grade-E discovery listing needs corroboration,Fields selected by evidence grade; every source observation remains separately auditable.
AR-D892D7618C,C3 Beef and Cornerstone Cattle Company,c3 beef and cornerstone cattle,farm,unique_source_name_reviewed,AR,Pope,,,"4610 Arkansas 124, Russellville, AR, USA",public_business_address_reviewed_for_future_reduced_precision,35.32317,-93.09655,Beef,Arkansas Grown member,479-264-9687,sales@c3beef.com,internal_until_public_use_review,https://arfarmtoschool.org,https://www.facebook.com/C3cattleco,https://www.instagram.com/arkansasgrownandmade/,,False,False,True,False,False,False,False,1,arobs_046ebb5d75de19204e9b,Arkansas Department of Agriculture — Arkansas Grown directory,https://arkansasgrown.org/listing/c3-beef-and-cornerstonecattlecompany/,B,2026-07-15,research_or_qa_queue,city or safe public service area missing,Fields selected by evidence grade; every source observation remains separately auditable.
AR-0AE2C3E9E3,Cypress Valley Meat Company,cypress valley meat,farm,unique_source_name_reviewed,AR,Pope,Pottsville,,"5951 U.S. 64, Pottsville, AR, USA",public_business_address_reviewed_for_future_reduced_precision,35.25464,-93.04897,Livestock,Arkansas Grown member,479-968-6330,chris@cypressvalleymeatcompany.com,internal_until_public_use_review,https://arfarmtoschool.org,https://www.facebook.com/cypressvalleymeat,https://www.instagram.com/arkansasgrownandmade/,,False,False,False,False,False,False,False,1,arobs_5eda66264194021a6ecb,Arkansas Department of Agriculture — Arkansas Grown directory,https://arkansasgrown.org/listing/cypress-valley-meat-company/,B,2026-07-15,promotion_eligible_reviewed,,Fields selected by evidence grade; every source observation remains separately auditable.
AR-01B138DA6D,Drewry Farm & Orchards,drewry farm and orchards,farm,merged_exact_name_reviewed,AR,Pope,Dover,72837,Vaughn Circle Dover Arkansas 72837,public_business_address_reviewed_for_future_reduced_precision,35.39341,-93.05536,"AG education, Agritourism, Apples, Basil, Beans, Blackberries, Butternut Squash, Cantaloupe, Chicken, Cilantro, Corn, Cotton, Duck, Eggs, Flowers, Fruits, Green Beans, Honey, Kale, Nectarines, Nursery, Okra, Peaches, Perennials, Plums, Potatoes, Poultry, Pumpkins, Seeds, Shrubs, Squab, Squash, Strawberries, Sweet Corn, Sweet Potatoes, Tomatoes, Turnip Greens, Turnips, Vegetables, Watermelon, Yellow Squash, Zucchini; U-pick crops; agritourism",Arkansas Grown member; U-pick; agritourism,479-857-3018,drewryfarm@gmail.com,internal_until_public_use_review,https://arfarmtoschool.org,https://www.facebook.com/drewryfarm,https://www.instagram.com/arkansasgrownandmade/,,True,False,False,False,True,False,False,2,arobs_aa1e2651742a0718ca70 | arobs_805763fb9b84e0e0d60e,Arkansas Department of Agriculture — Arkansas Grown directory | PickYourOwn — Northwest Arkansas,https://arkansasgrown.org/listing/drewry-farm-orchards/ | https://www.pickyourown.org/ARnw.htm,B; E,2026-07-15,promotion_eligible_reviewed,,Fields selected by evidence grade; every source observation remains separately auditable.
AR-F684C737EA,Foshee Pecans,foshee pecans,producer_requires_type_review,unique_source_name_reviewed,AR,Pope,Atkins,,"13 Foshee Lane, Atkins, AR, USA",public_business_address_reviewed_for_future_reduced_precision,35.22077,-92.85432,Pecans,Arkansas Grown member,501-354-3791,fosheespecans@gmail.com,internal_until_public_use_review,https://arfarmtoschool.org,https://www.facebook.com/fosheespecans?mibextid=LQQJ4d,https://www.instagram.com/arkansasgrownandmade/,,False,False,False,False,False,False,False,1,arobs_a9ff4565a356aafb8c11,Arkansas Department of Agriculture — Arkansas Grown directory,https://arkansasgrown.org/listing/foshee-pecans/,B,2026-07-15,research_or_qa_queue,directory candidate needs independent farm-operation evidence,Fields selected by evidence grade; every source observation remains separately auditable.
AR-321D46A2C0,Green Acres Atkins,green acres atkins,farm,unique_source_name_reviewed,AR,Pope,Atkins,72823,379 Haralson Lane Atkins Arkansas 72823,public_business_address_reviewed_for_future_reduced_precision,35.27929,-92.89764,"Corn, Cucumbers, Eggs, Flowers, Green Beans, Green Onion, Honey, Kale, Mushrooms, Okra, Peaches, Peas, Potatoes, Pumpkins, Sweet Corn, Tomatoes, Vegetables, Yellow Squash, Zucchini",Arkansas Grown member,479-857-1387,greenacres987@gmail.com,internal_until_public_use_review,https://arfarmtoschool.org,https://www.facebook.com/greenacresatkins/,https://www.instagram.com/arkansasgrownandmade/,,False,False,False,False,False,False,False,1,arobs_28f6baa3b1322c5b59a4,Arkansas Department of Agriculture — Arkansas Grown directory,https://arkansasgrown.org/listing/green-acres-atkins/,B,2026-07-15,promotion_eligible_reviewed,,Fields selected by evidence grade; every source observation remains separately auditable.
AR-E534390095,Hideaway Farms,hideaway farms,farm,unique_source_name_reviewed,AR,Pope,London,72847,"1477 Whorton Mountain Rd, London, AR 72847, USA",public_business_address_reviewed_for_future_reduced_precision,35.36457,-93.28826,"Beef, Eggs, Milk, Poultry",Arkansas Grown member,479-970-3508,hideawaycjfarm@gmail.com,internal_until_public_use_review,https://arfarmtoschool.org,https://www.facebook.com/hideawaycjfarm/,https://www.instagram.com/hideawayfarms/,,False,False,False,False,False,False,False,1,arobs_888df472356443b2885b,Arkansas Department of Agriculture — Arkansas Grown directory,https://arkansasgrown.org/listing/hideaway-farms/,B,2026-07-15,promotion_eligible_reviewed,,Fields selected by evidence grade; every source observation remains separately auditable.
AR-02B8F61958,Hoien Farms,hoien farms,farm,unique_source_name_reviewed,AR,Pope,,,"3840 Arkansas 247, Atkins, AR, USA",public_business_address_reviewed_for_future_reduced_precision,35.29271,-92.90945,Beef,Arkansas Grown member,479-264-3612,mrhoien@yahoo.com,internal_until_public_use_review,https://arfarmtoschool.org,https://www.facebook.com/Hoien-Farms-Beef-572163169844098,https://www.instagram.com/arkansasgrownandmade/,,False,False,False,False,False,False,False,1,arobs_f431919a1497cb29c7cb,Arkansas Department of Agriculture — Arkansas Grown directory,https://arkansasgrown.org/listing/hoien-farms-2/,B,2026-07-15,research_or_qa_queue,city or safe public service area missing,Fields selected by evidence grade; every source observation remains separately auditable.
AR-5E01B1EF30,Jerry Markham Farm Stand,jerry markham farm stand,farm,unique_source_name_reviewed,AR,Pope,Atkins,72823,,public_business_address_reviewed_for_future_reduced_precision,,,U-pick crops; agritourism,U-pick; agritourism,479-641-0987,jdjjhm@cswnet.com,internal_until_public_use_review,,,,,True,False,False,False,True,False,False,1,arobs_015fd9a0aa84e96198d2,PickYourOwn — Northwest Arkansas,https://www.pickyourown.org/ARnw.htm,E,2026-07-15,research_or_qa_queue,single grade-E discovery listing needs corroboration,Fields selected by evidence grade; every source observation remains separately auditable.
AR-9C96202445,Middleton Family Farms Pumpkin Patch,middleton family farms pumpkin patch,farm,unique_source_name_reviewed,AR,Pope,Pottsville,,"300 Day Rd, Pottsville, AR, USA",public_business_address_reviewed_for_future_reduced_precision,35.22705,-93.0682,"Agritourism, Flowers, Pumpkins",Arkansas Grown member,870-224-5010,theulmkid@yahoo.com,internal_until_public_use_review,https://arfarmtoschool.org,https://www.facebook.com/MiddletonFamilyFarms,http://Instagram.com/middletonfamilyfarms,,False,False,False,False,False,False,False,1,arobs_6496f5b1713ff944690a,Arkansas Department of Agriculture — Arkansas Grown directory,https://arkansasgrown.org/listing/middleton-family-farms-pumpkin-patch/,B,2026-07-15,promotion_eligible_reviewed,,Fields selected by evidence grade; every source observation remains separately auditable.
AR-8E78AB9BAF,Pawpaws Pecans,pawpaws pecans,producer_requires_type_review,unique_source_name_reviewed,AR,Pope,Atkins,,"131 Alldon Marie Road, Atkins, AR, USA",public_business_address_reviewed_for_future_reduced_precision,35.18276,-92.84807,"Muscadine Grapes, Pecans",Arkansas Grown member,501-514-5020,Wilchman1@yahoo.com,internal_until_public_use_review,https://arfarmtoschool.org,https://www.facebook.com/arkansasgrownandmade/,https://www.instagram.com/arkansasgrownandmade/,,False,False,False,False,False,False,False,1,arobs_3e1048e717b3856d5950,Arkansas Department of Agriculture — Arkansas Grown directory,https://arkansasgrown.org/listing/pawpaws-pecans/,B,2026-07-15,research_or_qa_queue,directory candidate needs independent farm-operation evidence,Fields selected by evidence grade; every source observation remains separately auditable.
AR-28E6778D00,Pope County Farmers Market,pope county farmers market,farm,unique_source_name_reviewed,AR,Pope,Russellville,,2200 West Main Street Russellville Arkansas 720802,public_business_address_reviewed_for_future_reduced_precision,35.2844,-93.15389,"Flowers, Fruits, Herbs, Honey, Nursery, Vegetables",Arkansas Grown member,479-857-1387,greenacres987@gmail.com,internal_until_public_use_review,https://arfarmtoschool.org,https://www.facebook.com/pages/Pope-County-Farmers-MarketRussellvilles-Farm-to-Table-Market/,https://www.instagram.com/arkansasgrownandmade/,,False,False,False,False,False,False,False,1,arobs_6c99e7bfcb4d535e1d21,Arkansas Department of Agriculture — Arkansas Grown directory,https://arkansasgrown.org/listing/pope-county-farmers-market/,B,2026-07-15,promotion_eligible_reviewed,,Fields selected by evidence grade; every source observation remains separately auditable.
AR-56E2A84E58,"Ralston Family Farms, LLC",ralston family farms,farm,unique_source_name_reviewed,AR,Pope,Atkins,72823,321 Atkins Bottom Road Atkins Arkansas 72823,public_business_address_reviewed_for_future_reduced_precision,35.20993,-92.92405,Rice,Arkansas Grown member,479-857-3790,robin@ralstonfamilyfarms.com,internal_until_public_use_review,https://www.youtube.com/channel/UCShnIyKbqdix6APk4bCVpuQ,https://www.facebook.com/RalstonFamilyFarms,https://www.instagram.com/ralstonfamilyfarms/,,False,False,False,False,False,False,False,1,arobs_6f8a5595170d51857c03,Arkansas Department of Agriculture — Arkansas Grown directory,https://arkansasgrown.org/listing/ralston-family-farms-llc/,B,2026-07-15,promotion_eligible_reviewed,,Fields selected by evidence grade; every source observation remains separately auditable.
AR-77221414AD,Renee's Berry Garden,renees berry garden,farm,merged_exact_name_reviewed,AR,Pope,London,72847,1265 Will Baker Road London Arkansas 72847,public_business_address_reviewed_for_future_reduced_precision,35.35351,-93.28456,"Blackberries, Blueberries; blackberries; blueberries; U-pick crops; agritourism",Arkansas Grown member; LocalHarvest Family Farm; U-pick; agritourism,479-293-3229,ford_pat@hotmail.com,internal_until_public_use_review,https://arfarmtoschool.org,https://www.facebook.com/Renees-Berry-Garden-172150249512730/?ref=page_internal,https://www.instagram.com/arkansasgrownandmade/,,True,False,False,False,True,False,False,3,arobs_e7e842d42a00acc7715d | arobs_476d8bbee7c9870f8f4a | arobs_f4645fb20b14c878697c,Arkansas Department of Agriculture — Arkansas Grown directory | LocalHarvest — Arkansas county-seat gap search | PickYourOwn — Northwest Arkansas,https://arkansasgrown.org/listing/renees-berry-garden/ | https://www.localharvest.org/renees-berry-garden-M48681 | https://www.pickyourown.org/ARnw.htm,B; D; E,2026-07-15,promotion_eligible_reviewed,,Fields selected by evidence grade; every source observation remains separately auditable.
AR-1B74487FE2,River Valley Seed and Feed Inc.,river valley seed and feed,farm,unique_source_name_reviewed,AR,Pope,,,"3903 South Arkansas Avenue, Russellville, AR, USA",public_business_address_reviewed_for_future_reduced_precision,35.23723,-93.13993,"Annuals, Asparagus, Beans, Beans - Snap, Pole, Variety, Cottonseed, Field Corn, Rye",Arkansas Grown member,479-967-0170,brian@rivervalleyseed.com,internal_until_public_use_review,https://arfarmtoschool.org,https://www.facebook.com/rivervalleyseedandfeed,https://www.instagram.com/arkansasgrownandmade/,,False,False,False,False,False,False,False,1,arobs_c2a4c33d1f63b3301417,Arkansas Department of Agriculture — Arkansas Grown directory,https://arkansasgrown.org/listing/river-valley-seed-and-feed-inc/,B,2026-07-15,research_or_qa_queue,city or safe public service area missing,Fields selected by evidence grade; every source observation remains separately auditable.
AR-9ACDC0363C,Russellville Community Market,russellville community market,farm,unique_source_name_reviewed,AR,Pope,Russellville,,"302 West C Street, Russellville, AR, USA",public_business_address_reviewed_for_future_reduced_precision,35.27401,-93.14824,"Annuals, Apples, Asparagus, Banana Peppers - Varietys, Barley, Basil, Beans, Beef, Beets, Blackberries, Blueberries, Broccoli, Butter Beans, Butternut Squash, Cabbage, Cantaloupe, Cherry Tomatoes, Chicken, Cilantro, Collard Greens, Corn, Cucumbers, Eggs, Flowers, Fruits, Goat, Grapes, Green Beans, Green Onion, Herbs, Honey, Kale, Leeks, Muscadine Grapes, Mushrooms, Mustard Greens, Nectarines, Nuts, Oats, Okra, Oriental Vegetables, Ornamentals, Parsley, Peaches, Peanuts, Pears, Peas, Pecans, Peppers - Variety, Perennials, Plums, Pork, Potatoes, Poultry, Pumpkins, Radishes, Raspberries, Rice, Romaine, Rutabagas, Seeds, Sheep/Lamb, Sorghum, Soybeans, Squash, Strawberries, Sweet Corn, Sweet Potatoes, Swiss Chard, Tobacco, Tomatoes, Turnip Greens, Turnips, Vegetables, Vines, Watermelon, Yellow Squash, Zucchini, Other",Arkansas Grown member,404-621-6465,russellvillecommunitymarket@gmail.com,internal_until_public_use_review,https://arfarmtoschool.org,https://www.facebook.com/russellvilleCM,https://www.instagram.com/arkansasgrownandmade/,,False,False,True,False,False,False,False,1,arobs_92d28c9a99eea96ded03,Arkansas Department of Agriculture — Arkansas Grown directory,https://arkansasgrown.org/listing/russellville-community-market/,B,2026-07-15,promotion_eligible_reviewed,,Fields selected by evidence grade; every source observation remains separately auditable.
AR-7AC54D5A9B,Russellville's Farmers Market,russellvilles farmers market,farm,unique_source_name_reviewed,AR,Pope,,,,public_business_address_reviewed_for_future_reduced_precision,,,U-pick crops; agritourism,U-pick; agritourism,479-968-7098,,internal_until_public_use_review,,,,,True,False,False,False,True,False,False,1,arobs_7ac0f622ce8034eab416,PickYourOwn — Northwest Arkansas,https://www.pickyourown.org/ARnw.htm,E,2026-07-15,research_or_qa_queue,city or safe public service area missing; single grade-E discovery listing needs corroboration,Fields selected by evidence grade; every source observation remains separately auditable.
AR-1B4547803D,The Tumbling H Cattle Company,the tumbling h cattle,farm,unique_source_name_reviewed,AR,Pope,Russellville,72802,"Russellville, AR 72802, USA",public_business_address_reviewed_for_future_reduced_precision,35.32954,-93.07766,Beef,Arkansas Grown member,+1 479-264-3197,tumbling.h.cattleco@outlook.com,internal_until_public_use_review,https://arfarmtoschool.org,https://www.facebook.com/people/The-Tumbling-H-Cattle-Company/61550343252151/,https://www.instagram.com/arkansasgrownandmade/,,False,False,False,False,False,False,False,1,arobs_2dc79505d3a51080b597,Arkansas Department of Agriculture — Arkansas Grown directory,https://arkansasgrown.org/listing/the-tumbling-h-cattle-company/,B,2026-07-15,promotion_eligible_reviewed,,Fields selected by evidence grade; every source observation remains separately auditable.
AR-179E7B459F,Flying Pig Cattle Co,flying pig cattle,farm,unique_source_name_reviewed,AR,Prairie,,,"Hickory Plains, AR, USA",public_business_address_reviewed_for_future_reduced_precision,34.99009,-91.7368,"Eggs, Goat, Hay, Livestock, Milk",Arkansas Grown member,5012072062,flyingpigcattleco@gmail.com,internal_until_public_use_review,https://arfarmtoschool.org,http://www.facebook.com/flyingpigcattleco,http://instagram.com/flyingpigcattleco,,False,False,False,False,False,False,False,1,arobs_9e5896df59000c62c7da,Arkansas Department of Agriculture — Arkansas Grown directory,https://arkansasgrown.org/listing/flying-pig-cattle-co/,B,2026-07-15,research_or_qa_queue,city or safe public service area missing,Fields selected by evidence grade; every source observation remains separately auditable.
AR-3FD23F6F4D,"Harry Saul Minnow Farm, Inc.",harry saul minnow farm,farm,unique_source_name_reviewed,AR,Prairie,,72014,7689 Highway 70 E DeValls Bluff Arkansas 72014,public_business_address_reviewed_for_future_reduced_precision,34.77936,-91.46738,Other,Arkansas Grown member,870-998-2585,margiesaul@centurytel.net,internal_until_public_use_review,https://arfarmtoschool.org,https://www.facebook.com/arkansasgrownandmade/,https://www.instagram.com/arkansasgrownandmade/,,False,False,False,False,False,False,False,1,arobs_afa8e890c439e52c2b88,Arkansas Department of Agriculture — Arkansas Grown directory,https://arkansasgrown.org/listing/harry-saul-minnow-farm-inc/,B,2026-07-15,research_or_qa_queue,city or safe public service area missing,Fields selected by evidence grade; every source observation remains separately auditable.
AR-4D06FBA0FB,Saul Fish Farm,saul fish farm,farm,unique_source_name_reviewed,AR,Prairie,Des Arc,72364,8343 HWY 11 NORTH DES ARC Arkansas 72364,public_business_address_reviewed_for_future_reduced_precision,34.9319,-91.56308,"Wholesale farm-raised aphis-approved fish bait, golden shiners, and fathead minnows",Arkansas Grown member,870-256-4161,saul@ipa.net,internal_until_public_use_review,https://arfarmtoschool.org,https://www.facebook.com/arkansasgrownandmade/,https://www.instagram.com/arkansasgrownandmade/,,False,False,False,False,False,False,False,1,arobs_d27adcab804a8ac9c78e,Arkansas Department of Agriculture — Arkansas Grown directory,https://arkansasgrown.org/listing/saul-fish-farm/,B,2026-07-15,promotion_eligible_reviewed,,Fields selected by evidence grade; every source observation remains separately auditable.
AR-2D5FDAE975,The Reluctant Beekeeper,the reluctant beekeeper,farm,unique_source_name_reviewed,AR,Prairie,,,"Hickory Plains, AR, USA",public_business_address_reviewed_for_future_reduced_precision,34.99009,-91.7368,"Honey, Other",Arkansas Grown member,501-690-0771,reluctantbeekeeper23@proton.me,internal_until_public_use_review,https://arfarmtoschool.org,https://www.facebook.com/arkansasgrownandmade/,https://www.instagram.com/arkansasgrownandmade/,,False,False,False,False,False,False,False,1,arobs_63efd1dced9923a9d882,Arkansas Department of Agriculture — Arkansas Grown directory,https://arkansasgrown.org/listing/the-reluctant-beekeeper/,B,2026-07-15,research_or_qa_queue,city or safe public service area missing,Fields selected by evidence grade; every source observation remains separately auditable.
AR-B6876B382B,8 Acres Farm,8 acres farm,farm,unique_source_name_reviewed,AR,Pulaski,Little Rock,10305,10305 Johnson Rd Little Rock Arkansas 72206,public_business_address_reviewed_for_future_reduced_precision,34.65619,-92.27799,"Banana Peppers - Varietys, Basil, Butternut Squash, Collard Greens, Cottonseed, Cucumbers, Flowers, Green Beans, Kale, Mustard Greens, Okra, Peanuts, Peppers - Variety, Rutabagas, Squash, Sweet Potatoes, Turnip Greens, Turnips, Vegetables, Yellow Squash, Zucchini",Arkansas Grown member,501-749-1977,rneal03@gmail.com,internal_until_public_use_review,https://arfarmtoschool.org,https://www.facebook.com/profile.php?id=100067571618023,https://www.instagram.com/arkansasgrownandmade/,,False,False,False,False,False,False,False,1,arobs_ae8135165623f6d049ad,Arkansas Department of Agriculture — Arkansas Grown directory,https://arkansasgrown.org/listing/8-acres-farm/,B,2026-07-15,promotion_eligible_reviewed,,Fields selected by evidence grade; every source observation remains separately auditable.
AR-D840D3D928,An Enchanting Evening Winery,an enchanting evening winery,farm,unique_source_name_reviewed,AR,Pulaski,,29300,29300 Highway 300 Little Italy Arkansas 72135,public_business_address_reviewed_for_future_reduced_precision,34.92291,-92.56356,Grapes,Arkansas Grown member,501-330-2182,wendy.quaid@anenchantingevening.com,internal_until_public_use_review,https://arfarmtoschool.org,https://www.facebook.com/AnEnchantingEvening,https://www.instagram.com/arkansasgrownandmade/,,False,False,False,False,False,False,False,1,arobs_50a2537a4724250a5880,Arkansas Department of Agriculture — Arkansas Grown directory,https://arkansasgrown.org/listing/an-enchanting-evening-winery/,B,2026-07-15,research_or_qa_queue,city or safe public service area missing,Fields selected by evidence grade; every source observation remains separately auditable.
AR-E2A1401202,ARKANSAS DEPARTMENT OF AGRICULTURE- FORESTRY DIVISION-BAUCUM/NURSERY,arkansas department of agriculture forestry division baucum nursery,producer_requires_type_review,unique_source_name_reviewed,AR,Pulaski,North Little Rock,,"1402 State Highway 391, North Little Rock, AR, USA",public_business_address_reviewed_for_future_reduced_precision,34.76097,-92.12574,Trees,Arkansas Grown member,5019072485,Jame.Shelton@arkansas.gov,internal_until_public_use_review,https://arfarmtoschool.org,https://www.facebook.com/arkansasgrownandmade/,https://www.instagram.com/arkansasgrownandmade/,,False,False,False,False,False,False,False,1,arobs_c0f5ef8c79f0dbdb66d2,Arkansas Department of Agriculture — Arkansas Grown directory,https://arkansasgrown.org/listing/arkansas-department-of-agriculutre-forestry-division-baucum-nursery/,B,2026-07-15,research_or_qa_queue,directory candidate needs independent farm-operation evidence,Fields selected by evidence grade; every source observation remains separately auditable.
AR-A070CB7CBE,Arkansas FFA Association,arkansas ffa association,farm,unique_source_name_reviewed,AR,Pulaski,Little Rock,72201,Three Capitol Mall Little Rock Arkansas 72201,public_business_address_reviewed_for_future_reduced_precision,34.74671,-92.29233,"Fruits, Livestock, Nursery, Vegetables",Arkansas Grown member,501-682-2561,chris.bacchus@arkansas.gov,internal_until_public_use_review,https://arfarmtoschool.org,https://www.facebook.com/arkansasffa,https://www.instagram.com/arkansasgrownandmade/,,False,False,False,False,False,False,False,1,arobs_0dfc0a919441b7b5d2d6,Arkansas Department of Agriculture — Arkansas Grown directory,https://arkansasgrown.org/listing/arkansas-ffa-association/,B,2026-07-15,promotion_eligible_reviewed,,Fields selected by evidence grade; every source observation remains separately auditable.
AR-ACE90C1CC2,Arkansas Local Food Network (ALFN),arkansas local food network alfn,farm,unique_source_name_reviewed,AR,Pulaski,Little Rock,,"Little Rock, AR, USA",public_business_address_reviewed_for_future_reduced_precision,34.74648,-92.28959,"Arkansas Local Food Network (ALFN) operates a year-round online farmers market. ALFN also works with local producers to supply locally grown products to Green Groceries, a food pantry operated by Christ Episcopal Church. ALFN is a 501c3 non profit organization. The online market is open each week from Sunday through Wednesday. Pre-ordered items are picked up on Saturday. Visit littlerock.localfoodmarketplace.com for more information.",Arkansas Grown member,,ARLocalFoodNetwork@gmail.com,internal_until_public_use_review,https://arfarmtoschool.org,https://www.facebook.com/arkansasgrownandmade/,https://www.instagram.com/arkansasgrownandmade/,,False,False,True,False,False,False,False,1,arobs_caa60c15795fae5499e7,Arkansas Department of Agriculture — Arkansas Grown directory,https://arkansasgrown.org/listing/arkansas-local-food-network-alfn/,B,2026-07-15,promotion_eligible_reviewed,,Fields selected by evidence grade; every source observation remains separately auditable.
AR-B229259FE5,At the Corner,at the corner,farm,unique_source_name_reviewed,AR,Pulaski,Little Rock,72201,"201 E Markham St, Little Rock, Arkansas 72201, USA",public_business_address_reviewed_for_future_reduced_precision,34.74772,-92.26899,"Cherry Tomatoes, Chicken, Herbs, Honey, Mushrooms, Pecans, Poultry, Strawberries, Tomatoes, Vegetables",Arkansas Grown member,501-310-2156,chris_busick2000@yahoo.com,internal_until_public_use_review,https://arfarmtoschool.org,https://www.facebook.com/thecornerlr,https://www.instagram.com/arkansasgrownandmade/,,False,False,False,False,False,False,False,1,arobs_3ab2e11d8fdb97543fc2,Arkansas Department of Agriculture — Arkansas Grown directory,https://arkansasgrown.org/listing/at-the-corner/,B,2026-07-15,promotion_eligible_reviewed,,Fields selected by evidence grade; every source observation remains separately auditable.
AR-80CF539B97,Baucum Nut House,baucum nut house,farm,unique_source_name_reviewed,AR,Pulaski,North Little Rock,,"214 Steed Road, North Little Rock, AR, USA",public_business_address_reviewed_for_future_reduced_precision,34.73985,-92.18286,"Honey, Pecans",Arkansas Grown member,5019952755,pecans@baucumpecan.com,internal_until_public_use_review,https://arfarmtoschool.org,https://www.facebook.com/BaucumPecan,https://www.instagram.com/arkansasgrownandmade/,,False,False,False,False,False,False,False,1,arobs_ad7498adb79c923941aa,Arkansas Department of Agriculture — Arkansas Grown directory,https://arkansasgrown.org/listing/baucum-nut-house/,B,2026-07-15,promotion_eligible_reviewed,,Fields selected by evidence grade; every source observation remains separately auditable.
AR-A27A820011,Bemis Honey Bee Farm,bemis honey bee farm,farm,unique_source_name_reviewed,AR,Pulaski,Little Rock,13206,13206 Asher Road Little Rock Arkansas 72206,public_business_address_reviewed_for_future_reduced_precision,34.63138,-92.22131,Honey,Arkansas Grown member,501-897-4931,jeremy@bemistreefarm.com,internal_until_public_use_review,https://arfarmtoschool.org,https://www.facebook.com/arkansasgrownandmade/,https://www.instagram.com/arkansasgrownandmade/,,False,False,False,False,False,False,False,1,arobs_80e225d3bf134090b530,Arkansas Department of Agriculture — Arkansas Grown directory,https://arkansasgrown.org/listing/bemis-honey-bee-farm/,B,2026-07-15,promotion_eligible_reviewed,,Fields selected by evidence grade; every source observation remains separately auditable.
AR-63F47E2F89,Bemis Tree Farm,bemis tree farm,farm,unique_source_name_reviewed,AR,Pulaski,Little Rock,13206,13206 Asher Road Little Rock Arkansas 72206,public_business_address_reviewed_for_future_reduced_precision,34.63138,-92.22131,Christmas Trees,Arkansas Grown member,501-897-4931,jeremy@bemistreefarm.com,internal_until_public_use_review,https://arfarmtoschool.org,https://www.facebook.com/BemisTreeFarm,https://www.instagram.com/arkansasgrownandmade/,,False,False,False,False,False,False,False,1,arobs_a91d61853085b778faf9,Arkansas Department of Agriculture — Arkansas Grown directory,https://arkansasgrown.org/listing/bemis-tree-farm/,B,2026-07-15,promotion_eligible_reviewed,,Fields selected by evidence grade; every source observation remains separately auditable.
AR-BD193B171F,Ben E. Keith Foods Mid-South,ben e keith foods mid south,farm,unique_source_name_reviewed,AR,Pulaski,North Little Rock,72117,"1 Ben E Keith Way, North Little Rock, AR 72117",public_business_address_reviewed_for_future_reduced_precision,34.77204,-92.16639,"Apples, Basil, Beef, Butternut Squash, Cabbage, Cantaloupe, Cherry Tomatoes, Chicken, Cucumbers, Eggs, Fruits, Herbs, Milk, Peaches, Plums, Pork, Poultry, Pumpkins, Rice, Sweet Corn, Tomatoes, Turkey, Vegetables, Watermelon, Yellow Squash, Zucchini",Arkansas Grown member,501-978-5000,flrinfo@bekco.com,internal_until_public_use_review,https://arfarmtoschool.org,https://www.facebook.com/arkansasgrownandmade/,https://www.instagram.com/arkansasgrownandmade/,,False,False,False,False,False,False,False,1,arobs_d3a036dbfded4e77bdae,Arkansas Department of Agriculture — Arkansas Grown directory,https://arkansasgrown.org/listing/ben-e-keith-foods-mid-south/,B,2026-07-15,promotion_eligible_reviewed,,Fields selected by evidence grade; every source observation remains separately auditable.
AR-F17A6A5D42,Bernice Garden Farmers Market,bernice garden farmers market,farm,unique_source_name_reviewed,AR,Pulaski,Little Rock,72202,1401 S. Main St Little Rock Arkansas 72202,public_business_address_reviewed_for_future_reduced_precision,34.73506,-92.27254,"Cucumbers, Flowers, Squash, Tomatoes, Vegetables",Arkansas Grown member,501-410-3938,desk@thebernicegarden.org,internal_until_public_use_review,https://arfarmtoschool.org,https://www.facebook.com/TheBerniceGarden,https://www.instagram.com/arkansasgrownandmade/,,False,False,False,False,False,False,False,1,arobs_80a72a2fffdb87afc759,Arkansas Department of Agriculture — Arkansas Grown directory,https://arkansasgrown.org/listing/bernice-garden-farmers-market/,B,2026-07-15,promotion_eligible_reviewed,,Fields selected by evidence grade; every source observation remains separately auditable.
AR-261D0272D8,Berry Haven Farms,berry haven farms,farm,merged_exact_name_reviewed,AR,Pulaski,Little Rock,28025,"28025 Nichols Loop Road, Little Rock, AR, USA",public_business_address_reviewed_for_future_reduced_precision,34.80416,-92.57985,"Blackberries, Blueberries; U-pick crops; agritourism",Arkansas Grown member; U-pick; agritourism,501-821-4445,mark@greenthumblr.com,internal_until_public_use_review,https://arfarmtoschool.org,https://www.facebook.com/Berry-Haven-Farm,https://www.instagram.com/arkansasgrownandmade/,,True,False,False,False,True,False,False,2,arobs_dacb76f43deb1c9e727c | arobs_f8be8a50e388f8e0c5e3,Arkansas Department of Agriculture — Arkansas Grown directory | PickYourOwn — Central Arkansas,https://arkansasgrown.org/listing/berry-haven-farms/ | https://www.pickyourown.org/ARlittlerock.htm,B; E,2026-07-15,promotion_eligible_reviewed,,Fields selected by evidence grade; every source observation remains separately auditable.
AR-F5799944E6,Bloomprint Flower Co.,bloomprint flower,farm,unique_source_name_reviewed,AR,Pulaski,Sherwood,,"Gunstock Lane, Sherwood, AR, USA",public_business_address_reviewed_for_future_reduced_precision,34.98133,-92.28962,"Annuals, Cucumbers, Flowers, Green Beans, Lettuces—Variety, Melons – Variety, Ornamentals, Peppers - Variety, Tomatoes",Arkansas Grown member,,bloomprintflowerco@gmail.com,internal_until_public_use_review,https://arfarmtoschool.org,https://www.facebook.com/arkansasgrownandmade/,http://www.instagram.com/bloomprintflowerco,,False,False,False,False,False,False,False,1,arobs_0dc496086201d7134b27,Arkansas Department of Agriculture — Arkansas Grown directory,https://arkansasgrown.org/listing/bloomprint-flower-co/,B,2026-07-15,promotion_eligible_reviewed,,Fields selected by evidence grade; every source observation remains separately auditable.
AR-CB87D54CD5,BoBrook Farms,bobrook farms,farm,merged_exact_name_reviewed,AR,Pulaski,Roland,13810,13810 Combee Lane Roland Arkansas 72135,public_business_address_reviewed_for_future_reduced_precision,34.89442,-92.49951,"AG education, Agritourism, Apples, Blackberries, Blueberries, Grapes, Honey, Muscadine Grapes, Peaches, Pears, Pumpkins; U-pick crops; agritourism",Arkansas Grown member; U-pick; agritourism,501-519-5666,bobrookfarms@gmail.com,internal_until_public_use_review,https://arfarmtoschool.org,https://www.facebook.com/bobrookfarmsllc/?ref=page_internal,https://www.instagram.com/arkansasgrownandmade/,,True,False,False,False,True,False,False,2,arobs_61acecac067a8dac1e58 | arobs_c6a909b01d9411c83c84,Arkansas Department of Agriculture — Arkansas Grown directory | PickYourOwn — Central Arkansas,https://arkansasgrown.org/listing/bobrook-farms/ | https://www.pickyourown.org/ARlittlerock.htm,B; E,2026-07-15,promotion_eligible_reviewed,,Fields selected by evidence grade; every source observation remains separately auditable.
AR-6F628C1E07,Buckthorn's Native Nursery,buckthorns native nursery,farm,unique_source_name_reviewed,AR,Pulaski,Sherwood,72120,"36 Friday Ln, Sherwood, AR 72120, USA",public_business_address_reviewed_for_future_reduced_precision,34.97372,-92.28895,"Annuals, Flowers, Grasses, Herbs, Nursery, Perennials, Shrubs, Trees, Vines",Arkansas Grown member,,buckthornsnativeplants@gmail.com,internal_until_public_use_review,https://arfarmtoschool.org,https://www.facebook.com/profile.php?id=61553036202532,https://www.instagram.com/buckthornsnativenursery?igsh=ZThjOGEweTFkZGsy&utm_source=qr,,False,False,False,False,False,False,False,1,arobs_5d566fe8fb67fcd5d5eb,Arkansas Department of Agriculture — Arkansas Grown directory,https://arkansasgrown.org/listing/buckthorns-native-nursery/,B,2026-07-15,promotion_eligible_reviewed,,Fields selected by evidence grade; every source observation remains separately auditable.
AR-97EF839528,Club care Inc,club care,producer_requires_type_review,unique_source_name_reviewed,AR,Pulaski,Little Rock,72223,6323 Ranch Drive Little Rock Arkansas 72223,public_business_address_reviewed_for_future_reduced_precision,34.8094,-92.46793,"Blackberries, Blueberries",Arkansas Grown member,501-868-7153,rstephens@clubcareinc.com,internal_until_public_use_review,https://clubcareinc.com/#,https://www.facebook.com/pages/Club-Care,https://www.instagram.com/arkansasgrownandmade/,,False,False,False,False,False,False,False,1,arobs_5ca325101b2e67135669,Arkansas Department of Agriculture — Arkansas Grown directory,https://arkansasgrown.org/listing/club-care-inc/,B,2026-07-15,research_or_qa_queue,directory candidate needs independent farm-operation evidence,Fields selected by evidence grade; every source observation remains separately auditable.
AR-64CDC84430,DevaSprouts Farms,devasprouts farms,farm,unique_source_name_reviewed,AR,Pulaski,Little Rock,,"Little Rock, AR, USA",public_business_address_reviewed_for_future_reduced_precision,34.74446,-92.28802,Herbs,Arkansas Grown member,,brandi@devasprouts.com,internal_until_public_use_review,https://arfarmtoschool.org,https://www.facebook.com/arkansasgrownandmade/,https://www.instagram.com/arkansasgrownandmade/,,False,False,False,False,False,False,False,1,arobs_7244ed49eafb51d7d9d3,Arkansas Department of Agriculture — Arkansas Grown directory,https://arkansasgrown.org/listing/devasprouts-farms/,B,2026-07-15,promotion_eligible_reviewed,,Fields selected by evidence grade; every source observation remains separately auditable.
AR-B561FEE7AF,Dunbar Garden Project,dunbar garden project,farm,unique_source_name_reviewed,AR,Pulaski,Little Rock,72206,1800 South Chester Little Rock Arkansas 72206,public_business_address_reviewed_for_future_reduced_precision,34.73317,-92.28519,"Chicken, Flowers, Fruits, Livestock, Nuts, Vegetables",Arkansas Grown member,501-529-8520,Dthompson@auger-Ar.org,internal_until_public_use_review,https://arfarmtoschool.org,https://www.facebook.com/arkansasgrownandmade/,https://www.instagram.com/arkansasgrownandmade/,,False,False,False,False,False,False,False,1,arobs_dcbf3723d2a8d14b833f,Arkansas Department of Agriculture — Arkansas Grown directory,https://arkansasgrown.org/listing/dunbar-garden-project/,B,2026-07-15,promotion_eligible_reviewed,,Fields selected by evidence grade; every source observation remains separately auditable.
AR-FE962D7D7E,Edwards Food Giant,edwards food giant,farm,unique_source_name_reviewed,AR,Pulaski,Little Rock,72207,7507 Cantrell Rd Little Rock Arkansas 72207,public_business_address_reviewed_for_future_reduced_precision,34.77077,-92.35753,"Fruits, Vegetables",Arkansas Grown member,870-295-0325,gproffitt@edwardsfg.com,internal_until_public_use_review,https://arfarmtoschool.org,https://www.facebook.com/EdwardsFoodGiant,https://www.instagram.com/arkansasgrownandmade/,,False,False,False,False,False,False,False,1,arobs_ea3b50be61cd00f1d8c0,Arkansas Department of Agriculture — Arkansas Grown directory,https://arkansasgrown.org/listing/edwards-food-giant/,B,2026-07-15,promotion_eligible_reviewed,,Fields selected by evidence grade; every source observation remains separately auditable.
AR-314A8E48D8,Faulkner Lake Orchard,faulkner lake orchard,farm,unique_source_name_reviewed,AR,Pulaski,North Little Rock,72117,503 Morris Road North Little Rock Arkansas 72117,public_business_address_reviewed_for_future_reduced_precision,34.74728,-92.09529,"Banana Peppers - Varietys, Beans, Broccoli, Butternut Squash, Cabbage, Cantaloupe, Cherry Tomatoes, Collard Greens, Corn, Cucumbers, Fruits, Green Beans, Green Onion, Herbs, Honey, Kale, Mustard Greens, Okra, Parsley, Peaches, Peas, Peppers - Variety, Potatoes, Radishes, Squash, Strawberries, Sweet Corn, Tomatoes, Turnip Greens, Turnips",Arkansas Grown member,501-416-4351,Karen@FaulknerLakeOrchard.com,internal_until_public_use_review,https://arfarmtoschool.org,https://www.facebook.com/faulknerlakeorchard,https://www.instagram.com/arkansasgrownandmade/,,False,False,True,False,False,False,False,1,arobs_1eab10960d423ae7ca1d,Arkansas Department of Agriculture — Arkansas Grown directory,https://arkansasgrown.org/listing/faulkner-lake-orchard/,B,2026-07-15,promotion_eligible_reviewed,,Fields selected by evidence grade; every source observation remains separately auditable.
AR-021C7296DF,Felder Farm,felder farm,farm,unique_source_name_reviewed,AR,Pulaski,Little Rock,,"2900 West 6th Street, Little Rock, AR, USA",public_business_address_reviewed_for_future_reduced_precision,34.7465,-92.3057,Flowers,Arkansas Grown member,,felderfresh@gmail.com,internal_until_public_use_review,https://arfarmtoschool.org,https://www.facebook.com/FELDERFARM?mibextid=LQQJ4d,https://instagram.com/felderfarm?igshid=YmMyMTA2M2Y=,,False,False,True,False,False,False,False,1,arobs_fe03211713318c0b9075,Arkansas Department of Agriculture — Arkansas Grown directory,https://arkansasgrown.org/listing/felder-farm/,B,2026-07-15,promotion_eligible_reviewed,,Fields selected by evidence grade; every source observation remains separately auditable.
AR-826983813C,Ferndale Farmers Market,ferndale farmers market,farm,unique_source_name_reviewed,AR,Pulaski,Little Rock,27021,"27021 Kanis Road, Little Rock, AR, USA",public_business_address_reviewed_for_future_reduced_precision,34.77782,-92.5576,"Eggs, Eggplant, Fruits, Green Beans, Honey, Squash, Sweet Potatoes, Tomatoes, Vegetables",Arkansas Grown member,501-838-5792,ferndaleareafarmersmarkets@gmail.com,internal_until_public_use_review,https://arfarmtoschool.org,https://www.facebook.com/FerndaleFarmersMarket/,https://www.instagram.com/ferndalefarmersmarket/,,False,False,False,False,False,False,False,1,arobs_850a03aa3a884c306f1c,Arkansas Department of Agriculture — Arkansas Grown directory,https://arkansasgrown.org/listing/ferndale-farmers-market/,B,2026-07-15,promotion_eligible_reviewed,,Fields selected by evidence grade; every source observation remains separately auditable.
AR-B68D17BAD4,Flyway Brewing Company,flyway brewing,producer_requires_type_review,unique_source_name_reviewed,AR,Pulaski,Little Rock,,700 E. 9th Street Suite 1 Little Rock Arkansas 0,public_business_address_reviewed_for_future_reduced_precision,34.74017,-92.26395,,Arkansas Grown member,501-920-9291,flywaybrewing@gmail.com,internal_until_public_use_review,https://arfarmtoschool.org,https://www.facebook.com/flywaybrewing,https://www.instagram.com/arkansasgrownandmade/,,False,False,False,False,False,False,False,1,arobs_867303b01d14bf9439f4,Arkansas Department of Agriculture — Arkansas Grown directory,https://arkansasgrown.org/listing/flyway-brewing-company/,B,2026-07-15,research_or_qa_queue,products or farm activity missing; directory candidate needs independent farm-operation evidence,Fields selected by evidence grade; every source observation remains separately auditable.
AR-F800B0C394,Grand Prairie Nursery,grand prairie nursery,farm,unique_source_name_reviewed,AR,Pulaski,North Little Rock,,"6800 Camp Robinson Road, North Little Rock, AR, USA",public_business_address_reviewed_for_future_reduced_precision,34.81674,-92.27155,"Annuals, Flowers, Grasses, Trees",Arkansas Grown member,2622370762,Klschanke@gmail.com,internal_until_public_use_review,https://arfarmtoschool.org,https://www.facebook.com/profile.php?id=100068520935915,https://www.instagram.com/arkansasgrownandmade/,,False,False,False,False,False,False,False,1,arobs_2d286bdbb0cb984b8842,Arkansas Department of Agriculture — Arkansas Grown directory,https://arkansasgrown.org/listing/grand-prairie-nursery/,B,2026-07-15,promotion_eligible_reviewed,,Fields selected by evidence grade; every source observation remains separately auditable.
AR-6C82D15339,Hall Family Farm LLC,hall family farm,farm,unique_source_name_reviewed,AR,Pulaski,Roland,18025,18025 Junebug Lane Roland Arkansas 72135,public_business_address_reviewed_for_future_reduced_precision,34.91013,-92.51116,"Green Beans, Hay, Tomatoes, Vegetables, Watermelon",Arkansas Grown member,501-920-7422,jefferythall@gmail.com,internal_until_public_use_review,https://arfarmtoschool.org,https://www.facebook.com/Hallfamilyfarm,https://www.instagram.com/arkansasgrownandmade/,,False,False,False,False,False,False,False,1,arobs_cdb24e214f475502010d,Arkansas Department of Agriculture — Arkansas Grown directory,https://arkansasgrown.org/listing/hall-family-farm-llc/,B,2026-07-15,promotion_eligible_reviewed,,Fields selected by evidence grade; every source observation remains separately auditable.
AR-07ED5258D9,Hidden Valley Farm,hidden valley farm,farm,unique_source_name_reviewed,AR,Pulaski,Little Rock,72223,,public_business_address_reviewed_for_future_reduced_precision,,,U-pick crops; agritourism,U-pick; agritourism,501-821-2929,farmerdonferndale2@yahoo.com,internal_until_public_use_review,,https://www.facebook.com/Hidden-Valley-Farm-172450772963602/,,,True,False,False,False,True,False,False,1,arobs_f7c23372e5aea2d384ba,PickYourOwn — Central Arkansas,https://www.pickyourown.org/ARlittlerock.htm,E,2026-07-15,research_or_qa_queue,single grade-E discovery listing needs corroboration,Fields selected by evidence grade; every source observation remains separately auditable.
AR-EED8DB11D0,Highfill Farms,highfill farms,farm,unique_source_name_reviewed,AR,Pulaski,,,"704 North Walkers Corner Road, Scott, AR, USA",public_business_address_reviewed_for_future_reduced_precision,34.75369,-92.0861,"Beef, Hay",Arkansas Grown member,501-350-7724,highfillfarm@gmail.com,internal_until_public_use_review,https://arfarmtoschool.org,https://www.facebook.com/HighfillFarms,https://www.instagram.com/arkansasgrownandmade/,,False,False,False,False,False,False,False,1,arobs_e1fcbe6a8c5b013046b1,Arkansas Department of Agriculture — Arkansas Grown directory,https://arkansasgrown.org/listing/highfill-farms/,B,2026-07-15,research_or_qa_queue,city or safe public service area missing,Fields selected by evidence grade; every source observation remains separately auditable.
AR-30C9CA5391,Hillcrest Farmers Market,hillcrest farmers market,farm,unique_source_name_reviewed,AR,Pulaski,Little Rock,,"2200 Kavanaugh Blvd, Little Rock, AR, USA",public_business_address_reviewed_for_future_reduced_precision,34.75698,-92.31765,"Honey, Vegetables",Arkansas Grown member,,carolyn_staley@comcast.net,internal_until_public_use_review,https://arfarmtoschool.org,https://www.facebook.com/profile.php?id=100070097122482,https://www.instagram.com/arkansasgrownandmade/,,False,False,True,False,False,False,False,1,arobs_bd51b47af60c3ee09233,Arkansas Department of Agriculture — Arkansas Grown directory,https://arkansasgrown.org/listing/17034/,B,2026-07-15,promotion_eligible_reviewed,,Fields selected by evidence grade; every source observation remains separately auditable.
AR-E6BB46FBE2,Holiday Forest,holiday forest,farm,unique_source_name_reviewed,AR,Pulaski,Little Rock,72201,2406 Clapboard Hill Road Little Rock Arkansas 72201,public_business_address_reviewed_for_future_reduced_precision,34.77473,-92.38323,"Christmas Trees, Hay",Arkansas Grown member,501-224-3797,Hforest@alltel.net,internal_until_public_use_review,https://arfarmtoschool.org,https://www.facebook.com/Holiday-Forest-Christmas-Tree-Farm-143608376040228/,https://www.instagram.com/arkansasgrownandmade/,,False,False,False,False,False,False,False,1,arobs_cc9297c685f7e2840a13,Arkansas Department of Agriculture — Arkansas Grown directory,https://arkansasgrown.org/listing/holiday-forest/,B,2026-07-15,promotion_eligible_reviewed,,Fields selected by evidence grade; every source observation remains separately auditable.
AR-F907788810,Jacksonville Farmers Market,jacksonville farmers market,farm,unique_source_name_reviewed,AR,Pulaski,Jacksonville,72076,9 Municipal Drive Jacksonville Arkansas 72076,public_business_address_reviewed_for_future_reduced_precision,34.86744,-92.13042,"Cantaloupe, Corn, Squash, Strawberries, Tomatoes",Arkansas Grown member,501-982-0818,jacksonvilleparks@gmail.com,internal_until_public_use_review,https://arfarmtoschool.org,https://www.facebook.com/JaxARMarket,https://www.instagram.com/arkansasgrownandmade/,,False,False,True,False,False,False,False,1,arobs_e8d0028a010361a29158,Arkansas Department of Agriculture — Arkansas Grown directory,https://arkansasgrown.org/listing/jacksonville-farmers-market/,B,2026-07-15,promotion_eligible_reviewed,,Fields selected by evidence grade; every source observation remains separately auditable.
AR-B6E567284C,JoAnn Norwood,joann norwood,farm,unique_source_name_reviewed,AR,Pulaski,Little Rock,72209,,public_business_address_reviewed_for_future_reduced_precision,,,U-pick crops; agritourism,U-pick; agritourism,501-565-2778,,internal_until_public_use_review,,,,,True,False,False,False,True,False,False,1,arobs_fa90698b3276889a9d23,PickYourOwn — Central Arkansas,https://www.pickyourown.org/ARlittlerock.htm,E,2026-07-15,research_or_qa_queue,single grade-E discovery listing needs corroboration,Fields selected by evidence grade; every source observation remains separately auditable.
AR-4B23F04308,John Russell Pflasterer,john russell pflasterer,farm,unique_source_name_reviewed,AR,Pulaski,Scott,72142,14440 Highway 161 S,public_business_address_reviewed_for_future_reduced_precision,,,sweet corn; green beans; pumpkins; blackberries; cantaloupes; watermelons; pecans,LocalHarvest Family Farm,(501) 553-8671,,internal_until_public_use_review,,,,,True,False,False,False,False,False,False,1,arobs_5a0e59313704f2ad3b66,LocalHarvest — Arkansas county-seat gap search,https://www.localharvest.org/john-russell-pflasterer-M83646,D,2026-07-15,promotion_eligible_reviewed,,Fields selected by evidence grade; every source observation remains separately auditable.
AR-323B9A5ADB,K-Bee Honey,k bee honey,farm,unique_source_name_reviewed,AR,Pulaski,Sherwood,72120,12 Houston Drive Sherwood Arkansas 72120,public_business_address_reviewed_for_future_reduced_precision,34.84374,-92.17395,Honey,Arkansas Grown member,501-833-0649,Lkitchler@sbcglobal.net,internal_until_public_use_review,https://arfarmtoschool.org,https://www.facebook.com/arkansasgrownandmade/,https://www.instagram.com/arkansasgrownandmade/,,False,False,False,False,False,False,False,1,arobs_d2e746737ded7e9abd1f,Arkansas Department of Agriculture — Arkansas Grown directory,https://arkansasgrown.org/listing/k-bee-honey/,B,2026-07-15,promotion_eligible_reviewed,,Fields selected by evidence grade; every source observation remains separately auditable.
AR-5730485566,K. Hall & Sons Produce,k hall and sons produce,farm,unique_source_name_reviewed,AR,Pulaski,Little Rock,,"1900 Wright Avenue, Little Rock, AR, USA",public_business_address_reviewed_for_future_reduced_precision,34.73248,-92.2948,Vegetables,Arkansas Grown member,501-372-1513,khallsonsorders@aol.com,internal_until_public_use_review,,https://www.facebook.com/KHallAndSonsProduce,https://www.instagram.com/arkansasgrownandmade/,,False,False,False,False,False,False,False,1,arobs_631a73cf4b972f0a92d7,Arkansas Department of Agriculture — Arkansas Grown directory,https://arkansasgrown.org/listing/k-hall-sons-produce/,B,2026-07-15,promotion_eligible_reviewed,,Fields selected by evidence grade; every source observation remains separately auditable.
AR-48099244D0,Krause House Farms,krause house farms,farm,unique_source_name_reviewed,AR,Pulaski,,28000,"28000 Kanis Road, Paron, AR, USA",public_business_address_reviewed_for_future_reduced_precision,34.78355,-92.56418,"Agritourism, Annuals, Basil, Beef, Beets, Cherry Tomatoes, Eggs, Flowers, Garlic, Herbs, Honey, Lettuces—Variety, Milk, Mushrooms, Peppers - Variety, Pumpkins, Romaine, Strawberries, Tomatoes, Vegetables",Arkansas Grown member,501-257-0747,Kent@krausehousefarms.com,internal_until_public_use_review,https://arfarmtoschool.org,https://www.facebook.com/arkansasgrownandmade/,https://www.instagram.com/arkansasgrownandmade/,,False,False,True,False,False,False,False,1,arobs_64d6f52f4e127ce1bd3e,Arkansas Department of Agriculture — Arkansas Grown directory,https://arkansasgrown.org/listing/krause-house-farms/,B,2026-07-15,research_or_qa_queue,city or safe public service area missing,Fields selected by evidence grade; every source observation remains separately auditable.
AR-F6E6F7EE9A,Lake in the Willows Apiary,lake in the willows apiary,farm,unique_source_name_reviewed,AR,Pulaski,,16400,"16400 Hattie Lane, Scott, AR, USA",public_business_address_reviewed_for_future_reduced_precision,34.75651,-92.08451,Honey,Arkansas Grown member,5019201381,lakeinthewillowsapiary@gmail.com,internal_until_public_use_review,http://lake.in.the.willows.apiary%20,https://www.facebook.com/Lake-In-The-Willows-Apiary-135351806620112,https://www.instagram.com/arkansasgrownandmade/,,False,False,False,False,False,False,False,1,arobs_56556069d09db8935127,Arkansas Department of Agriculture — Arkansas Grown directory,https://arkansasgrown.org/listing/lake-in-the-willows-apiary/,B,2026-07-15,research_or_qa_queue,city or safe public service area missing,Fields selected by evidence grade; every source observation remains separately auditable.
AR-C857D3055A,Little Greek Restaurant,little greek restaurant,farm,unique_source_name_reviewed,AR,Pulaski,Little Rock,11525,11525 Cantrell Rd Little Rock Arkansas 72212,public_business_address_reviewed_for_future_reduced_precision,34.79241,-92.40249,"Annuals, Vegetables",Arkansas Grown member,501-223-5300,thad@mylittlegreek.com,internal_until_public_use_review,https://arfarmtoschool.org,https://www.facebook.com/LittleGreekLR,https://www.instagram.com/arkansasgrownandmade/,,False,False,False,False,False,False,False,1,arobs_8323e679c0459a9817d4,Arkansas Department of Agriculture — Arkansas Grown directory,https://arkansasgrown.org/listing/little-greek-restaurant/,B,2026-07-15,promotion_eligible_reviewed,,Fields selected by evidence grade; every source observation remains separately auditable.
AR-B9BE0D8571,Little Rock Farmers Market,little rock farmers market,farm,unique_source_name_reviewed,AR,Pulaski,Little Rock,72201,400 President Clinton Avenue Little Rock Arkansas 72201,public_business_address_reviewed_for_future_reduced_precision,34.74769,-92.26616,"Beans, Broccoli, Cabbage, Corn, Cucumbers, Flowers, Herbs, Peaches, Peas, Peppers - Variety, Plums, Potatoes, Radishes, Squash, Strawberries, Tomatoes, Zucchini",Arkansas Grown member,501-375-2552,info@rivermarket.info,internal_until_public_use_review,https://arfarmtoschool.org,https://www.facebook.com/LRFarmersMarket,https://www.instagram.com/arkansasgrownandmade/,,False,False,False,False,False,False,False,1,arobs_ddba3156c7f6b4571fad,Arkansas Department of Agriculture — Arkansas Grown directory,https://arkansasgrown.org/listing/little-rock-farmeraos-market/,B,2026-07-15,promotion_eligible_reviewed,,Fields selected by evidence grade; every source observation remains separately auditable.
AR-1B3A25927C,Loca Luna,loca luna,farm,unique_source_name_reviewed,AR,Pulaski,Little Rock,72202,3519 Old Cantrell Road Little Rock Arkansas 72202,public_business_address_reviewed_for_future_reduced_precision,34.76479,-92.31196,"Fruits, Vegetables",Arkansas Grown member,501-664-4176,markaber@comcast.net,internal_until_public_use_review,https://arfarmtoschool.org,https://www.facebook.com/LocaLunaLR,https://www.instagram.com/arkansasgrownandmade/,,False,False,False,False,False,False,False,1,arobs_8b6c2db3c3fcbe17bb49,Arkansas Department of Agriculture — Arkansas Grown directory,https://arkansasgrown.org/listing/loca-luna/,B,2026-07-15,promotion_eligible_reviewed,,Fields selected by evidence grade; every source observation remains separately auditable.
AR-8F590D1CA1,Marche Farm,marche farm,farm,unique_source_name_reviewed,AR,Pulaski,North Little Rock,15505,"15505 Cedar Lane, North Little Rock, AR, USA",public_business_address_reviewed_for_future_reduced_precision,34.8937,-92.35515,Flowers,Arkansas Grown member,,marchefarm@gmail.com,internal_until_public_use_review,https://arfarmtoschool.org,https://www.facebook.com/profile.php?id=100088397273615,https://www.instagram.com/marche_farm?fbclid=IwZXh0bgNhZW0CMTAAAR0c5piccs7My-xzfo7Qrw7POgvd0lyEuxgHbnt_9tPFRXd1mUuBtE3mI5Y_aem_59-4sfQJC_FB8DRu0oGdpg,,False,False,False,False,False,False,False,1,arobs_4aca5c815f53d934722f,Arkansas Department of Agriculture — Arkansas Grown directory,https://arkansasgrown.org/listing/marche-farm/,B,2026-07-15,promotion_eligible_reviewed,,Fields selected by evidence grade; every source observation remains separately auditable.
AR-64F8012BAC,Me and McGee Market,me and mcgee market,farm,unique_source_name_reviewed,AR,Pulaski,North Little Rock,10409,10409 Hwy 70 North Little Rock Arkansas 72117,public_business_address_reviewed_for_future_reduced_precision,34.77594,-92.14909,"Apples, Banana Peppers - Varietys, Basil, Beans, Beets, Blackberries, Blueberries, Butternut Squash, Cabbage, Cantaloupe, Cherry Tomatoes, Corn, Cucumbers, Eggs, Fruits, Green Beans, Green Onion, Honey, Mushrooms, Nuts, Okra, Oriental Vegetables, Peaches, Peanuts, Peas, Pecans, Peppers - Variety, Plums, Potatoes, Pumpkins, Romaine, Sorghum, Squash, Strawberries, Sweet Corn, Sweet Potatoes, Tomatoes, Vegetables, Watermelon, Yellow Squash, Zucchini",Arkansas Grown member,501-355-6222,meandmcgeemarket@gmail.com,internal_until_public_use_review,https://arfarmtoschool.org,https://www.facebook.com/MeAndMcgeeMarket/photos/a.504543102947752/1503593699709349,https://www.instagram.com/arkansasgrownandmade/,,False,False,False,False,False,False,False,1,arobs_aba1db6e387bb4504374,Arkansas Department of Agriculture — Arkansas Grown directory,https://arkansasgrown.org/listing/me-and-mcgee-produce/,B,2026-07-15,promotion_eligible_reviewed,,Fields selected by evidence grade; every source observation remains separately auditable.
AR-15EE4F293B,Meadowcliff Honey,meadowcliff honey,farm,unique_source_name_reviewed,AR,Pulaski,Little Rock,,"Little Rock, AR, USA",public_business_address_reviewed_for_future_reduced_precision,34.74446,-92.28802,Honey,Arkansas Grown member,,meadowcliffhoney@gmail.com,internal_until_public_use_review,https://arfarmtoschool.org,https://www.facebook.com/arkansasgrownandmade/,https://www.instagram.com/arkansasgrownandmade/,,False,False,False,False,False,False,False,1,arobs_1b32f046b4a0a742e524,Arkansas Department of Agriculture — Arkansas Grown directory,https://arkansasgrown.org/listing/meadowcliff-honey/,B,2026-07-15,promotion_eligible_reviewed,,Fields selected by evidence grade; every source observation remains separately auditable.
AR-E6442B0877,Milford Track Restaurant,milford track restaurant,farm,unique_source_name_reviewed,AR,Pulaski,Little Rock,10809,"10809 Executive Center Dr, Little Rock, AR, USA",public_business_address_reviewed_for_future_reduced_precision,34.73892,-92.39764,"Lettuces—Variety, Onions, Tomatoes",Arkansas Grown member,501-223-2257,milfordtrack89@gmail.com,internal_until_public_use_review,https://arfarmtoschool.org,https://www.facebook.com/profile.php?id=100057530707675,https://www.instagram.com/arkansasgrownandmade/,,False,False,False,False,False,False,False,1,arobs_d47c3011d051d1e1f33a,Arkansas Department of Agriculture — Arkansas Grown directory,https://arkansasgrown.org/listing/milford-track-restaurant-2/,B,2026-07-15,promotion_eligible_reviewed,,Fields selected by evidence grade; every source observation remains separately auditable.
AR-45FB431B6C,MLTYNatureal,mltynatureal,farm,unique_source_name_reviewed,AR,Pulaski,Little Rock,,"6834 Cantrell Road suite 1805, Little Rock, AR, USA",public_business_address_reviewed_for_future_reduced_precision,34.7688,-92.35106,Herbs,Arkansas Grown member,5014284996,mlty.natureal@gmail.com,internal_until_public_use_review,https://arfarmtoschool.org,http://Facebook.com/MLTYNatureal,https://instagram.com/mlty.natureal?igshid=OGQ5ZDc2ODk2ZA==,,False,False,False,False,False,False,False,1,arobs_c424305f82d23b99a9fb,Arkansas Department of Agriculture — Arkansas Grown directory,https://arkansasgrown.org/listing/mltynatureal/,B,2026-07-15,promotion_eligible_reviewed,,Fields selected by evidence grade; every source observation remains separately auditable.
AR-ED9E9D640D,Momma Dee's Nut Creations,momma dees nut creations,producer_requires_type_review,unique_source_name_reviewed,AR,Pulaski,North Little Rock,,"6201 Greenbank Road, North Little Rock, AR, USA",public_business_address_reviewed_for_future_reduced_precision,34.81193,-92.25948,"Pecans, Walnuts",Arkansas Grown member,5012717029,Mommadeesnutcreations@gmail.com,internal_until_public_use_review,https://arfarmtoschool.org,https://www.facebook.com/MommaDeesNutCreations,https://www.instagram.com/arkansasgrownandmade/,,False,False,False,False,False,False,False,1,arobs_27d12f37d9fd210a6512,Arkansas Department of Agriculture — Arkansas Grown directory,https://arkansasgrown.org/listing/momma-dees-nut-creations/,B,2026-07-15,research_or_qa_queue,directory candidate needs independent farm-operation evidence,Fields selected by evidence grade; every source observation remains separately auditable.
AR-B92B5B95F8,Moss Mountain Farm,moss mountain farm,farm,unique_source_name_reviewed,AR,Pulaski,Roland,,"Ross Hollow Road, Roland, AR, USA",public_business_address_reviewed_for_future_reduced_precision,34.92091,-92.48771,Poultry,Arkansas Grown member,501-376-1894,john.owens@pallensmith.com,internal_until_public_use_review,https://arfarmtoschool.org,https://www.facebook.com/MossMountainFarm/?ref=page_internal,https://www.instagram.com/pallensmith/?_ga=2.185000490.2000747462.1658156254-1194758515.1658156254,,False,False,False,False,False,False,False,1,arobs_ddc3e4d0328663aca3d7,Arkansas Department of Agriculture — Arkansas Grown directory,https://arkansasgrown.org/listing/moss-mountain-farm/,B,2026-07-15,promotion_eligible_reviewed,,Fields selected by evidence grade; every source observation remains separately auditable.
AR-FB58E9A7BD,Murder Farm Hot Sauce,murder farm hot sauce,farm,unique_source_name_reviewed,AR,Pulaski,Little Rock,,"7400 Stagecoach Road, Little Rock, AR, USA",public_business_address_reviewed_for_future_reduced_precision,34.6853,-92.40166,Peppers - Variety,Arkansas Grown member,510-289-7679,chris@murderfarm.com,internal_until_public_use_review,https://arfarmtoschool.org,https://www.facebook.com/mfhotsaucear,https://www.instagram.com/arkansasgrownandmade/,,False,False,False,False,False,False,False,1,arobs_9c89359ba8b32fc4bf8f,Arkansas Department of Agriculture — Arkansas Grown directory,https://arkansasgrown.org/listing/murder-farm-hot-sauce/,B,2026-07-15,promotion_eligible_reviewed,,Fields selected by evidence grade; every source observation remains separately auditable.
AR-E8FE756182,North Little Rock Community Garden,north little rock community garden,farm,unique_source_name_reviewed,AR,Pulaski,North Little Rock,72116,2400 Lakeview Rd. North Little Rock Arkansas 72116,public_business_address_reviewed_for_future_reduced_precision,34.78866,-92.23127,"Chicken, Duck, Eggs, Flowers",Arkansas Grown member,925-303-6344,haggertykg@gmail.com,internal_until_public_use_review,https://arfarmtoschool.org,https://www.facebook.com/NLRCommunityFarm,https://www.instagram.com/arkansasgrownandmade/,,False,False,False,False,False,False,False,1,arobs_b948997e983f43d85e59,Arkansas Department of Agriculture — Arkansas Grown directory,https://arkansasgrown.org/listing/north-little-rock-community-garden/,B,2026-07-15,promotion_eligible_reviewed,,Fields selected by evidence grade; every source observation remains separately auditable.
AR-1C814B6235,Oak Forest Community Garden,oak forest community garden,farm,unique_source_name_reviewed,AR,Pulaski,Little Rock,,"2600 South Monroe Street, Little Rock, AR, USA",public_business_address_reviewed_for_future_reduced_precision,34.72759,-92.32865,"Annuals, Beans - Snap, Pole, Variety, Cabbage, Carrots, Cherry Tomatoes, Collard Greens, Cucumbers, Garlic, Herbs, Kale, Okra, Onions, Peppers - Variety, Swiss Chard, Tomatoes, Yellow Squash",Arkansas Grown member,501-295-9429,mnelson2@ualr.edu,internal_until_public_use_review,https://arfarmtoschool.org,https://www.facebook.com/OakForestCommunityGardenLittleRock/,https://www.instagram.com/oakforestgarden,,False,False,False,False,False,False,False,1,arobs_24da190c8f9986dbe160,Arkansas Department of Agriculture — Arkansas Grown directory,https://arkansasgrown.org/listing/oak-forest-community-garden/,B,2026-07-15,promotion_eligible_reviewed,,Fields selected by evidence grade; every source observation remains separately auditable.
AR-3C38C306FE,Red Door,red door,farm,unique_source_name_reviewed,AR,Pulaski,Little Rock,72202,3701 Old Cantrell Road Little Rock Arkansas 72202,public_business_address_reviewed_for_future_reduced_precision,34.76485,-92.31246,"Fruits, Vegetables",Arkansas Grown member,501-666-8482,markaber@comcast.net,internal_until_public_use_review,https://arfarmtoschool.org,https://www.facebook.com/RedDoorLR,https://www.instagram.com/arkansasgrownandmade/,,False,False,False,False,False,False,False,1,arobs_a920c27b1e1a8bd7676a,Arkansas Department of Agriculture — Arkansas Grown directory,https://arkansasgrown.org/listing/red-door/,B,2026-07-15,promotion_eligible_reviewed,,Fields selected by evidence grade; every source observation remains separately auditable.
AR-FAE009E1EE,Red Dot Farms,red dot farms,farm,unique_source_name_reviewed,AR,Pulaski,North Little Rock,72117,301 Faulkner Lake Rd North Little Rock Arkansas 72117,public_business_address_reviewed_for_future_reduced_precision,34.74451,-92.13003,"Asparagus, Basil, Blueberries, Cherry Tomatoes, Cilantro, Cucumbers, Eggs, Fruits, Herbs, Kale, Muscadine Grapes, Okra, Parsley, Peppers - Variety, Radishes, Raspberries, Squash, Swiss Chard, Tomatoes, Vegetables, Yellow Squash",Arkansas Grown member,501-590-0607,reddotfarms.com@gmail.com,internal_until_public_use_review,https://arfarmtoschool.org,https://www.facebook.com/arkansasgrownandmade/,https://www.instagram.com/arkansasgrownandmade/,,True,False,False,False,False,False,False,1,arobs_765e49ba786a40617551,Arkansas Department of Agriculture — Arkansas Grown directory,https://arkansasgrown.org/listing/red-dot-farms/,B,2026-07-15,promotion_eligible_reviewed,,Fields selected by evidence grade; every source observation remains separately auditable.
AR-DEE0F1A88D,Rick's Farm Stand,ricks farm stand,farm,unique_source_name_reviewed,AR,Pulaski,North Little Rock,10920,"10920 Maumelle Boulevard, North Little Rock, AR, USA",public_business_address_reviewed_for_future_reduced_precision,34.82468,-92.3818,"Fruits, Vegetables",Arkansas Grown member,501-517-2834,sneakapeek_05@yahoo.com,internal_until_public_use_review,https://arfarmtoschool.org,https://www.facebook.com/profile.php?id=100057641792073,https://www.instagram.com/arkansasgrownandmade/,,False,False,False,False,False,False,False,1,arobs_63b5208ec69217cd30f2,Arkansas Department of Agriculture — Arkansas Grown directory,https://arkansasgrown.org/listing/ricks-farm-stand-2/,B,2026-07-15,promotion_eligible_reviewed,,Fields selected by evidence grade; every source observation remains separately auditable.
AR-02D04771A8,Ristorante Capeo,ristorante capeo,producer_requires_type_review,unique_source_name_reviewed,AR,Pulaski,North Little Rock,,425 Main Street North Little Rock Arkansas 0,public_business_address_reviewed_for_future_reduced_precision,34.75793,-92.26788,,Arkansas Grown member,501-376-3463,riscapeo@comcast.net,internal_until_public_use_review,https://arfarmtoschool.org,https://www.facebook.com/RistoranteCapeo/?ref=page_internal,https://www.instagram.com/arkansasgrownandmade/,,False,False,False,False,False,False,False,1,arobs_56abba6d0ce5694d71c1,Arkansas Department of Agriculture — Arkansas Grown directory,https://arkansasgrown.org/listing/ristorante-capeo/,B,2026-07-15,research_or_qa_queue,products or farm activity missing; directory candidate needs independent farm-operation evidence,Fields selected by evidence grade; every source observation remains separately auditable.
AR-22607BBF6B,Russell Gwin's Just Picked Vegetables,russell gwins just picked vegetables,farm,unique_source_name_reviewed,AR,Pulaski,Cabot,72023,,public_business_address_reviewed_for_future_reduced_precision,,,U-pick crops; agritourism,U-pick; agritourism,501-988-1003,justpickedveggie@yahoo.com,internal_until_public_use_review,,https://www.facebook.com/Just-Picked-Vegetables-205428846144060,,,True,False,False,False,True,False,False,1,arobs_b2147010348a62e74cad,PickYourOwn — Central Arkansas,https://www.pickyourown.org/ARlittlerock.htm,E,2026-07-15,research_or_qa_queue,county requires geography review due cross-directory conflict with AR-2600ACAD4A in Lonoke; single grade-E discovery listing needs corroboration,Fields selected by evidence grade; every source observation remains separately auditable.
AR-6941C3B7DE,Rusty Tractor Vineyards,rusty tractor vineyards,producer_requires_type_review,unique_source_name_reviewed,AR,Pulaski,Little Rock,72210,10 Rusty Tractor Lane Little Rock Arkansas 72210,public_business_address_reviewed_for_future_reduced_precision,34.70018,-92.4143,Grapes,Arkansas Grown member,501-539-6329 or 501-916-2294,riley@rtvwine.com,internal_until_public_use_review,https://arfarmtoschool.org,https://www.facebook.com/RustyTractorVineyards,https://www.instagram.com/arkansasgrownandmade/,,False,False,False,False,False,False,False,1,arobs_ddf03c9f7d225711b87a,Arkansas Department of Agriculture — Arkansas Grown directory,https://arkansasgrown.org/listing/rusty-tractor-vineyards/,B,2026-07-15,research_or_qa_queue,directory candidate needs independent farm-operation evidence,Fields selected by evidence grade; every source observation remains separately auditable.
AR-7EBD63F1F8,Shady Grove Pecan Orchards,shady grove pecan orchards,farm,unique_source_name_reviewed,AR,Pulaski,,11600,"11600 Georgetown Lake Road, Scott, AR, USA",public_business_address_reviewed_for_future_reduced_precision,34.63314,-92.1371,Pecans,Arkansas Grown member,870-692-3602,shadygrovepecanorchard@gmail.com,internal_until_public_use_review,https://arfarmtoschool.org,https://www.facebook.com/arkansasgrownandmade/,https://www.instagram.com/arkansasgrownandmade/,,False,False,False,False,False,False,False,1,arobs_dd6b2446e7fc5c6f241d,Arkansas Department of Agriculture — Arkansas Grown directory,https://arkansasgrown.org/listing/shady-grove-pecan-orchards/,B,2026-07-15,research_or_qa_queue,city or safe public service area missing,Fields selected by evidence grade; every source observation remains separately auditable.
AR-9718EDB6FA,St. Joseph Center of Arkansas,st joseph center of arkansas,farm,unique_source_name_reviewed,AR,Pulaski,North Little Rock,,"6800 Camp Robinson Rd, North Little Rock, AR, USA",public_business_address_reviewed_for_future_reduced_precision,34.81677,-92.27154,"AG education, Agritourism, Annuals, Apples, Basil, Beans, Beans - Snap, Pole, Variety, Beef, Blackberries, Blueberries, Cherry Tomatoes, Chicken, Corn, Eggs, Flowers, Fruits, Grapes, Greens, Green Beans, Green Onion, Herbs, Honey, Kale, Lettuces—Variety, Melons – Variety, Onions, Peaches, Peas, Pecans, Peppers - Variety, Perennials, Potatoes, Poultry, Pumpkins, Romaine, Squash, Strawberries, Sweet Corn, Sweet Potatoes, Tomatoes, Vegetables, Watermelon, Yellow Squash, Zucchini",Arkansas Grown member,501-482-1908,stjosephcenter@gmail.com,internal_until_public_use_review,https://arfarmtoschool.org,https://www.facebook.com/saintjosephcenter/?ref=page_internal,https://www.instagram.com/stjosephcenter/,,False,False,True,False,False,False,False,1,arobs_eaf43eff5e068c8e6364,Arkansas Department of Agriculture — Arkansas Grown directory,https://arkansasgrown.org/listing/st-joseph-center-of-arkansas/,B,2026-07-15,promotion_eligible_reviewed,,Fields selected by evidence grade; every source observation remains separately auditable.
AR-FF81F48953,Sun Harvest Honey,sun harvest honey,farm,unique_source_name_reviewed,AR,Pulaski,North Little Rock,72117,6208 Tammy Lane North Little Rock Arkansas 72117,public_business_address_reviewed_for_future_reduced_precision,34.81131,-92.18406,Honey,Arkansas Grown member,501-837-7525,pcullivan@gmail.com,internal_until_public_use_review,https://arfarmtoschool.org,https://www.facebook.com/arkansasgrownandmade/,https://www.instagram.com/arkansasgrownandmade/,,False,False,False,False,False,False,False,1,arobs_93b17d417f1eac696bfc,Arkansas Department of Agriculture — Arkansas Grown directory,https://arkansasgrown.org/listing/sun-harvest-honey/,B,2026-07-15,promotion_eligible_reviewed,,Fields selected by evidence grade; every source observation remains separately auditable.
AR-1A982BA037,Tammy Sue's Critters & Farmer Skip,tammy sues critters and farmer skip,farm,unique_source_name_reviewed,AR,Pulaski,North Little Rock,72120,4 Cheyenne Trail North Little Rock Arkansas 72120,public_business_address_reviewed_for_future_reduced_precision,34.93514,-92.24319,"We are a small family owned dairy goat farm. Tammy spends her days on the farm making goat's milk and beeswax products. We have an open farm policy, be sure to come visit for a tour.",Arkansas Grown member,501-920-1532,tammysuescritters@gmail.com,internal_until_public_use_review,https://arfarmtoschool.org,https://www.facebook.com/tammysuescritters,https://www.instagram.com/arkansasgrownandmade/,,False,False,False,False,False,False,False,1,arobs_97fcf8b199b044d5521a,Arkansas Department of Agriculture — Arkansas Grown directory,https://arkansasgrown.org/listing/tammy-sues-critters/,B,2026-07-15,promotion_eligible_reviewed,,Fields selected by evidence grade; every source observation remains separately auditable.
AR-CED30D8B0B,Tasty Acres,tasty acres,farm,unique_source_name_reviewed,AR,Pulaski,North Little Rock,15612,15612 Faulkner Lake Rd North Little Rock Arkansas 72117,public_business_address_reviewed_for_future_reduced_precision,34.74227,-92.09364,"Beans, Blackberries, Cabbage, Pecans, Peppers - Variety, Raspberries, Squash, Tomatoes",Arkansas Grown member,501-961-1476,tastyacresfarm@yahoo.com,internal_until_public_use_review,https://arfarmtoschool.org,https://www.facebook.com/TastyAcres,https://www.instagram.com/arkansasgrownandmade/,,False,False,False,False,False,False,False,1,arobs_e9eec0dbf6180701eb6e,Arkansas Department of Agriculture — Arkansas Grown directory,https://arkansasgrown.org/listing/tasty-acres/,B,2026-07-15,promotion_eligible_reviewed,,Fields selected by evidence grade; every source observation remains separately auditable.
AR-0A9F324CE9,The Beautiful Bee Flowers,the beautiful bee flowers,farm,unique_source_name_reviewed,AR,Pulaski,Little Rock,,"5200 Coy Davis Road, Little Rock, AR, USA",public_business_address_reviewed_for_future_reduced_precision,34.70732,-92.47522,Flowers,Arkansas Grown member,,info@beautifulbeeflowers.com,internal_until_public_use_review,https://www.youtube.com/@beautifulbeeflowers,https://www.facebook.com/beautifulbeeflowers,https://www.instagram.com/beautifulbeeflowers,,False,False,False,False,False,False,False,1,arobs_5e667bb554a360a9127f,Arkansas Department of Agriculture — Arkansas Grown directory,https://arkansasgrown.org/listing/the-beautiful-bee-flowers/,B,2026-07-15,promotion_eligible_reviewed,,Fields selected by evidence grade; every source observation remains separately auditable.
AR-EEA1E25093,The Bee Side Apiary,the bee side apiary,farm,unique_source_name_reviewed,AR,Pulaski,North Little Rock,,"North Little Rock, AR, USA",public_business_address_reviewed_for_future_reduced_precision,34.7561,-92.26775,Honey,Arkansas Grown member,(501) 475-9262,thebeesideapiary@togetherhub.us,internal_until_public_use_review,https://arfarmtoschool.org,https://www.facebook.com/arkansasgrownandmade/,https://www.instagram.com/thebeesideapiary/,,False,False,False,False,False,False,False,1,arobs_987426b80b286c0ec5d5,Arkansas Department of Agriculture — Arkansas Grown directory,https://arkansasgrown.org/listing/the-bee-side-apiary/,B,2026-07-15,promotion_eligible_reviewed,,Fields selected by evidence grade; every source observation remains separately auditable.
AR-A9E920AB03,The Filling Station NLR,the filling station nlr,farm,unique_source_name_reviewed,AR,Pulaski,North Little Rock,,"3623 J.F.K. Boulevard, North Little Rock, AR, USA",public_business_address_reviewed_for_future_reduced_precision,34.78887,-92.26083,"Butter Beans, Eggs, Sweet Potatoes, Tomatoes, Yellow Squash, Zucchini",Arkansas Grown member,501-246-9750,thefillingstationnlr@gmail.com,internal_until_public_use_review,https://arfarmtoschool.org,https://www.facebook.com/thefillingstationNLR,https://www.instagram.com/arkansasgrownandmade/,,False,False,False,False,False,False,False,1,arobs_a80ff625ba6f92df4fdc,Arkansas Department of Agriculture — Arkansas Grown directory,https://arkansasgrown.org/listing/the-filling-station-nlr/,B,2026-07-15,promotion_eligible_reviewed,,Fields selected by evidence grade; every source observation remains separately auditable.
AR-78CF4C0267,The Fold,the fold,farm,unique_source_name_reviewed,AR,Pulaski,Little Rock,72202,3501 Old Cantrell Rd. Little Rock Arkansas 72202,public_business_address_reviewed_for_future_reduced_precision,34.76485,-92.3114,"Basil, Beef, Beets, Blackberries, Blueberries, Chicken, Cilantro, Flowers, Herbs, Kale, Peaches, Radishes, Sweet Corn, Swiss Chard, Watermelon",Arkansas Grown member,501-916-9706,info@thefoldlr.com,internal_until_public_use_review,https://arfarmtoschool.org,https://www.facebook.com/TheFoldBar/,https://www.instagram.com/littlerocktaco/?hl=en,,False,False,False,False,False,False,False,1,arobs_0229bba1379bd36051dc,Arkansas Department of Agriculture — Arkansas Grown directory,https://arkansasgrown.org/listing/the-fold/,B,2026-07-15,promotion_eligible_reviewed,,Fields selected by evidence grade; every source observation remains separately auditable.
AR-3C92F9A06F,The Honey Hut,the honey hut,farm,unique_source_name_reviewed,AR,Pulaski,Little Rock,72117,810 Dortch Loop No little rock Arkansas 72117,public_business_address_reviewed_for_future_reduced_precision,34.73829,-92.11041,Honey,Arkansas Grown member,501-944-3098,pennynoblett@att.net,internal_until_public_use_review,https://arfarmtoschool.org,https://www.facebook.com/arkansasgrownandmade/,https://www.instagram.com/arkansasgrownandmade/,,False,False,False,False,False,False,False,1,arobs_11b7363f2ce646962a1a,Arkansas Department of Agriculture — Arkansas Grown directory,https://arkansasgrown.org/listing/the-honey-hut/,B,2026-07-15,promotion_eligible_reviewed,,Fields selected by evidence grade; every source observation remains separately auditable.
AR-B50369677B,The Kinnard Homestead,the kinnard homestead,farm,unique_source_name_reviewed,AR,Pulaski,Sherwood,,"20 Danyelle Lane, Sherwood, AR, USA",public_business_address_reviewed_for_future_reduced_precision,34.96576,-92.27532,"The Kinnard Homestead is a farm business located in Sherwood, Arkansas run by Tim and Amy Kinnard. Through their online store and at seasonal farmer's markets, the Kinnard's offer a variety of homegrown and homemade products, as well as a selection of farm related and freelance services. Their most popular items include all-natural and old-fashioned home and personal care products such as soaps, syrups, and salves. They also have a growing inventory of garden plants for sale to local customers.",Arkansas Grown member,5019401169,tdk.webwork@gmail.com,internal_until_public_use_review,https://www.youtube.com/thekinnardhomestead,http://www.facebook.com/thekinnardhomestead,https://www.instagram.com/arkansasgrownandmade/,,False,False,True,False,False,False,False,1,arobs_943a411d0ced93cd9915,Arkansas Department of Agriculture — Arkansas Grown directory,https://arkansasgrown.org/listing/the-kinnard-homestead/,B,2026-07-15,promotion_eligible_reviewed,,Fields selected by evidence grade; every source observation remains separately auditable.
AR-F9C1EA6642,The Natural Place,the natural place,farm,unique_source_name_reviewed,AR,Pulaski,Little Rock,,,public_business_address_reviewed_for_future_reduced_precision,,,fish / seafood; eggs; raw milk; soap; medicinal herbs; wreaths; seeds; blackberries; persimmons; gourds; Moon & Stars Watermelon; Wild Gulf Coast Shrimp; Traditional Sorghum Syrup,LocalHarvest Family Farm,(501) 258-7026,,internal_until_public_use_review,,,,,True,False,False,False,False,False,False,1,arobs_64f5ab982d5566fa8735,LocalHarvest — Arkansas county-seat gap search,https://www.localharvest.org/the-natural-place-M30173,D,2026-07-15,promotion_eligible_reviewed,,Fields selected by evidence grade; every source observation remains separately auditable.
AR-F0411E8D18,The Resident Chef,the resident chef,producer_requires_type_review,unique_source_name_reviewed,AR,Pulaski,North Little Rock,72213,9792 Maumelle Blvd North Little Rock Arkansas 72213,public_business_address_reviewed_for_future_reduced_precision,34.82136,-92.37067,Herbs,Arkansas Grown member,501-218-8664,amanda@theresidentchef.com,internal_until_public_use_review,https://arfarmtoschool.org,https://www.facebook.com/theresidentchef,https://www.instagram.com/arkansasgrownandmade/,,False,False,False,False,False,False,False,1,arobs_4124abff1b85df9208a2,Arkansas Department of Agriculture — Arkansas Grown directory,https://arkansasgrown.org/listing/the-resident-chef/,B,2026-07-15,research_or_qa_queue,directory candidate needs independent farm-operation evidence,Fields selected by evidence grade; every source observation remains separately auditable.
AR-4CECFA13FA,The Root Cafe,the root cafe,farm,unique_source_name_reviewed,AR,Pulaski,Little Rock,72202,1500 Main Street Little Rock Arkansas 72202,public_business_address_reviewed_for_future_reduced_precision,34.73421,-92.27352,Beef,Arkansas Grown member,501-414-0423,theroot@therootcafe.com,internal_until_public_use_review,https://www.youtube.com/channel/UCs-tAkF4BizIHnZFd-_SeyQ,https://www.facebook.com/rootcafe,https://www.instagram.com/therootcafe/?hl=en,,False,False,False,False,False,False,False,1,arobs_c0abdbbe271ecadb06cd,Arkansas Department of Agriculture — Arkansas Grown directory,https://arkansasgrown.org/listing/the-root-cafe/,B,2026-07-15,promotion_eligible_reviewed,,Fields selected by evidence grade; every source observation remains separately auditable.
AR-04D2B0F4E5,The Upturned Pot - A Micro Urban Farm,the upturned pot a micro urban farm,farm,unique_source_name_reviewed,AR,Pulaski,Little Rock,72212,"Little Rock, AR 72212, USA",public_business_address_reviewed_for_future_reduced_precision,34.77782,-92.41593,"AG education, Agritourism, Annuals, Flowers, Herbs, Perennials, Seeds, Vegetables, Other",Arkansas Grown member,501-712-3373,theupturnedpot@gmail.com,internal_until_public_use_review,http://www.theupturnedpot.com,https://www.facebook.com/theupturnedpot,https://www.instagram.com/theupturnedpot,,False,False,True,False,False,False,False,1,arobs_bd5508e3ab790f541705,Arkansas Department of Agriculture — Arkansas Grown directory,https://arkansasgrown.org/listing/the-upturned-pot-a-micro-urban-farm/,B,2026-07-15,promotion_eligible_reviewed,,Fields selected by evidence grade; every source observation remains separately auditable.
AR-D9D4BC3C5B,Trio's,trios,farm,unique_source_name_reviewed,AR,Pulaski,Little Rock,72227,"8201 Cantrell, Suite 100 Little Rock Arkansas 72227",public_business_address_reviewed_for_future_reduced_precision,34.77628,-92.36581,"Where innovation and tradition come to dine! Frequent menu changes, local produce & warm hospitality are hallmarks of our over 35 years of service.",Arkansas Grown member,501-221-3330,capi@triosrestaurant.com,internal_until_public_use_review,https://arfarmtoschool.org,https://www.facebook.com/TriosLR,https://www.instagram.com/arkansasgrownandmade/,,False,False,False,False,False,False,False,1,arobs_a5fc76186a376dc9ff77,Arkansas Department of Agriculture — Arkansas Grown directory,https://arkansasgrown.org/listing/trioaos/,B,2026-07-15,promotion_eligible_reviewed,,Fields selected by evidence grade; every source observation remains separately auditable.
AR-C8DAD30E4D,True Beef,true beef,farm,unique_source_name_reviewed,AR,Pulaski,Little Rock,72205,10201 West Markham Suite 308,public_business_address_reviewed_for_future_reduced_precision,,,beef,LocalHarvest Family Farm,(501) 960-5299,,internal_until_public_use_review,,,,,True,False,False,False,False,False,False,1,arobs_18ede1516fdb28a0c04c,LocalHarvest — Arkansas county-seat gap search,https://www.localharvest.org/true-beef-M64484,D,2026-07-15,promotion_eligible_reviewed,,Fields selected by evidence grade; every source observation remains separately auditable.
AR-6C9919161D,UA Little Rock Campus Garden,ua little rock campus garden,farm,unique_source_name_reviewed,AR,Pulaski,Little Rock,,"3340 Fair Park Boulevard, Little Rock, AR, USA",public_business_address_reviewed_for_future_reduced_precision,34.72025,-92.33439,"Herbs, Honey, Vegetables",Arkansas Grown member,501-916-6522,garden@ualr.edu,internal_until_public_use_review,https://arfarmtoschool.org,https://www.facebook.com/ualrcampusgarden,https://www.instagram.com/arkansasgrownandmade/,,False,False,False,False,False,False,False,1,arobs_81e43b5ebd6d11d4915f,Arkansas Department of Agriculture — Arkansas Grown directory,https://arkansasgrown.org/listing/ua-little-rock-campus-garden/,B,2026-07-15,promotion_eligible_reviewed,,Fields selected by evidence grade; every source observation remains separately auditable.
AR-DA6E23DA70,Urbana Farmstead,urbana farmstead,farm,unique_source_name_reviewed,AR,Pulaski,Little Rock,,"2400 Kerrie Drive, Little Rock, AR, USA",public_business_address_reviewed_for_future_reduced_precision,34.64154,-92.30736,Tomatoes,Arkansas Grown member,501-366-9817,mywine64@gmail.com,internal_until_public_use_review,https://www.youtube.com/channel/UClC-tZP19nOYf-tW_wayqzQ/videos,https://www.facebook.com/UrbanaFarm,https://www.instagram.com/urbanafarmstead/,,False,False,False,False,False,False,False,1,arobs_936498c193c697d8e870,Arkansas Department of Agriculture — Arkansas Grown directory,https://arkansasgrown.org/listing/urbana-farmstead/,B,2026-07-15,promotion_eligible_reviewed,,Fields selected by evidence grade; every source observation remains separately auditable.
AR-1AFABBEDC0,Vino's,vinos,farm,unique_source_name_reviewed,AR,Pulaski,Little Rock,,923 W 7th St. Little Rock Arkansas 0,public_business_address_reviewed_for_future_reduced_precision,34.74325,-92.28213,"Vino's Brewpub hosts a small brewery that collaborates extensively with our local, beloved community Garden (Dunbar Community Garden Project). We attempt to incorporate many locally grown ingredients in our brews. Some examples include locally grown hops,",Arkansas Grown member,501-375-8466,vinosbrewer@gmail.com,internal_until_public_use_review,https://arfarmtoschool.org,https://www.facebook.com/Vinos-Pizza-Pub-Brewery-117808958245685/?ref=page_internal,https://www.instagram.com/arkansasgrownandmade/,,False,False,False,False,False,False,False,1,arobs_3f2a94f286d6df4d8a9d,Arkansas Department of Agriculture — Arkansas Grown directory,https://arkansasgrown.org/listing/vinoaos/,B,2026-07-15,promotion_eligible_reviewed,,Fields selected by evidence grade; every source observation remains separately auditable.
AR-1C62089F3C,WSBZ Farms,wsbz farms,farm,unique_source_name_reviewed,AR,Pulaski,Little Rock,,"5310 Bennie Barnes Road, Little Rock, AR, USA",public_business_address_reviewed_for_future_reduced_precision,34.63166,-92.22623,"Broccoli, Cabbage, Cantaloupe, Corn, Cucumbers, Eggs, Eggplant, Greens, Okra, Peppers - Variety, Pumpkins, Squash, Sweet Potatoes, Tomatoes, Watermelon",Arkansas Grown member,9315727661,jojo@wsbzfarms.com,internal_until_public_use_review,https://arfarmtoschool.org,https://www.facebook.com/profile.php?id=100088066677915,https://www.instagram.com/wsbz_Farms?fbclid=IwY2xjawIi0h1leHRuA2FlbQIxMAABHRevRxkWsiMjQhneowlyRqmDxc4S88Cglz44Wzo86cNc0eB4UUho9GCC8A_aem_Ko3PidPCD3sqzs_y7Wb-WQ,https://www.tiktok.com/@wsbz_farms,True,False,False,False,False,False,False,1,arobs_d593b12a85c64cd6f6bb,Arkansas Department of Agriculture — Arkansas Grown directory,https://arkansasgrown.org/listing/wsbz-farms-2/,B,2026-07-15,promotion_eligible_reviewed,,Fields selected by evidence grade; every source observation remains separately auditable.
AR-127BB8F111,Wye Mountain Flowers and Berries,wye mountain flowers and berries,farm,merged_exact_name_reviewed,AR,Pulaski,Roland,20309,20309 Highway 113 Wye Arkansas 0,public_business_address_reviewed_for_future_reduced_precision,34.92552,-92.64903,"Blackberries, Blueberries, Flowers; U-pick crops; agritourism",Arkansas Grown member; U-pick; agritourism,501-330-1906,farm@wyemountain.net,internal_until_public_use_review,https://arfarmtoschool.org,https://www.facebook.com/WyeMountain/,https://www.instagram.com/arkansasgrownandmade/,,True,False,False,False,True,False,False,2,arobs_8a7007fe694a50d03e71 | arobs_1329be3cc8f0da674fed,Arkansas Department of Agriculture — Arkansas Grown directory | PickYourOwn — Central Arkansas,https://arkansasgrown.org/listing/wye-mountain-flowers-and-berries/ | https://www.pickyourown.org/ARlittlerock.htm,B; E,2026-07-15,promotion_eligible_reviewed,,Fields selected by evidence grade; every source observation remains separately auditable.
AR-8DEB1601AB,Wye Mountain Flowers and Berries L.L.C.,wye mountain flowers and berries l l c,farm,unique_source_name_reviewed,AR,Pulaski,Roland,72135,20309 Highway 113,public_business_address_reviewed_for_future_reduced_precision,,,blackberries; blueberries; raspberries; fresh flowers,LocalHarvest Family Farm,(501) 330-1906,,internal_until_public_use_review,https://wyemountain.net,http://www.facebook.com/WyeMountainFlowersandBerries,,,True,False,False,False,False,False,False,1,arobs_ab2ca609907185eae322,LocalHarvest — Arkansas county-seat gap search,https://www.localharvest.org/wye-mountain-flowers-and-berries-l-l-c--M42244,D,2026-07-15,promotion_eligible_reviewed,,Fields selected by evidence grade; every source observation remains separately auditable.
AR-1BBAF6E9E2,Randolph County Farmers Market,randolph county farmers market,farm,unique_source_name_reviewed,AR,Randolph,,,"7792 Highway 93, Dalton, AR, United States, Arkansas",public_business_address_reviewed_for_future_reduced_precision,36.25813,-90.98319,"Banana Peppers - Varietys, Basil, Beets, Blackberries, Broccoli, Butternut Squash, Cantaloupe, Cherry Tomatoes, Cilantro, Corn, Cucumbers, Eggs, Flowers, Green Beans, Green Onion, Herbs, Kale, Okra, Parsley, Pears, Peppers - Variety, Potatoes, Pumpkins, Radishes, Squash, Sweet Potatoes, Swiss Chard, Tomatoes, Vegetables, Watermelon, Yellow Squash, Zucchini",Arkansas Grown member,870-378-5151,randolphcountyfarmersmarket@gmail.com,internal_until_public_use_review,https://arfarmtoschool.org,https://www.facebook.com/RandolphCountyFarmersMarket/,https://www.instagram.com/arkansasgrownandmade/,,False,False,False,False,False,False,False,1,arobs_51587c1d1329deb87375,Arkansas Department of Agriculture — Arkansas Grown directory,https://arkansasgrown.org/listing/randolph-county-farmers-market/,B,2026-07-15,research_or_qa_queue,city or safe public service area missing,Fields selected by evidence grade; every source observation remains separately auditable.
AR-89428985A8,All Good Things Produce and more LLC,all good things produce and more,farm,unique_source_name_reviewed,AR,Saline,Bauxite,72011,,public_business_address_reviewed_for_future_reduced_precision,,,U-pick crops; agritourism,U-pick; agritourism,,,internal_until_public_use_review,,,,,True,False,False,False,True,False,False,1,arobs_6295f8edfbc03ce6bf85,PickYourOwn — Central Arkansas,https://www.pickyourown.org/ARlittlerock.htm,E,2026-07-15,research_or_qa_queue,single grade-E discovery listing needs corroboration; source reports closure and requires affirmative curator decision,Fields selected by evidence grade; every source observation remains separately auditable.
AR-8086D73F93,Big Red Farms,big red farms,farm,unique_source_name_reviewed,AR,Saline,Bauxite,23013,23013 Whippoorwill Ln. Bauxite Arkansas 72011,public_business_address_reviewed_for_future_reduced_precision,34.54141,-92.42192,"Beans, Cucumbers, Okra, Peas, Peppers - Variety, Tomatoes, Watermelon",Arkansas Grown member,501-410-3364,bigredfarmsar@gmail.com,internal_until_public_use_review,https://arfarmtoschool.org,https://www.facebook.com/bigredfarmsAR/photos/?ref=page_internal,https://www.instagram.com/arkansasgrownandmade/,,False,False,False,False,False,False,False,1,arobs_5e5193524ad0c58f08f9,Arkansas Department of Agriculture — Arkansas Grown directory,https://arkansasgrown.org/listing/big-red-farms/,B,2026-07-15,promotion_eligible_reviewed,,Fields selected by evidence grade; every source observation remains separately auditable.
AR-FF18F187EB,Bradbury Christmas Tree Farm,bradbury christmas tree farm,farm,unique_source_name_reviewed,AR,Saline,,72103,9427 Donna Lane Mabelvale Arkansas 72103,public_business_address_reviewed_for_future_reduced_precision,34.55219,-92.38953,Christmas Trees,Arkansas Grown member,501-602-2449,jenneschickens@gmail.com,internal_until_public_use_review,https://arfarmtoschool.org,https://www.facebook.com/Bradburytreefarmar,https://www.instagram.com/arkansasgrownandmade/,,False,False,False,False,False,False,False,1,arobs_ee46d4cc7c37bafa9aa2,Arkansas Department of Agriculture — Arkansas Grown directory,https://arkansasgrown.org/listing/bradbury-christmas-tree-farm/,B,2026-07-15,research_or_qa_queue,city or safe public service area missing,Fields selected by evidence grade; every source observation remains separately auditable.
AR-8FD7B7FD0C,Dawson's Farm Muscadine Vineyard,dawsons farm muscadine vineyard,farm,unique_source_name_reviewed,AR,Saline,Benton,,"125 W Ashley St, Benton, AR, USA",public_business_address_reviewed_for_future_reduced_precision,34.48893,-92.73703,"Fruits, Other",Arkansas Grown member,5019090511,dawsonsfarmar@gmail.com,internal_until_public_use_review,https://arfarmtoschool.org,https://www.facebook.com/arkansasgrownandmade/,https://www.instagram.com/arkansasgrownandmade/,,False,False,False,False,False,False,False,1,arobs_dea144770862e08d8758,Arkansas Department of Agriculture — Arkansas Grown directory,https://arkansasgrown.org/listing/dawsons-farm-muscadine-vineyard/,B,2026-07-15,promotion_eligible_reviewed,,Fields selected by evidence grade; every source observation remains separately auditable.
AR-12EEA5D723,Downtown Benton Farmers Market,downtown benton farmers market,farm,unique_source_name_reviewed,AR,Saline,Benton,,"125 Ashley, Benton, AR, USA",public_business_address_reviewed_for_future_reduced_precision,34.56238,-92.58726,"Beans, Beef, Blackberries, Blueberries, Cabbage, Cantaloupe, Corn, Eggs, Flowers, Fruits, Green Beans, Green Onion, Honey, Okra, Peaches, Pork, Potatoes, Poultry, Radishes, Squash, Strawberries, Sweet Corn, Sweet Potatoes, Tomatoes, Vegetables, Watermelon, Yellow Squash, Zucchini",Arkansas Grown member,501-776-5970,parks@bentonar.org,internal_until_public_use_review,https://arfarmtoschool.org,https://www.facebook.com/downtownbentonfarmersmarket,https://www.instagram.com/arkansasgrownandmade/,,True,False,True,False,False,False,False,1,arobs_cee215d45241e9383a62,Arkansas Department of Agriculture — Arkansas Grown directory,https://arkansasgrown.org/listing/downtown-benton-farmers-market/,B,2026-07-15,promotion_eligible_reviewed,,Fields selected by evidence grade; every source observation remains separately auditable.
AR-474AFDFEF3,Greenhill Farm (THE FRONT PORCH MARKET),greenhill farm the front porch market,farm,unique_source_name_reviewed,AR,Saline,Benton,72019,"1367 Salem Rd, Benton, AR 72019, USA",public_business_address_reviewed_for_future_reduced_precision,34.6282,-92.56642,"Eggs, Flowers, Garlic, Honey, Lettuces—Variety, Milk",Arkansas Grown member,501-499-3065,greenhillfarmar@gmail.com,internal_until_public_use_review,https://arfarmtoschool.org,https://www.facebook.com/GreenhillfarmAR,https://www.instagram.com/arkansasgrownandmade/,,False,False,False,False,False,False,False,1,arobs_fbc60b269200695ff0fd,Arkansas Department of Agriculture — Arkansas Grown directory,https://arkansasgrown.org/listing/greenhill-farm-the-front-porch-market/,B,2026-07-15,promotion_eligible_reviewed,,Fields selected by evidence grade; every source observation remains separately auditable.
AR-5F76A04861,Griffin Daylily Farm & Produce,griffin daylily farm and produce,farm,unique_source_name_reviewed,AR,Saline,Benton,72015,8401 Crossroads,public_business_address_reviewed_for_future_reduced_precision,,,sweet peppers; cabbage; sweet corn; cucumber; green beans; lettuce; okra; peas; summer squash; tomatoes; winter-squash; zucchini; cantaloupes; fresh flowers,LocalHarvest Family Farm,,,internal_until_public_use_review,,https://www.facebook.com/griffindaylilyfarm,,,True,False,False,False,False,False,False,1,arobs_f9e6c9330149c436afff,LocalHarvest — Arkansas county-seat gap search,https://www.localharvest.org/griffin-daylily-farm-produce-M46216,D,2026-07-15,promotion_eligible_reviewed,,Fields selected by evidence grade; every source observation remains separately auditable.
AR-1EEDFCA299,JD's Kritters,jds kritters,farm,unique_source_name_reviewed,AR,Saline,Haskell,72015,444 Creek rd.,public_business_address_reviewed_for_future_reduced_precision,,,chicken; duck; rabbit; eggs,LocalHarvest Family Farm,(501) 249-4203,,internal_until_public_use_review,,,,,True,False,False,False,False,False,False,1,arobs_eb4b77bfe88ee9f7557a,LocalHarvest — Arkansas county-seat gap search,https://www.localharvest.org/jds-kritters-M63979,D,2026-07-15,promotion_eligible_reviewed,,Fields selected by evidence grade; every source observation remains separately auditable.
AR-07802BD89B,"Legacy Roots Farm, LLC",legacy roots farm,farm,unique_source_name_reviewed,AR,Saline,Avilla,,"Avilla, AR, USA",public_business_address_reviewed_for_future_reduced_precision,34.69706,-92.58421,Microgreens,Arkansas Grown member,5013394194,legacyrootsfarmllc@gmail.com,internal_until_public_use_review,https://arfarmtoschool.org,http://www.facebook.com/LegacyRootsFarmLLC,http://www.instagram.com/LegacyRootsFarmLLC,,False,False,False,False,False,False,False,1,arobs_5a6d6b91fa85e3872968,Arkansas Department of Agriculture — Arkansas Grown directory,https://arkansasgrown.org/listing/legacy-roots-farm-llc-3/,B,2026-07-15,promotion_eligible_reviewed,,Fields selected by evidence grade; every source observation remains separately auditable.
AR-B7CBD4F441,Li'l Girls' Local Honey.,lil girls local honey,farm,unique_source_name_reviewed,AR,Saline,Benton,72019,1311 River Oaks dr Benton Arkansas 72019,public_business_address_reviewed_for_future_reduced_precision,34.59317,-92.60121,Honey,Arkansas Grown member,501-412-5421,hickmonc@aol.com,internal_until_public_use_review,https://arfarmtoschool.org,https://www.facebook.com/arkansasgrownandmade/,https://www.instagram.com/arkansasgrownandmade/,,False,False,False,False,False,False,False,1,arobs_c0245c3fa2600a750984,Arkansas Department of Agriculture — Arkansas Grown directory,https://arkansasgrown.org/listing/lil-girls-local-honey/,B,2026-07-15,promotion_eligible_reviewed,,Fields selected by evidence grade; every source observation remains separately auditable.
AR-E886BDF02F,Malvern Hill Vineyards,malvern hill vineyards,farm,unique_source_name_reviewed,AR,Saline,Traskwood,,"551 Thunderbird Loop, Traskwood, AR, USA",public_business_address_reviewed_for_future_reduced_precision,34.46174,-92.71181,"Beans, Flowers, Muscadine Grapes, Squash, Tomatoes, Vegetables",Arkansas Grown member,501-366-2140,Jtcookmelanie@gmail.com,internal_until_public_use_review,https://arfarmtoschool.org,https://www.facebook.com/MalvernHillVineyards,https://www.instagram.com/arkansasgrownandmade/,,False,False,False,False,False,False,False,1,arobs_376361b6a81a24b082c4,Arkansas Department of Agriculture — Arkansas Grown directory,https://arkansasgrown.org/listing/malvern-hill-vineyards/,B,2026-07-15,promotion_eligible_reviewed,,Fields selected by evidence grade; every source observation remains separately auditable.
AR-E31252FE36,Marketplace Farms,marketplace farms,farm,unique_source_name_reviewed,AR,Saline,Bryant,72022,1302 Evening Shade Dr Bryant Arkansas 72022,public_business_address_reviewed_for_future_reduced_precision,34.62636,-92.50568,Honey,Arkansas Grown member,501-269-5453,marketplacefarms@gmail.com,internal_until_public_use_review,https://arfarmtoschool.org,https://www.facebook.com/arkansasgrownandmade/,https://www.instagram.com/arkansasgrownandmade/,,False,False,False,False,False,False,False,1,arobs_2016e0ce87ec79c94ee7,Arkansas Department of Agriculture — Arkansas Grown directory,https://arkansasgrown.org/listing/marketplace-farms/,B,2026-07-15,promotion_eligible_reviewed,,Fields selected by evidence grade; every source observation remains separately auditable.
AR-571600023C,No Name Farm,no name farm,farm,unique_source_name_reviewed,AR,Saline,Sardis,72103,,public_business_address_reviewed_for_future_reduced_precision,,,U-pick crops; agritourism,U-pick; agritourism,501-580-3248,allois0612@att.net,internal_until_public_use_review,,https://www.facebook.com/themuscadinegrapevine-,,,True,False,False,False,True,False,False,1,arobs_4d1ed3b4ca1126dec84a,PickYourOwn — Central Arkansas,https://www.pickyourown.org/ARlittlerock.htm,E,2026-07-15,research_or_qa_queue,single grade-E discovery listing needs corroboration,Fields selected by evidence grade; every source observation remains separately auditable.
AR-7386F6141F,Pratt Family Food Products- Salsa,pratt family food products salsa,farm,unique_source_name_reviewed,AR,Saline,,14811,14811 Heinke Rd Mabelvale Arkansas 72103,public_business_address_reviewed_for_future_reduced_precision,34.61498,-92.3842,Vines,Arkansas Grown member,501-416-8547,dwpratt4@juno.com,internal_until_public_use_review,https://arfarmtoschool.org,https://www.facebook.com/arkansasgrownandmade/,https://www.instagram.com/arkansasgrownandmade/,,False,False,False,False,False,False,False,1,arobs_4ba5526f0e7b48e35750,Arkansas Department of Agriculture — Arkansas Grown directory,https://arkansasgrown.org/listing/pratt-family-food-products/,B,2026-07-15,research_or_qa_queue,city or safe public service area missing,Fields selected by evidence grade; every source observation remains separately auditable.
AR-26F93DA196,Rucker Farm Co,rucker farm,farm,unique_source_name_reviewed,AR,Saline,,,"Saline County, AR, USA",public_business_address_reviewed_for_future_reduced_precision,34.57082,-92.5396,"Chicken, Eggs, Fruits, Herbs, Vegetables",Arkansas Grown member,5013039045,ruckerfarmco@gmail.com,internal_until_public_use_review,https://arfarmtoschool.org,https://www.facebook.com/share/1FkKBo85Rf/?mibextid=wwXIfr,https://www.instagram.com/ruckerfarmco?igsh=MWc3dDZyd2NuOHN6cA==,,False,False,False,False,False,False,False,1,arobs_73f45bdb84c6820e3424,Arkansas Department of Agriculture — Arkansas Grown directory,https://arkansasgrown.org/listing/rucker-farm-co/,B,2026-07-15,research_or_qa_queue,city or safe public service area missing,Fields selected by evidence grade; every source observation remains separately auditable.
AR-0BA08D7001,Salt Box Farm,salt box farm,farm,merged_exact_name_reviewed,AR,Saline,Benton,72019,2019 Johnson Lane Benton Arkansas 72019,public_business_address_reviewed_for_future_reduced_precision,34.56608,-92.64012,Strawberries; U-pick crops; agritourism,Arkansas Grown member; U-pick; agritourism,501-317-0135,saltboxfarm.salineco@gmail.com,internal_until_public_use_review,https://arfarmtoschool.org,https://www.facebook.com/SaltBoxFarmStrawberries,https://www.instagram.com/arkansasgrownandmade/,,True,False,False,False,True,False,False,2,arobs_fb21d5a347c570a78ac5 | arobs_857d07c00e4ec74a5eaf,Arkansas Department of Agriculture — Arkansas Grown directory | PickYourOwn — Central Arkansas,https://arkansasgrown.org/listing/salt-box-farm/ | https://www.pickyourown.org/ARlittlerock.htm,B; E,2026-07-15,promotion_eligible_reviewed,,Fields selected by evidence grade; every source observation remains separately auditable.
AR-F8DEACE693,Smith Creek Homestead,smith creek homestead,farm,unique_source_name_reviewed,AR,Saline,Benton,,"1117 Horton Road, Benton, AR, USA",public_business_address_reviewed_for_future_reduced_precision,34.45732,-92.57567,Vegetables,Arkansas Grown member,501-420-4953,Smithcreekhomestead@gmail.com,internal_until_public_use_review,https://arfarmtoschool.org,https://www.facebook.com/profile.php?id=61555560688110&sk=photos_by,https://www.instagram.com/smith_creek_homestead?igsh=YXVpY25nM2NvZzMz,,False,False,False,False,False,False,False,1,arobs_7fa13fe3652671da83e1,Arkansas Department of Agriculture — Arkansas Grown directory,https://arkansasgrown.org/listing/smith-creek-homestead/,B,2026-07-15,promotion_eligible_reviewed,,Fields selected by evidence grade; every source observation remains separately auditable.
AR-E9FC175F23,Ten Mile Farm and Market,ten mile farm and market,farm,unique_source_name_reviewed,AR,Saline,Benton,72019,1221 Ira Williams Rd Benton Arkansas 72019,public_business_address_reviewed_for_future_reduced_precision,34.56838,-92.78247,"Butternut Squash, Cherry Tomatoes, Cucumbers, Eggs, Peas, Peppers - Variety, Sheep/Lamb, Squash, Tomatoes, Vegetables, Yellow Squash, Zucchini",Arkansas Grown member,501-317-0210,rdubois34@yahoo.com,internal_until_public_use_review,https://arfarmtoschool.org,https://www.facebook.com/arkansasgrownandmade/,https://www.instagram.com/arkansasgrownandmade/,,False,False,False,False,False,False,False,1,arobs_4d337634375d14a20b46,Arkansas Department of Agriculture — Arkansas Grown directory,https://arkansasgrown.org/listing/ten-mile-farm-and-market/,B,2026-07-15,promotion_eligible_reviewed,,Fields selected by evidence grade; every source observation remains separately auditable.
AR-15B4C528F3,Twisted M Farm LLC,twisted m farm,farm,unique_source_name_reviewed,AR,Saline,Shannon Hills,,"Shannon Hills, AR, USA",public_business_address_reviewed_for_future_reduced_precision,34.62334,-92.39534,Eggs,Arkansas Grown member,501-762-4621,amitchell04001@gmail.com,internal_until_public_use_review,https://arfarmtoschool.org,http://www.facebook.com/TwistedMFarm,https://www.instagram.com/arkansasgrownandmade/,,False,False,False,False,False,False,False,1,arobs_12ae2f501ab48fd4379c,Arkansas Department of Agriculture — Arkansas Grown directory,https://arkansasgrown.org/listing/twisted-m-farm-llc/,B,2026-07-15,promotion_eligible_reviewed,,Fields selected by evidence grade; every source observation remains separately auditable.
AR-81DB5F4DD9,U-Pick Muscadines,u pick muscadines,farm,unique_source_name_reviewed,AR,Saline,Mabelvale,72103,,public_business_address_reviewed_for_future_reduced_precision,,,U-pick crops; agritourism,U-pick; agritourism,(501) 580-3248,,internal_until_public_use_review,https://www.yelp.com/biz/u-pick-muscadines-mabelvale,,,,True,False,False,False,True,False,False,1,arobs_7aa783100620ed354375,PickYourOwn — Central Arkansas,https://www.pickyourown.org/ARlittlerock.htm,E,2026-07-15,research_or_qa_queue,single grade-E discovery listing needs corroboration,Fields selected by evidence grade; every source observation remains separately auditable.
AR-C5EC478A81,Zestful All-Natural Market,zestful all natural market,producer_requires_type_review,unique_source_name_reviewed,AR,Saline,Benton,,"Benton, AR, USA",public_business_address_reviewed_for_future_reduced_precision,34.56931,-92.58538,"Blueberries, Broccoli, Carrots, Fruits, Garlic, Greens, Herbs",Arkansas Grown member,501-522-9151,zestfulallnatural@outlook.com,internal_until_public_use_review,https://arfarmtoschool.org,https://www.facebook.com/arkansasgrownandmade/,https://www.instagram.com/arkansasgrownandmade/,,False,False,True,False,False,False,False,1,arobs_2bcfc9c437273b9bd4b4,Arkansas Department of Agriculture — Arkansas Grown directory,https://arkansasgrown.org/listing/zestful-all-natural-market/,B,2026-07-15,research_or_qa_queue,directory candidate needs independent farm-operation evidence,Fields selected by evidence grade; every source observation remains separately auditable.
AR-0C914A66CB,"Chiquitita Gardens, Goats & Co.",chiquitita gardens goats and,farm,unique_source_name_reviewed,AR,Scott,,,"Mansfield, AR, USA",public_business_address_reviewed_for_future_reduced_precision,35.05969,-94.25015,"Chicken, Eggs, Livestock, Vegetables",Arkansas Grown member,,joevaghn@hotmail.com,internal_until_public_use_review,https://arfarmtoschool.org,https://www.facebook.com/profile.php?id=61566955031799&sk=photos,https://www.instagram.com/arkansasgrownandmade/,,False,False,False,False,False,False,False,1,arobs_7af65836e4b64931a760,Arkansas Department of Agriculture — Arkansas Grown directory,https://arkansasgrown.org/listing/chiquitita-gardens-goats-co/,B,2026-07-15,research_or_qa_queue,city or safe public service area missing,Fields selected by evidence grade; every source observation remains separately auditable.
AR-05128279EE,Home Grown Farm,home grown farm,farm,unique_source_name_reviewed,AR,Scott,Waldron,72958,5285 Center Point Road,public_business_address_reviewed_for_future_reduced_precision,,,eggs; beef; chicken; pork; turkey; Royal Palm Turkey,LocalHarvest Family Farm,,,internal_until_public_use_review,,,,,True,False,False,False,False,False,False,1,arobs_40788ead19fdb5498caa,LocalHarvest — Arkansas county-seat gap search,https://www.localharvest.org/home-grown-farm-M24300,D,2026-07-15,promotion_eligible_reviewed,,Fields selected by evidence grade; every source observation remains separately auditable.
AR-747FBDA27C,Arkansas Portable Pumpkin Patch,arkansas portable pumpkin patch,farm,unique_source_name_reviewed,AR,Searcy,Leslie,72645,1356 Wiley's Cove Leslie Arkansas 72645,public_business_address_reviewed_for_future_reduced_precision,35.83035,-92.55794,Pumpkins,Arkansas Grown member,501-703-8147,ArkansasPPPatch@yahoo.com,internal_until_public_use_review,https://arfarmtoschool.org,https://www.facebook.com/ArkansasPortablePumpkinPatch,https://www.instagram.com/arkansasgrownandmade/,,False,False,False,False,False,False,False,1,arobs_4504ab2eb90dcb67433e,Arkansas Department of Agriculture — Arkansas Grown directory,https://arkansasgrown.org/listing/arkansas-portable-pumpkin-patch/,B,2026-07-15,promotion_eligible_reviewed,,Fields selected by evidence grade; every source observation remains separately auditable.
AR-2BA241DE41,Crooked Gate Farm & Cafe,crooked gate farm and cafe,farm,unique_source_name_reviewed,AR,Searcy,Leslie,,"408 Main Street, Leslie, AR, USA",public_business_address_reviewed_for_future_reduced_precision,35.82914,-92.56022,Pork,Arkansas Grown member,719-209-8226,itzsmithmatthew@gmail.com,internal_until_public_use_review,https://arfarmtoschool.org,https://www.facebook.com/Crooked-Gate-Farm-Cafe-102459765313780,https://www.instagram.com/arkansasgrownandmade/,,False,False,False,False,False,False,False,1,arobs_56b53f651554e70daaa2,Arkansas Department of Agriculture — Arkansas Grown directory,https://arkansasgrown.org/listing/crooked-gate-farm/,B,2026-07-15,promotion_eligible_reviewed,,Fields selected by evidence grade; every source observation remains separately auditable.
AR-C2168307D6,D Bar 7 Ranch,d bar 7 ranch,farm,unique_source_name_reviewed,AR,Searcy,Leslie,72645,"1926 Rumley Road North, Leslie, AR 72645, USA",public_business_address_reviewed_for_future_reduced_precision,35.78441,-92.48817,"Beef, Pork, Sheep/Lamb",Arkansas Grown member,"Candy Davis 501-757-2225, Fred Davis 501-242-2347",dbar7ranch@yahoo.com,internal_until_public_use_review,https://arfarmtoschool.org,https://www.facebook.com/people/D-Bar-7-Cattle-Co/100093526627346,https://www.instagram.com/arkansasgrownandmade/,,False,False,False,False,False,False,False,1,arobs_43fa8514b6551d26e50f,Arkansas Department of Agriculture — Arkansas Grown directory,https://arkansasgrown.org/listing/d-bar-7-ranch/,B,2026-07-15,promotion_eligible_reviewed,,Fields selected by evidence grade; every source observation remains separately auditable.
AR-7E545A8494,Dew Line Dairy,dew line dairy,farm,unique_source_name_reviewed,AR,Searcy,,72639,544 Cozahome Rd Harriet Arkansas 72639,public_business_address_reviewed_for_future_reduced_precision,36.04509,-92.49902,"Agritourism, Beef, Milk",Arkansas Grown member,870-448-4870,thefarmex@gmail.com,internal_until_public_use_review,,https://www.facebook.com/Dew-Line-Dairy,https://www.instagram.com/arkansasgrownandmade/,,False,False,False,False,False,False,False,1,arobs_0189ca093b838f9c47f9,Arkansas Department of Agriculture — Arkansas Grown directory,https://arkansasgrown.org/listing/dew-line-dairy/,B,2026-07-15,research_or_qa_queue,city or safe public service area missing,Fields selected by evidence grade; every source observation remains separately auditable.
AR-89E9A50BD5,Dogwood Hills Farmer’s Market,dogwood hills farmers market,farm,unique_source_name_reviewed,AR,Searcy,Harriet,72639,"544 Cozahome Rd, Harriet, Arkansas 72639, USA",public_business_address_reviewed_for_future_reduced_precision,36.03292,-92.54211,"Agritourism, Basil, Beef, Eggs, Greens, Herbs, Lettuces—Variety, Microgreens, Milk, Parsley, Rice, Other",Arkansas Grown member,870-448-4870,thefarmex@gmail.com,internal_until_public_use_review,https://arfarmtoschool.org,https://www.facebook.com/arkansasgrownandmade/,https://www.instagram.com/arkansasgrownandmade/,,False,False,False,False,False,False,False,1,arobs_19f44a7f841aada38182,Arkansas Department of Agriculture — Arkansas Grown directory,https://arkansasgrown.org/listing/dogwood-hills-farmers-market/,B,2026-07-15,promotion_eligible_reviewed,,Fields selected by evidence grade; every source observation remains separately auditable.
AR-839FC6B351,Dogwood Hills Guest Farm,dogwood hills guest farm,farm,unique_source_name_reviewed,AR,Searcy,Harriet,72639,"544 Cozahome Road, Harriet , AR 72639, USA",public_business_address_reviewed_for_future_reduced_precision,36.0337,-92.5433,"Agritourism, Beef, Eggs, Greens, Herbs, Lettuces—Variety, Microgreens, Rice, Vegetables",Arkansas Grown member,870-448-4870,thefarmex@gmail.com,internal_until_public_use_review,https://www.youtube.com/@dogwoodhillsguestfarm,https://www.facebook.com/DogwoodHillsBB/photos/?ref=page_internal,https://www.instagram.com/dogwood_hills_bb/?hl=en,https://www.tiktok.com/@dogwood_hills,True,False,True,False,False,False,False,1,arobs_3f07138d61c09bf8ece1,Arkansas Department of Agriculture — Arkansas Grown directory,https://arkansasgrown.org/listing/dogwood-hills-guest-farm/,B,2026-07-15,promotion_eligible_reviewed,,Fields selected by evidence grade; every source observation remains separately auditable.
AR-E0B49C6D1E,Gageli Farms,gageli farms,farm,unique_source_name_reviewed,AR,Searcy,,,"6089 Arkansas 66, Leslie, AR, USA",public_business_address_reviewed_for_future_reduced_precision,35.83935,-92.47164,"Chicken, Garlic, Mushrooms, Sheep/Lamb, Strawberries",Arkansas Grown member,405-626-4840,gagelifarmsar@gmail.com,internal_until_public_use_review,https://arfarmtoschool.org,https://www.facebook.com/profile.php?id=61571906607446,https://www.instagram.com/gagelifarms/,,False,False,False,False,False,False,False,1,arobs_3cfbdae9babd09829c10,Arkansas Department of Agriculture — Arkansas Grown directory,https://arkansasgrown.org/listing/gageli-farms/,B,2026-07-15,research_or_qa_queue,city or safe public service area missing,Fields selected by evidence grade; every source observation remains separately auditable.
AR-FCD057E1E4,Massey Ranch L.L.C.,massey ranch l l c,farm,unique_source_name_reviewed,AR,Searcy,Marshall,72650,540 Velocity Dr. Marshall Arkansas 72650,public_business_address_reviewed_for_future_reduced_precision,35.90896,-92.63127,"Agritourism, Beef, Pork",Arkansas Grown member,501-658-1366,masseyranch@gmail.com,internal_until_public_use_review,https://arfarmtoschool.org,https://www.facebook.com/masseyranchmeats/,https://www.instagram.com/arkansasgrownandmade/,,False,False,False,False,False,False,False,1,arobs_e0638049a6efe42dc224,Arkansas Department of Agriculture — Arkansas Grown directory,https://arkansasgrown.org/listing/massey-ranch-l-l-c/,B,2026-07-15,promotion_eligible_reviewed,,Fields selected by evidence grade; every source observation remains separately auditable.
AR-6C37F30578,Ratchford Buffalo Farms,ratchford buffalo farms,farm,unique_source_name_reviewed,AR,Searcy,Marshall,72650,2060 Trout Farm Road Marshall Arkansas 72650,public_business_address_reviewed_for_future_reduced_precision,35.90896,-92.63127,Livestock,Arkansas Grown member,501-362-4461,ratchfordfarms@yahoo.com,internal_until_public_use_review,https://arfarmtoschool.org,https://www.facebook.com/Ratchford-Buffalo-Farms-and-Cabin-Rentals-315550218173/?ref=page_internal,https://www.instagram.com/arkansasgrownandmade/,,False,False,False,False,False,False,False,1,arobs_9fa55c0a9f78686ad1cc,Arkansas Department of Agriculture — Arkansas Grown directory,https://arkansasgrown.org/listing/ratchford-buffalo-farms/,B,2026-07-15,promotion_eligible_reviewed,,Fields selected by evidence grade; every source observation remains separately auditable.
AR-92988027C6,Searcy County Farmers Market,searcy county farmers market,farm,unique_source_name_reviewed,AR,Searcy,Marshall,72650,Hwy 65 Marshall Arkansas 72650,public_business_address_reviewed_for_future_reduced_precision,35.91023,-92.63079,"Fruits, Vegetables",Arkansas Grown member,870-504-0856,countrythreader@yahoo.com,internal_until_public_use_review,https://arfarmtoschool.org,https://www.facebook.com/Searcy-County-Farmers-Market,https://www.instagram.com/arkansasgrownandmade/,,False,False,False,False,False,False,False,1,arobs_333e87d4b3d274324e17,Arkansas Department of Agriculture — Arkansas Grown directory,https://arkansasgrown.org/listing/searcy-county-farmers-market/,B,2026-07-15,promotion_eligible_reviewed,,Fields selected by evidence grade; every source observation remains separately auditable.
AR-E36A4E3389,Chaffee Crossing Farmers & Artisans Market,chaffee crossing farmers and artisans market,producer_requires_type_review,unique_source_name_reviewed,AR,Sebastian,Fort Smith,,"7308 Ellis St, Fort Smith, AR, USA",public_business_address_reviewed_for_future_reduced_precision,35.31093,-94.30007,,Arkansas Grown member,479-452-4554,market@chaffeecrossing.com,internal_until_public_use_review,https://arfarmtoschool.org,https://www.facebook.com/arkansasgrownandmade/,https://www.instagram.com/arkansasgrownandmade/,,False,False,False,False,False,False,False,1,arobs_85f4f93b1680bff51503,Arkansas Department of Agriculture — Arkansas Grown directory,https://arkansasgrown.org/listing/chaffee-crossing-farmers-artisans-market-2/,B,2026-07-15,research_or_qa_queue,products or farm activity missing; directory candidate needs independent farm-operation evidence,Fields selected by evidence grade; every source observation remains separately auditable.
AR-CB129B20AA,Farmers Market Direct,farmers market direct,farm,unique_source_name_reviewed,AR,Sebastian,,,"6119 U.S. 271, Fort Smith, Sebastian County, AR, USA",public_business_address_reviewed_for_future_reduced_precision,35.32524,-94.42124,"Farmers Market Direct is a specialty grocery store that sources food as locally as possible. This platform encourages farmers and ranchers to produce high-quality products, builds local food security, strengthens the health of our community, and keeps consumers' dollars local.",Arkansas Grown member,(479) 406-7333,jbice@farmersmarketdirect.com,internal_until_public_use_review,https://arfarmtoschool.org,https://www.facebook.com/farmersmarketdirect.ar,https://www.instagram.com/farmersmarketdirect.ar/,,False,False,False,False,False,False,False,1,arobs_e15ab872f78980de9b98,Arkansas Department of Agriculture — Arkansas Grown directory,https://arkansasgrown.org/listing/farmers-market-direct-2/,B,2026-07-15,research_or_qa_queue,city or safe public service area missing,Fields selected by evidence grade; every source observation remains separately auditable.
AR-3DB203BE20,Fort Smith Farmers Market on Garrison Avenue,fort smith farmers market on garrison avenue,farm,unique_source_name_reviewed,AR,Sebastian,Fort Smith,72901,201 Garrison Avenue Fort Smith Arkansas 72901,public_business_address_reviewed_for_future_reduced_precision,35.38965,-94.42877,"Beef, Chicken, Eggs, Fish, Flowers, Fruits, Honey, Oriental Vegetables, Sheep/Lamb, Tomatoes, Turkey, Vegetables",Arkansas Grown member,479-461-5878,fortsmithfarmersmarket@gmail.com,internal_until_public_use_review,https://arfarmtoschool.org,https://www.facebook.com/FSMFarmersMarket/photos/?ref=page_internal,https://www.instagram.com/arkansasgrownandmade/,,False,False,False,False,False,False,False,1,arobs_41639bc50e3b5b03b709,Arkansas Department of Agriculture — Arkansas Grown directory,https://arkansasgrown.org/listing/downtown-fort-smith-farmersao-market/,B,2026-07-15,promotion_eligible_reviewed,,Fields selected by evidence grade; every source observation remains separately auditable.
AR-9AF2D65DFD,"Market on the Square - Greenwood, Arkansas",market on the square greenwood arkansas,farm,unique_source_name_reviewed,AR,Sebastian,Greenwood,,"1 Town Square Street, Greenwood, AR, USA",public_business_address_reviewed_for_future_reduced_precision,35.21287,-94.2558,"Annuals, Flowers",Arkansas Grown member,479-461-9223,help@shadyoaksfarms.net,internal_until_public_use_review,https://arfarmtoschool.org,https://www.facebook.com/arkansasgrownandmade/,https://www.instagram.com/arkansasgrownandmade/,,False,False,False,False,False,False,False,1,arobs_70d9b8b90191d34cf0a7,Arkansas Department of Agriculture — Arkansas Grown directory,https://arkansasgrown.org/listing/market-on-the-square-greenwood-arkansas/,B,2026-07-15,promotion_eligible_reviewed,,Fields selected by evidence grade; every source observation remains separately auditable.
AR-81B88F4591,"Mountain Valley Cattle, Hogs & Goats",mountain valley cattle hogs and goats,farm,unique_source_name_reviewed,AR,Sebastian,Hackett,72937,6801 Mountain Valley Ln,public_business_address_reviewed_for_future_reduced_precision,,,chicken; pork; beef; beer; blackberries,LocalHarvest Family Farm,(479) 639-0164,,internal_until_public_use_review,https://www.mountainvalleycattle.com,http://www.facebook.com/AAGOLD04,,,True,False,False,False,False,False,False,1,arobs_ead12143ad3a912b4119,LocalHarvest — Arkansas county-seat gap search,https://www.localharvest.org/mountain-valley-cattle-hogs-goats-M68046,D,2026-07-15,promotion_eligible_reviewed,,Fields selected by evidence grade; every source observation remains separately auditable.
AR-9ADC42979A,Shady Oaks Farms,shady oaks farms,farm,unique_source_name_reviewed,AR,Sebastian,Greenwood,72936,2717 Best Way Greenwood Arkansas 72936,public_business_address_reviewed_for_future_reduced_precision,35.19485,-94.2144,"Beef, Chicken, Eggs, Fruits, Honey, Livestock, Milk, Turkey, Vegetables",Arkansas Grown member,479-461-9223,iamcaseycraig@gmail.com,internal_until_public_use_review,https://arfarmtoschool.org,https://www.facebook.com/ShadyOaksFarms,https://www.instagram.com/arkansasgrownandmade/,,False,False,False,False,False,False,False,1,arobs_f3e13344415db473f43e,Arkansas Department of Agriculture — Arkansas Grown directory,https://arkansasgrown.org/listing/shady-oaks-farms/,B,2026-07-15,promotion_eligible_reviewed,,Fields selected by evidence grade; every source observation remains separately auditable.
AR-1A109D2697,Stoned Epicureans,stoned epicureans,farm,unique_source_name_reviewed,AR,Sebastian,Fort Smith,72901,"24 D St N, Fort Smith, AR 72901, USA",public_business_address_reviewed_for_future_reduced_precision,35.39349,-94.42667,Microgreens,Arkansas Grown member,,stonedepicureans@yahoo.com,internal_until_public_use_review,https://arfarmtoschool.org,https://www.facebook.com/stonedepicureans/,https://www.instagram.com/arkansasgrownandmade/,,False,False,False,False,False,False,False,1,arobs_b32dc4cb1239c6714d93,Arkansas Department of Agriculture — Arkansas Grown directory,https://arkansasgrown.org/listing/stoned-epicureans-2/,B,2026-07-15,promotion_eligible_reviewed,,Fields selected by evidence grade; every source observation remains separately auditable.
AR-80E4C7CA0F,Brackett's Petals and Produce,bracketts petals and produce,farm,unique_source_name_reviewed,AR,Sevier,Lockesburg,,"Lockesburg, AR, USA",public_business_address_reviewed_for_future_reduced_precision,33.96732,-94.1685,"Banana Peppers - Varietys, Basil, Beans, Cherry Tomatoes, Cilantro, Cucumbers, Herbs, Okra, Peppers - Variety, Tomatoes",Arkansas Grown member,870-582-1204,Liz-zy83@live.com,internal_until_public_use_review,https://arfarmtoschool.org,https://www.facebook.com/arkansasgrownandmade/,https://www.instagram.com/arkansasgrownandmade/,,False,False,False,False,False,False,False,1,arobs_06255086ed2503f9beac,Arkansas Department of Agriculture — Arkansas Grown directory,https://arkansasgrown.org/listing/bracketts-petals-and-produce/,B,2026-07-15,promotion_eligible_reviewed,,Fields selected by evidence grade; every source observation remains separately auditable.
AR-4BDEB6E3EA,Millcreek Farm,millcreek farm,farm,unique_source_name_reviewed,AR,Sevier,Gillham,,,public_business_address_reviewed_for_future_reduced_precision,,,broccoli; kale; lettuce; salad greens; preserves; medicinal herbs; cabbage; garlic; onions; summer squash; zucchini; cucumber; dry beans; green beans; hot peppers; okra; pumpkins; sweet peppers; tomatoes; winter-squash,LocalHarvest Family Farm,,,internal_until_public_use_review,,https://www.facebook.com/share/19SpA8fm7M/,https://instagram.com/millcreek.farm,,True,False,False,False,False,False,False,1,arobs_17afea27372ba23e7e57,LocalHarvest — Arkansas county-seat gap search,https://www.localharvest.org/millcreek-farm-M85634,D,2026-07-15,promotion_eligible_reviewed,,Fields selected by evidence grade; every source observation remains separately auditable.
AR-9E26B714D7,Sevier County Farmers Market,sevier county farmers market,farm,unique_source_name_reviewed,AR,Sevier,De Queen,71832,"Herman Dierks Memorial Park, 613 E Haes Ave, De Queen, AR 71832, USA",public_business_address_reviewed_for_future_reduced_precision,34.04208,-94.33196,"Banana Peppers - Varietys, Basil, Beans, Beans - Snap, Pole, Variety, Beets, Blackberries, Blueberries, Butternut Squash, Cabbage, Cantaloupe, Cherry Tomatoes, Cilantro, Collard Greens, Cucumbers, Eggs, Eggplant, Fruits, Garlic, Greens, Green Beans, Green Onion, Herbs, Honey, Lettuces—Variety, Melons – Variety, Okra, Onions, Peppers - Variety, Plums, Potatoes, Pumpkins, Radishes, Squash, Sweet Potatoes, Tomatoes, Vegetables, Watermelon, Other",Arkansas Grown member,870-582-2903,seviercountyfarmersmarketdq@gmail.com,internal_until_public_use_review,https://arfarmtoschool.org,https://www.facebook.com/SevierCountyFarmersMarketDeQueenArkansas?mibextid=LQQJ4d,https://www.instagram.com/arkansasgrownandmade/,,False,False,False,False,False,False,False,1,arobs_62601a33f5ddb91148b9,Arkansas Department of Agriculture — Arkansas Grown directory,https://arkansasgrown.org/listing/sevier-county-farmers-market/,B,2026-07-15,promotion_eligible_reviewed,,Fields selected by evidence grade; every source observation remains separately auditable.
AR-66D0A76879,Brood Farm,brood farm,farm,unique_source_name_reviewed,AR,Sharp,,72521,1054 Cypress Lane Cave City Arkansas 72521,public_business_address_reviewed_for_future_reduced_precision,35.95681,-91.53996,"Eggs, Milk",Arkansas Grown member,870-834-5315,ashley@broodfarm.com,internal_until_public_use_review,,https://www.facebook.com/broodfarm/,https://www.instagram.com/arkansasgrownandmade/,,False,False,False,False,False,False,False,1,arobs_81677b18e5268d19ddec,Arkansas Department of Agriculture — Arkansas Grown directory,https://arkansasgrown.org/listing/brood-farm/,B,2026-07-15,research_or_qa_queue,city or safe public service area missing,Fields selected by evidence grade; every source observation remains separately auditable.
AR-8D368E5A14,CCR Wagyu Cattle Company,ccr wagyu cattle,farm,unique_source_name_reviewed,AR,Sharp,Evening Shade,72532,"Evening Shade, AR 72532, 1USA",public_business_address_reviewed_for_future_reduced_precision,36.1002,-91.6178,"Beef, Livestock",Arkansas Grown member,5014120337,ccrwagyu@gmail.com,internal_until_public_use_review,https://arfarmtoschool.org,https://www.facebook.com/CCR-Wagyu-Cattle-Company,https://www.instagram.com/arkansasgrownandmade/,,False,False,False,False,False,False,False,1,arobs_cb248a84cfba2552061b,Arkansas Department of Agriculture — Arkansas Grown directory,https://arkansasgrown.org/listing/ccr-wagyu-cattle-company/,B,2026-07-15,promotion_eligible_reviewed,,Fields selected by evidence grade; every source observation remains separately auditable.
AR-F393E3E85D,Crown Y Ranch,crown y ranch,farm,merged_exact_name_reviewed,AR,Sharp,Sidney,,"585 Weston Rd, Sidney, AR, USA",public_business_address_reviewed_for_future_reduced_precision,36.01431,-91.7828,Beef; beef; pork,Arkansas Grown member; LocalHarvest Family Farm,870-291-3620,CrownYRanch@gmail.com,internal_until_public_use_review,https://arfarmtoschool.org,https://www.facebook.com/,https://www.instagram.com/arkansasgrownandmade/,,True,False,False,False,False,False,False,2,arobs_d18dee5f4aade6408a27 | arobs_41f9689453a7e70883b4,Arkansas Department of Agriculture — Arkansas Grown directory | LocalHarvest — Arkansas county-seat gap search,https://arkansasgrown.org/listing/crown-y-ranch/ | https://www.localharvest.org/crown-y-ranch-M80712,B; D,2026-07-15,promotion_eligible_reviewed,,Fields selected by evidence grade; every source observation remains separately auditable.
AR-D0571A3378,Hardy Farmers Market,hardy farmers market,farm,unique_source_name_reviewed,AR,Sharp,,,"400 Church Street, Hardy, AR, USA",public_business_address_reviewed_for_future_reduced_precision,36.31757,-91.48545,"Apples, Fruits, Nursery, Vegetables",Arkansas Grown member,870-209-7606,artasiadesigns@gmail.com,internal_until_public_use_review,https://arfarmtoschool.org,https://www.facebook.com/hardyfarmersmarket/,https://www.instagram.com/arkansasgrownandmade/,,False,False,False,False,False,False,False,1,arobs_279a9aed07cc7f6885e3,Arkansas Department of Agriculture — Arkansas Grown directory,https://arkansasgrown.org/listing/hardy-farmers-market/,B,2026-07-15,research_or_qa_queue,city or safe public service area missing,Fields selected by evidence grade; every source observation remains separately auditable.
AR-0A9CFA8250,Jerry Adams,jerry adams,producer_requires_type_review,unique_source_name_reviewed,AR,Sharp,,72525,Santee Dr. Cherokee Village Town Center Cherokee Village Arkansas 72525,public_business_address_reviewed_for_future_reduced_precision,36.30991,-91.52814,Herbs,Arkansas Grown member,870-847-6422,ziggyadams2011@hotmail.com,internal_until_public_use_review,https://arfarmtoschool.org,https://www.facebook.com/arkansasgrownandmade/,https://www.instagram.com/arkansasgrownandmade/,,False,False,False,False,False,False,False,1,arobs_9828450a8fec33c10886,Arkansas Department of Agriculture — Arkansas Grown directory,https://arkansasgrown.org/listing/jerry-adams/,B,2026-07-15,research_or_qa_queue,city or safe public service area missing; directory candidate needs independent farm-operation evidence,Fields selected by evidence grade; every source observation remains separately auditable.
AR-B4C26FB6C2,Spring River Farmers Market,spring river farmers market,farm,merged_exact_name_reviewed,AR,Sharp,,72529,7 East Cherokee Village Mall Cherokee Village Arkansas 72529,public_business_address_reviewed_for_future_reduced_precision,36.30925,-91.52857,"Agritourism, Apples, Cucumbers, Peppers - Variety, Potatoes, Squash, Tomatoes, Vegetables; Spring River Farmers' Market features locally grown/made foods and handy-crafts on Saturdays in Cherokee Village Town Center starting Memorial Weekend",Arkansas Grown member,870-404-1601 or 870-710-7081,innovatespringriver@gmail.com,internal_until_public_use_review,https://arfarmtoschool.org,https://www.facebook.com/springriverfarmersmarket/,https://www.instagram.com/arkansasgrownandmade/,,False,False,False,False,False,False,False,2,arobs_6af6d2587334b24e70fe | arobs_619907a4c16555018dad,Arkansas Department of Agriculture — Arkansas Grown directory,https://arkansasgrown.org/listing/spring-river-farmers-market/ | https://arkansasgrown.org/listing/spring-river-farmers-market-2/,B,2026-07-15,research_or_qa_queue,city or safe public service area missing,Fields selected by evidence grade; every source observation remains separately auditable.
AR-C973F9DD9F,Beeks Arkansas Honey,beeks arkansas honey,farm,unique_source_name_reviewed,AR,St. Francis,Forrest City,,"Forrest City, AR, USA",public_business_address_reviewed_for_future_reduced_precision,35.00815,-90.78983,Honey,Arkansas Grown member,612-524-9813,tatumodland@gmail.com,internal_until_public_use_review,https://arfarmtoschool.org,https://www.facebook.com/arkansasgrownandmade/,https://www.instagram.com/arkansasgrownandmade/,,False,False,False,False,False,False,False,1,arobs_ed081fa604fc80d8dba6,Arkansas Department of Agriculture — Arkansas Grown directory,https://arkansasgrown.org/listing/beeks-arkansas-honey/,B,2026-07-15,promotion_eligible_reviewed,,Fields selected by evidence grade; every source observation remains separately auditable.
AR-B22F46C003,Chicken Town Egg Farm,chicken town egg farm,farm,unique_source_name_reviewed,AR,St. Francis,Forrest City,72335,8108 Hwy 284,public_business_address_reviewed_for_future_reduced_precision,,,eggs,LocalHarvest Family Farm,(870) 307-9999,,internal_until_public_use_review,https://www.chickentowneggfarm.com,http://www.facebook.com/chickentowneggfarm,https://instagram.com/chickentowneggfarm,,True,False,False,False,False,False,False,1,arobs_1ec6942b8e3c64cd248f,LocalHarvest — Arkansas county-seat gap search,https://www.localharvest.org/chicken-town-egg-farm-M81458,D,2026-07-15,promotion_eligible_reviewed,,Fields selected by evidence grade; every source observation remains separately auditable.
AR-4713CA4800,Forrest City Farmers Market,forrest city farmers market,farm,unique_source_name_reviewed,AR,St. Francis,Forrest City,72335,1335 N Washington Street Forrest City Arkansas 72335,public_business_address_reviewed_for_future_reduced_precision,35.02293,-90.78813,"Beans, Broccoli, Cabbage, Cantaloupe, Cherry Tomatoes, Corn, Flowers, Kale, Okra, Potatoes, Pumpkins, Radishes, Romaine",Arkansas Grown member,870-317-5296,aehorton1@gmail.com,internal_until_public_use_review,https://arfarmtoschool.org,https://www.facebook.com/ForrestCityFarmersMarket,https://www.instagram.com/arkansasgrownandmade/,,False,False,False,False,False,False,False,1,arobs_8546a470c75c50d15aa2,Arkansas Department of Agriculture — Arkansas Grown directory,https://arkansasgrown.org/listing/forrest-city-farmers-market/,B,2026-07-15,promotion_eligible_reviewed,,Fields selected by evidence grade; every source observation remains separately auditable.
AR-7430D504BA,Greg & Jim's Grocery & Grill,greg and jims grocery and grill,farm,unique_source_name_reviewed,AR,St. Francis,Colt,72326,46 Old Military Rd. West Colt Arkansas 72326,public_business_address_reviewed_for_future_reduced_precision,35.13191,-90.81222,"Corn, Cucumbers, Peaches, Sweet Corn, Tomatoes",Arkansas Grown member,870-633-0541,jtracy1976@gmail.com,internal_until_public_use_review,https://arfarmtoschool.org,https://www.facebook.com/Greg-Jims-167217366640864/?ref=page_internal,https://www.instagram.com/arkansasgrownandmade/,,False,False,False,False,False,False,False,1,arobs_ace1405c23c0c3f24f4e,Arkansas Department of Agriculture — Arkansas Grown directory,https://arkansasgrown.org/listing/greg-jimaos-grocery-grill/,B,2026-07-15,promotion_eligible_reviewed,,Fields selected by evidence grade; every source observation remains separately auditable.
AR-D52EFBCA58,Kevin Vandiver,kevin vandiver,farm,unique_source_name_reviewed,AR,St. Francis,Forrest City,,7596 Hwy 284 Forrest City Arkansas 0,public_business_address_reviewed_for_future_reduced_precision,35.10265,-90.72503,"Asparagus, Broccoli, Corn, Okra, Pumpkins, Squash, Sweet Potatoes, Tomatoes",Arkansas Grown member,870-261-8607,kevin@storeservicesinc.com,internal_until_public_use_review,https://arfarmtoschool.org,https://www.facebook.com/arkansasgrownandmade/,https://www.instagram.com/arkansasgrownandmade/,,False,False,False,False,False,False,False,1,arobs_c8976bbb8d44824cb77f,Arkansas Department of Agriculture — Arkansas Grown directory,https://arkansasgrown.org/listing/kevin-vandiver/,B,2026-07-15,promotion_eligible_reviewed,,Fields selected by evidence grade; every source observation remains separately auditable.
AR-A8B305C3CA,Seven Harvest,seven harvest,producer_requires_type_review,unique_source_name_reviewed,AR,St. Francis,Forrest City,72335,393 SFC 320 Forrest City Arkansas 72335,public_business_address_reviewed_for_future_reduced_precision,35.08007,-90.75489,"Banana Peppers - Varietys, Basil, Broccoli, Cucumbers, Kale, Mizuna, Peppers - Variety, Romaine, Swiss Chard, Yellow Squash, Zucchini",Arkansas Grown member,870-630-6161,seven.harvestinc@gmail.com,internal_until_public_use_review,https://arfarmtoschool.org,https://www.facebook.com/arkansasgrownandmade/,https://www.instagram.com/arkansasgrownandmade/,,False,False,False,False,False,False,False,1,arobs_31e55f6ed1e5bbb80cb8,Arkansas Department of Agriculture — Arkansas Grown directory,https://arkansasgrown.org/listing/seven-harvest/,B,2026-07-15,research_or_qa_queue,directory candidate needs independent farm-operation evidence,Fields selected by evidence grade; every source observation remains separately auditable.
AR-C08E0881A7,Sweet Gum Ridge Farms,sweet gum ridge farms,farm,unique_source_name_reviewed,AR,St. Francis,Forrest City,72335,,public_business_address_reviewed_for_future_reduced_precision,,,U-pick crops; agritourism,U-pick; agritourism,870-732-3729,mgardenc@comcast.net,internal_until_public_use_review,,,,,True,False,False,False,True,False,False,1,arobs_fce0cab2889646a456bd,PickYourOwn — Northeast Arkansas,https://www.pickyourown.org/ARne.htm,E,2026-07-15,research_or_qa_queue,single grade-E discovery listing needs corroboration,Fields selected by evidence grade; every source observation remains separately auditable.
AR-6D3A09643D,Cedar Hive Honey,cedar hive honey,farm,unique_source_name_reviewed,AR,Stone,Mountain View,,"Mountain View, AR, USA",public_business_address_reviewed_for_future_reduced_precision,35.86841,-92.11765,Honey,Arkansas Grown member,225-938-5193,spk72015@gmail.com,internal_until_public_use_review,https://arfarmtoschool.org,https://www.facebook.com/arkansasgrownandmade/,https://www.instagram.com/arkansasgrownandmade/,,False,False,False,False,False,False,False,1,arobs_54a1d001b71a241b9ea8,Arkansas Department of Agriculture — Arkansas Grown directory,https://arkansasgrown.org/listing/cedar-hive-honey/,B,2026-07-15,promotion_eligible_reviewed,,Fields selected by evidence grade; every source observation remains separately auditable.
AR-37B009AC26,Chalybeate Springs Farms,chalybeate springs farms,farm,unique_source_name_reviewed,AR,Stone,Mountain View,,"7750 Highway 5, Mountain View, AR, USA",public_business_address_reviewed_for_future_reduced_precision,35.79056,-91.96689,"AG education, Asparagus, Banana Peppers - Varietys, Beans, Beans - Snap, Pole, Variety, Beets, Blackberries, Broccoli, Butternut Squash, Cabbage, Cauliflower, Cilantro, Collard Greens, Corn, Cucumbers, Eggs, Eggplant, Figs, Fruits, Garlic, Greens, Green Beans, Green Onion, Herbs, Kale, Leeks, Lettuces—Variety, Livestock, Microgreens, Radishes, Strawberries, Turnips, Vegetables, Yellow Squash, Zucchini",Arkansas Grown member,870-214-1206,chalybeatespringsfarms@gmail.com,internal_until_public_use_review,https://arfarmtoschool.org,https://www.facebook.com/profile.php?id=61591710062651,https://www.instagram.com/arkansasgrownandmade/,,False,False,False,False,False,False,False,1,arobs_de3a411a5d8b094e8645,Arkansas Department of Agriculture — Arkansas Grown directory,https://arkansasgrown.org/listing/chalybeate-springs-farms/,B,2026-07-15,promotion_eligible_reviewed,,Fields selected by evidence grade; every source observation remains separately auditable.
AR-7DCF157B74,E & M Farms,e and m farms,farm,unique_source_name_reviewed,AR,Stone,Onia,72663,421 Wilson Springs Rd,public_business_address_reviewed_for_future_reduced_precision,,,beef,LocalHarvest Family Farm,(870) 736-2333,,internal_until_public_use_review,https://www.emfarmsar.com,,,,True,False,False,False,False,False,False,1,arobs_fcb806309e0186cb44aa,LocalHarvest — Arkansas county-seat gap search,https://www.localharvest.org/e-m-farms-M82385,D,2026-07-15,promotion_eligible_reviewed,,Fields selected by evidence grade; every source observation remains separately auditable.
AR-60A15705C3,Havencroft Farm,havencroft farm,farm,unique_source_name_reviewed,AR,Stone,Mountain View,17485,"17485 Highway 66, Mountain View, AR, USA",public_business_address_reviewed_for_future_reduced_precision,35.86633,-92.12967,"Agritourism, Eggs, Goat, Milk, Sheep/Lamb, Other",Arkansas Grown member,870-213-5083,jenonthefarm@gmail.com,internal_until_public_use_review,https://www.etsy.com/shop/HavencroftFarm,https://www.facebook.com/havencroftfarm,https://www.instagram.com/arkansasgrownandmade/,,False,False,False,False,False,False,False,1,arobs_eeb5b28fa45e43a23f35,Arkansas Department of Agriculture — Arkansas Grown directory,https://arkansasgrown.org/listing/havencroft-farm/,B,2026-07-15,promotion_eligible_reviewed,,Fields selected by evidence grade; every source observation remains separately auditable.
AR-6D2AF3DDE5,Naomi's fresh vegetables,naomis fresh vegetables,farm,unique_source_name_reviewed,AR,Stone,Mountain View,72560,,public_business_address_reviewed_for_future_reduced_precision,,,U-pick crops; agritourism,U-pick; agritourism,870-269-6783,sorcha22001@yahoo.com,internal_until_public_use_review,,,,,True,False,False,False,True,False,False,1,arobs_48e06a131911f039d926,PickYourOwn — Northeast Arkansas,https://www.pickyourown.org/ARne.htm,E,2026-07-15,research_or_qa_queue,single grade-E discovery listing needs corroboration,Fields selected by evidence grade; every source observation remains separately auditable.
AR-5A8197D386,Ozark Valley Bison Ranch LLC,ozark valley bison ranch,farm,unique_source_name_reviewed,AR,Stone,Fox,72051,"3321 Jimmy Creek Rd, Fox, Arkansas 72051, USA",public_business_address_reviewed_for_future_reduced_precision,35.8478,-92.36768,"Agritourism, Livestock, Other",Arkansas Grown member,870-615-9837,rod@ozarkbisons.com,internal_until_public_use_review,https://arfarmtoschool.org,https://www.facebook.com/ozarkbisons/,https://www.instagram.com/arkansasgrownandmade/,,False,False,False,False,False,False,False,1,arobs_f75ee4431a0e6b9fba6d,Arkansas Department of Agriculture — Arkansas Grown directory,https://arkansasgrown.org/listing/ozark-valley-bison-ranch-llc/,B,2026-07-15,promotion_eligible_reviewed,,Fields selected by evidence grade; every source observation remains separately auditable.
AR-4B58D3F2B3,Stone County Farmers Market,stone county farmers market,farm,unique_source_name_reviewed,AR,Stone,Mountain View,,"1103 East Main Street, Mountain View, AR, USA",public_business_address_reviewed_for_future_reduced_precision,35.86195,-92.09924,"Annuals, Beans - Snap, Pole, Variety, Cabbage, Cantaloupe, Potatoes, Pumpkins, Tomatoes",Arkansas Grown member,,stonecofm@gmail.com,internal_until_public_use_review,https://arfarmtoschool.org,https://www.facebook.com/stonecofarmersmarket,https://www.instagram.com/arkansasgrownandmade/,,False,False,False,False,False,False,False,1,arobs_d6c7409af03bfce9568d,Arkansas Department of Agriculture — Arkansas Grown directory,https://arkansasgrown.org/listing/stone-county-farmers-market/,B,2026-07-15,promotion_eligible_reviewed,,Fields selected by evidence grade; every source observation remains separately auditable.
AR-AFD22CCEC6,The Berry Farm,the berry farm,farm,split_due_county_conflict,AR,Stone,Fox,72051,,public_business_address_reviewed_for_future_reduced_precision,,,U-pick crops; agritourism,U-pick; agritourism,(870) 363-4306,adamberry@mvtel.net,internal_until_public_use_review,,,,,True,False,False,False,True,False,False,1,arobs_f9a7ba4f8ebe73a30325,PickYourOwn — Northeast Arkansas,https://www.pickyourown.org/ARne.htm,E,2026-07-15,research_or_qa_queue,same normalized name appears in multiple counties; single grade-E discovery listing needs corroboration,Fields selected by evidence grade; every source observation remains separately auditable.
AR-B29C92DFF3,Your Food Farms,your food farms,farm,unique_source_name_reviewed,AR,Stone,Mountain View,,"Sunnyland Road, Mountain View, AR, USA",public_business_address_reviewed_for_future_reduced_precision,35.79456,-92.181,"Blackberries, Eggs, Milk, Raspberries",Arkansas Grown member,870-219-9177,yourfoodfarms@gmail.com,internal_until_public_use_review,https://arfarmtoschool.org,https://www.facebook.com/kennonlivestock,http://instagram.com/%3Ffbclid%3DIwY2xjawNfRapleHRuA2FlbQIxMAABHnrL7kLufGS_cp4BFA6uwCXqZIhfIEpLSw5qXGJhAO61z4GY7SfdFUOgl1R3_aem_oleBfSXZagoXzN9GDjc1Tw,,False,False,False,False,False,False,False,1,arobs_2aa2385f3ff99bbedd62,Arkansas Department of Agriculture — Arkansas Grown directory,https://arkansasgrown.org/listing/your-food-farms/,B,2026-07-15,promotion_eligible_reviewed,,Fields selected by evidence grade; every source observation remains separately auditable.
AR-601155CAE8,Circle H Ranch,circle h ranch,farm,unique_source_name_reviewed,AR,Union,El Dorado,,"303 Union Lane, El Dorado, AR, USA",public_business_address_reviewed_for_future_reduced_precision,33.21978,-92.57051,Beef,Arkansas Grown member,,lawrence.c.hicks@gmail.com,internal_until_public_use_review,https://arfarmtoschool.org,https://www.facebook.com/CircleHranch303,https://www.instagram.com/CircleHRanch870?fbclid=IwY2xjawJ-EGJleHRuA2FlbQIxMABicmlkETF1QmlDeHFLR0tza1dkeFZ4AR7n1TT9L6muqy_FcFVAbji4YVM3MiQbQBtpmjrfBed6g2iDEfebv0sD_qg5UQ_aem_OQ61TR8Q-IOtkShWVrpG_A,,False,False,False,False,False,False,False,1,arobs_3175d951465ea430482d,Arkansas Department of Agriculture — Arkansas Grown directory,https://arkansasgrown.org/listing/17062/,B,2026-07-15,promotion_eligible_reviewed,,Fields selected by evidence grade; every source observation remains separately auditable.
AR-735F569A2B,Long's Natural Farm,longs natural farm,farm,unique_source_name_reviewed,AR,Union,El Dorado,71730,5201 north smith el dorado Arkansas 71730,public_business_address_reviewed_for_future_reduced_precision,33.25842,-92.6569,"Livestock, Peppers - Variety, Pork, Vegetables",Arkansas Grown member,870-310-8190,d39685@yahoo.com,internal_until_public_use_review,https://arfarmtoschool.org,https://www.facebook.com/LongsNaturalFarm,https://www.instagram.com/arkansasgrownandmade/,,False,False,False,False,False,False,False,1,arobs_7ac84fe404d9ca737cf4,Arkansas Department of Agriculture — Arkansas Grown directory,https://arkansasgrown.org/listing/longs-natural-farm/,B,2026-07-15,promotion_eligible_reviewed,,Fields selected by evidence grade; every source observation remains separately auditable.
AR-1E9A310AEF,MaryMichael's Garden,marymichaels garden,farm,unique_source_name_reviewed,AR,Union,El Dorado,71730,837 Marrable Hill,public_business_address_reviewed_for_future_reduced_precision,,,beets; broccoli; brussels sprouts; cabbage; carrots; cauliflower; collards; garlic; green onions; kale; kohlrabi; leeks; lettuce; mustard greens; onions; peas; potatoes; radishes; salad greens; shallots; spinach; sweet potatoes; turnips; fresh flowers,LocalHarvest Family Farm,(870) 639-3015,,internal_until_public_use_review,,,,,True,False,False,False,False,False,False,1,arobs_c36b30c35c7e207b0e81,LocalHarvest — Arkansas county-seat gap search,https://www.localharvest.org/marymichaels-garden-M19109,D,2026-07-15,promotion_eligible_reviewed,,Fields selected by evidence grade; every source observation remains separately auditable.
AR-5DE4A24370,"Richland Creek Farm & Mkt., LLC",richland creek farm and mkt,farm,unique_source_name_reviewed,AR,Union,El Dorado,71730,"320 Union Rd 757, El Dorado, AR 71730, USA",public_business_address_reviewed_for_future_reduced_precision,33.25367,-92.80059,"Blackberries, Blueberries, Eggs, Flowers, Fruits, Muscadine Grapes, Nursery, Ornamentals, Pumpkins, Shrubs, Strawberries, Vegetables, Other",Arkansas Grown member,8703102112,rudderrkt@gmail.com,internal_until_public_use_review,http://richlandcreekfarm.com,https://www.facebook.com/arkansasgrownandmade/,https://www.instagram.com/arkansasgrownandmade/,,False,False,False,False,False,False,False,1,arobs_18e7e6b92fc8e5e1eb19,Arkansas Department of Agriculture — Arkansas Grown directory,https://arkansasgrown.org/listing/richland-creek-farm-mkt-llc/,B,2026-07-15,promotion_eligible_reviewed,,Fields selected by evidence grade; every source observation remains separately auditable.
AR-7D230B2957,Cedar Rock Acres,cedar rock acres,farm,unique_source_name_reviewed,AR,Van Buren,,72030,1171 Claude Schoolhouse Rd Cleveland Arkansas 72030,public_business_address_reviewed_for_future_reduced_precision,35.46373,-92.60046,"Blackberries, Cantaloupe, Eggs, Flowers, Fruits, Grapes, Radishes, Raspberries, Squash, Strawberries, Vegetables, Watermelon",Arkansas Grown member,501-253-7297,marketfarmer@hotmail.com,internal_until_public_use_review,https://arfarmtoschool.org,https://www.facebook.com/cedarrockacres/?ref=page_internal,https://www.instagram.com/arkansasgrownandmade/,,False,False,False,False,False,False,False,1,arobs_b2b9223d1c9a67cb539e,Arkansas Department of Agriculture — Arkansas Grown directory,https://arkansasgrown.org/listing/cedar-rock-acres/,B,2026-07-15,research_or_qa_queue,city or safe public service area missing,Fields selected by evidence grade; every source observation remains separately auditable.
AR-DB73902CDE,Grass Roots Farmers Cooperative,grass roots farmers cooperative,farm,unique_source_name_reviewed,AR,Van Buren,Clinton,72031,314 Highway 65B Clinton Arkansas 72031,public_business_address_reviewed_for_future_reduced_precision,35.59147,-92.46044,Livestock,Arkansas Grown member,479-310-0037,quinn@grassrootscoop.com,internal_until_public_use_review,https://arfarmtoschool.org,https://www.facebook.com/arkansasgrownandmade/,https://www.instagram.com/arkansasgrownandmade/,,False,False,False,False,False,False,False,1,arobs_939649524b282a4406ac,Arkansas Department of Agriculture — Arkansas Grown directory,https://arkansasgrown.org/listing/grass-roots-farmersao-cooperative/,B,2026-07-15,promotion_eligible_reviewed,,Fields selected by evidence grade; every source observation remains separately auditable.
AR-1CBA6225A6,Little Bitty Greens dba Driftwood Farms,little bitty greens dba driftwood farms,farm,unique_source_name_reviewed,AR,Van Buren,Clinton,,"Clinton, AR, USA",public_business_address_reviewed_for_future_reduced_precision,35.59323,-92.45962,"Microgreens, Mushrooms",Arkansas Grown member,501-294-8667,littlebittygreensllc@gmail.com,internal_until_public_use_review,https://arfarmtoschool.org,https://www.facebook.com/littlebittygreensllc,https://www.instagram.com/little_bitty_greens/,,False,False,False,False,False,False,False,1,arobs_06deb343297c2a85bd43,Arkansas Department of Agriculture — Arkansas Grown directory,https://arkansasgrown.org/listing/little-bitty-greens-dba-driftwood-farms/,B,2026-07-15,promotion_eligible_reviewed,,Fields selected by evidence grade; every source observation remains separately auditable.
AR-8550F659C9,Rabbit Ridge Farms,rabbit ridge farms,farm,unique_source_name_reviewed,AR,Van Buren,Bee Branch,,"484 Rabbit Ridge, Bee Branch, AR, USA",public_business_address_reviewed_for_future_reduced_precision,35.39554,-92.45586,"AG education, Agritourism, Chicken, Livestock, Pumpkins, Vegetables",Arkansas Grown member,5013357777,angela@rabbitridgefarm.com,internal_until_public_use_review,https://www.youtube.com/results?search_query=rabbit+ridge+farms,https://www.facebook.com/RabbitRidgeFarms,https://www.instagram.com/rabbitridgefarms/,,False,False,True,False,False,False,False,1,arobs_6dfcc32d89772b59cb30,Arkansas Department of Agriculture — Arkansas Grown directory,https://arkansasgrown.org/listing/rabbit-ridge-farms-2/,B,2026-07-15,promotion_eligible_reviewed,,Fields selected by evidence grade; every source observation remains separately auditable.
AR-32383261C4,Across the Creek Farm,across the creek farm,farm,merged_exact_name_reviewed,AR,Washington,West Fork,72774,320 Bullard Road West Fork Arkansas 72774,public_business_address_reviewed_for_future_reduced_precision,35.90587,-94.1957,"Chicken, Eggs, Pork; Pastured poultry, pork, and eggs. Online shopping. More Farm Info",Arkansas Grown member; Direct-sale farm; Northwest Arkansas,479-601-5390,acrossthecreekfarm@gmail.com,internal_until_public_use_review,https://acrossthecreekfarm.com/,https://www.facebook.com/arkansasgrownandmade/,https://www.instagram.com/arkansasgrownandmade/,,True,False,False,False,False,False,False,2,arobs_a3b6425efead3efbd84b | arobs_8f8d9f2d4c4b54183f26,Arkansas Department of Agriculture — Arkansas Grown directory | University of Arkansas Center for Arkansas Farms and Food — direct-sale farms,https://arkansasgrown.org/listing/across-the-creek-farm/ | https://farmandfoodsystem.uada.edu/farms/,B,2026-07-15,promotion_eligible_reviewed,,Fields selected by evidence grade; every source observation remains separately auditable.
AR-D01517D1B0,Ames Orchard and Nursery,ames orchard and nursery,farm,unique_source_name_reviewed,AR,Washington,Fayetteville,18292,18292 Wildlife Rd. Fayetteville Arkansas 72701,public_business_address_reviewed_for_future_reduced_precision,36.04615,-94.02751,Fruits,Arkansas Grown member,479-935-6795,guyames3@gmail.com,internal_until_public_use_review,https://arfarmtoschool.org,https://www.facebook.com/Ames-Orchard-Nursery-314099845304009,https://www.instagram.com/arkansasgrownandmade/,,False,False,False,False,False,False,False,1,arobs_a494d331617560642c75,Arkansas Department of Agriculture — Arkansas Grown directory,https://arkansasgrown.org/listing/ames-orchard-and-nursery/,B,2026-07-15,promotion_eligible_reviewed,,Fields selected by evidence grade; every source observation remains separately auditable.
AR-6EAC6E63EB,Appel Farms,appel farms,farm,merged_exact_name_reviewed,AR,Washington,,72762,5909 Elm Springs Rd. Springdale Arkansas 72762,public_business_address_reviewed_for_future_reduced_precision,36.1931,-94.19561,"Pumpkins, Strawberries; Strawberries, pumpkins, vegetables, pigs and chickens. Farm stand on site. More Farm Info",Arkansas Grown member; Direct-sale farm; Northwest Arkansas,479-770-3602,AppelFarmsNWA@gmail.com,internal_until_public_use_review,https://arfarmtoschool.org,https://www.facebook.com/AppelFarmsNWA/,https://www.instagram.com/arkansasgrownandmade/,,True,False,False,False,False,False,False,2,arobs_cc06405b98ad17343020 | arobs_a09147ec2d75a5d55182,Arkansas Department of Agriculture — Arkansas Grown directory | University of Arkansas Center for Arkansas Farms and Food — direct-sale farms,https://arkansasgrown.org/listing/appel-farms/ | https://farmandfoodsystem.uada.edu/farms/,B,2026-07-15,research_or_qa_queue,city or safe public service area missing,Fields selected by evidence grade; every source observation remains separately auditable.
AR-FD56396AB7,Baby Bears Camp,baby bears camp,farm,unique_source_name_reviewed,AR,Washington,West Fork,72774,,public_business_address_reviewed_for_future_reduced_precision,,,U-pick crops; agritourism,U-pick; agritourism,(479) 466-2134,babybearscamp@gmail.com,internal_until_public_use_review,https://www.hipcamp.com/en-US/arkansas/walter-s-woods/baby-bears-camp,,,,True,False,False,False,True,False,False,1,arobs_607f10a12184d060e6c3,PickYourOwn — Northwest Arkansas,https://www.pickyourown.org/ARnw.htm,E,2026-07-15,research_or_qa_queue,single grade-E discovery listing needs corroboration,Fields selected by evidence grade; every source observation remains separately auditable.
AR-2433E01FB0,Bluewinkle Berry Farm,bluewinkle berry farm,farm,unique_source_name_reviewed,AR,Washington,Prairie Grove,72753,,public_business_address_reviewed_for_future_reduced_precision,,,U-pick crops; agritourism,U-pick; agritourism,(479) 846-6030,berriesunlimitedusa@gmail.com,internal_until_public_use_review,https://www.berriesunlimited.com,https://www.facebook.com/bluewinkleberryfarm/,,,True,False,False,False,True,False,False,1,arobs_1bba2f7a796e26269d61,PickYourOwn — Northwest Arkansas,https://www.pickyourown.org/ARnw.htm,E,2026-07-15,research_or_qa_queue,single grade-E discovery listing needs corroboration,Fields selected by evidence grade; every source observation remains separately auditable.
AR-FB80267B0A,Branch Mountain Farm,branch mountain farm,farm,unique_source_name_reviewed,AR,Washington,Prairie Grove,,"Prairie Grove, AR, USA",public_business_address_reviewed_for_future_reduced_precision,35.97569,-94.31734,"Beef, Livestock, Pork, Sheep/Lamb",Arkansas Grown member,479 409 0203,branchmountainfarm@gmail.com,internal_until_public_use_review,https://arfarmtoschool.org,https://www.facebook.com/arkansasgrownandmade/,https://www.instagram.com/arkansasgrownandmade/,,False,False,False,False,False,False,False,1,arobs_b902266b3168aca009a7,Arkansas Department of Agriculture — Arkansas Grown directory,https://arkansasgrown.org/listing/branch-mountain-farm/,B,2026-07-15,promotion_eligible_reviewed,,Fields selected by evidence grade; every source observation remains separately auditable.
AR-DAA57B0457,"Buzz Buzz, LLC",buzz buzz,farm,unique_source_name_reviewed,AR,Washington,Fayetteville,,"Fayetteville, AR, USA",public_business_address_reviewed_for_future_reduced_precision,36.06187,-94.15795,Honey,Arkansas Grown member,,Buzzbuzzapiaries@gmail.com,internal_until_public_use_review,https://www.etsy.com/shop/BuzzBuzzApothecary?fbclid=IwY2xjawNA0KxleHRuA2FlbQIxMABicmlkETFYaW9vbVhjQUVMZUxqaDBLAR5N_JYCFlok6S0ayheDK97pHAo8NbwdVH2BdvlNQEMxt8TYocQ2jB4j0wccpQ_aem_vsNsjHa0glPTZc4A7WHblQ&dd_referrer=https%3A%2F%2Fl.facebook.com%2F,https://www.facebook.com/buzzbuzzllc,https://www.instagram.com/arkansasgrownandmade/,,False,False,False,False,False,False,False,1,arobs_0f10180ab21b31fe27ee,Arkansas Department of Agriculture — Arkansas Grown directory,https://arkansasgrown.org/listing/buzz-buzz-llc/,B,2026-07-15,promotion_eligible_reviewed,,Fields selected by evidence grade; every source observation remains separately auditable.
AR-443FBC0CCE,Clarkberry Farm,clarkberry farm,farm,unique_source_name_reviewed,AR,Washington,Prairie Grove,72753,,public_business_address_reviewed_for_future_reduced_precision,,,U-pick crops; agritourism,U-pick; agritourism,(479) 841-1530,ivy6528@gmail.com,internal_until_public_use_review,,,,,True,False,False,False,True,False,False,1,arobs_72223da7dfc446edeff5,PickYourOwn — Northwest Arkansas,https://www.pickyourown.org/ARnw.htm,E,2026-07-15,research_or_qa_queue,single grade-E discovery listing needs corroboration,Fields selected by evidence grade; every source observation remains separately auditable.
AR-C124740044,Cobblestone Farm,cobblestone farm,farm,merged_exact_name_reviewed,AR,Washington,Fayetteville,72701,214 N. Block Street Fayetteville Arkansas 72701,public_business_address_reviewed_for_future_reduced_precision,36.06524,-94.16028,"Annuals, Basil, Beans, Blackberries, Blueberries, Broccoli, Butternut Squash, Cabbage, Cherry Tomatoes, Cilantro, Cucumbers, Eggs, Flowers, Fruits, Green Beans, Green Onion, Herbs, Kale, Leeks, Okra, Parsley, Peppers - Variety, Potatoes, Radishes, Romaine, Squash, Strawberries, Sweet Potatoes, Swiss Chard, Tomatoes, Watermelon, Yellow Squash, Zucchini; Non-profit farm growing vegetables and livestock. CSA shares offered. More Farm Info",Arkansas Grown member; Direct-sale farm; Northwest Arkansas,479-530-8943,jordan.lanning@cobblestonefarms.org,internal_until_public_use_review,https://cobblestonefarms.org/,https://www.facebook.com/cobblestonefarmsnwa,https://www.instagram.com/arkansasgrownandmade/,,True,False,False,False,False,False,False,2,arobs_12e48d89bb0117cef549 | arobs_27c9f63e3d900494d96c,Arkansas Department of Agriculture — Arkansas Grown directory | University of Arkansas Center for Arkansas Farms and Food — direct-sale farms,https://arkansasgrown.org/listing/cobblestone-farm/ | https://farmandfoodsystem.uada.edu/farms/,B,2026-07-15,promotion_eligible_reviewed,,Fields selected by evidence grade; every source observation remains separately auditable.
AR-CA4CF3849C,Cochran Gardens,cochran gardens,farm,unique_source_name_reviewed,AR,Washington,Fayetteville,18717,"18717 Shoreline Way, Fayetteville, AR, USA",public_business_address_reviewed_for_future_reduced_precision,36.1383,-94.03133,Flowers,Arkansas Grown member,,cochrangardens@gmail.com,internal_until_public_use_review,https://arfarmtoschool.org,https://www.facebook.com/shorelineway,https://www.instagram.com/arkansasgrownandmade/,,False,False,False,False,False,False,False,1,arobs_9836a5547cc59b13fd57,Arkansas Department of Agriculture — Arkansas Grown directory,https://arkansasgrown.org/listing/cochran-gardens/,B,2026-07-15,promotion_eligible_reviewed,,Fields selected by evidence grade; every source observation remains separately auditable.
AR-BDB3BCE425,dH Farm,dh farm,farm,merged_exact_name_reviewed,AR,Washington,West Fork,10979,"10979 Wooton Road, West Fork, AR, USA",public_business_address_reviewed_for_future_reduced_precision,35.88949,-94.19227,"Eggs, Flowers, Garlic, Pork, Potatoes, Pumpkins, Sheep/Lamb, Squash, Yellow Squash; Permaculture farm to market. Find them at the Fayetteville Farmers Market. More Farm Info",Arkansas Grown member; Direct-sale farm; Northwest Arkansas,479-790-6624,goodfood@dhfarm.net,internal_until_public_use_review,https://arfarmtoschool.org,https://www.facebook.com/dhfarm06/,https://www.instagram.com/arkansasgrownandmade/,,True,False,False,False,False,False,False,2,arobs_d124b28f8976e0f6fed1 | arobs_b1249ac2b237d5708a36,Arkansas Department of Agriculture — Arkansas Grown directory | University of Arkansas Center for Arkansas Farms and Food — direct-sale farms,https://arkansasgrown.org/listing/dh-farm/ | https://farmandfoodsystem.uada.edu/farms/,B,2026-07-15,promotion_eligible_reviewed,,Fields selected by evidence grade; every source observation remains separately auditable.
AR-0DACBD5103,Dickey Farms,dickey farms,farm,unique_source_name_reviewed,AR,Washington,Springdale,72762,,public_business_address_reviewed_for_future_reduced_precision,,,U-pick crops; agritourism,U-pick; agritourism,(479) 361-9975,,internal_until_public_use_review,,,,,True,False,False,False,True,False,False,1,arobs_ccdee1e4585e8ab96bdf,PickYourOwn — Northwest Arkansas,https://www.pickyourown.org/ARnw.htm,E,2026-07-15,research_or_qa_queue,single grade-E discovery listing needs corroboration,Fields selected by evidence grade; every source observation remains separately auditable.
AR-41A92CD707,Edward Gay Family Farm Springdale,edward gay family farm springdale,farm,unique_source_name_reviewed,AR,Washington,Springdale,72764,"4737 E Robinson Ave, Springdale, AR 72764, United States",public_business_address_reviewed_for_future_reduced_precision,36.16189,-94.081,"Apples, Banana Peppers - Varietys, Basil, Beans, Beans - Snap, Pole, Variety, Beets, Blackberries, Blueberries, Butternut Squash, Cantaloupe, Cherry Tomatoes, Corn, Cucumbers, Eggs, Fruits, Garlic, Grapes, Green Beans, Melons – Variety, Okra, Onions, Peaches, Pears, Peas, Pecans, Peppers - Variety, Plums, Potatoes, Pumpkins, Sorghum, Squash, Sweet Corn, Sweet Potatoes, Tomatoes, Vegetables, Watermelon, Zucchini",Arkansas Grown member,479-719-0741,gayfamilyfarms1923@gmail.com,internal_until_public_use_review,https://arfarmtoschool.org,https://www.facebook.com/Edward-Gay-Family-Farms-111149324543354,https://www.instagram.com/arkansasgrownandmade/,,False,False,False,False,False,False,False,1,arobs_93251ca8f8860d1f0751,Arkansas Department of Agriculture — Arkansas Grown directory,https://arkansasgrown.org/listing/edward-gay-family-farm-springdale/,B,2026-07-15,promotion_eligible_reviewed,,Fields selected by evidence grade; every source observation remains separately auditable.
AR-36E6FEF4C8,Elkins Farmers Market,elkins farmers market,farm,unique_source_name_reviewed,AR,Washington,Fayetteville,,"2201 North Center Street, Fayetteville, AR, USA",public_business_address_reviewed_for_future_reduced_precision,36.03108,-94.03422,"Annuals, Cucumbers, Honey, Pears, Peppers - Variety, Potatoes, Squash, Tomatoes, Watermelon",Arkansas Grown member,,Elkinsmarket@gmail.com,internal_until_public_use_review,https://arfarmtoschool.org,https://www.facebook.com/ElkinsFM?mibextid=ZbWKwL,https://www.instagram.com/arkansasgrownandmade/,,False,False,False,False,False,False,False,1,arobs_88eb74e1e9161473636e,Arkansas Department of Agriculture — Arkansas Grown directory,https://arkansasgrown.org/listing/elkins-farmers-market/,B,2026-07-15,promotion_eligible_reviewed,,Fields selected by evidence grade; every source observation remains separately auditable.
AR-91632673EB,Farmington Farmers Market,farmington farmers market,farm,unique_source_name_reviewed,AR,Washington,Farmington,,"99 North Broyles Street, Farmington, AR, USA",public_business_address_reviewed_for_future_reduced_precision,36.04601,-94.23671,"Annuals, Banana Peppers - Varietys, Basil, Beans, Broccoli, Butternut Squash, Cantaloupe, Cherry Tomatoes, Cilantro, Cucumbers, Eggs, Flowers, Honey, Kale, Okra, Parsley, Peppers - Variety, Perennials, Potatoes, Radishes, Romaine, Squash, Sweet Potatoes, Tomatoes, Vegetables, Watermelon, Yellow Squash, Zucchini",Arkansas Grown member,479-200-4644,farmingtonmarkets@gmail.com,internal_until_public_use_review,https://arfarmtoschool.org,https://www.facebook.com/FarmingtonMarkets,https://www.instagram.com/farmingtonmarkets/,,True,False,True,False,False,False,False,1,arobs_bf12f842254d70d3c28f,Arkansas Department of Agriculture — Arkansas Grown directory,https://arkansasgrown.org/listing/farmington-farmers-market-2/,B,2026-07-15,promotion_eligible_reviewed,,Fields selected by evidence grade; every source observation remains separately auditable.
AR-BF70BEDD10,Farmland Adventures,farmland adventures,farm,unique_source_name_reviewed,AR,Washington,,,5355 Parsons Rd. Springdale Arkansas 0,public_business_address_reviewed_for_future_reduced_precision,36.18327,-94.06949,Pumpkins,Arkansas Grown member,479-799-5033,farmlandadventures@cox.net,internal_until_public_use_review,https://arfarmtoschool.org,https://www.facebook.com/FarmlandAdventures,https://www.instagram.com/arkansasgrownandmade/,,False,False,False,False,False,False,False,1,arobs_253e863ffd333e52a458,Arkansas Department of Agriculture — Arkansas Grown directory,https://arkansasgrown.org/listing/farmland-adventures/,B,2026-07-15,research_or_qa_queue,city or safe public service area missing,Fields selected by evidence grade; every source observation remains separately auditable.
AR-426F797782,Fayetteville Farmers Market,fayetteville farmers market,farm,unique_source_name_reviewed,AR,Washington,Fayetteville,72701,"21 W Mountain St, Fayetteville, Arkansas 72701, USA",public_business_address_reviewed_for_future_reduced_precision,36.06161,-94.16042,"Annuals, Fruits, Herbs, Mushrooms, Vegetables",Arkansas Grown member,479-871-2036,ffmkayla@gmail.com,internal_until_public_use_review,https://arfarmtoschool.org,https://www.facebook.com/Fayetteville-Arkansas-Farmers-Market-,https://www.instagram.com/arkansasgrownandmade/,,False,False,True,False,False,False,False,1,arobs_9784e6c3c1801a89ddd5,Arkansas Department of Agriculture — Arkansas Grown directory,https://arkansasgrown.org/listing/fayetteville-farmersao-market/,B,2026-07-15,promotion_eligible_reviewed,,Fields selected by evidence grade; every source observation remains separately auditable.
AR-918136F099,Hang Loose Farms,hang loose farms,farm,unique_source_name_reviewed,AR,Washington,,,"942 Taldo Loop, Springdale, AR, USA",public_business_address_reviewed_for_future_reduced_precision,36.16426,-94.23394,Beef,Arkansas Grown member,5029095978,hangloosefarms@outlook.com,internal_until_public_use_review,https://arfarmtoschool.org,https://www.facebook.com/HangLooseFarms,https://www.instagram.com/arkansasgrownandmade/,,False,False,False,False,False,False,False,1,arobs_c6893415b6d083850946,Arkansas Department of Agriculture — Arkansas Grown directory,https://arkansasgrown.org/listing/hang-loose-farms/,B,2026-07-15,research_or_qa_queue,city or safe public service area missing,Fields selected by evidence grade; every source observation remains separately auditable.
AR-56B0819E69,Hatch Farm. LLC,hatch farm,farm,merged_exact_name_reviewed,AR,Washington,Elkins,14585,"14585 Goshen Tuttle Road, Elkins, AR, USA",public_business_address_reviewed_for_future_reduced_precision,36.06131,-93.97789,"Apples, Asparagus, Beets, Butternut Squash, Cabbage, Cantaloupe, Cherry Tomatoes, Collard Greens, Cucumbers, Fruits, Green Beans, Green Onion, Herbs, Honey, Kale, Okra, Peaches, Pears, Peas, Peppers - Variety, Plums, Potatoes, Pumpkins, Radishes, Raspberries, Romaine, Squash, Strawberries, Sweet Corn, Swiss Chard, Tomatoes, Turnip Greens, Turnips, Vegetables, Watermelon, Yellow Squash, Zucchini, Other; U-pick crops; agritourism",Arkansas Grown member; U-pick; agritourism,479-305-2434,hatchfarm74@yahoo.com,internal_until_public_use_review,https://arfarmtoschool.org,https://www.facebook.com/hatchfarm74,https://www.instagram.com/arkansasgrownandmade/,,True,False,False,False,True,False,False,2,arobs_98f2f2c73dc7ac51ae03 | arobs_b69b622db0c6e5be7523,Arkansas Department of Agriculture — Arkansas Grown directory | PickYourOwn — Northwest Arkansas,https://arkansasgrown.org/listing/hatch-farm-llc/ | https://www.pickyourown.org/ARnw.htm,B; E,2026-07-15,promotion_eligible_reviewed,,Fields selected by evidence grade; every source observation remains separately auditable.
AR-F712BC0C90,Intentional Farms,intentional farms,farm,unique_source_name_reviewed,AR,Washington,Lincoln,10370,"10370 Beatty Rd, Lincoln, AR, USA",public_business_address_reviewed_for_future_reduced_precision,35.9813,-94.44067,"Agritourism, Chicken, Eggs, Pork, Sheep/Lamb",Arkansas Grown member,,intentionalfarms@gmail.com,internal_until_public_use_review,https://arfarmtoschool.org,https://www.facebook.com/ollerfamilyfarm,https://www.instagram.com/intentional_farms,,False,False,False,False,False,False,False,1,arobs_1e87d77689aac560cd8a,Arkansas Department of Agriculture — Arkansas Grown directory,https://arkansasgrown.org/listing/intentional-farms/,B,2026-07-15,promotion_eligible_reviewed,,Fields selected by evidence grade; every source observation remains separately auditable.
AR-F26C4985F6,Jarvis U-Pick Blueberry Farm,jarvis u pick blueberry farm,farm,unique_source_name_reviewed,AR,Washington,Prairie Grove,72753,,public_business_address_reviewed_for_future_reduced_precision,,,U-pick crops; agritourism,U-pick; agritourism,,,internal_until_public_use_review,,https://www.facebook.com/jarvisyoupickblueberryfarm/,,,True,False,False,False,True,False,False,1,arobs_aabfc91a5c0258cfd022,PickYourOwn — Northwest Arkansas,https://www.pickyourown.org/ARnw.htm,E,2026-07-15,research_or_qa_queue,single grade-E discovery listing needs corroboration; source reports closure and requires affirmative curator decision,Fields selected by evidence grade; every source observation remains separately auditable.
AR-3FC1DF138A,KuneKune Pigs for Sale,kunekune pigs for sale,farm,unique_source_name_reviewed,AR,Washington,Farmington,72730,"190 Cimarron Way unit 1462, Farmington, AR 72730, USA",public_business_address_reviewed_for_future_reduced_precision,36.04029,-94.24964,Livestock,Arkansas Grown member,(417)986-2406,kristen@kunekunepigsforsale.net,internal_until_public_use_review,,https://facebook.com/kunekunepigsforsale,https://www.instagram.com/arkansasgrownandmade/,,True,False,False,False,False,False,False,1,arobs_6c75e96309b76fd69023,Arkansas Department of Agriculture — Arkansas Grown directory,https://arkansasgrown.org/listing/kunekune-pigs-for-sale/,B,2026-07-15,promotion_eligible_reviewed,,Fields selected by evidence grade; every source observation remains separately auditable.
AR-DA6AEEC9C1,Let It Grow Gardens,let it grow gardens,farm,unique_source_name_reviewed,AR,Washington,Elkins,,"2081 Ledford Road, Elkins, AR, USA",public_business_address_reviewed_for_future_reduced_precision,36.07884,-93.95588,"Basil, Beans, Cherry Tomatoes, Cucumbers, Eggs, Garlic, Greens, Herbs, Okra, Peppers - Variety, Perennials, Potatoes, Pumpkins, Tomatoes, Watermelon",Arkansas Grown member,479-225-5268,letitgrow.nwa@gmail.com,internal_until_public_use_review,https://arfarmtoschool.org,https://www.facebook.com/LIG.Gardens,https://www.instagram.com/arkansasgrownandmade/,,False,False,True,False,False,False,False,1,arobs_3326c25fd9556778a5a1,Arkansas Department of Agriculture — Arkansas Grown directory,https://arkansasgrown.org/listing/let-it-grow-gardens-2/,B,2026-07-15,promotion_eligible_reviewed,,Fields selected by evidence grade; every source observation remains separately auditable.
AR-F4237A060A,Luther Farms,luther farms,farm,unique_source_name_reviewed,AR,Washington,Fayetteville,72704,17096 Fletcher Rd.,public_business_address_reviewed_for_future_reduced_precision,,,beef; eggs; baked goods; chinese greens; cucumber; green beans; green onions; lettuce; okra; salad greens; salad mix; summer squash; sweet peppers; zucchini; celery; sweet corn; eggplant; hot peppers; pumpkins; sweet potatoes; tomatoes,LocalHarvest Family Farm,(479) 409-8251,,internal_until_public_use_review,https://LutherFamilyFarms.weebly.com,http://www.facebook.com/share/DY7NAaoXKjDUx4eH/?mibextid=qi2Omg,,,True,False,False,False,False,False,False,1,arobs_ad48798843c2a51d608d,LocalHarvest — Arkansas county-seat gap search,https://www.localharvest.org/luther-farms-M53734,D,2026-07-15,promotion_eligible_reviewed,,Fields selected by evidence grade; every source observation remains separately auditable.
AR-99CA86DBE6,McGarrah Farms Rivercrest Orchard,mcgarrah farms rivercrest orchard,farm,merged_exact_name_reviewed,AR,Washington,Fayetteville,72701,"2991 Dead Horse Mountain Road, Fayetteville, AR, USA",public_business_address_reviewed_for_future_reduced_precision,36.02826,-94.1181,"Blackberries, Pumpkins, Strawberries; U-pick crops; agritourism",Arkansas Grown member; U-pick; agritourism,479-208-2692,rivercrestorchard@gmail.com,internal_until_public_use_review,https://arfarmtoschool.org,https://www.facebook.com/mcgarrahfarmsrivercrestorchard,https://www.instagram.com/arkansasgrownandmade/,,True,False,False,False,True,False,False,2,arobs_9acc7d71b21b8ac0bc7b | arobs_d386a8681a0f730cb943,Arkansas Department of Agriculture — Arkansas Grown directory | PickYourOwn — Northwest Arkansas,https://arkansasgrown.org/listing/mcgarrah-farms-rivercrest-orchard/ | https://www.pickyourown.org/ARnw.htm,B; E,2026-07-15,promotion_eligible_reviewed,,Fields selected by evidence grade; every source observation remains separately auditable.
AR-C88AFDBAC1,Miller's Farm,millers farm,farm,merged_exact_name_reviewed,AR,Washington,Fayetteville,,"1998 Van Hoose Drive, Fayetteville, AR, USA",public_business_address_reviewed_for_future_reduced_precision,36.03913,-94.06384,"Milk, Sheep/Lamb; Agrihood farm offering fresh vegetables with delivery. More Farm Info",Arkansas Grown member; Direct-sale farm; Northwest Arkansas,4794224944,millersfarm1998@gmail.com,internal_until_public_use_review,https://arfarmtoschool.org,https://www.facebook.com/WaltzingRockFarm/photos_albums,https://www.instagram.com/arkansasgrownandmade/,,True,False,False,False,False,False,False,2,arobs_ee422616237cda334a10 | arobs_86a5373ce1f716b42ef5,Arkansas Department of Agriculture — Arkansas Grown directory | University of Arkansas Center for Arkansas Farms and Food — direct-sale farms,https://arkansasgrown.org/listing/millers-farm/ | https://farmandfoodsystem.uada.edu/farms/,B,2026-07-15,promotion_eligible_reviewed,,Fields selected by evidence grade; every source observation remains separately auditable.
AR-63FEF573AE,Ogden Ranch Premium Angus Beef,ogden ranch premium angus beef,farm,unique_source_name_reviewed,AR,Washington,Prairie Grove,13111,"13111 Storms Road, Prairie Grove, AR, USA",public_business_address_reviewed_for_future_reduced_precision,35.96665,-94.24203,Beef,Arkansas Grown member,4797387267,ogdenranchpg@gmail.com,internal_until_public_use_review,https://arfarmtoschool.org,https://www.facebook.com/ogdenranch/photos/?ref=page_internal,https://www.instagram.com/arkansasgrownandmade/,,False,False,False,False,False,False,False,1,arobs_e9ff03fe70bde17e253f,Arkansas Department of Agriculture — Arkansas Grown directory,https://arkansasgrown.org/listing/ogden-ranch-premium-angus-beef/,B,2026-07-15,promotion_eligible_reviewed,,Fields selected by evidence grade; every source observation remains separately auditable.
AR-6669845209,Opossum Hollow Produce,opossum hollow produce,farm,unique_source_name_reviewed,AR,Washington,Evansville,22192,22192 Ann Rd Evansville Arkansas 72729,public_business_address_reviewed_for_future_reduced_precision,35.83906,-94.48546,"Annuals, Apples, Asparagus, Banana Peppers - Varietys, Basil, Beans, Beets, Blackberries, Blueberries, Broccoli, Butter Beans, Butternut Squash, Cabbage, Cantaloupe, Cherry Tomatoes, Cilantro, Collard Greens, Corn, Cucumbers, Edamame, Eggs, Flowers, Green Beans, Green Onion, Herbs, Honey, Kale, Leeks, Mizuna, Mushrooms, Okra, Parsley, Peaches, Pears, Peas, Peppers - Variety, Plums, Potatoes, Pumpkins, Radishes, Romaine, Rutabagas, Squash, Strawberries, Sweet Potatoes, Swiss Chard, Tomatoes, Turnip Greens, Turnips, Vegetables, Watermelon, Yellow Squash, Zucchini",Arkansas Grown member,479-848-3933,thomasmfairbanks@gmail.com,internal_until_public_use_review,https://arfarmtoschool.org,https://www.facebook.com/opossumhollowproduce,https://www.instagram.com/arkansasgrownandmade/,,False,False,False,False,False,False,False,1,arobs_dc4cc082c3b26edcb9d2,Arkansas Department of Agriculture — Arkansas Grown directory,https://arkansasgrown.org/listing/opossum-hollow-produce/,B,2026-07-15,promotion_eligible_reviewed,,Fields selected by evidence grade; every source observation remains separately auditable.
AR-2E210D6956,Ozark All Seasons,ozark all seasons,farm,unique_source_name_reviewed,AR,Washington,Winslow,16893,"16893 Tyson Hog Farm Road, Winslow, AR, USA",public_business_address_reviewed_for_future_reduced_precision,35.85446,-94.085,"Herbs, Lettuces—Variety",Arkansas Grown member,601-405-1424,bob@ozarkallseasons.com,internal_until_public_use_review,https://arfarmtoschool.org,https://www.facebook.com/arkansasgrownandmade/,https://www.instagram.com/arkansasgrownandmade/,,False,False,False,False,False,False,False,1,arobs_9beb8e317d5bf86cb485,Arkansas Department of Agriculture — Arkansas Grown directory,https://arkansasgrown.org/listing/ozark-all-seasons/,B,2026-07-15,promotion_eligible_reviewed,,Fields selected by evidence grade; every source observation remains separately auditable.
AR-449F6E643B,Ozark Pasture Beef,ozark pasture beef,farm,merged_exact_name_reviewed,AR,Washington,Fayetteville,72702,,public_business_address_reviewed_for_future_reduced_precision,,,"Pastured livestock and/or farm products; see source listing; Grass-fed, grass-finished beef, lamb, goat and eggs available. Online shopping. More Farm Info",Pastured-product farm; direct sales; Direct-sale farm; Northwest Arkansas,(479) 409-8772,webmail@ozarkpasturebeef.com,internal_until_public_use_review,https://ozarkpasturebeef.com/,,,,True,False,False,False,False,False,False,2,arobs_244d40840f860a2b8535 | arobs_960c7dc84ac58ff1a582,EatWild Arkansas directory | University of Arkansas Center for Arkansas Farms and Food — direct-sale farms,https://www.eatwild.com/products/arkansas.html | https://farmandfoodsystem.uada.edu/farms/,B; D,2026-07-15,promotion_eligible_reviewed,,Fields selected by evidence grade; every source observation remains separately auditable.
AR-26B231A7E4,R Family Farm,r family farm,farm,unique_source_name_reviewed,AR,Washington,Canehill,72717,15756 Bush Valley Rd.,public_business_address_reviewed_for_future_reduced_precision,,,beef; chicken; pork; eggs,LocalHarvest Family Farm,(479) 841-8277,,internal_until_public_use_review,https://www.shoprfamilyfarm.com,http://www.facebook.com/PasturedRFamilyfarm,,,True,False,False,False,False,False,False,1,arobs_aa70051a073064446b86,LocalHarvest — Arkansas county-seat gap search,https://www.localharvest.org/r-family-farm-M61613,D,2026-07-15,promotion_eligible_reviewed,,Fields selected by evidence grade; every source observation remains separately auditable.
AR-66A4ABF6F6,Ranalli Farms Equipment,ranalli farms equipment,farm,unique_source_name_reviewed,AR,Washington,,72762,Ngranalli@earthlink.net Springdale Arkansas 72762,public_business_address_reviewed_for_future_reduced_precision,36.1675,-94.21283,"Blueberries, Fruits, Grapes, Vegetables",Arkansas Grown member,501-361-2738,Ngranalli@earthlink.net,internal_until_public_use_review,https://arfarmtoschool.org,https://www.facebook.com/arkansasgrownandmade/,https://www.instagram.com/arkansasgrownandmade/,,False,False,False,False,False,False,False,1,arobs_a97f05c7fb52f8960428,Arkansas Department of Agriculture — Arkansas Grown directory,https://arkansasgrown.org/listing/ranalli-farms-equipment/,B,2026-07-15,research_or_qa_queue,city or safe public service area missing,Fields selected by evidence grade; every source observation remains separately auditable.
AR-A9CF1EB942,Reagan Berry Farm,reagan berry farm,farm,unique_source_name_reviewed,AR,Washington,Fayetteville,72701,241 east 13th street Fayetteville Arkansas 72701,public_business_address_reviewed_for_future_reduced_precision,36.0493,-94.15443,"Beef, Blueberries, Pumpkins, Strawberries",Arkansas Grown member,479-601-2268,Beskreagan@aol.com,internal_until_public_use_review,https://arfarmtoschool.org,https://www.facebook.com/farmreaganfamily,https://www.instagram.com/arkansasgrownandmade/,,True,False,False,False,True,False,False,1,arobs_142754ccbe2ca06b3741,Arkansas Department of Agriculture — Arkansas Grown directory,https://arkansasgrown.org/listing/reagan-berry-farm/,B,2026-07-15,promotion_eligible_reviewed,,Fields selected by evidence grade; every source observation remains separately auditable.
AR-C075D73422,RH Farmstand,rh farmstand,farm,unique_source_name_reviewed,AR,Washington,Fayetteville,72701,13749 Hummingbird Rd,public_business_address_reviewed_for_future_reduced_precision,,,carrots; lettuce; peas; eggs; cucumber; green beans; okra; tomatoes; blackberries; honey; fresh flowers,LocalHarvest Family Farm,,,internal_until_public_use_review,,,,,True,False,False,False,False,False,False,1,arobs_4dfd6d968cac940084c6,LocalHarvest — Arkansas county-seat gap search,https://www.localharvest.org/rh-farmstand-M86549,D,2026-07-15,promotion_eligible_reviewed,,Fields selected by evidence grade; every source observation remains separately auditable.
AR-84C5E391FA,Sassafras Springs Vineyard and Winery,sassafras springs vineyard and winery,farm,unique_source_name_reviewed,AR,Washington,,72764,6461 E Guy Terry Rd Springdale Arkansas 72764,public_business_address_reviewed_for_future_reduced_precision,36.12733,-94.06521,Wine,Arkansas Grown member,479-530-0912,ssvwinery@gmail.com,internal_until_public_use_review,https://arfarmtoschool.org,https://www.facebook.com/SassafrasspringsvineyardSpringdale,https://www.instagram.com/arkansasgrownandmade/,,False,False,False,False,False,False,False,1,arobs_3ccc103c1c4b74aace81,Arkansas Department of Agriculture — Arkansas Grown directory,https://arkansasgrown.org/listing/sassafras-springs-vineyard-and-winery/,B,2026-07-15,research_or_qa_queue,city or safe public service area missing,Fields selected by evidence grade; every source observation remains separately auditable.
AR-3E454BF98A,Springdale Farmers Market,springdale farmers market,farm,unique_source_name_reviewed,AR,Washington,,72764,922 E. Emma Ave Springdale Arkansas 72764,public_business_address_reviewed_for_future_reduced_precision,36.18683,-94.11956,"Apples, Banana Peppers - Varietys, Beans, Blackberries, Blueberries, Broccoli, Cabbage, Cantaloupe, Cherry Tomatoes, Collard Greens, Corn, Cucumbers, Eggs, Flowers, Grapes, Green Beans, Honey, Kale, Mustard Greens, Peaches, Pears, Peas, Peppers - Variety, Pumpkins, Radishes, Raspberries, Romaine, Strawberries, Sweet Potatoes, Swiss Chard, Tomatoes, Turnips, Yellow Squash, Zucchini",Arkansas Grown member,479-856-8043,cgbutler14@gmail.com,internal_until_public_use_review,https://arfarmtoschool.org,https://www.facebook.com/Springdale-Farmers-Market-at-the-Jones,https://www.instagram.com/arkansasgrownandmade/,,False,False,False,False,False,False,False,1,arobs_b940d90e070e096a9007,Arkansas Department of Agriculture — Arkansas Grown directory,https://arkansasgrown.org/listing/springdale-farmers-market/,B,2026-07-15,research_or_qa_queue,city or safe public service area missing,Fields selected by evidence grade; every source observation remains separately auditable.
AR-AC6424E8A2,Springdale Farmers Market at the Jones Center,springdale farmers market at the jones center,producer_requires_type_review,unique_source_name_reviewed,AR,Washington,,72764,110 W Emma Ave Springdale Arkansas 72764,public_business_address_reviewed_for_future_reduced_precision,36.18518,-94.1313,Blueberries,Arkansas Grown member,,cgbutler14@gmail.com,internal_until_public_use_review,https://arfarmtoschool.org,https://www.facebook.com/arkansasgrownandmade/,https://www.instagram.com/arkansasgrownandmade/,,False,False,False,False,False,False,False,1,arobs_cd1a56d1891aea59977b,Arkansas Department of Agriculture — Arkansas Grown directory,https://arkansasgrown.org/listing/downtown-springdale-farmers-market/,B,2026-07-15,research_or_qa_queue,city or safe public service area missing; directory candidate needs independent farm-operation evidence,Fields selected by evidence grade; every source observation remains separately auditable.
AR-EE08F3FAB6,Sta-n-Step Blueberry Farm,sta n step blueberry farm,farm,unique_source_name_reviewed,AR,Washington,Fayetteville,72704,,public_business_address_reviewed_for_future_reduced_precision,,,U-pick crops; agritourism,U-pick; agritourism,(479) 361-2789,stanstep1@aol.com,internal_until_public_use_review,,https://www.facebook.com/Sta-n-Step-Blueberry-Farm-211964548838009/,,,True,False,False,False,True,False,False,2,arobs_f17aad4335f4081af65b | coroobs_23576c606c1272e4c869,PickYourOwn — Northwest Arkansas | FarmFinder automated corroboration — Arkansas Department of Agriculture — Arkansas Grown directory,https://www.pickyourown.org/ARnw.htm | https://arkansasgrown.org/listing/sta-n-step-farm/,C | E,2026-07-15,promotion_eligible_reviewed,,Fields selected by evidence grade; every source observation remains separately auditable.
AR-D2712B7CF1,Sta-N-Step Farm,sta n step farm,farm,unique_source_name_reviewed,AR,Washington,Fayetteville,,3104 Wildcat Creek Blvd Fayetteville Arkansas 0,public_business_address_reviewed_for_future_reduced_precision,36.1612,-94.29048,"Blackberries, Blueberries, Raspberries",Arkansas Grown member,479-361-2789,stanstep1@aol.com,internal_until_public_use_review,https://arfarmtoschool.org,https://www.facebook.com/Sta-n-Step-Blueberry-Farm-211964548838009,https://www.instagram.com/arkansasgrownandmade/,,True,False,False,False,True,False,False,1,arobs_9f877e5b6b06a8a4af38,Arkansas Department of Agriculture — Arkansas Grown directory,https://arkansasgrown.org/listing/sta-n-step-farm/,B,2026-07-15,promotion_eligible_reviewed,,Fields selected by evidence grade; every source observation remains separately auditable.
AR-8AE5BEB356,Sullivan Mountaintop Farm,sullivan mountaintop farm,farm,unique_source_name_reviewed,AR,Washington,West Fork,,"West Fork, AR, USA",public_business_address_reviewed_for_future_reduced_precision,35.93146,-94.18003,"Eggs, Livestock, Pork",Arkansas Grown member,479-747-8942,clay.sullivan@outlook.com,internal_until_public_use_review,https://arfarmtoschool.org,https://www.facebook.com/SullivanMountaintopFarm,https://www.instagram.com/arkansasgrownandmade/,,False,False,False,False,False,False,False,1,arobs_51da68b056ebe2e79ec4,Arkansas Department of Agriculture — Arkansas Grown directory,https://arkansasgrown.org/listing/sullivan-mountaintop-farm/,B,2026-07-15,promotion_eligible_reviewed,,Fields selected by evidence grade; every source observation remains separately auditable.
AR-EB144A0CA9,The Farmer's Table Cafe,the farmers table cafe,producer_requires_type_review,unique_source_name_reviewed,AR,Washington,Fayetteville,72701,1079 S School Avenue Fayetteville Arkansas 72701,public_business_address_reviewed_for_future_reduced_precision,36.05214,-94.16491,,Arkansas Grown member,479-966-4125,FarmersTableCafe@gmail.com,internal_until_public_use_review,https://arfarmtoschool.org,https://www.facebook.com/farmerstablecafe,https://www.instagram.com/farmerstablecafe/,,False,False,False,False,False,False,False,1,arobs_358a539a7e9191e54d7d,Arkansas Department of Agriculture — Arkansas Grown directory,https://arkansasgrown.org/listing/the-farmeraos-table-cafe/,B,2026-07-15,research_or_qa_queue,products or farm activity missing; directory candidate needs independent farm-operation evidence,Fields selected by evidence grade; every source observation remains separately auditable.
AR-0D7A0D5EBC,The Goshen Farmers Market,the goshen farmers market,farm,unique_source_name_reviewed,AR,Washington,Goshen,,"244 Clark St, Goshen, AR, USA",public_business_address_reviewed_for_future_reduced_precision,36.09874,-93.98437,"This is the first year of the Goshen Farmers Market! We are excited to create a space that supports our local growers and brings the community together. The market will have local farmers selling eggs, honey, produce, berries and meat, local makers of baked goods and crafts, and concessions. The market will also have fun and educational activities and music. A small-town market with tons of charm that encourages lingering!",Arkansas Grown member,860-214-3795,thegoshenfarmersmarket@gmail.com,internal_until_public_use_review,https://arfarmtoschool.org,https://www.facebook.com/TheGoshenFarmersMarket,https://www.instagram.com/arkansasgrownandmade/,,False,False,False,False,False,False,False,1,arobs_6b08391113f9ebffa6a9,Arkansas Department of Agriculture — Arkansas Grown directory,https://arkansasgrown.org/listing/the-goshen-farmers-market/,B,2026-07-15,promotion_eligible_reviewed,,Fields selected by evidence grade; every source observation remains separately auditable.
AR-6500931D94,Tontitown Farmers Market,tontitown farmers market,farm,unique_source_name_reviewed,AR,Washington,Tontitown,72770,235 E. Henri De Tonti Blvd Tontitown Arkansas 72770,public_business_address_reviewed_for_future_reduced_precision,36.17607,-94.2332,"Banana Peppers - Varietys, Cherry Tomatoes, Corn, Cucumbers, Eggs, Green Beans, Honey, Okra, Peppers - Variety, Radishes, Squash, Sweet Corn, Tomatoes, Vegetables, Watermelon, Yellow Squash, Zucchini, Other",Arkansas Grown member,870-321-4956,adminasst@tontitownar.gov,internal_until_public_use_review,https://arfarmtoschool.org,https://www.facebook.com/CityofTontitown/photos/?ref=page_internal,https://www.instagram.com/arkansasgrownandmade/,,False,False,False,False,False,False,False,1,arobs_ddf97e42ba90da38947f,Arkansas Department of Agriculture — Arkansas Grown directory,https://arkansasgrown.org/listing/tontitown-farmers-market/,B,2026-07-15,promotion_eligible_reviewed,,Fields selected by evidence grade; every source observation remains separately auditable.
AR-5D5329005F,Tri Cycle Farms,tri cycle farms,farm,unique_source_name_reviewed,AR,Washington,Fayetteville,72701,1705 N. Garland Ave Fayetteville Arkansas 72701,public_business_address_reviewed_for_future_reduced_precision,36.08506,-94.17547,"Annuals, Basil, Beets, Blackberries, Broccoli, Butternut Squash, Cabbage, Cantaloupe, Cherry Tomatoes, Cilantro, Collard Greens, Cucumbers, Edamame, Eggs, Flowers, Green Beans, Herbs, Honey, Kale, Leeks, Mustard Greens, Okra, Oriental Vegetables, Parsley, Peas, Peppers - Variety, Perennials, Potatoes, Pumpkins, Raspberries, Romaine, Seeds, Squash, Strawberries, Sweet Corn, Sweet Potatoes, Swiss Chard, Tomatoes, Turnips, Vegetables, Watermelon, Yellow Squash, Zucchini",Arkansas Grown member,479-236-6816,fayettevilletricyclefarms@gmail.com,internal_until_public_use_review,https://arfarmtoschool.org,https://www.facebook.com/TriCycleFarms,https://www.instagram.com/tricyclefarms/,,False,False,False,False,False,False,False,1,arobs_00d9ed87f6a57abdcea0,Arkansas Department of Agriculture — Arkansas Grown directory,https://arkansasgrown.org/listing/tri-cycle-farms/,B,2026-07-15,promotion_eligible_reviewed,,Fields selected by evidence grade; every source observation remains separately auditable.
AR-4AB6A894B1,Two Birds Farm,two birds farm,farm,unique_source_name_reviewed,AR,Washington,West Fork,,"446 Davis Street, West Fork, AR, USA",public_business_address_reviewed_for_future_reduced_precision,35.95416,-94.16486,"Flowers, Herbs, Honey",Arkansas Grown member,479-879-2145,susan.golbski@gmail.com,internal_until_public_use_review,http://two-birds-farm.square.site,http://Facebook.com/twobirdsfarm,https://www.instagram.com/arkansasgrownandmade/,,False,False,False,False,False,False,False,1,arobs_bfe7081d76891a17dda4,Arkansas Department of Agriculture — Arkansas Grown directory,https://arkansasgrown.org/listing/two-birds-farm/,B,2026-07-15,promotion_eligible_reviewed,,Fields selected by evidence grade; every source observation remains separately auditable.
AR-835D1C0D96,"Tyson Foods, Inc.",tyson foods,producer_requires_type_review,unique_source_name_reviewed,AR,Washington,,72762,2200 Don Tyson Parkway Springdale Arkansas 72762,public_business_address_reviewed_for_future_reduced_precision,36.15565,-94.15453,Chicken,Arkansas Grown member,479-290-4000,susan.devore@tyson.com,internal_until_public_use_review,https://arfarmtoschool.org,https://www.facebook.com/TysonFoods/?ref=page_internal,https://www.instagram.com/arkansasgrownandmade/,,False,False,False,False,False,False,False,1,arobs_6efa1e33c4661131d242,Arkansas Department of Agriculture — Arkansas Grown directory,https://arkansasgrown.org/listing/tyson-foods-inc/,B,2026-07-15,research_or_qa_queue,city or safe public service area missing; directory candidate needs independent farm-operation evidence,Fields selected by evidence grade; every source observation remains separately auditable.
AR-848B46E100,White River Creamery,white river creamery,farm,unique_source_name_reviewed,AR,Washington,Elkins,11701,11701 S HWY 16 Elkins Arkansas 72727,public_business_address_reviewed_for_future_reduced_precision,35.94715,-93.98242,"Agritourism, Goat, Milk",Arkansas Grown member,479-310-0355,wrcreamery@gmail.com,internal_until_public_use_review,https://arfarmtoschool.org,https://www.facebook.com/WhiteRiverCreamery,https://www.instagram.com/arkansasgrownandmade/,,False,False,False,False,False,False,False,1,arobs_7fd21085bc4e11db4474,Arkansas Department of Agriculture — Arkansas Grown directory,https://arkansasgrown.org/listing/white-river-creamery/,B,2026-07-15,promotion_eligible_reviewed,,Fields selected by evidence grade; every source observation remains separately auditable.
AR-2CBCB1D246,Windberry Farm,windberry farm,farm,unique_source_name_reviewed,AR,Washington,Winslow,72959,301 N. Railroad St Winslow Arkansas 72959,public_business_address_reviewed_for_future_reduced_precision,35.808,-94.13527,Raspberries,Arkansas Grown member,479-521-4619,windberryfarm@gmail.com,internal_until_public_use_review,https://arfarmtoschool.org,https://www.facebook.com/WindberryFarm,https://www.instagram.com/arkansasgrownandmade/,,False,False,False,False,False,False,False,1,arobs_189ec603c32c7de2be2e,Arkansas Department of Agriculture — Arkansas Grown directory,https://arkansasgrown.org/listing/windberry-farm/,B,2026-07-15,promotion_eligible_reviewed,,Fields selected by evidence grade; every source observation remains separately auditable.
AR-E7F8BDC586,3E Cattle Company,3e cattle,farm,unique_source_name_reviewed,AR,White,Bradford,72020,"289 Goad Rd, Bradford, AR 72020, USA",public_business_address_reviewed_for_future_reduced_precision,35.43903,-91.46608,Beef,Arkansas Grown member,501 201 1140,eeecattleco@yahoo.com,internal_until_public_use_review,https://arfarmtoschool.org,https://www.facebook.com/3ECattleCompany,https://www.instagram.com/arkansasgrownandmade/,,False,False,False,False,False,False,False,1,arobs_c415b8f758ae00953e1e,Arkansas Department of Agriculture — Arkansas Grown directory,https://arkansasgrown.org/listing/3e-cattle-company/,B,2026-07-15,promotion_eligible_reviewed,,Fields selected by evidence grade; every source observation remains separately auditable.
AR-1FFCFEFA49,Armstrong Beefalo Farm,armstrong beefalo farm,farm,unique_source_name_reviewed,AR,White,El Paso,72045,684 Ridge Rd El Paso Arkansas 72045,public_business_address_reviewed_for_future_reduced_precision,35.11988,-92.00351,Beef,Arkansas Grown member,501-351-4551,garmstrong@aristotle.net,internal_until_public_use_review,https://arfarmtoschool.org,https://www.facebook.com/arkansasgrownandmade/,https://www.instagram.com/arkansasgrownandmade/,,False,False,False,False,False,False,False,1,arobs_d911bb106cb09ae5abf1,Arkansas Department of Agriculture — Arkansas Grown directory,https://arkansasgrown.org/listing/armstrong-beefalo-farm/,B,2026-07-15,promotion_eligible_reviewed,,Fields selected by evidence grade; every source observation remains separately auditable.
AR-3DA70013E8,"Bailey Cattle Company, LLC",bailey cattle,farm,unique_source_name_reviewed,AR,White,Searcy,72143,3 Ridgewood Lane,public_business_address_reviewed_for_future_reduced_precision,,,chicken; eggs; pumpkins; watermelons; gourds,LocalHarvest Family Farm,(501) 268-8105,,internal_until_public_use_review,https://www.baileycattle.com,,,,True,False,False,False,False,False,False,1,arobs_fca448359169e685f17c,LocalHarvest — Arkansas county-seat gap search,https://www.localharvest.org/bailey-cattle-company-llc-M12843,D,2026-07-15,promotion_eligible_reviewed,,Fields selected by evidence grade; every source observation remains separately auditable.
AR-4EE5687AE0,Bill Holt,bill holt,farm,unique_source_name_reviewed,AR,White,Mcrae,72102,,public_business_address_reviewed_for_future_reduced_precision,,,U-pick crops; agritourism,U-pick; agritourism,501-726-3363,,internal_until_public_use_review,,,,,True,False,False,False,True,False,False,1,arobs_120bfd9b50de95a14d3a,PickYourOwn — Central Arkansas,https://www.pickyourown.org/ARlittlerock.htm,E,2026-07-15,research_or_qa_queue,single grade-E discovery listing needs corroboration,Fields selected by evidence grade; every source observation remains separately auditable.
AR-550A8C5DFD,Blueberry Fields Forever,blueberry fields forever,farm,unique_source_name_reviewed,AR,White,Judsonia,72081,,public_business_address_reviewed_for_future_reduced_precision,,,U-pick crops; agritourism,U-pick; agritourism,501-729-5691,sodfarm@ipa.net,internal_until_public_use_review,https://www.blueberryfieldsforever.com,,,,True,False,False,False,True,False,False,1,arobs_49b70c99df044b62f0da,PickYourOwn — Central Arkansas,https://www.pickyourown.org/ARlittlerock.htm,E,2026-07-15,research_or_qa_queue,single grade-E discovery listing needs corroboration,Fields selected by evidence grade; every source observation remains separately auditable.
AR-A3EA40F3F5,Briar Oak Family Farm,briar oak family farm,farm,unique_source_name_reviewed,AR,White,Bald Knob,,"1118 U.S. 167, Bald Knob, AR, USA",public_business_address_reviewed_for_future_reduced_precision,35.40701,-91.57252,"Basil, Butternut Squash, Cantaloupe, Cherry Tomatoes, Cucumbers, Eggs, Flowers, Fruits, Herbs, Kale, Lettuces—Variety, Okra, Peppers - Variety, Radishes, Romaine, Squash, Strawberries, Tomatoes, Vegetables, Watermelon, Yellow Squash, Zucchini",Arkansas Grown member,501-203-9735,dannie.royce@yahoo.com,internal_until_public_use_review,https://arfarmtoschool.org,https://www.facebook.com/profile.php?id=61556951308667,https://www.instagram.com/briaroakfamilyfarm/,,False,False,False,False,False,False,False,1,arobs_1720b27e910d6f9e0c04,Arkansas Department of Agriculture — Arkansas Grown directory,https://arkansasgrown.org/listing/briar-oak-family-farm/,B,2026-07-15,promotion_eligible_reviewed,,Fields selected by evidence grade; every source observation remains separately auditable.
AR-C1217B4DDB,Cedar Hollow Farm,cedar hollow farm,farm,unique_source_name_reviewed,AR,White,Bradford,,,public_business_address_reviewed_for_future_reduced_precision,,,beef,LocalHarvest Family Farm,,,internal_until_public_use_review,https://www.cedarhollowfarm.net/,,,,True,False,False,False,False,False,False,1,arobs_dbcbda417fd899699a04,LocalHarvest — Arkansas county-seat gap search,https://www.localharvest.org/cedar-hollow-farm-M79680,D,2026-07-15,promotion_eligible_reviewed,,Fields selected by evidence grade; every source observation remains separately auditable.
AR-4484994C0F,Cwc Farm,cwc farm,farm,unique_source_name_reviewed,AR,White,Bradford,72020,3480 Union Hill Road Bradford Arkansas 72020,public_business_address_reviewed_for_future_reduced_precision,35.52633,-91.5134,"Beef, Chicken, Duck, Goat, Pork",Arkansas Grown member,870-307-4023,Cwcfarm@yahoo.com,internal_until_public_use_review,https://arfarmtoschool.org,https://www.facebook.com/cwcfarm,https://www.instagram.com/arkansasgrownandmade/,,False,False,False,False,False,False,False,1,arobs_aa4e558f3f8e6748ae24,Arkansas Department of Agriculture — Arkansas Grown directory,https://arkansasgrown.org/listing/cwc-farm/,B,2026-07-15,promotion_eligible_reviewed,,Fields selected by evidence grade; every source observation remains separately auditable.
AR-3AD7709A5A,Dancing Rabbit Creek Ranch,dancing rabbit creek ranch,farm,unique_source_name_reviewed,AR,White,Searcy,72143,123 Lamar Lane Searcy Arkansas 72143,public_business_address_reviewed_for_future_reduced_precision,35.20878,-91.75297,Beef,Arkansas Grown member,501-268-4000,dancingrabbitcreekranch@gmail.com,internal_until_public_use_review,https://arfarmtoschool.org,https://www.facebook.com/arkansasgrownandmade/,https://www.instagram.com/arkansasgrownandmade/,,False,False,False,False,False,False,False,1,arobs_a5c59b3307fafd1f0e6a,Arkansas Department of Agriculture — Arkansas Grown directory,https://arkansasgrown.org/listing/dancing-rabbit-creek-ranch/,B,2026-07-15,promotion_eligible_reviewed,,Fields selected by evidence grade; every source observation remains separately auditable.
AR-5F72AD6E4E,Darrel Hall,darrel hall,farm,unique_source_name_reviewed,AR,White,Beebe,72012,,public_business_address_reviewed_for_future_reduced_precision,,,U-pick crops; agritourism,U-pick; agritourism,501-882-3949,,internal_until_public_use_review,,,,,True,False,False,False,True,False,False,1,arobs_23381e7d60c29de0b3e3,PickYourOwn — Central Arkansas,https://www.pickyourown.org/ARlittlerock.htm,E,2026-07-15,research_or_qa_queue,single grade-E discovery listing needs corroboration,Fields selected by evidence grade; every source observation remains separately auditable.
AR-B0823020F4,Ernest Grayson,ernest grayson,farm,unique_source_name_reviewed,AR,White,Bald Knob,72143,,public_business_address_reviewed_for_future_reduced_precision,,,U-pick crops; agritourism,U-pick; agritourism,501-724-0398,,internal_until_public_use_review,,,,,True,False,False,False,True,False,False,1,arobs_14356009ab9fdc6c5477,PickYourOwn — Central Arkansas,https://www.pickyourown.org/ARlittlerock.htm,E,2026-07-15,research_or_qa_queue,single grade-E discovery listing needs corroboration,Fields selected by evidence grade; every source observation remains separately auditable.
AR-59673C8572,Feather Farms Partnership,feather farms partnership,farm,unique_source_name_reviewed,AR,White,,,"59G3+R8 Happy, AR, USA",public_business_address_reviewed_for_future_reduced_precision,35.17704,-91.64671,Pecans,Arkansas Grown member,501-388-2233,featherpecan@gmail.com,internal_until_public_use_review,https://arfarmtoschool.org,https://www.facebook.com/profile.php?id=61558462168544,https://www.instagram.com/arkansasgrownandmade/,,False,False,False,False,False,False,False,1,arobs_64b3c100a5cebba5999f,Arkansas Department of Agriculture — Arkansas Grown directory,https://arkansasgrown.org/listing/feather-farms-partnership/,B,2026-07-15,research_or_qa_queue,city or safe public service area missing,Fields selected by evidence grade; every source observation remains separately auditable.
AR-3F8E95B0C5,Flower & Fiddle Farm,flower and fiddle farm,farm,unique_source_name_reviewed,AR,White,,,"White County, Arkansas, AR, USA",public_business_address_reviewed_for_future_reduced_precision,35.29006,-91.75388,Flowers,Arkansas Grown member,5015938833,flowerandfiddle@gmail.com,internal_until_public_use_review,https://arfarmtoschool.org,https://www.facebook.com/flowerandfiddlefarm/,https://www.instagram.com/flowerandfiddlefarm,,False,False,False,False,False,False,False,1,arobs_9a7bcb55b97800846a10,Arkansas Department of Agriculture — Arkansas Grown directory,https://arkansasgrown.org/listing/flower-fiddle-farm/,B,2026-07-15,research_or_qa_queue,city or safe public service area missing,Fields selected by evidence grade; every source observation remains separately auditable.
AR-8D827D72B4,Frandy Farms,frandy farms,farm,unique_source_name_reviewed,AR,White,Rose Bud,72137,,public_business_address_reviewed_for_future_reduced_precision,,,U-pick crops; agritourism,U-pick; agritourism,501-556-4230,,internal_until_public_use_review,,,,,True,False,False,False,True,False,False,1,arobs_8aba567b5d2ba3e1d54b,PickYourOwn — Central Arkansas,https://www.pickyourown.org/ARlittlerock.htm,E,2026-07-15,research_or_qa_queue,single grade-E discovery listing needs corroboration,Fields selected by evidence grade; every source observation remains separately auditable.
AR-81E9F2F757,Homestead Hollow Farm,homestead hollow farm,farm,unique_source_name_reviewed,AR,White,McRae,,"McRae, AR, USA",public_business_address_reviewed_for_future_reduced_precision,35.11361,-91.82247,"Beef, Eggs, Pork",Arkansas Grown member,5018270957,elvin_bradford@yahoo.com,internal_until_public_use_review,https://arfarmtoschool.org,https://www.facebook.com/profile.php?id=100064299843787,https://www.instagram.com/homesteadhollowfarms/,,False,False,False,False,False,False,False,1,arobs_fed237b99c58a04c8fac,Arkansas Department of Agriculture — Arkansas Grown directory,https://arkansasgrown.org/listing/homestead-hollow-farm/,B,2026-07-15,promotion_eligible_reviewed,,Fields selected by evidence grade; every source observation remains separately auditable.
AR-B4D5816116,Homesteaders Market,homesteaders market,farm,unique_source_name_reviewed,AR,White,Beebe,,"400 U.S. 64, Beebe, AR, USA",public_business_address_reviewed_for_future_reduced_precision,35.06999,-91.96021,"Onions, Potatoes, Vegetables",Arkansas Grown member,501-288-8330,Homesteadersmarket23@gmail.com,internal_until_public_use_review,https://arfarmtoschool.org,https://www.facebook.com/profile.php?id=100094285264278,https://www.instagram.com/arkansasgrownandmade/,,False,False,False,False,False,False,False,1,arobs_3eb2f1f293331e10fd8c,Arkansas Department of Agriculture — Arkansas Grown directory,https://arkansasgrown.org/listing/homesteaders-market/,B,2026-07-15,promotion_eligible_reviewed,,Fields selected by evidence grade; every source observation remains separately auditable.
AR-6FFE34EDBC,Horton's Produce and More,hortons produce and more,farm,unique_source_name_reviewed,AR,White,Bald Knob,72010,271 highway 167 N Bald Knob Arkansas 72010,public_business_address_reviewed_for_future_reduced_precision,35.30981,-91.56791,"Blackberries, Butter Beans, Cantaloupe, Cherry Tomatoes, Collard Greens, Cucumbers, Fruits, Okra, Peas, Peppers - Variety, Potatoes, Pumpkins, Radishes, Strawberries, Tomatoes, Turnip Greens, Vegetables, Watermelon, Yellow Squash, Zucchini",Arkansas Grown member,501-724-2600,bevbevcsm@icloud.com,internal_until_public_use_review,https://arfarmtoschool.org,https://www.facebook.com/HortonsProduceMore,https://www.instagram.com/arkansasgrownandmade/,,False,False,False,False,False,False,False,1,arobs_da626d8ebfe5b52b5705,Arkansas Department of Agriculture — Arkansas Grown directory,https://arkansasgrown.org/listing/hortons-produce-and-more/,B,2026-07-15,promotion_eligible_reviewed,,Fields selected by evidence grade; every source observation remains separately auditable.
AR-EFB36DFCAA,James Cooley,james cooley,farm,unique_source_name_reviewed,AR,White,Bald Knob,72010,,public_business_address_reviewed_for_future_reduced_precision,,,U-pick crops; agritourism,U-pick; agritourism,501-724-5630,,internal_until_public_use_review,,,,,True,False,False,False,True,False,False,1,arobs_670750c4d2215a4212d6,PickYourOwn — Central Arkansas,https://www.pickyourown.org/ARlittlerock.htm,E,2026-07-15,research_or_qa_queue,single grade-E discovery listing needs corroboration,Fields selected by evidence grade; every source observation remains separately auditable.
AR-62415A92FE,Jerry or Peggy Everett,jerry or peggy everett,farm,unique_source_name_reviewed,AR,White,El Paso,72012,,public_business_address_reviewed_for_future_reduced_precision,,,U-pick crops; agritourism,U-pick; agritourism,501-796-3722,,internal_until_public_use_review,,,,,True,False,False,False,True,False,False,1,arobs_ab271ab8c328ac62c1e5,PickYourOwn — Central Arkansas,https://www.pickyourown.org/ARlittlerock.htm,E,2026-07-15,research_or_qa_queue,single grade-E discovery listing needs corroboration,Fields selected by evidence grade; every source observation remains separately auditable.
AR-D1276DEE6D,Mother Lovers Eco Market & Homestead,mother lovers eco market and homestead,farm,unique_source_name_reviewed,AR,White,Bradford,,"340 Overlook Drive, Bradford, AR, USA",public_business_address_reviewed_for_future_reduced_precision,35.54131,-91.48559,"Flowers, Fruits, Herbs, Nuts, Vegetables, Other",Arkansas Grown member,8162846199,owner@motherloversecomarket.com,internal_until_public_use_review,http://www.motherloversecomarket.com,https://www.facebook.com/motherloversecomarket/,https://www.instagram.com/motherloversecomarket/?hl=en,,False,False,False,False,False,False,False,1,arobs_8d5983845dddd4469d2c,Arkansas Department of Agriculture — Arkansas Grown directory,https://arkansasgrown.org/listing/mother-lovers-eco-market-homestead/,B,2026-07-15,promotion_eligible_reviewed,,Fields selected by evidence grade; every source observation remains separately auditable.
AR-81B9A6B35E,Natural Food Store,natural food store,farm,unique_source_name_reviewed,AR,White,Searcy,,"500 South Main Street, Searcy, AR, USA",public_business_address_reviewed_for_future_reduced_precision,35.24505,-91.73614,"Beans, Beef, Eggs, Flowers, Honey, Microgreens",Arkansas Grown member,501-268-9585,arnfs@hotmail.com,internal_until_public_use_review,https://arfarmtoschool.org,https://www.facebook.com/arkansasgrownandmade/,https://www.instagram.com/arkansasgrownandmade/,,False,False,False,False,False,False,False,1,arobs_7619b9aa206aee34b5a3,Arkansas Department of Agriculture — Arkansas Grown directory,https://arkansasgrown.org/listing/natural-food-store/,B,2026-07-15,promotion_eligible_reviewed,,Fields selected by evidence grade; every source observation remains separately auditable.
AR-650D13EBD3,Phifer Farms LLC,phifer farms,farm,unique_source_name_reviewed,AR,White,,72010,317 Jones Dr. BaldKnob Arkansas 72010,public_business_address_reviewed_for_future_reduced_precision,35.38082,-91.63564,Beef,Arkansas Grown member,501-388-6563,phiferfarmsllc@gmail.com,internal_until_public_use_review,https://arfarmtoschool.org,https://www.facebook.com/phiferfarmsllc,https://www.instagram.com/arkansasgrownandmade/,,False,False,False,False,False,False,False,1,arobs_5a707e346c660098ec62,Arkansas Department of Agriculture — Arkansas Grown directory,https://arkansasgrown.org/listing/phifer-farms-llc/,B,2026-07-15,research_or_qa_queue,city or safe public service area missing,Fields selected by evidence grade; every source observation remains separately auditable.
AR-28A0141AA0,Poppa Jacs Peaches,poppa jacs peaches,farm,unique_source_name_reviewed,AR,White,Searcy,72143,,public_business_address_reviewed_for_future_reduced_precision,,,U-pick crops; agritourism,U-pick; agritourism,501-593-0122,,internal_until_public_use_review,,https://www.facebook.com/poppajacspeaches/,,,True,False,False,False,True,False,False,1,arobs_2a7c77655afb03151106,PickYourOwn — Central Arkansas,https://www.pickyourown.org/ARlittlerock.htm,E,2026-07-15,research_or_qa_queue,single grade-E discovery listing needs corroboration,Fields selected by evidence grade; every source observation remains separately auditable.
AR-22FA2FB67D,Powder Fork Creek Farm,powder fork creek farm,farm,unique_source_name_reviewed,AR,White,Bald Knob,,"131 Shady Lane, Bald Knob, AR, USA",public_business_address_reviewed_for_future_reduced_precision,35.33501,-91.59975,"Chicken, Eggs, Other",Arkansas Grown member,501-733-6855,PowderForkCreekFarm@gmail.com,internal_until_public_use_review,https://arfarmtoschool.org,https://www.facebook.com/PowderForkCreekFarm,https://www.instagram.com/arkansasgrownandmade/,,False,False,False,False,False,False,False,1,arobs_b9fd4cf62368de5c5d42,Arkansas Department of Agriculture — Arkansas Grown directory,https://arkansasgrown.org/listing/powder-fork-creek-farm/,B,2026-07-15,promotion_eligible_reviewed,,Fields selected by evidence grade; every source observation remains separately auditable.
AR-8A61D53AE3,Refuge Farms,refuge farms,farm,unique_source_name_reviewed,AR,White,,,"Romance, AR, USA",public_business_address_reviewed_for_future_reduced_precision,35.24071,-92.0519,"Beef, Honey",Arkansas Grown member,501-230-2030,tom.refugefarms@gmail.com,internal_until_public_use_review,https://arfarmtoschool.org,https://www.facebook.com/refugefarms.net,https://www.instagram.com/refugefarms/,,False,False,False,False,False,False,False,1,arobs_593f52ee6360002fedd3,Arkansas Department of Agriculture — Arkansas Grown directory,https://arkansasgrown.org/listing/refuge-farms/,B,2026-07-15,research_or_qa_queue,city or safe public service area missing,Fields selected by evidence grade; every source observation remains separately auditable.
AR-B3A33D3781,Richard White,richard white,farm,unique_source_name_reviewed,AR,White,McRae,,164 Crisco Rd McRae Arkansas 0,public_business_address_reviewed_for_future_reduced_precision,35.15695,-91.8485,Beef,Arkansas Grown member,501-454-3158,rowhite144@sbcglobal.net,internal_until_public_use_review,https://arfarmtoschool.org,https://www.facebook.com/arkansasgrownandmade/,https://www.instagram.com/arkansasgrownandmade/,,False,False,False,False,False,False,False,1,arobs_410839b188edd55b27c4,Arkansas Department of Agriculture — Arkansas Grown directory,https://arkansasgrown.org/listing/richard-white/,B,2026-07-15,promotion_eligible_reviewed,,Fields selected by evidence grade; every source observation remains separately auditable.
AR-0013FE33B8,Searcy Certified Farmers Market aka Main Street Searcy,searcy certified farmers market aka main street searcy,farm,unique_source_name_reviewed,AR,White,Searcy,72143,200 W. Race Avenue Searcy Arkansas 72143,public_business_address_reviewed_for_future_reduced_precision,35.25108,-91.7391,"AG education, Other",Arkansas Grown member,501-279-9007,mainstreetsearcy@gmail.com,internal_until_public_use_review,https://arfarmtoschool.org,https://www.facebook.com/,https://www.instagram.com/arkansasgrownandmade/,,False,False,False,False,False,False,False,1,arobs_d68db4e25681d4f80782,Arkansas Department of Agriculture — Arkansas Grown directory,https://arkansasgrown.org/listing/searcy-certified-farmers-market/,B,2026-07-15,promotion_eligible_reviewed,,Fields selected by evidence grade; every source observation remains separately auditable.
AR-0634363FD6,Stonewall Creek Ranch,stonewall creek ranch,farm,unique_source_name_reviewed,AR,White,Searcy,,"995 Pickens Chapel Road, Searcy, AR, USA",public_business_address_reviewed_for_future_reduced_precision,35.34822,-91.87997,Beef,Arkansas Grown member,,vacycattlecompany@gmail.com,internal_until_public_use_review,https://arfarmtoschool.org,https://www.facebook.com/people/Stonewall-Creek-Ranch/100091497706086/#,https://www.instagram.com/arkansasgrownandmade/,,False,False,False,False,False,False,False,1,arobs_ec1094167daf0e73c7f3,Arkansas Department of Agriculture — Arkansas Grown directory,https://arkansasgrown.org/listing/stonewall-creek-ranch/,B,2026-07-15,promotion_eligible_reviewed,,Fields selected by evidence grade; every source observation remains separately auditable.
AR-54232F9D9E,Stout's Farm,stouts farm,farm,unique_source_name_reviewed,AR,White,Beebe,72012,,public_business_address_reviewed_for_future_reduced_precision,,,U-pick crops; agritourism,U-pick; agritourism,501-940-1306,stoutsfarm@gmail.com,internal_until_public_use_review,,,,,True,False,False,False,True,False,False,1,arobs_08004a1cee7933b5a824,PickYourOwn — Central Arkansas,https://www.pickyourown.org/ARlittlerock.htm,E,2026-07-15,research_or_qa_queue,single grade-E discovery listing needs corroboration,Fields selected by evidence grade; every source observation remains separately auditable.
AR-06DCB30B06,Tom and Judy Riley,tom and judy riley,farm,unique_source_name_reviewed,AR,White,El Paso,,1943 Highway 64 West El Paso Arkansas 0,public_business_address_reviewed_for_future_reduced_precision,35.10991,-92.0884,Beef,Arkansas Grown member,501-796-2298,rileyfarm@windstream.net,internal_until_public_use_review,https://arfarmtoschool.org,https://www.facebook.com/arkansasgrownandmade/,https://www.instagram.com/arkansasgrownandmade/,,False,False,False,False,False,False,False,1,arobs_93afe74a782638198e88,Arkansas Department of Agriculture — Arkansas Grown directory,https://arkansasgrown.org/listing/tom-and-judy-riley/,B,2026-07-15,promotion_eligible_reviewed,,Fields selected by evidence grade; every source observation remains separately auditable.
AR-0827055574,Victorious Cross Ranch,victorious cross ranch,farm,unique_source_name_reviewed,AR,White,Bald Knob,72010,128 Anselmi Rd. Bald Knob Arkansas 72010,public_business_address_reviewed_for_future_reduced_precision,35.33859,-91.57876,"Banana Peppers - Varietys, Basil, Cherry Tomatoes, Cucumbers, Eggs, Goat, Green Onion, Kale, Milk, Peppers - Variety, Radishes, Romaine, Squash, Sweet Potatoes, Swiss Chard, Tomatoes, Vegetables, Yellow Squash, Zucchini",Arkansas Grown member,501-283-0547,victoriouscrossranch@gmail.com,internal_until_public_use_review,https://arfarmtoschool.org,https://www.facebook.com/victoriouscrossranch,https://www.instagram.com/arkansasgrownandmade/,,False,False,False,False,False,False,False,1,arobs_6038cf0575094e6b3756,Arkansas Department of Agriculture — Arkansas Grown directory,https://arkansasgrown.org/listing/victorious-cross-ranch/,B,2026-07-15,promotion_eligible_reviewed,,Fields selected by evidence grade; every source observation remains separately auditable.
AR-CB47D3B000,VW Family Farm,vw family farm,farm,unique_source_name_reviewed,AR,White,Rose Bud,72137,5415 Hwy 36 W,public_business_address_reviewed_for_future_reduced_precision,,,beef; chicken; pork; turkey; eggs,LocalHarvest Family Farm,,,internal_until_public_use_review,https://www.vwfamilyfarm.com/,http://www.facebook.com/VWFamilyFarm,,,True,False,False,False,False,False,False,1,arobs_54f2baf32f562e021272,LocalHarvest — Arkansas county-seat gap search,https://www.localharvest.org/vw-family-farm-M82053,D,2026-07-15,promotion_eligible_reviewed,,Fields selected by evidence grade; every source observation remains separately auditable.
AR-25685EB323,"Wholly Cow Farms, LLC",wholly cow farms,farm,merged_exact_name_reviewed,AR,White,Judsonia,72081,615 Graham Rd. Judsonia Arkansas 72081,public_business_address_reviewed_for_future_reduced_precision,35.40118,-91.653,Beef; beef,Arkansas Grown member; LocalHarvest Family Farm,501-593-2666,rtpace45@yahoo.com,internal_until_public_use_review,https://arfarmtoschool.org,https://www.facebook.com/whollycowfarms.co,https://www.instagram.com/arkansasgrownandmade/,,True,False,False,False,False,False,False,2,arobs_db38b8a73413c304920b | arobs_c17f60b5169d2c2172d5,Arkansas Department of Agriculture — Arkansas Grown directory | LocalHarvest — Arkansas county-seat gap search,https://arkansasgrown.org/listing/wholly-cow-farms-llc/ | https://www.localharvest.org/wholly-cow-farms-llc-M63714,B; D,2026-07-15,promotion_eligible_reviewed,,Fields selected by evidence grade; every source observation remains separately auditable.
AR-9F9E59EE03,Willowbrook Farm,willowbrook farm,farm,unique_source_name_reviewed,AR,White,Searcy,72143,211 KiKe Acres Searcy Arkansas 72143,public_business_address_reviewed_for_future_reduced_precision,35.20251,-91.77096,"Livestock, Milk, Sheep/Lamb",Arkansas Grown member,1-501-827-9988,stanjanebner@reagan.com,internal_until_public_use_review,https://arfarmtoschool.org,https://www.facebook.com/Willowbrook-Farm-1175221902549096/?ref=page_internal,https://www.instagram.com/arkansasgrownandmade/,,False,False,False,False,False,False,False,1,arobs_04f01ab50b87a89d1e8c,Arkansas Department of Agriculture — Arkansas Grown directory,https://arkansasgrown.org/listing/willowbrook-farm/,B,2026-07-15,promotion_eligible_reviewed,,Fields selected by evidence grade; every source observation remains separately auditable.
AR-0C22BB32B3,Willowbrook Farm and Sheep Dairy,willowbrook farm and sheep dairy,farm,unique_source_name_reviewed,AR,White,Searcy,,,public_business_address_reviewed_for_future_reduced_precision,,,geese; lamb; cheese; soap; wool,LocalHarvest Family Farm,(501) 827-9989,,internal_until_public_use_review,,http://www.facebook.com/Willowbrook-Farm-1175221902549096/,,,True,False,False,False,False,False,False,1,arobs_998995d754b9390d5c40,LocalHarvest — Arkansas county-seat gap search,https://www.localharvest.org/willowbrook-farm-and-sheep-dairy-M62823,D,2026-07-15,promotion_eligible_reviewed,,Fields selected by evidence grade; every source observation remains separately auditable.
AR-FF026B64AD,"B & B Legacy Farms, LLC",b and b legacy farms,farm,unique_source_name_reviewed,AR,Woodruff,McCrory,72101,PO Box 376 McCrory Arkansas 72101,public_business_address_reviewed_for_future_reduced_precision,35.2562,-91.20012,Soybeans,Arkansas Grown member,870-919-6109,info@bandblegacyfarms.com,internal_until_public_use_review,https://arfarmtoschool.org,https://www.facebook.com/BandBLegacyFarms,https://www.instagram.com/arkansasgrownandmade/,,False,False,False,False,False,False,False,1,arobs_9fa738ed4182f6bcdb50,Arkansas Department of Agriculture — Arkansas Grown directory,https://arkansasgrown.org/listing/b-b-legacy-farms-llc/,B,2026-07-15,promotion_eligible_reviewed,,Fields selected by evidence grade; every source observation remains separately auditable.
AR-F7DE44AD67,Corner Market,corner market,farm,unique_source_name_reviewed,AR,Woodruff,McCrory,,"9329 Old Highway 64th, McCrory, Arkansas, USA",public_business_address_reviewed_for_future_reduced_precision,35.2597,-91.25811,"Cucumbers, Green Beans, Green Onion, Okra, Peas, Peppers - Variety, Potatoes, Radishes, Squash, Tomatoes, Vegetables",Arkansas Grown member,501-281-0893,Smilton@centurytel.net,internal_until_public_use_review,https://arfarmtoschool.org,https://www.facebook.com/Corner-Market,https://www.instagram.com/arkansasgrownandmade/,,False,False,False,False,False,False,False,1,arobs_5463cda6e7d7641946de,Arkansas Department of Agriculture — Arkansas Grown directory,https://arkansasgrown.org/listing/corner-market/,B,2026-07-15,promotion_eligible_reviewed,,Fields selected by evidence grade; every source observation remains separately auditable.
AR-224456AE05,Peebles Farms,peebles farms,farm,unique_source_name_reviewed,AR,Woodruff,Augusta,72006,,public_business_address_reviewed_for_future_reduced_precision,,,U-pick crops; agritourism,U-pick; agritourism,870-347-2649,,internal_until_public_use_review,https://www.peeblesfarm.com,,,,True,False,False,False,True,False,False,1,arobs_c4fbb5f7352a437a3a3e,PickYourOwn — Northeast Arkansas,https://www.pickyourown.org/ARne.htm,E,2026-07-15,research_or_qa_queue,single grade-E discovery listing needs corroboration,Fields selected by evidence grade; every source observation remains separately auditable.
AR-FA41EB0E7C,Peebles Organic Farms,peebles organic farms,farm,unique_source_name_reviewed,AR,Woodruff,Augusta,72006,1352 Gregory St. Augusta Arkansas 72006,public_business_address_reviewed_for_future_reduced_precision,35.27118,-91.34983,"Corn, Edamame, Pumpkins, Rice, Soybeans, Sweet Potatoes, Watermelon, Wheat",Arkansas Grown member,870-347-6770,peeblesfarms@hotmail.com,internal_until_public_use_review,https://arfarmtoschool.org,https://www.facebook.com/Peebles-Organic-,https://www.instagram.com/arkansasgrownandmade/,,False,False,False,False,False,False,False,1,arobs_f31a6beb97d0a296285e,Arkansas Department of Agriculture — Arkansas Grown directory,https://arkansasgrown.org/listing/peebles-organic-farms/,B,2026-07-15,promotion_eligible_reviewed,,Fields selected by evidence grade; every source observation remains separately auditable.
AR-87724AE0EA,The Market at McCrory,the market at mccrory,farm,unique_source_name_reviewed,AR,Woodruff,McCrory,,"218 Edmonds Avenue, McCrory, AR, USA",public_business_address_reviewed_for_future_reduced_precision,35.25815,-91.20023,"Eggs, Flowers, Fruits, Honey, Lettuces—Variety, Melons – Variety, Tomatoes, Vegetables",Arkansas Grown member,,mccroryfarmersmarket@gmail.com,internal_until_public_use_review,https://arfarmtoschool.org,https://m.facebook.com/10064536259006,https://www.instagram.com/arkansasgrownandmade/,,False,False,False,False,False,False,False,1,arobs_0fa991c29533bf1aed71,Arkansas Department of Agriculture — Arkansas Grown directory,https://arkansasgrown.org/listing/the-market-at-mccrory/,B,2026-07-15,promotion_eligible_reviewed,,Fields selected by evidence grade; every source observation remains separately auditable.
AR-046AC2828C,Youngs market,youngs market,farm,unique_source_name_reviewed,AR,Woodruff,Cotton Plant,72036,,public_business_address_reviewed_for_future_reduced_precision,,,U-pick crops; agritourism,U-pick; agritourism,870-589-0799,Orvilley@yahoo.com,internal_until_public_use_review,,,,,True,False,False,False,True,False,False,1,arobs_68587ef23a5f746ab6a8,PickYourOwn — Northeast Arkansas,https://www.pickyourown.org/ARne.htm,E,2026-07-15,research_or_qa_queue,single grade-E discovery listing needs corroboration,Fields selected by evidence grade; every source observation remains separately auditable.
AR-346BEDB972,Forked Mountain Farms,forked mountain farms,farm,unique_source_name_reviewed,AR,Yell,Plainview,72857,"3682 Trail 86, Plainview, AR 72857, USA",public_business_address_reviewed_for_future_reduced_precision,34.87406,-93.07457,Muscadine Grapes,Arkansas Grown member,501-208-1692,pineknot2006@yahoo.com,internal_until_public_use_review,https://arfarmtoschool.org,https://www.facebook.com/forkedmtnfarms,https://www.instagram.com/arkansasgrownandmade/,,False,False,False,False,False,False,False,1,arobs_179a47e5c7a95ec4b93e,Arkansas Department of Agriculture — Arkansas Grown directory,https://arkansasgrown.org/listing/forked-mountain-farms-2/,B,2026-07-15,promotion_eligible_reviewed,,Fields selected by evidence grade; every source observation remains separately auditable.
AR-9FBBD22F20,McCool Farms,mccool farms,farm,unique_source_name_reviewed,AR,Yell,Rover,10946,10946 Hunts Cemetery Road Rover Arkansas 72860,public_business_address_reviewed_for_future_reduced_precision,34.95536,-93.41362,"Beans, Beets, Butternut Squash, Cabbage, Cantaloupe, Collard Greens, Corn, Cucumbers, Okra, Peas, Peppers - Variety, Pumpkins, Squash, Tomatoes, Watermelon",Arkansas Grown member,479-335-1729,mccoolrealty@yahoo.com,internal_until_public_use_review,https://arfarmtoschool.org,https://www.facebook.com/arkansasgrownandmade/,https://www.instagram.com/arkansasgrownandmade/,,False,False,False,False,False,False,False,1,arobs_86f7c780bf58c908ff34,Arkansas Department of Agriculture — Arkansas Grown directory,https://arkansasgrown.org/listing/mccool-farms/,B,2026-07-15,promotion_eligible_reviewed,,Fields selected by evidence grade; every source observation remains separately auditable.
AR-C745BD2802,New Dardanelle Farmers Market,new dardanelle farmers market,farm,unique_source_name_reviewed,AR,Yell,Dardanelle,72834,"501 N Front St, Dardanelle, Arkansas 72834, USA",public_business_address_reviewed_for_future_reduced_precision,35.22442,-93.15577,"Annuals, Beef, Eggs, Flowers, Fruits, Honey, Pork, Rice, Vegetables, Other",Arkansas Grown member,,brittanyholt2017@hotmail.com,internal_until_public_use_review,https://arfarmtoschool.org,https://www.facebook.com/dardanellefarmersmarket,https://www.instagram.com/arkansasgrownandmade/,,False,False,False,False,False,False,False,1,arobs_48b446dc2774a5977c8c,Arkansas Department of Agriculture — Arkansas Grown directory,https://arkansasgrown.org/listing/dardanelle-farmers-market/,B,2026-07-15,promotion_eligible_reviewed,,Fields selected by evidence grade; every source observation remains separately auditable.
AR-932F2ED825,One 11 Neighborhood Farm,one 11 neighborhood farm,farm,unique_source_name_reviewed,AR,Yell,Belleville,10710,"10710 White Ln, Belleville, AR, USA",public_business_address_reviewed_for_future_reduced_precision,35.14117,-93.44205,"Eggs, Fruits, Honey, Vegetables",Arkansas Grown member,479-222-1116,info@one11neighborhoodfarm.com,internal_until_public_use_review,,https://www.facebook.com/one11neighborhoodfarm/,https://www.instagram.com/one11neighborhoodfarm/?hl=en,,False,False,False,False,False,False,False,1,arobs_dafdfccdfc3a2ea91800,Arkansas Department of Agriculture — Arkansas Grown directory,https://arkansasgrown.org/listing/one-11-neighborhood-farm/,B,2026-07-15,promotion_eligible_reviewed,,Fields selected by evidence grade; every source observation remains separately auditable.
AR-D8AC9F4657,Schafer Acres,schafer acres,farm,unique_source_name_reviewed,AR,Yell,Dardanelle,,"Dardanelle, AR, USA",public_business_address_reviewed_for_future_reduced_precision,35.22339,-93.15651,"Beef, Chicken, Eggs",Arkansas Grown member,479-477-1854,schaferacresar@gmail.com,internal_until_public_use_review,https://arfarmtoschool.org,https://www.facebook.com/profile.php?id=100088687608687,https://www.instagram.com/arkansasgrownandmade/,,False,False,False,False,False,False,False,1,arobs_c9c47ec4a79ec8fbb339,Arkansas Department of Agriculture — Arkansas Grown directory,https://arkansasgrown.org/listing/schafer-acres/,B,2026-07-15,promotion_eligible_reviewed,,Fields selected by evidence grade; every source observation remains separately auditable.
