entity_id,farm_name,normalized_name,entity_type,identity_decision,state,county_equivalent,city,postal_code,address_internal,public_location_classification,latitude,longitude,products,business_types,phone_internal,email_internal,contact_visibility,website_url,facebook_url,instagram_url,tiktok_url,on_farm_sales,farmers_market_sales,online_sales,local_delivery,u_pick,wholesale,farm_to_school,source_observation_count,source_observation_ids,source_names,source_urls,evidence_grades,last_retrieved,promotion_status,promotion_blockers,notes
AL-0D24EA7B75,BILLY GIBBONS FARM,billy gibbons farm,farm,merged_exact_name_reviewed,AL,Autauga,Prattville,36067,1158 County Road 42,public_business_address_reviewed_for_future_reduced_precision,,,Farm products; direct-to-consumer sales,Farm stand; direct-to-consumer,334-207-4425 | 334-320-7868,billygibbonsfarm@gmail.com,internal_until_public_use_review,,,,,True,False,False,False,False,False,False,2,alobs_e20a7d10df3dbe74fe73 | alobs_38cc9131f6d3b104aad1,Alabama FMA — 2026 statewide farm-stand roster | Alabama Farmers Market Authority — farm-stand map,https://agi.alabama.gov/farmersmarket/wp-content/uploads/sites/9/2023/02/2026-statewide-redemption-sites.pdf | https://agi.alabama.gov/farmersmarket/locations/farmers-stand-location-map/,B,2026-07-15,promotion_eligible_reviewed,,Fields are selected by evidence grade; all underlying observations remain separately auditable.
AL-D520EADE9C,Brushwood Creek,brushwood creek,farm,unique_source_name_reviewed,AL,Autauga,Deatsville,36022,2132 County Road 85,public_business_address_reviewed_for_future_reduced_precision,32.5493301,-86.4399809,Goats Milk Soap and Lotions; Milk,Farm,,brushwoodcreekfarms@gmail.com,internal_until_public_use_review,https://brushwoodcreekfarm.com,https://www.facebook.com/brushwoodcreek,,,True,False,False,False,False,False,False,1,alobs_08fc8b07c522d64bc8e9,Sweet Grown Alabama — Farm members,https://www.sweetgrownalabama.org/find-sweet-grown,B,2026-07-15,promotion_eligible_reviewed,,Fields are selected by evidence grade; all underlying observations remain separately auditable.
AL-AF1BC0EB78,Camacho Bee Company,camacho bee company,farm,merged_exact_name_reviewed,AL,Autauga,Prattville,36067,165 Primrose Drive,public_business_address_reviewed_for_future_reduced_precision,32.4717675,-86.4547391,Bees; apiary products; Beeswax Products,Apiary / bee seller; Online Sales; Specialty Store; Farm,(334) 717-1521,naishacamacho@gmail.com,internal_until_public_use_review,https://www.camachobees.com,https://www.facebook.com/CamachoBees/,,,False,False,True,False,False,False,False,2,alobs_6cd0e019cfc563e0f1a0 | alobs_a96b850888f285b01f4a,Alabama Plant Protection — Beekeepers Selling Bees | Sweet Grown Alabama — Farm members,https://agi.alabama.gov/plantprotection/beeks-selling-bees/ | https://www.sweetgrownalabama.org/find-sweet-grown,B,2026-07-15,promotion_eligible_reviewed,,Fields are selected by evidence grade; all underlying observations remain separately auditable.
AL-441BA34907,CD FARM,cd farm,farm,unique_source_name_reviewed,AL,Autauga,Billingsley,36006,3731A Us Hwy 82,public_business_address_reviewed_for_future_reduced_precision,,,Farm products; direct-to-consumer sales,Farm stand; direct-to-consumer,205-615-7813,davidmaddox215@gmail.com,internal_until_public_use_review,,,,,True,False,False,False,False,False,False,1,alobs_74793e59c487fa7ff8de,Alabama Farmers Market Authority — farm-stand map,https://agi.alabama.gov/farmersmarket/locations/farmers-stand-location-map/,B,2026-07-15,promotion_eligible_reviewed,,Fields are selected by evidence grade; all underlying observations remain separately auditable.
AL-764444E5A7,CD Farms,cd farms,farm,unique_source_name_reviewed,AL,Autauga,Autauga County service area,,,public_business_address_reviewed_for_future_reduced_precision,,,Farm products; direct-to-consumer sales,Farm stand,,,internal_until_public_use_review,,,,,True,False,False,False,False,False,False,1,alobs_d60b5055112081dd1c10,Alabama FMA — 2026 statewide farm-stand roster,https://agi.alabama.gov/farmersmarket/wp-content/uploads/sites/9/2023/02/2026-statewide-redemption-sites.pdf,B,2026-07-15,promotion_eligible_reviewed,,Fields are selected by evidence grade; all underlying observations remain separately auditable.
AL-68212E3287,Chandler Farms,chandler farms,farm,unique_source_name_reviewed,AL,Autauga,Marbury,,,public_business_address_reviewed_for_future_reduced_precision,,,Beef; direct-to-consumer meat,Cattle farm; direct-sale beef,(334) 265-1867,,internal_until_public_use_review,,,,,True,False,False,False,False,False,False,1,alobs_95a5baa2fabd41062f03,Alabama Cattlemen’s Association — Bama Beef Sales Directory,https://www.bamabeef.org/p/about/bama-beef-sales-directory,D,2026-07-15,promotion_eligible_reviewed,,Fields are selected by evidence grade; all underlying observations remain separately auditable.
AL-5F9B6CB150,Dixie Organics,dixie organics,farm,unique_source_name_reviewed,AL,Autauga,Marbury,36051,1550 County Road 446,public_business_address_reviewed_for_future_reduced_precision,32.707006,-86.5333636,Blueberries,Farm,(205) 515-5600,dixieorganicsllc@gmail.com,internal_until_public_use_review,,https://www.facebook.com/share/1FwpTSfPqw/?mibextid=wwXIfr,,,False,False,False,False,False,True,False,1,alobs_e5e630ccbba20f39747c,Sweet Grown Alabama — Farm members,https://www.sweetgrownalabama.org/find-sweet-grown,B,2026-07-15,promotion_eligible_reviewed,,Fields are selected by evidence grade; all underlying observations remain separately auditable.
AL-21A4C1283B,Jones Farm,jones farm,farm,merged_exact_name_reviewed,AL,Autauga,Prattville,36067,970 Eason Brown Road,public_business_address_reviewed_for_future_reduced_precision,32.6590087,-86.607522,Beef; direct-to-consumer meat; Beans; Peas; Chicken; Hay; Okra; Pork; Sweet Corn; Watermelon,Cattle farm; direct-sale beef; Farm,(205) 755-9414,jonesfarm.jj@gmail.com,internal_until_public_use_review,,https://www.facebook.com/nipntuckfarm,https://www.instagram.com/jones_nipntuckfarm/,,True,False,False,True,False,True,False,2,alobs_d1a3ce9fb510d9a875f5 | alobs_20fc3b8056d7efe31149,Alabama Cattlemen’s Association — Bama Beef Sales Directory | Sweet Grown Alabama — Farm members,https://www.bamabeef.org/p/about/bama-beef-sales-directory | https://www.sweetgrownalabama.org/find-sweet-grown,B; D,2026-07-15,promotion_eligible_reviewed,,Fields are selected by evidence grade; all underlying observations remain separately auditable.
AL-5A63E75F61,Melina Hills Farm,melina hills farm,farm,unique_source_name_reviewed,AL,Autauga,Billingsley,36006,3462 US highway 82 West,public_business_address_reviewed_for_future_reduced_precision,,,"blueberries, chestnuts, cucumbers, figs, muscadine grapes, peaches, peppers, pomegranates, summer squash, tomatoes, Honey from hives on the farm, Fresh eggs, restrooms, picnic area you may bring your own food",U-pick; agritourism,205-280-8796,support@Melinahillsfarmapiary.com,internal_until_public_use_review,https://melinahillsfarmapiary.com/,,,,True,False,False,False,True,False,False,1,alobs_036161d7a10ab6debba2,PickYourOwn — Southeast Alabama,https://www.pickyourown.org/ALmontg.htm,D,2026-07-15,promotion_eligible_reviewed,,Fields are selected by evidence grade; all underlying observations remain separately auditable.
AL-ABBD10EBD7,Penton Farms,penton farms,farm,merged_cross_county_identity_reviewed,AL,Autauga,Verbena,36091,3595 County Road 57,public_business_address_reviewed_for_future_reduced_precision,32.7064555,-86.5597903,Farm products; direct-to-consumer sales; Peaches; vegetables; strawberries; pumpkins; U-Pick Fruit; Pumpkin Patch; Blueberries; Cantaloupe; Cucumbers; Lettuce; Okra; Peas; Peppers; Squash; Strawberries; Sweet Corn; Tomatoes; Watermelon; Pumpkins,Farm stand; direct-to-consumer; Farm; U-pick; farmers-market seller; Agritourism,(205) 351-1479,pentonfarms@gmail.com,internal_until_public_use_review,,https://www.facebook.com/pentonfarms/,https://www.instagram.com/penton_farms/,,True,True,False,False,True,True,False,3,alobs_b55b72013703e6474289 | alobs_b16ea74048c33a648bd9 | alobs_08c32577b3aff740c75a,Alabama Farmers Market Authority — farm-stand map | FarmFinder curator verification — farm-owned or authoritative evidence | Sweet Grown Alabama — Farm members,https://agi.alabama.gov/farmersmarket/locations/farmers-stand-location-map/ | https://pentonfarms.com/ | https://www.sweetgrownalabama.org/find-sweet-grown,B; C,2026-07-15,promotion_eligible_reviewed,,Fields are selected by evidence grade; all underlying observations remain separately auditable.
AL-AEE1189446,Poppy's & Patty's Blueberry Farm,poppys and pattys blueberry farm,farm,unique_source_name_reviewed,AL,Autauga,Florala,36442,2143 Al Highway 54 @ 4 Mile Marker,public_business_address_reviewed_for_future_reduced_precision,,,"Minimizes chemical and pesticide use , blueberries, Fresh eggs, U-pick and already picked",U-pick; agritourism,(334) 300-8870,hughesco2@yahoo.com,internal_until_public_use_review,,https://www.facebook.com/poppysandpattys/,,,True,False,False,False,True,False,False,1,alobs_d1bb26ebc31d5d87885b,PickYourOwn — Southeast Alabama,https://www.pickyourown.org/ALmontg.htm,D,2026-07-15,promotion_eligible_reviewed,,Fields are selected by evidence grade; all underlying observations remain separately auditable.
AL-81798D2EC4,Prattville Honey Farm,prattville honey farm,farm,unique_source_name_reviewed,AL,Autauga,Prattville,36067,332 County Road 27,public_business_address_reviewed_for_future_reduced_precision,32.3988117,-86.5366154,Beans; Blueberries; Cantaloupe; Cucumbers; Greens; Honey; Okra; Peas; Sweet Corn; Squash; Tomatoes; Watermelon,Farm,(334) 799-4845,pratthoneyfarm@yahoo.com,internal_until_public_use_review,,https://www.facebook.com/prattvillehoneyfarm,,,True,True,False,False,False,True,False,1,alobs_fb7c598a38e2ccdfeeb7,Sweet Grown Alabama — Farm members,https://www.sweetgrownalabama.org/find-sweet-grown,B,2026-07-15,promotion_eligible_reviewed,,Fields are selected by evidence grade; all underlying observations remain separately auditable.
AL-9A964BF94D,The Sunflower Field,the sunflower field,farm,unique_source_name_reviewed,AL,Autauga,Autaugaville,36003,3301 Highway 14 West,public_business_address_reviewed_for_future_reduced_precision,32.447142,-86.740252,Beef; Flowers; Fresh Cut Flowers; Watermelon,Farm; Agritourism,(334) 657-0837,aunttim@att.net,internal_until_public_use_review,https://thesunflowerfield.net,https://www.facebook.com/TheSunflowerField/,https://www.instagram.com/alabamasunflowers,,True,False,False,False,True,False,False,1,alobs_58ebee3c22f98a51ee96,Sweet Grown Alabama — Farm members,https://www.sweetgrownalabama.org/find-sweet-grown,B,2026-07-15,promotion_eligible_reviewed,,Fields are selected by evidence grade; all underlying observations remain separately auditable.
AL-E8DEC8E077,Walton Legacy Farm,walton legacy farm,farm,unique_source_name_reviewed,AL,Autauga,Prattville,36067,1544 County Road 111,public_business_address_reviewed_for_future_reduced_precision,32.606315,-86.606602,Cantaloupe; Muscadine Grapes; Watermelon; Greens; Sweet Corn; Peaches; Peas,Farm,(334) 430-6809,info@waltonlegacyfarm.com,internal_until_public_use_review,https://www.waltonlegacyfarm.com,,,,True,False,False,True,True,False,False,1,alobs_e8503ff29c3c3a1ed868,Sweet Grown Alabama — Farm members,https://www.sweetgrownalabama.org/find-sweet-grown,B,2026-07-15,promotion_eligible_reviewed,,Fields are selected by evidence grade; all underlying observations remain separately auditable.
AL-6FD0067571,Alan Norden,alan norden,farm,unique_source_name_reviewed,AL,Baldwin,Silverhill,36576,16370 4th Avenue,public_business_address_reviewed_for_future_reduced_precision,,,"Grapes, red & white, muscadines",U-pick; agritourism,(251) 945-5232,beekeeper@gulftel.com,internal_until_public_use_review,,,,,True,False,False,False,True,False,False,1,alobs_feb308b320ce2617b2db,PickYourOwn — Southwest Alabama,https://www.pickyourown.org/ALmobile.htm,D,2026-07-15,promotion_eligible_reviewed,,Fields are selected by evidence grade; all underlying observations remain separately auditable.
AL-7044BA7FCF,B's Bees,bs bees,farm,merged_exact_name_reviewed,AL,Baldwin,Loxley,36551,29970 County Road 49,public_business_address_reviewed_for_future_reduced_precision,30.661542,-87.7584584,Bees; apiary products; Honey,Apiary / bee seller; Farm,(251) 964-0559,"brandon@bsbees.com, becka@bsbees.com",internal_until_public_use_review,https://bsbees.com,https://www.facebook.com/BeckasBees,https://www.instagram.com/bs_bees/,,False,False,True,False,False,False,False,2,alobs_3893744ce466d41bc1c9 | alobs_d01efad9d08ce8e52017,Alabama Plant Protection — Beekeepers Selling Bees | Sweet Grown Alabama — Farm members,https://agi.alabama.gov/plantprotection/beeks-selling-bees/ | https://www.sweetgrownalabama.org/find-sweet-grown,B,2026-07-15,promotion_eligible_reviewed,,Fields are selected by evidence grade; all underlying observations remain separately auditable.
AL-2C037AEFED,BALDWIN BLUEBERRIES,baldwin blueberries,farm,merged_exact_name_reviewed,AL,Baldwin,Loxley,36551,27608 County Road 65,public_business_address_reviewed_for_future_reduced_precision,,,"Farm products; direct-to-consumer sales; U-pick crops; agritourism; No pesticides are used , blueberries, U-pick and already picked",Farm stand; Agritourism; U-pick; agritourism,251-234-0444,capnpete15@gmail.com,internal_until_public_use_review,,https://www.facebook.com/groups/1789217138048939,,,True,False,False,False,True,False,False,3,alobs_e7153447478973faf5db | alobs_d8e2b285cc41fa03f779 | alobs_4c3f06479d62f1da4e78,Alabama FMA — 2026 statewide farm-stand roster | Alabama Farmers Market Authority — u-pick map | PickYourOwn — Southwest Alabama,https://agi.alabama.gov/farmersmarket/wp-content/uploads/sites/9/2023/02/2026-statewide-redemption-sites.pdf | https://agi.alabama.gov/farmersmarket/locations/u-pick-location-map/ | https://www.pickyourown.org/ALmobile.htm,B; D,2026-07-15,promotion_eligible_reviewed,,Fields are selected by evidence grade; all underlying observations remain separately auditable.
AL-67689465C7,Bama Wagyu,bama wagyu,farm,unique_source_name_reviewed,AL,Baldwin,Robertsdale,36367,23710 County Road 87,public_business_address_reviewed_for_future_reduced_precision,30.5684644,-87.57979019999999,Beef,Farm,(858) 663-1379,Eugenefernandes11@outlook.com,internal_until_public_use_review,,https://www.facebook.com/profile.php?id=100057627482869&locale=nl_BE,,,True,True,False,True,False,True,False,1,alobs_87fff291524554774551,Sweet Grown Alabama — Farm members,https://www.sweetgrownalabama.org/find-sweet-grown,B,2026-07-15,promotion_eligible_reviewed,,Fields are selected by evidence grade; all underlying observations remain separately auditable.
AL-C72A4BE870,Bartl Farms,bartl farms,farm,unique_source_name_reviewed,AL,Baldwin,Robertsdale,36567,25118 Truck Route 17,public_business_address_reviewed_for_future_reduced_precision,30.7098519,-87.59589729999999,Beef; Corn (Field),Farm; Specialty Store,(251) 752-8801,bartlfarmsgateswood@gmail.com,internal_until_public_use_review,https://bartlfarms.com,https://www.facebook.com/bartlfarms,,,True,False,False,False,False,False,False,1,alobs_2886e5e4d6c36e1fbe77,Sweet Grown Alabama — Farm members,https://www.sweetgrownalabama.org/find-sweet-grown,B,2026-07-15,promotion_eligible_reviewed,,Fields are selected by evidence grade; all underlying observations remain separately auditable.
AL-35B0C8369C,"Bayou Cora Farms, LLC",bayou cora farms,farm,unique_source_name_reviewed,AL,Baldwin,Foley,36535,7389 Magnolia Springs Highway,public_business_address_reviewed_for_future_reduced_precision,30.331911,-87.77004800000002,"Corn (Field); Grits, cornmeal, flour",Farm,(251) 233-7487,bayoucorafarms@gmail.com,internal_until_public_use_review,https://www.bayoucorafarms.com/,https://www.facebook.com/bayoucorafarms,https://www.instagram.com/bayoucorafarms/,,False,False,True,False,False,True,False,1,alobs_e67c2d59ebd85954b87f,Sweet Grown Alabama — Farm members,https://www.sweetgrownalabama.org/find-sweet-grown,B,2026-07-15,promotion_eligible_reviewed,,Fields are selected by evidence grade; all underlying observations remain separately auditable.
AL-70796DB705,Bee Natural Farm,bee natural farm,farm,unique_source_name_reviewed,AL,Baldwin,Fairhope,36532,9711 Twin Beech Road,public_business_address_reviewed_for_future_reduced_precision,,,"Uses natural growing practices , blueberries,",U-pick; agritourism,251-367-3238,Beenaturalfarm549@gmail.com,internal_until_public_use_review,,,,,True,False,False,False,True,False,False,1,alobs_393105022a213349f8c7,PickYourOwn — Southwest Alabama,https://www.pickyourown.org/ALmobile.htm,D,2026-07-15,promotion_eligible_reviewed,,Fields are selected by evidence grade; all underlying observations remain separately auditable.
AL-D476A15F42,Cassebaum Farms Inc,cassebaum farms,farm,unique_source_name_reviewed,AL,Baldwin,Lillian,36549,12949 County Road 91,public_business_address_reviewed_for_future_reduced_precision,30.414235,-87.4816357,Cantaloupe; Cucumbers; Pecans; Squash; Tomatoes; Watermelon; Okra; Peas; Peppers; Strawberries; Sweet Corn,Farm,(251) 269-7057,hop3c@yahoo.com,internal_until_public_use_review,,https://www.facebook.com/cassebaumsweetcorn/,,,False,True,False,False,False,False,False,1,alobs_604d84534dd6ac164924,Sweet Grown Alabama — Farm members,https://www.sweetgrownalabama.org/find-sweet-grown,B,2026-07-15,promotion_eligible_reviewed,,Fields are selected by evidence grade; all underlying observations remain separately auditable.
AL-F9678378B3,Coastal Honey Farm,coastal honey farm,farm,unique_source_name_reviewed,AL,Baldwin,Lillian,36549,10099 County Road 91,public_business_address_reviewed_for_future_reduced_precision,30.3716266,-87.481421,Honey,Online Sales; Farm,(251) 284-0711,coastalhoneyfarm@yahoo.com,internal_until_public_use_review,https://www.thecoastalhoneyfarm.com,https://www.facebook.com/CoastalHoneyFarm/,https://Instagram.com/coastalhoneyfarm,,True,False,False,False,False,True,False,1,alobs_5f3d0865903cde430fab,Sweet Grown Alabama — Farm members,https://www.sweetgrownalabama.org/find-sweet-grown,B,2026-07-15,promotion_eligible_reviewed,,Fields are selected by evidence grade; all underlying observations remain separately auditable.
AL-654A9B4F61,Cowpen Creek Farms,cowpen creek farms,farm,unique_source_name_reviewed,AL,Baldwin,Robertsdale,,,public_business_address_reviewed_for_future_reduced_precision,,,Beef; direct-to-consumer meat,Cattle farm; direct-sale beef,251-597-0897,,internal_until_public_use_review,,,,,True,False,False,False,False,False,False,1,alobs_354ecdebed3fda5dea3a,Alabama Cattlemen’s Association — Bama Beef Sales Directory,https://www.bamabeef.org/p/about/bama-beef-sales-directory,D,2026-07-15,promotion_eligible_reviewed,,Fields are selected by evidence grade; all underlying observations remain separately auditable.
AL-33A9C67840,Double J Farms,double j farms,farm,unique_source_name_reviewed,AL,Baldwin,Spanish Fort,36527,33507A US Highway 31,public_business_address_reviewed_for_future_reduced_precision,30.7143055,-87.81179470000001,Sheep; Lamb,Farm,(251) 625-2519,doublejfarms2@gmail.com,internal_until_public_use_review,,https://www.facebook.com/profile.php?id=100067318254195,,,True,False,False,True,False,True,False,1,alobs_088c0bc8d9e320b076d0,Sweet Grown Alabama — Farm members,https://www.sweetgrownalabama.org/find-sweet-grown,B,2026-07-15,promotion_eligible_reviewed,,Fields are selected by evidence grade; all underlying observations remain separately auditable.
AL-23B89009EE,F. E. Little,f e little,farm,unique_source_name_reviewed,AL,Baldwin,Foley,36535,20750 Miflin Road,public_business_address_reviewed_for_future_reduced_precision,,,"Mayhaws, blackberries, figs, beets, table tomatoes, white & red potatoes",U-pick; agritourism,251-943-2548,,internal_until_public_use_review,,,,,True,False,False,False,True,False,False,1,alobs_a6fe6969966faeb25f7a,PickYourOwn — Southwest Alabama,https://www.pickyourown.org/ALmobile.htm,D,2026-07-15,promotion_eligible_reviewed,,Fields are selected by evidence grade; all underlying observations remain separately auditable.
AL-38A3F61B0E,Fairhope Salt Company,fairhope salt company,farm,unique_source_name_reviewed,AL,Baldwin,Fairhope,36532,509 Fairhope Avenue,public_business_address_reviewed_for_future_reduced_precision,30.5235984,-87.8998998,Dry Rubs/Spices,Farm,(251) 751-5307,trey@fairhopesaltcompany.com,internal_until_public_use_review,https://fairhopesaltcompany.com,https://www.facebook.com/profile.php?id=61583294109331,https://www.instagram.com/fairhopesalt?fbclid=IwY2xjawP7ZjtleHRuA2FlbQIxMABicmlkETJ2UGxXdklwYnhrRVl6TThac3J0YwZhcHBfaWQQMjIyMDM5MTc4ODIwMDg5MgABHuBcYh6w8NsK0wbI-PRUBxjTJPeGf2WipQKHFTufzpG0KNph-GiQ8uyKAg2c_aem_DA9uXpGGJoAxkcnNADpOqQ,,False,False,True,False,False,False,False,1,alobs_df44c269f11650dc8932,Sweet Grown Alabama — Farm members,https://www.sweetgrownalabama.org/find-sweet-grown,B,2026-07-15,promotion_eligible_reviewed,,Fields are selected by evidence grade; all underlying observations remain separately auditable.
AL-6B23EB7F70,Fernandes Farms,fernandes farms,farm,unique_source_name_reviewed,AL,Baldwin,Robertsdale,,,public_business_address_reviewed_for_future_reduced_precision,,,Beef; direct-to-consumer meat,Cattle farm; direct-sale beef,858-663-1379,,internal_until_public_use_review,,,,,True,False,False,False,False,False,False,1,alobs_8fa175e8866b30ab303f,Alabama Cattlemen’s Association — Bama Beef Sales Directory,https://www.bamabeef.org/p/about/bama-beef-sales-directory,D,2026-07-15,promotion_eligible_reviewed,,Fields are selected by evidence grade; all underlying observations remain separately auditable.
AL-B98FAE883A,Forland Family Farm,forland family farm,farm,unique_source_name_reviewed,AL,Baldwin,Loxley,36551,16910 Thompson Road,public_business_address_reviewed_for_future_reduced_precision,30.579897,-87.73532999999999,Greens; Eggs; Pecans; Squash; Tomatoes; Blueberries; Cucumbers; Watermelon; Sweet Corn; Jams/Jellies; Okra; Peaches; Peas,Online Sales; Farm,(251) 709-4469,forlandfamilyfarm@gmail.com,internal_until_public_use_review,https://app.barn2door.com/e/5aZkY/all,https://www.facebook.com/FarmerForland/,https://www.instagram.com/forlandfamilymarket/,,False,True,True,True,False,False,False,1,alobs_24dc4611a80cce66c1ea,Sweet Grown Alabama — Farm members,https://www.sweetgrownalabama.org/find-sweet-grown,B,2026-07-15,promotion_eligible_reviewed,,Fields are selected by evidence grade; all underlying observations remain separately auditable.
AL-4A129318B1,Gardner's Berry Farm,gardners berry farm,farm,merged_exact_name_reviewed,AL,Baldwin,Robertsdale,36567,21909 County Road 68 North,public_business_address_reviewed_for_future_reduced_precision,30.649785,-87.649709,"Farm products; direct-to-consumer sales; U-pick crops; agritourism; Minimizes chemical and pesticide use , blackberries, blueberries, U-pick and already picked, WiFi is available, Cell service cell phones work here; U-Pick Fruit; Blackberries; Blueberries",Farm stand; Agritourism; U-pick; agritourism; Farm,(251) 597-5456,lawrenceg@gulftel.com,internal_until_public_use_review,http://www.gardnersberryfarm.com,https://www.facebook.com/Gardners-Berry-Farm-1441898306045272,,,True,False,False,False,True,False,False,4,alobs_1cdd641ad640faed6110 | alobs_50d3d4259de748616269 | alobs_b18e76d1c2ff696622a9 | alobs_da1f4142d408a052d203,Alabama FMA — 2026 statewide farm-stand roster | Alabama Farmers Market Authority — u-pick map | PickYourOwn — Southwest Alabama | Sweet Grown Alabama — Farm members,https://agi.alabama.gov/farmersmarket/wp-content/uploads/sites/9/2023/02/2026-statewide-redemption-sites.pdf | https://agi.alabama.gov/farmersmarket/locations/u-pick-location-map/ | https://www.pickyourown.org/ALmobile.htm | https://www.sweetgrownalabama.org/find-sweet-grown,B; D,2026-07-15,promotion_eligible_reviewed,,Fields are selected by evidence grade; all underlying observations remain separately auditable.
AL-596C62B191,Hillcrest Farm & Vineyard,hillcrest farm and vineyard,farm,unique_source_name_reviewed,AL,Baldwin,Baldwin County service area,,,public_business_address_reviewed_for_future_reduced_precision,,,Bees; apiary products,Apiary / bee seller,251-269-5642,,internal_until_public_use_review,,,,,False,False,False,False,False,False,False,1,alobs_1165b83f17b248b19c84,Alabama Plant Protection — Beekeepers Selling Bees,https://agi.alabama.gov/plantprotection/beeks-selling-bees/,B,2026-07-15,promotion_eligible_reviewed,,Fields are selected by evidence grade; all underlying observations remain separately auditable.
AL-21C52945ED,HILLCREST FARMS,hillcrest farm,farm,merged_exact_name_reviewed,AL,Baldwin,Elberta,36530,30497 Hixson Rd,public_business_address_reviewed_for_future_reduced_precision,,,"Farm products; direct-to-consumer sales; U-pick crops; agritourism; blueberries, flowers, zinnias. muscadine grapes, muscadines, Honey from hives on the farm, Fresh eggs, concessions or refreshment stand, restrooms, picnic area, farm animals, birthday parties",Farm stand; Agritourism; U-pick; agritourism,251-962-2500,HILLCRESTFARMUPICK@YAHOO.COM,internal_until_public_use_review,,https://www.facebook.com/hillcrestfarmalabama,,,True,False,False,False,True,False,False,3,alobs_d82ee6bb0421677e5a30 | alobs_f669912c80285e485146 | alobs_1f75d7d382545e5e5999,Alabama FMA — 2026 statewide farm-stand roster | Alabama Farmers Market Authority — u-pick map | PickYourOwn — Southwest Alabama,https://agi.alabama.gov/farmersmarket/wp-content/uploads/sites/9/2023/02/2026-statewide-redemption-sites.pdf | https://agi.alabama.gov/farmersmarket/locations/u-pick-location-map/ | https://www.pickyourown.org/ALmobile.htm,B; D,2026-07-15,promotion_eligible_reviewed,,Fields are selected by evidence grade; all underlying observations remain separately auditable.
AL-FE5403FCBB,Lillian Cattle Company,lillian cattle company,farm,unique_source_name_reviewed,AL,Baldwin,Elberta,36530,14325 County Road 91,public_business_address_reviewed_for_future_reduced_precision,30.4335075,-87.48092659999999,Beef; Pumpkin Patch,Farm; Agritourism,(251) 221-0740,LillianCattleCompany@gmail.com,internal_until_public_use_review,,https://www.facebook.com/LillianCattleCompany,,,True,False,True,True,False,True,False,1,alobs_e33fca79d5760f6d32ef,Sweet Grown Alabama — Farm members,https://www.sweetgrownalabama.org/find-sweet-grown,B,2026-07-15,promotion_eligible_reviewed,,Fields are selected by evidence grade; all underlying observations remain separately auditable.
AL-B501AFEA4D,LOXLEY FARM MARKET,loxley farm market,farm,merged_exact_name_reviewed,AL,Baldwin,Loxley,36551,16910 Thompson Rd,public_business_address_reviewed_for_future_reduced_precision,,,Farm products; direct-to-consumer sales,Farm stand; direct-to-consumer,251-654-3813 | 251-709-4469,loxleyfarmmarket@gmail.com,internal_until_public_use_review,,,,,True,False,False,False,False,False,False,2,alobs_8e651968ca7bcf2eb462 | alobs_ddf8c8c8b03853e124f5,Alabama FMA — 2026 statewide farm-stand roster | Alabama Farmers Market Authority — farm-stand map,https://agi.alabama.gov/farmersmarket/wp-content/uploads/sites/9/2023/02/2026-statewide-redemption-sites.pdf | https://agi.alabama.gov/farmersmarket/locations/farmers-stand-location-map/,B,2026-07-15,promotion_eligible_reviewed,,Fields are selected by evidence grade; all underlying observations remain separately auditable.
AL-9378E4F34F,Lyrene's Blueberry Farm,lyrenes blueberry farm,farm,merged_exact_name_reviewed,AL,Baldwin,Fairhope,36532,11911A St Hwy 104,public_business_address_reviewed_for_future_reduced_precision,,,"Farm products; direct-to-consumer sales; U-pick crops; agritourism; blueberries, U-pick and already picked | 11911-a State Highway 104, Fairhope, AL 36532.",Farm stand; Agritourism; U-pick; agritourism,251-752-1842,lyrene11@outlook.com,internal_until_public_use_review,,https://www.facebook.com/lyrenesblueberries,,,True,False,False,False,True,False,False,3,alobs_8db18b6f8f9a6b2c385c | alobs_040424260a8d81689164 | alobs_5de97141e4f4c6da92d8,Alabama FMA — 2026 statewide farm-stand roster | Alabama Farmers Market Authority — u-pick map | PickYourOwn — Southwest Alabama,https://agi.alabama.gov/farmersmarket/wp-content/uploads/sites/9/2023/02/2026-statewide-redemption-sites.pdf | https://agi.alabama.gov/farmersmarket/locations/u-pick-location-map/ | https://www.pickyourown.org/ALmobile.htm,B; D,2026-07-15,promotion_eligible_reviewed,,Fields are selected by evidence grade; all underlying observations remain separately auditable.
AL-62E2055AE3,McKenzie Farm Market,mckenzie farm market,farm,merged_exact_name_reviewed,AL,Baldwin,Fairhope,36532,17558 Greeno Rd,public_business_address_reviewed_for_future_reduced_precision,,,Farm products; direct-to-consumer sales,Farm stand; direct-to-consumer,251-278-4669,mckenziefarmsal@gmail.com,internal_until_public_use_review,,,,,True,False,False,False,False,False,False,2,alobs_ecf39895b409809a14f0 | alobs_548d0ab68a8b48b4e16d,Alabama FMA — 2026 statewide farm-stand roster | Alabama Farmers Market Authority — farm-stand map,https://agi.alabama.gov/farmersmarket/wp-content/uploads/sites/9/2023/02/2026-statewide-redemption-sites.pdf | https://agi.alabama.gov/farmersmarket/locations/farmers-stand-location-map/,B,2026-07-15,promotion_eligible_reviewed,,Fields are selected by evidence grade; all underlying observations remain separately auditable.
AL-E7873BB352,McKenzie Farms LLC,mckenzie farms,farm,unique_source_name_reviewed,AL,Baldwin,Fairhope,36532,17558 Greeno Road,public_business_address_reviewed_for_future_reduced_precision,30.4802936,-87.87933129999999,Watermelon; Cabbage; Potatoes,Farm,(251) 379-6102,,internal_until_public_use_review,https://mckenziefarmmarket.com,https://www.facebook.com/mckenziefarmmarket/,,,False,True,False,False,False,True,False,1,alobs_97a716fd64c85dbeda48,Sweet Grown Alabama — Farm members,https://www.sweetgrownalabama.org/find-sweet-grown,B,2026-07-15,promotion_eligible_reviewed,,Fields are selected by evidence grade; all underlying observations remain separately auditable.
AL-B56002730D,Meadowlark Farms of Fairhope,meadowlark farms of fairhope,farm,unique_source_name_reviewed,AL,Baldwin,Fairhope,36532,12562 Mary Ann Beach Road,public_business_address_reviewed_for_future_reduced_precision,,,"Uses natural growing practices , blueberries, concessions or refreshment stand, restrooms",U-pick; agritourism,(256) 617-0467,info@meadowlarkfarmsoffairhope.com,internal_until_public_use_review,,https://www.facebook.com/MeadowlarkFarmsofFairhope,,,True,False,False,False,True,False,False,1,alobs_aace8cde93920b6bd2e1,PickYourOwn — Southwest Alabama,https://www.pickyourown.org/ALmobile.htm,D,2026-07-15,promotion_eligible_reviewed,,Fields are selected by evidence grade; all underlying observations remain separately auditable.
AL-CD9B17C0EA,Norden & Sons,norden and sons,farm,unique_source_name_reviewed,AL,Baldwin,Baldwin County service area,,,public_business_address_reviewed_for_future_reduced_precision,,,Farm products; direct-to-consumer sales,Farm stand,,,internal_until_public_use_review,,,,,True,False,False,False,False,False,False,1,alobs_0408db9b4ceeec235cdb,Alabama FMA — 2026 statewide farm-stand roster,https://agi.alabama.gov/farmersmarket/wp-content/uploads/sites/9/2023/02/2026-statewide-redemption-sites.pdf,B,2026-07-15,promotion_eligible_reviewed,,Fields are selected by evidence grade; all underlying observations remain separately auditable.
AL-683B67245C,NORDEN & SONS FARM,norden and sons farm,farm,unique_source_name_reviewed,AL,Baldwin,Silverhill,36576,16370 4Th Ave,public_business_address_reviewed_for_future_reduced_precision,,,U-pick crops; agritourism,Agritourism; U-pick,251-284-0076,alan.r.norden@gmail.com,internal_until_public_use_review,,,,,True,False,False,False,True,False,False,1,alobs_ce5b1cc3ac7287c47bdc,Alabama Farmers Market Authority — u-pick map,https://agi.alabama.gov/farmersmarket/locations/u-pick-location-map/,B,2026-07-15,promotion_eligible_reviewed,,Fields are selected by evidence grade; all underlying observations remain separately auditable.
AL-13BB7336B2,Ole’ House Farms,ole house farms,farm,unique_source_name_reviewed,AL,Baldwin,Loxley,36551,4164 East Union Street,public_business_address_reviewed_for_future_reduced_precision,30.6180864,-87.74794159999999,Cucumbers; Potatoes; Peas; Squash; Sweet Corn; Watermelon,Farm,(251) 979-4159,tkw101@gulftel.com,internal_until_public_use_review,,https://www.facebook.com/Ole-House-Farms-364514044101880,,,True,True,False,False,False,False,False,1,alobs_921619eb2a5011976fe1,Sweet Grown Alabama — Farm members,https://www.sweetgrownalabama.org/find-sweet-grown,B,2026-07-15,promotion_eligible_reviewed,,Fields are selected by evidence grade; all underlying observations remain separately auditable.
AL-F32291AE2A,PEEBLES FARM,peebles farm,farm,merged_exact_name_reviewed,AL,Baldwin,Lillian,36549,11850 County Road 91,public_business_address_reviewed_for_future_reduced_precision,,,"U-pick crops; agritourism; No pesticides are used , blackberries, blueberries, U-pick and already picked | County Road 91, Lillian, AL 36549.",Agritourism; U-pick; agritourism,251-494-4730,saphondo@hotmail.com,internal_until_public_use_review,,,,,True,False,False,False,True,False,False,2,alobs_b982f7ec12321476af9b | alobs_c94d3460638311e02ccb,Alabama Farmers Market Authority — u-pick map | PickYourOwn — Southwest Alabama,https://agi.alabama.gov/farmersmarket/locations/u-pick-location-map/ | https://www.pickyourown.org/ALmobile.htm,B; D,2026-07-15,promotion_eligible_reviewed,,Fields are selected by evidence grade; all underlying observations remain separately auditable.
AL-4C2D32F007,PERDIDO VINEYARDS,perdido vineyards,farm,merged_exact_name_reviewed,AL,Baldwin,Perdido,36562,22100 County Road 47,public_business_address_reviewed_for_future_reduced_precision,,,Farm products; direct-to-consumer sales; U-pick crops; agritourism,Farm stand; Agritourism; U-pick,251-937-9463,,internal_until_public_use_review,https://WWW.PERDIDOVINEYARDS.COM,,,,True,False,False,False,True,False,False,2,alobs_9dfa0eda294e3a56ed47 | alobs_a440474a37a31f5804a4,Alabama FMA — 2026 statewide farm-stand roster | Alabama Farmers Market Authority — u-pick map,https://agi.alabama.gov/farmersmarket/wp-content/uploads/sites/9/2023/02/2026-statewide-redemption-sites.pdf | https://agi.alabama.gov/farmersmarket/locations/u-pick-location-map/,B,2026-07-15,promotion_eligible_reviewed,,Fields are selected by evidence grade; all underlying observations remain separately auditable.
AL-C5FD0C06E9,Price Pecan Farm,price pecan farm,farm,unique_source_name_reviewed,AL,Baldwin,Lillian,36549,11500 George Price Lane,public_business_address_reviewed_for_future_reduced_precision,30.3935918,-87.4711348,Pecans,Farm,(251) 504-6574,jason@pricepecanfarm.com,internal_until_public_use_review,,https://www.facebook.com/alabamapecans,,,True,False,True,False,False,True,False,1,alobs_0cf5bd05711c2c8a9084,Sweet Grown Alabama — Farm members,https://www.sweetgrownalabama.org/find-sweet-grown,B,2026-07-15,promotion_eligible_reviewed,,Fields are selected by evidence grade; all underlying observations remain separately auditable.
AL-C7D473CD73,Purely Pastured Farm,purely pastured farm,farm,unique_source_name_reviewed,AL,Baldwin,Foley,36535,14190 Joe Norris Lane,public_business_address_reviewed_for_future_reduced_precision,30.4315491,-87.7504277,Chicken; Pork; Eggs,Farm,2512281534,benford51@yahoo.com,internal_until_public_use_review,https://www.purelypasturedfarm.com,https://www.facebook.com/PurelyPastured,https://www.instagram.com/purelypasturedfarm/,,True,False,True,False,False,False,True,1,alobs_2c64d146a3bb89106bfb,Sweet Grown Alabama — Farm members,https://www.sweetgrownalabama.org/find-sweet-grown,B,2026-07-15,promotion_eligible_reviewed,,Fields are selected by evidence grade; all underlying observations remain separately auditable.
AL-60FC1D846C,Quail Creek Blueberry & Flower Farm,quail creek blueberry and flower farm,farm,unique_source_name_reviewed,AL,Baldwin,Fairhope,36532,19710 Lawrence Road,public_business_address_reviewed_for_future_reduced_precision,30.5123497,-87.83453159999999,Blueberries; Flowers; Fresh Cut Flowers; U-Pick Fruit,Farm; Agritourism,(225) 931-5206,markstarks@cox.net,internal_until_public_use_review,,https://www.facebook.com/profile.php?id=61582217337193,,,True,False,False,False,True,False,False,1,alobs_48c3a806f8b2cc8f6d74,Sweet Grown Alabama — Farm members,https://www.sweetgrownalabama.org/find-sweet-grown,B,2026-07-15,promotion_eligible_reviewed,,Fields are selected by evidence grade; all underlying observations remain separately auditable.
AL-E3A9ABA5A8,Reeves (James Reeves) Farm,reeves james reeves farm,farm,unique_source_name_reviewed,AL,Baldwin,Stapleton,36578,34605 U S Highway 31,public_business_address_reviewed_for_future_reduced_precision,,,"blackberries, blueberries, figs, muscadine grapes, strawberries,",U-pick; agritourism,251-232-0572,reeve528@bellsouth.net,internal_until_public_use_review,,https://www.facebook.com/Seasonsinthesunfarms,,,True,False,False,False,True,False,False,1,alobs_f744d7c15fb18c1b799f,PickYourOwn — Southwest Alabama,https://www.pickyourown.org/ALmobile.htm,D,2026-07-15,promotion_eligible_reviewed,,Fields are selected by evidence grade; all underlying observations remain separately auditable.
AL-96524E2234,Silverhill Satsumas,silverhill satsumas,farm,unique_source_name_reviewed,AL,Baldwin,Point Clear,36564,P.O. Box 1212,public_business_address_reviewed_for_future_reduced_precision,30.4722614,-87.9052171,Satsumas,Farm,(251) 454-7517,silverhill.satsumas@gmail.com,internal_until_public_use_review,,,,,True,False,False,False,False,False,True,1,alobs_696175d707c09be4d033,Sweet Grown Alabama — Farm members,https://www.sweetgrownalabama.org/find-sweet-grown,B,2026-07-15,promotion_eligible_reviewed,,Fields are selected by evidence grade; all underlying observations remain separately auditable.
AL-2208CF9412,Sirmon Farms,sirmon farms,farm,unique_source_name_reviewed,AL,Baldwin,Daphne,36526,25359 County Road 54 East,public_business_address_reviewed_for_future_reduced_precision,30.595043,-87.827868,Lettuce; Sweet Potatoes; Cotton/Cotton Products; Peanuts,Farm,(251) 621-1532,pbsirmon@aol.com,internal_until_public_use_review,https://sirmonfarms.com/,https://www.facebook.com/profile.php?id=100063621210493,https://www.instagram.com/sirmonfarm/,,False,False,False,False,False,True,False,1,alobs_03c140965ea102fa029e,Sweet Grown Alabama — Farm members,https://www.sweetgrownalabama.org/find-sweet-grown,B,2026-07-15,promotion_eligible_reviewed,,Fields are selected by evidence grade; all underlying observations remain separately auditable.
AL-12B5101F95,Slay's Nursery,slays nursery,farm,unique_source_name_reviewed,AL,Baldwin,Elberta,36530,30090 Kichler Lane,public_business_address_reviewed_for_future_reduced_precision,30.4373643,-87.51348139999999,Container Plants/Greenhouse & Nursery Products/Shrubs/Etc.,Farm,(251) 986-8632,slaysnursery@gmail.com,internal_until_public_use_review,,https://www.facebook.com/slaysnursery,,,True,False,False,False,False,True,False,1,alobs_07dcabee735d1c88e2ca,Sweet Grown Alabama — Farm members,https://www.sweetgrownalabama.org/find-sweet-grown,B,2026-07-15,promotion_eligible_reviewed,,Fields are selected by evidence grade; all underlying observations remain separately auditable.
AL-B3EE621914,Warrior Legacy Ranch,warrior legacy ranch,farm,unique_source_name_reviewed,AL,Baldwin,Robertsdale,36567,22163 Creekfront Drive,public_business_address_reviewed_for_future_reduced_precision,30.5454632,-87.63708799999999,Chicken; Eggs; Lamb; Honey,Farm,(937) 570-7325,patrick@warriorlegacyranch.org,internal_until_public_use_review,https://www.warriorlegacyranch.org,https://www.facebook.com/WarriorLegacyRanch,https://www.instagram.com/warriorlegacyranch?utm_source=ig_web_button_share_sheet&igsh=ZDNlZDc0MzIxNw==,https://l.facebook.com/l.php?u=https%3A%2F%2Ftiktok.com%2F%40warriorlegacyranch%3Ffbclid%3DIwZXh0bgNhZW0CMTAAYnJpZBExNktlQjdQaGFpOWJaa2c2MnNydGMGYXBwX2lkEDIyMjAzOTE3ODgyMDA4OTIAAR59LOe3rAz0gSnadyDqfFt15zRDNiSou74Zx9pzSjMzb7_u6uWtCsUGRNPrJA_aem_ZpkboRsxndHhtmT16MBiCw&h=AT4b9sLqjtZRVpKmSEJpBVXsOckgq26qIqVT9V1mYc-qjjDRcDEjuKbn3O6IPm1oP-nx8Kc-r_NoLHMg1sJUwnePp6ft2Vb0lrjbGeBa0wVpz7DCvxN3dgdcGymReHIbXw,True,False,False,False,False,False,False,1,alobs_791c1da56e949825c38d,Sweet Grown Alabama — Farm members,https://www.sweetgrownalabama.org/find-sweet-grown,B,2026-07-15,promotion_eligible_reviewed,,Fields are selected by evidence grade; all underlying observations remain separately auditable.
AL-6293A00A5C,Waters Farm,waters farm,farm,unique_source_name_reviewed,AL,Baldwin,Robertsdale,,,public_business_address_reviewed_for_future_reduced_precision,,,Beef; direct-to-consumer meat,Cattle farm; direct-sale beef,,,internal_until_public_use_review,,,,,True,False,False,False,False,False,False,1,alobs_1e496f5332d16156cbf8,Alabama Cattlemen’s Association — Bama Beef Sales Directory,https://www.bamabeef.org/p/about/bama-beef-sales-directory,D,2026-07-15,promotion_eligible_reviewed,,Fields are selected by evidence grade; all underlying observations remain separately auditable.
AL-F768020B80,"Weeks Bay Plantation (aka, LA Berry Farms)",weeks bay plantation aka la berry farms,farm,unique_source_name_reviewed,AL,Baldwin,Fairhope,36532,12562 Mary Ann Beach Rd,public_business_address_reviewed_for_future_reduced_precision,,,"blueberries,",U-pick; agritourism,(251) 928-7786,Admin@weeksbayplantation.com,internal_until_public_use_review,https://laberryfarms.com/location/,https://www.facebook.com/WeeksBayPlantation/,,,True,False,False,False,True,False,False,1,alobs_599c9fa3e0285572c59c,PickYourOwn — Southwest Alabama,https://www.pickyourown.org/ALmobile.htm,D,2026-07-15,promotion_eligible_reviewed,,Fields are selected by evidence grade; all underlying observations remain separately auditable.
AL-A263824849,Woerner Farms,woerner farms,farm,unique_source_name_reviewed,AL,Baldwin,Foley,36535,110 East Azalea Avenue,public_business_address_reviewed_for_future_reduced_precision,30.3989861,-87.6817779,Turfgrass,Farm,(833) 963-7637,info@woerner.com,internal_until_public_use_review,https://www.woerner.com,https://www.facebook.com/woernerfarm,https://www.instagram.com/woernerfarms?fbclid=IwY2xjawPkqkVleHRuA2FlbQIxMABicmlkETFSbmFwTHZvaDB0RnJzVVBEc3J0YwZhcHBfaWQQMjIyMDM5MTc4ODIwMDg5MgABHkjO7xecgP_wr7fslOnAu_347SG0_7lwTVzZko6tRhBrhtDzgG8VBl1QG2mK_aem_cICNOcGKI6W3bX7UU1GOLg,,True,False,True,True,False,True,False,1,alobs_37d08920df133a003da6,Sweet Grown Alabama — Farm members,https://www.sweetgrownalabama.org/find-sweet-grown,B,2026-07-15,promotion_eligible_reviewed,,Fields are selected by evidence grade; all underlying observations remain separately auditable.
AL-3A1F62C87B,Zimlich Ideal Farms,zimlich ideal farms,farm,unique_source_name_reviewed,AL,Baldwin,Robertsdale,36567,21790 Ranchette Road,public_business_address_reviewed_for_future_reduced_precision,,,"vegetables (call to find out which are PYO), farm market, farm fresh eggs",U-pick; agritourism,251-947-8819,waynezimlich@gulftel.com,internal_until_public_use_review,,,,,True,False,False,False,True,False,False,1,alobs_80198de5f9a9cc64b4d8,PickYourOwn — Southwest Alabama,https://www.pickyourown.org/ALmobile.htm,D,2026-07-15,promotion_eligible_reviewed,,Fields are selected by evidence grade; all underlying observations remain separately auditable.
AL-1B117D5E19,Backyard Orchards,backyard orchards,farm,merged_exact_name_reviewed,AL,Barbour,Eufaula,36027,6585 Highway 431 N,public_business_address_reviewed_for_future_reduced_precision,,,Farm products; direct-to-consumer sales; U-pick crops; agritourism,Farm stand; direct-to-consumer; Agritourism; U-pick; agritourism,334-370-6490 | 334-695-5875,backyardorchards@hotmail.com,internal_until_public_use_review,https://www.backyardorchards.com,https://www.facebook.com/backyardrorchardseufaula,,,True,False,False,False,True,False,False,3,alobs_f4a2cac5ab6163c5cbe8 | alobs_60d6e281f27a861be8ce | alobs_fa108584cf263224546b,Alabama Farmers Market Authority — farm-stand map | Alabama Farmers Market Authority — u-pick map | PickYourOwn — Southeast Alabama,https://agi.alabama.gov/farmersmarket/locations/farmers-stand-location-map/ | https://agi.alabama.gov/farmersmarket/locations/u-pick-location-map/ | https://www.pickyourown.org/ALmontg.htm,B; D,2026-07-15,promotion_eligible_reviewed,,Fields are selected by evidence grade; all underlying observations remain separately auditable.
AL-D8186CC2EF,Boot Hill Farms,boot hill farms,farm,unique_source_name_reviewed,AL,Barbour,Louisville,,,public_business_address_reviewed_for_future_reduced_precision,,,Beef; direct-to-consumer meat,Cattle farm; direct-sale beef,334-695-5865,,internal_until_public_use_review,,,,,True,False,False,False,False,False,False,1,alobs_9afbb61fc1a7ba279846,Alabama Cattlemen’s Association — Bama Beef Sales Directory,https://www.bamabeef.org/p/about/bama-beef-sales-directory,D,2026-07-15,promotion_eligible_reviewed,,Fields are selected by evidence grade; all underlying observations remain separately auditable.
AL-6B3448E652,Britton Fresh Produce,britton fresh produce,farm,unique_source_name_reviewed,AL,Barbour,Eufaula,36027,534 Gammage Road,public_business_address_reviewed_for_future_reduced_precision,31.9623756,-85.1463041,Okra; Peas; Sweet Corn; Tomatoes; Squash; Watermelon; Peppers,Farm,(334) 621-8460,brittonfarm2020@gmail.com,internal_until_public_use_review,,,,,True,False,False,True,False,False,False,1,alobs_38660c07bbcddac94bbc,Sweet Grown Alabama — Farm members,https://www.sweetgrownalabama.org/find-sweet-grown,B,2026-07-15,promotion_eligible_reviewed,,Fields are selected by evidence grade; all underlying observations remain separately auditable.
AL-826CFB7098,Family Roots Market Farm,family roots market farm,farm,unique_source_name_reviewed,AL,Barbour,Louisville,36048,496 Alex Shipman Road,public_business_address_reviewed_for_future_reduced_precision,31.72968,-85.629797,Peppers; Pumpkins; Baked Goods; Eggs; Jams/Jellies; Okra; Blueberries; Beans; Tomatoes; Chicken; Corn (Field); Muscadine Grapes; Peas; Pears; Squash; Cucumbers; Sweet Corn,Farm,(334) 355-1102,FamilyRootsMarketFarm@gmail.com,internal_until_public_use_review,,https://www.facebook.com/profile.php?id=61557674009349,,,False,True,False,False,False,False,False,1,alobs_b1d9a9328fcc8faa3601,Sweet Grown Alabama — Farm members,https://www.sweetgrownalabama.org/find-sweet-grown,B,2026-07-15,promotion_eligible_reviewed,,Fields are selected by evidence grade; all underlying observations remain separately auditable.
AL-0C18157143,J-SAW Farms,j saw farms,farm,unique_source_name_reviewed,AL,Barbour,Ariton,36311,792 River Road,public_business_address_reviewed_for_future_reduced_precision,31.6677569,-85.69484290000001,Corn (Field); Peppers; Sweet Corn; Fresh Cut Flowers; Okra; Greens,Farm,(334) 790-5648,mhp1127@gmail.com,internal_until_public_use_review,,,,,False,False,False,True,False,False,False,1,alobs_5250d1bd52f885d843a0,Sweet Grown Alabama — Farm members,https://www.sweetgrownalabama.org/find-sweet-grown,B,2026-07-15,promotion_eligible_reviewed,,Fields are selected by evidence grade; all underlying observations remain separately auditable.
AL-7C219624E7,Lake City Produce/Buddy's,lake city produce buddys,farm,merged_exact_name_reviewed,AL,Barbour,Eufaula,36027,444 Mlk Blvd,public_business_address_reviewed_for_future_reduced_precision,,,Farm products; direct-to-consumer sales,Farm stand; direct-to-consumer,334-687-2106 | 334-689-3227,,internal_until_public_use_review,,,,,True,False,False,False,False,False,False,2,alobs_096e3baeb74b2cfaea8d | alobs_bf7a8a8d311ca34aa66c,Alabama FMA — 2026 statewide farm-stand roster | Alabama Farmers Market Authority — farm-stand map,https://agi.alabama.gov/farmersmarket/wp-content/uploads/sites/9/2023/02/2026-statewide-redemption-sites.pdf | https://agi.alabama.gov/farmersmarket/locations/farmers-stand-location-map/,B,2026-07-15,promotion_eligible_reviewed,,Fields are selected by evidence grade; all underlying observations remain separately auditable.
AL-61FC1BD41D,HighRoad Beefmasters,highroad beefmasters,farm,unique_source_name_reviewed,AL,Bibb,West Blocton,,,public_business_address_reviewed_for_future_reduced_precision,,,Beef; direct-to-consumer meat,Cattle farm; direct-sale beef,205-784-5054,,internal_until_public_use_review,,,,,True,False,False,False,False,False,False,1,alobs_ae20a06ae6436afc1c90,Alabama Cattlemen’s Association — Bama Beef Sales Directory,https://www.bamabeef.org/p/about/bama-beef-sales-directory,D,2026-07-15,promotion_eligible_reviewed,,Fields are selected by evidence grade; all underlying observations remain separately auditable.
AL-1FF1988758,Jeremy Bearden's Produce and Cattle,jeremy beardens produce and cattle,farm,unique_source_name_reviewed,AL,Bibb,West Blocton,35184,228 Bearden Lane,public_business_address_reviewed_for_future_reduced_precision,33.1092496,-87.1428799,Beef; Hay; Sweet Corn,Farm,(205) 286-1067,jeremy6110@gmail.com,internal_until_public_use_review,,https://www.facebook.com/profile.php?id=100083376390552,,,True,False,False,False,False,False,False,1,alobs_96f307e614d0b4b4cdcf,Sweet Grown Alabama — Farm members,https://www.sweetgrownalabama.org/find-sweet-grown,B,2026-07-15,promotion_eligible_reviewed,,Fields are selected by evidence grade; all underlying observations remain separately auditable.
AL-4D4695355E,K&D U-Pick Blueberries,k and d u pick blueberries,farm,unique_source_name_reviewed,AL,Bibb,Woodstock,35188,658 Townsend Rd,public_business_address_reviewed_for_future_reduced_precision,,,"blueberries, U-pick and already picked, group reservations",U-pick; agritourism,(205) 602-7802,kanddfarm@gmail.com,internal_until_public_use_review,,https://www.facebook.com/kdblueberries,,,True,False,False,False,True,False,False,1,alobs_7a7bf628238cc5b0ffae,PickYourOwn — Central Alabama,https://www.pickyourown.org/ALbham.htm,D,2026-07-15,promotion_eligible_reviewed,,Fields are selected by evidence grade; all underlying observations remain separately auditable.
AL-811EDC98C1,The Vogel Farms,the vogel farms,farm,unique_source_name_reviewed,AL,Bibb,Brierfield,35035,5067 West Ashby Road,public_business_address_reviewed_for_future_reduced_precision,,,"blueberries, U-pick and already picked, picnic area you may bring your own food",U-pick; agritourism,205-915-2932,avogel75@hotmail.com,internal_until_public_use_review,,https://www.facebook.com/The-Vogel-Farm-LLC-210921272274461/,,,True,False,False,False,True,False,False,1,alobs_45af39dca793b5853487,PickYourOwn — Central Alabama,https://www.pickyourown.org/ALbham.htm,D,2026-07-15,promotion_eligible_reviewed,,Fields are selected by evidence grade; all underlying observations remain separately auditable.
AL-6AC02D3D66,Allman Farms & Orchards,allman farms and orchards,farm,unique_source_name_reviewed,AL,Blount,Oneonta,35121,6866 County Highway 29,public_business_address_reviewed_for_future_reduced_precision,,,Farm products; direct-to-consumer sales,Farm stand; direct-to-consumer,205-274-8448,theallmanfarms@gmail.com,internal_until_public_use_review,https://www.allmanfarms.com,,,,True,False,False,False,False,False,False,1,alobs_0ed494a0d893c25e2da5,Alabama Farmers Market Authority — farm-stand map,https://agi.alabama.gov/farmersmarket/locations/farmers-stand-location-map/,B,2026-07-15,promotion_eligible_reviewed,,Fields are selected by evidence grade; all underlying observations remain separately auditable.
AL-63B577219C,Amy&DanielAllman–Allman Farms &,amy and danielallman allman farms and,farm,unique_source_name_reviewed,AL,Blount,Blount County service area,,,public_business_address_reviewed_for_future_reduced_precision,,,Farm products; direct-to-consumer sales,Farm stand,,,internal_until_public_use_review,,,,,True,False,False,False,False,False,False,1,alobs_c610ffdeeed52bacdb23,Alabama FMA — 2026 statewide farm-stand roster,https://agi.alabama.gov/farmersmarket/wp-content/uploads/sites/9/2023/02/2026-statewide-redemption-sites.pdf,B,2026-07-15,promotion_eligible_reviewed,,Fields are selected by evidence grade; all underlying observations remain separately auditable.
AL-A8FCC430B4,Baty Farm,baty farm,farm,unique_source_name_reviewed,AL,Blount,Cleveland,35049,400 Baty Road,public_business_address_reviewed_for_future_reduced_precision,,,"blueberries,",U-pick; agritourism,205-559-7711,batyfarmproduce@gmail.com,internal_until_public_use_review,,https://www.facebook.com/batyfarmlocalproduce/,,,True,False,False,False,True,False,False,1,alobs_db1ae01a88bee09b0017,PickYourOwn — Central Alabama,https://www.pickyourown.org/ALbham.htm,D,2026-07-15,promotion_eligible_reviewed,,Fields are selected by evidence grade; all underlying observations remain separately auditable.
AL-E5ED40D1DD,Baty U-Pick,baty u pick,farm,unique_source_name_reviewed,AL,Blount,Blount County service area,,,public_business_address_reviewed_for_future_reduced_precision,,,Farm products; direct-to-consumer sales,Farm stand,,,internal_until_public_use_review,,,,,True,False,False,False,False,False,False,1,alobs_07da0121c63ea3efc057,Alabama FMA — 2026 statewide farm-stand roster,https://agi.alabama.gov/farmersmarket/wp-content/uploads/sites/9/2023/02/2026-statewide-redemption-sites.pdf,B,2026-07-15,promotion_eligible_reviewed,,Fields are selected by evidence grade; all underlying observations remain separately auditable.
AL-840EFFC43A,Blackburn Fork Farm,blackburn fork farm,farm,unique_source_name_reviewed,AL,Blount,Oneonta,35121,934 Fred Walker Road,public_business_address_reviewed_for_future_reduced_precision,,,Pastured livestock and/or farm products; see source profile,Pastured-product farm; direct sales,205-828-8174,info@blackburnforkfarm.com,internal_until_public_use_review,https://blackburnforkfarm.com/,https://www.facebook.com/blackburnforkfarm/,https://www.instagram.com/blackburnforkfarm,,True,False,False,False,False,False,False,1,alobs_5118edcf4aa68d6d7fd4,EatWild Alabama directory,https://www.eatwild.com/products/alabama.html,D,2026-07-15,promotion_eligible_reviewed,,Fields are selected by evidence grade; all underlying observations remain separately auditable.
AL-EF34EFF56C,Cutting G Farms,cutting g farms,farm,unique_source_name_reviewed,AL,Blount,Cleveland,35049,871 Five Points Road,public_business_address_reviewed_for_future_reduced_precision,,,"strawberries,",U-pick; agritourism,(205) 446-7760,cuttinggfarms@gmail.com,internal_until_public_use_review,,https://www.facebook.com/profile.php?id=61553107551565,,,True,False,False,False,True,False,False,1,alobs_60c515d61ecf468cbbb0,PickYourOwn — Central Alabama,https://www.pickyourown.org/ALbham.htm,D,2026-07-15,promotion_eligible_reviewed,,Fields are selected by evidence grade; all underlying observations remain separately auditable.
AL-7A0129CAB1,Grey Goat Farms,grey goat farms,farm,unique_source_name_reviewed,AL,Blount,Oneonta,,,public_business_address_reviewed_for_future_reduced_precision,33.9481537,-86.472764,Fresh Cut Flowers,Farm,,greygoatfarms@gmail.com,internal_until_public_use_review,https://www.greygoatfarms.com,,https://www.instagram.com/greygoatfarms/?fbclid=IwY2xjawKB0qZleHRuA2FlbQIxMABicmlkETF6T09vcmJ2VzF3R1BZdEhKAR68XHCRH867gmFZqRNf24iKF8PJStZZYiExXlTPHE-6AlMrqGLfgbEJYy7LeA_aem_Ea7NR_eYw1bIzwOrmP87_Q,,False,True,False,False,False,True,False,1,alobs_f6fc5da6d38c262bc31f,Sweet Grown Alabama — Farm members,https://www.sweetgrownalabama.org/find-sweet-grown,B,2026-07-15,promotion_eligible_reviewed,,Fields are selected by evidence grade; all underlying observations remain separately auditable.
AL-2AA69D66A2,Hazelrig Orchards,hazelrig orchards,farm,unique_source_name_reviewed,AL,Blount,Cleveland,35049,64235 Highway 231,public_business_address_reviewed_for_future_reduced_precision,34.0156289,-86.5781216,"Acidified Foods* (Pickles, Salsas, Relishes); Blueberries; Beans; Cucumbers; Dry Rubs/Spices; Peanuts; Peas; Sweet Corn; Plums; Apples; Jams/Jellies; Pears; Strawberries; Cantaloupe; Honey; Okra; Peaches; Squash; Peppers; Tomatoes; Watermelon; Sauces/Condiments; Sweet Potatoes",Farm,(205) 274-8936,hazelrigorchards@gmail.com,internal_until_public_use_review,,https://www.facebook.com/profile.php?id=100048569961905,,,True,True,False,False,False,False,False,1,alobs_c820634f3db53b453ae5,Sweet Grown Alabama — Farm members,https://www.sweetgrownalabama.org/find-sweet-grown,B,2026-07-15,promotion_eligible_reviewed,,Fields are selected by evidence grade; all underlying observations remain separately auditable.
AL-7EFED90633,Jerry Marsh Farm,jerry marsh farm,farm,merged_exact_name_reviewed,AL,Blount,Cleveland,35049,234 Marsh Cutoff Rd,public_business_address_reviewed_for_future_reduced_precision,,,"Farm products; direct-to-consumer sales; U-pick crops; agritourism; Muscadines, grapes, strawberries, vegetables | MMarsh Cutoff Road, Box 234, Cleveland, AL 35049.",Farm stand; direct-to-consumer; Agritourism; U-pick; agritourism,205-681-8514,tewing1@aol.com,internal_until_public_use_review,,https://www.facebook.com/JerryMarshFarms,,,True,False,False,False,True,False,False,3,alobs_cc46132c04e88d867b81 | alobs_87a31f6bfee4fe7a1881 | alobs_b1fb1da949437e356951,Alabama Farmers Market Authority — farm-stand map | Alabama Farmers Market Authority — u-pick map | PickYourOwn — Central Alabama,https://agi.alabama.gov/farmersmarket/locations/farmers-stand-location-map/ | https://agi.alabama.gov/farmersmarket/locations/u-pick-location-map/ | https://www.pickyourown.org/ALbham.htm,B; D,2026-07-15,promotion_eligible_reviewed,,Fields are selected by evidence grade; all underlying observations remain separately auditable.
AL-CC70B44036,JerryMarsh Farm Stand,jerrymarsh farm stand,farm,unique_source_name_reviewed,AL,Blount,Blount County service area,,,public_business_address_reviewed_for_future_reduced_precision,,,Farm products; direct-to-consumer sales,Farm stand,,,internal_until_public_use_review,,,,,True,False,False,False,False,False,False,1,alobs_175bb39186bfdccac33d,Alabama FMA — 2026 statewide farm-stand roster,https://agi.alabama.gov/farmersmarket/wp-content/uploads/sites/9/2023/02/2026-statewide-redemption-sites.pdf,B,2026-07-15,promotion_eligible_reviewed,,Fields are selected by evidence grade; all underlying observations remain separately auditable.
AL-A5FEE962A0,Miller Farms,miller farms,farm,unique_source_name_reviewed,AL,Blount,Arab,35016,1531 New Harmony Road,public_business_address_reviewed_for_future_reduced_precision,34.2401185,-86.4993793,Beans; Cucumbers; Cantaloupe; Peas; Pumpkins; Strawberries; Squash; U-Pick Fruit; Container Plants/Greenhouse & Nursery Products/Shrubs/Etc.; Greens; Hay; Microgreens; Fresh Cut Flowers; Peppers; Tomatoes; Watermelon,Farm,(256) 302-9274,mmiller712@msn.com,internal_until_public_use_review,https://millerfarms-alabama.com,,,,True,False,False,False,True,False,False,1,alobs_13585dc1bed768cf38bc,Sweet Grown Alabama — Farm members,https://www.sweetgrownalabama.org/find-sweet-grown,B,2026-07-15,promotion_eligible_reviewed,,Fields are selected by evidence grade; all underlying observations remain separately auditable.
AL-3F091AC80C,Moody Family Farm,moody family farm,farm,unique_source_name_reviewed,AL,Blount,Oneonta,35121,3311 Ellen Street,public_business_address_reviewed_for_future_reduced_precision,,,"No pesticides are used , blueberries, U-pick and already picked",U-pick; agritourism,205-559-2809,moodyfarms1489@gmail.com,internal_until_public_use_review,,https://www.facebook.com/Moody-Farms-509147189163246,,,True,False,False,False,True,False,False,1,alobs_3af8addadd7c6cfaa70a,PickYourOwn — Central Alabama,https://www.pickyourown.org/ALbham.htm,D,2026-07-15,promotion_eligible_reviewed,,Fields are selected by evidence grade; all underlying observations remain separately auditable.
AL-F485AEB36F,Rocky Hollow Charolais,rocky hollow charolais,farm,unique_source_name_reviewed,AL,Blount,Blountsville,35031,1980 Suttles Road,public_business_address_reviewed_for_future_reduced_precision,34.1694584,-86.485863,Beef,Farm,(205) 281-3267,melamartin@gmail.com,internal_until_public_use_review,,https://www.facebook.com/RHCharolais,https://www.instagram.com/rockyhollowcharolais/,,True,False,False,True,False,False,False,1,alobs_15e69b628677daae78ab,Sweet Grown Alabama — Farm members,https://www.sweetgrownalabama.org/find-sweet-grown,B,2026-07-15,promotion_eligible_reviewed,,Fields are selected by evidence grade; all underlying observations remain separately auditable.
AL-7664EE5BC1,Sleepy Hollow Blueberry Farm,sleepy hollow blueberry farm,farm,unique_source_name_reviewed,AL,Blount,Hayden,35079,877 Sleepy Hollow Road,public_business_address_reviewed_for_future_reduced_precision,,,"No pesticides are used , blueberries, muscadine grapes",U-pick; agritourism,205-647-7678,Sleepyhollowblueberryfarm@gmail.com,internal_until_public_use_review,,https://www.facebook.com/Sleepy-Hollow-Blueberry-Farm-366268398840,,,True,False,False,False,True,False,False,1,alobs_cd1e774166168cf562f3,PickYourOwn — Central Alabama,https://www.pickyourown.org/ALbham.htm,D,2026-07-15,promotion_eligible_reviewed,,Fields are selected by evidence grade; all underlying observations remain separately auditable.
AL-690DB40989,TRINA'S U-PICK STRAWBERRIES,trinas u pick strawberries,farm,unique_source_name_reviewed,AL,Blount,Blountsville,35031,78409 Hwy 278,public_business_address_reviewed_for_future_reduced_precision,,,U-pick crops; agritourism,Agritourism; U-pick,256-385-6772,edwardsmith1731@att.net,internal_until_public_use_review,,,,,True,False,False,False,True,False,False,1,alobs_f7b7a43c9f4a33bbb03c,Alabama Farmers Market Authority — u-pick map,https://agi.alabama.gov/farmersmarket/locations/u-pick-location-map/,B,2026-07-15,promotion_eligible_reviewed,,Fields are selected by evidence grade; all underlying observations remain separately auditable.
AL-77A029136F,Whited Farms,whited farms,farm,merged_exact_name_reviewed,AL,Blount,Cleveland,35049,3034 Five Points Road,public_business_address_reviewed_for_future_reduced_precision,34.0234952,-86.5437621,Farm products; direct-to-consumer sales; Beans; Blueberries; Cantaloupe; Cucumbers; Sweet Potatoes; Greens; Okra; Peaches; Peas; Watermelon; Squash; Strawberries; Tomatoes,Farm stand; Farm,(205) 919-9134,mhwhited@otelco.net,internal_until_public_use_review,,https://www.facebook.com/WhitedFarmProduce/,,,True,True,False,False,False,False,False,2,alobs_6eea96f5cd682bca26e7 | alobs_8901f9c54d0f4d9ce796,Alabama FMA — 2026 statewide farm-stand roster | Sweet Grown Alabama — Farm members,https://agi.alabama.gov/farmersmarket/wp-content/uploads/sites/9/2023/02/2026-statewide-redemption-sites.pdf | https://www.sweetgrownalabama.org/find-sweet-grown,B,2026-07-15,promotion_eligible_reviewed,,Fields are selected by evidence grade; all underlying observations remain separately auditable.
AL-A82421F414,WHITED FARMS STORE,whited farms store,farm,unique_source_name_reviewed,AL,Blount,Oneonta,35122,321 1St Ave E,public_business_address_reviewed_for_future_reduced_precision,,,Farm products; direct-to-consumer sales,Farm stand; direct-to-consumer,205-353-1199,wadewhited@icloud.com,internal_until_public_use_review,,,,,True,False,False,False,False,False,False,1,alobs_4356a1588aa0f3a8b2e4,Alabama Farmers Market Authority — farm-stand map,https://agi.alabama.gov/farmersmarket/locations/farmers-stand-location-map/,B,2026-07-15,promotion_eligible_reviewed,,Fields are selected by evidence grade; all underlying observations remain separately auditable.
AL-4D7048D118,Witt Farms,witt farms,farm,unique_source_name_reviewed,AL,Blount,Blount County service area,,,public_business_address_reviewed_for_future_reduced_precision,,,Farm products; direct-to-consumer sales,Farm stand,,,internal_until_public_use_review,,,,,True,False,False,False,False,False,False,1,alobs_dc53e6360da2c86c3c17,Alabama FMA — 2026 statewide farm-stand roster,https://agi.alabama.gov/farmersmarket/wp-content/uploads/sites/9/2023/02/2026-statewide-redemption-sites.pdf,B,2026-07-15,promotion_eligible_reviewed,,Fields are selected by evidence grade; all underlying observations remain separately auditable.
AL-A80C2AC213,4C Farms,4c farms,farm,unique_source_name_reviewed,AL,Bullock,Fitzpatrick,36029,5392 County Road 7,public_business_address_reviewed_for_future_reduced_precision,32.1191859,-85.90703359999999,Butter; Jams/Jellies; Eggs; Milk,Farm,(334) 300-7840,melitacantey@yahoo.com,internal_until_public_use_review,,https://www.facebook.com/profile.php?id=61576293873877,,,True,True,False,True,False,False,False,1,alobs_1d8523b701f1a9da4412,Sweet Grown Alabama — Farm members,https://www.sweetgrownalabama.org/find-sweet-grown,B,2026-07-15,promotion_eligible_reviewed,,Fields are selected by evidence grade; all underlying observations remain separately auditable.
AL-4B024824B1,Bullock County Nutrition Ctr,bullock county nutrition ctr,farm,merged_exact_name_reviewed,AL,Bullock,Union Springs,36089,204 Baskin St N,public_business_address_reviewed_for_future_reduced_precision,,,Farm products; direct-to-consumer sales,Farm stand; direct-to-consumer,334-339-1384,ged2liz9@live.com,internal_until_public_use_review,,,,,True,False,False,False,False,False,False,2,alobs_acab822ba262bf8371fb | alobs_2a5f4dd8d6443a2fc694,Alabama FMA — 2026 statewide farm-stand roster | Alabama Farmers Market Authority — farm-stand map,https://agi.alabama.gov/farmersmarket/wp-content/uploads/sites/9/2023/02/2026-statewide-redemption-sites.pdf | https://agi.alabama.gov/farmersmarket/locations/farmers-stand-location-map/,B,2026-07-15,promotion_eligible_reviewed,,Fields are selected by evidence grade; all underlying observations remain separately auditable.
AL-A62D5798D1,Donald Hall-Hall’s Produce,donald hall halls produce,farm,unique_source_name_reviewed,AL,Bullock,Bullock County service area,,,public_business_address_reviewed_for_future_reduced_precision,,,Farm products; direct-to-consumer sales,Farm stand,,,internal_until_public_use_review,,,,,True,False,False,False,False,False,False,1,alobs_9e3fe3613b91bfcb5aa5,Alabama FMA — 2026 statewide farm-stand roster,https://agi.alabama.gov/farmersmarket/wp-content/uploads/sites/9/2023/02/2026-statewide-redemption-sites.pdf,B,2026-07-15,promotion_eligible_reviewed,,Fields are selected by evidence grade; all underlying observations remain separately auditable.
AL-139C60D1E3,HALL'S PRODUCE,halls produce,farm,unique_source_name_reviewed,AL,Bullock,Union Springs,36089,9192 Highway 223,public_business_address_reviewed_for_future_reduced_precision,,,Farm products; direct-to-consumer sales,Farm stand; direct-to-consumer,334-399-9679,,internal_until_public_use_review,,,,,True,False,False,False,False,False,False,1,alobs_58d4ef0bae9129d32c2c,Alabama Farmers Market Authority — farm-stand map,https://agi.alabama.gov/farmersmarket/locations/farmers-stand-location-map/,B,2026-07-15,promotion_eligible_reviewed,,Fields are selected by evidence grade; all underlying observations remain separately auditable.
AL-F6CF2F6B60,Locklar Produce,locklar produce,farm,unique_source_name_reviewed,AL,Bullock,Union Springs,36089,63 County Road 114,public_business_address_reviewed_for_future_reduced_precision,,,Farm products; direct-to-consumer sales,Farm stand; direct-to-consumer,334-738-2214,,internal_until_public_use_review,,,,,True,False,False,False,False,False,False,1,alobs_45e3af34da2b5a445113,Alabama Farmers Market Authority — farm-stand map,https://agi.alabama.gov/farmersmarket/locations/farmers-stand-location-map/,B,2026-07-15,promotion_eligible_reviewed,,Fields are selected by evidence grade; all underlying observations remain separately auditable.
AL-6C8E4C6219,Locklar’s Farm,locklars farm,farm,unique_source_name_reviewed,AL,Bullock,Bullock County service area,,,public_business_address_reviewed_for_future_reduced_precision,,,Farm products; direct-to-consumer sales,Farm stand,,,internal_until_public_use_review,,,,,True,False,False,False,False,False,False,1,alobs_2b92f071e8d81812462d,Alabama FMA — 2026 statewide farm-stand roster,https://agi.alabama.gov/farmersmarket/wp-content/uploads/sites/9/2023/02/2026-statewide-redemption-sites.pdf,B,2026-07-15,promotion_eligible_reviewed,,Fields are selected by evidence grade; all underlying observations remain separately auditable.
AL-FBEB297A16,The Traveling Farmacy,the traveling farmacy,farm,unique_source_name_reviewed,AL,Bullock,Union Springs,36089,1781 County Road 58,public_business_address_reviewed_for_future_reduced_precision,32.0054141,-85.8541745,Beef; Beef Tallow; Cucumbers; Eggs; Honey; Fresh Cut Flowers; Hay; Pork; Peppers; Pumpkins; Sweet Corn,Farm,(334) 399-3585,thetravelingfarmacy@gmail.com,internal_until_public_use_review,https://thetravelingfarmacy.com,https://www.facebook.com/thetravelingfarmacy/,https://www.instagram.com/thetravelingfarmacy/,https://www.tiktok.com/@thetravelingfarmacy,True,False,True,True,False,True,False,1,alobs_36cf8b0cb9727d1477f0,Sweet Grown Alabama — Farm members,https://www.sweetgrownalabama.org/find-sweet-grown,B,2026-07-15,promotion_eligible_reviewed,,Fields are selected by evidence grade; all underlying observations remain separately auditable.
AL-433075393F,Berry Hill Farm and Vineyard,berry hill farm and vineyard,farm,unique_source_name_reviewed,AL,Butler,Greenville,36037,6934 Luverne Highway,public_business_address_reviewed_for_future_reduced_precision,31.8004213,-86.5210055,U-Pick Fruit; Blackberries; Pears; Gourds; Cucumbers; Pecans; Jams/Jellies; Sweet Corn; Muscadine Grapes; Peppers; Tomatoes; Apples; Fresh Cut Flowers; Kiwi; Blueberries; Watermelon,Farm; Agritourism,(334) 235-4030,dannycpollard51@gmail.com,internal_until_public_use_review,,https://www.facebook.com/profile.php?id=61559866210418,,,True,True,True,False,True,False,False,1,alobs_003d44a584810baf3fd3,Sweet Grown Alabama — Farm members,https://www.sweetgrownalabama.org/find-sweet-grown,B,2026-07-15,promotion_eligible_reviewed,,Fields are selected by evidence grade; all underlying observations remain separately auditable.
AL-8733530CAD,Brooks Berry Farm,brooks berry farm,farm,unique_source_name_reviewed,AL,Butler,Greenville,36037,3055 Pineapple Hwy,public_business_address_reviewed_for_future_reduced_precision,31.81502739999999,-86.6728759,Blackberries; Blueberries; Honey; Muscadine Grapes; Pears; Strawberries; Kiwi; Peaches; Mushrooms,Agritourism; Farm,(334) 507-8867,tiffanybrooks8867@gmail.com,internal_until_public_use_review,,,,,True,False,False,False,True,False,False,1,alobs_173da0d4e6ec8244e58e,Sweet Grown Alabama — Farm members,https://www.sweetgrownalabama.org/find-sweet-grown,B,2026-07-15,promotion_eligible_reviewed,,Fields are selected by evidence grade; all underlying observations remain separately auditable.
AL-D77AA04220,Double P Farms,double p farms,farm,unique_source_name_reviewed,AL,Butler,Georgiana,36033,2172 Brushy Creek Road,public_business_address_reviewed_for_future_reduced_precision,31.6485638,-86.6527313,Blueberries; Peas; Watermelon; Pine Trees; Sweet Corn; Tomatoes; Squash,Farm,(334) 406-0429,doublepfarmsalabama@gmail.com,internal_until_public_use_review,,https://www.facebook.com/profile.php?id=100092526560244,,,True,False,False,False,False,False,False,1,alobs_408cfbc12f8dadbdd0f7,Sweet Grown Alabama — Farm members,https://www.sweetgrownalabama.org/find-sweet-grown,B,2026-07-15,promotion_eligible_reviewed,,Fields are selected by evidence grade; all underlying observations remain separately auditable.
AL-F1BD7A31FA,Flying Basset Farm,flying basset farm,farm,merged_exact_name_reviewed,AL,Butler,Forest Home,36030,8153 Forest Home Road,public_business_address_reviewed_for_future_reduced_precision,31.8623357,-86.8452882,"blueberries,; U-Pick Fruit; Blueberries; Pecans",U-pick; agritourism; Agritourism; Farm,(571) 215-6629,billtaylor556@gmail.com,internal_until_public_use_review,http://flyingbassetfarm.com/?fbclid=IwAR07XCoAXRi5M9vCXsE1DO1pCmQQWIDl3dH2K4KnJ9k1U1xhwF_sH_QNDbE,https://www.facebook.com/flyingbassetfarm/,,,True,True,False,False,True,True,False,2,alobs_783d0c54cc72f7487186 | alobs_0bd84a30b35bc644784d,PickYourOwn — Southeast Alabama | Sweet Grown Alabama — Farm members,https://www.pickyourown.org/ALmontg.htm | https://www.sweetgrownalabama.org/find-sweet-grown,B; E,2026-07-15,promotion_eligible_reviewed,,Fields are selected by evidence grade; all underlying observations remain separately auditable.
AL-5945740358,Friendship Farm,friendship farm,farm,unique_source_name_reviewed,AL,Butler,Greenville,36037,611 Wood Valley Road,public_business_address_reviewed_for_future_reduced_precision,31.8394903,-86.6436915,Eggs,Farm,(334) 301-6990,horace.horn@powersouth.com,internal_until_public_use_review,,,,,True,False,False,False,False,False,False,1,alobs_9f94083a2e71a9155a95,Sweet Grown Alabama — Farm members,https://www.sweetgrownalabama.org/find-sweet-grown,B,2026-07-15,promotion_eligible_reviewed,,Fields are selected by evidence grade; all underlying observations remain separately auditable.
AL-5BDF756B26,NORRIS PRODUCE,norris produce,farm,merged_exact_name_reviewed,AL,Butler,Georgiana,36033,1180 Hwy 106,public_business_address_reviewed_for_future_reduced_precision,,,Farm products; direct-to-consumer sales,Farm stand; direct-to-consumer,251-714-0407,,internal_until_public_use_review,,,,,True,False,False,False,False,False,False,2,alobs_8957c094b8a66c2591d3 | alobs_91a44b10c57df4cfaed4,Alabama FMA — 2026 statewide farm-stand roster | Alabama Farmers Market Authority — farm-stand map,https://agi.alabama.gov/farmersmarket/wp-content/uploads/sites/9/2023/02/2026-statewide-redemption-sites.pdf | https://agi.alabama.gov/farmersmarket/locations/farmers-stand-location-map/,B,2026-07-15,promotion_eligible_reviewed,,Fields are selected by evidence grade; all underlying observations remain separately auditable.
AL-76851896EB,Petal Party,petal party,farm,unique_source_name_reviewed,AL,Butler,Georgiana,36033,1384 Peavy Road,public_business_address_reviewed_for_future_reduced_precision,31.6083199,-86.5939899,Fresh Cut Flowers,Farm,(334) 437-4512,jordanpeavy6@gmail.com,internal_until_public_use_review,,https://www.facebook.com/profile.php?id=61573555193692,,,True,True,False,True,False,False,False,1,alobs_559ef63711774dc852ac,Sweet Grown Alabama — Farm members,https://www.sweetgrownalabama.org/find-sweet-grown,B,2026-07-15,promotion_eligible_reviewed,,Fields are selected by evidence grade; all underlying observations remain separately auditable.
AL-8845906463,Rogers Farms - Rogers Hill Honey,rogers farms rogers hill honey,farm,unique_source_name_reviewed,AL,Butler,Greenville,36037,128 Old Central Road,public_business_address_reviewed_for_future_reduced_precision,31.8111396,-86.57069539999999,Honey,Farm,(334) 368-2795,jbrogers04@gmail.com,internal_until_public_use_review,,,,,True,True,False,False,False,False,False,1,alobs_fdb4c9b3a5b5ba318733,Sweet Grown Alabama — Farm members,https://www.sweetgrownalabama.org/find-sweet-grown,B,2026-07-15,promotion_eligible_reviewed,,Fields are selected by evidence grade; all underlying observations remain separately auditable.
AL-A204B0C50E,Stinson Brangus,stinson brangus,farm,unique_source_name_reviewed,AL,Butler,Georgiana,,,public_business_address_reviewed_for_future_reduced_precision,,,Beef; direct-to-consumer meat,Cattle farm; direct-sale beef,904-607-5610,,internal_until_public_use_review,,,,,True,False,False,False,False,False,False,1,alobs_f71180bc35e8e05d9e7f,Alabama Cattlemen’s Association — Bama Beef Sales Directory,https://www.bamabeef.org/p/about/bama-beef-sales-directory,D,2026-07-15,promotion_eligible_reviewed,,Fields are selected by evidence grade; all underlying observations remain separately auditable.
AL-5D924FDA43,Wingard Produce,wingard produce,farm,unique_source_name_reviewed,AL,Butler,Butler County service area,,,public_business_address_reviewed_for_future_reduced_precision,,,Farm products; direct-to-consumer sales,Farm stand,,,internal_until_public_use_review,,,,,True,False,False,False,False,False,False,1,alobs_7a749d3e850369a795b0,Alabama FMA — 2026 statewide farm-stand roster,https://agi.alabama.gov/farmersmarket/wp-content/uploads/sites/9/2023/02/2026-statewide-redemption-sites.pdf,B,2026-07-15,promotion_eligible_reviewed,,Fields are selected by evidence grade; all underlying observations remain separately auditable.
AL-03CB82D0F4,Wingards Produce,wingards produce,farm,unique_source_name_reviewed,AL,Butler,Mckenzie,36456,899 Crum-Foshee Hwy,public_business_address_reviewed_for_future_reduced_precision,,,Farm products; direct-to-consumer sales,Farm stand; direct-to-consumer,334-374-2758 | 334-374-8325,wingardproduce@gmail.com,internal_until_public_use_review,,,,,True,False,False,False,False,False,False,1,alobs_8783a8e60b0551030ef5,Alabama Farmers Market Authority — farm-stand map,https://agi.alabama.gov/farmersmarket/locations/farmers-stand-location-map/,B,2026-07-15,promotion_eligible_reviewed,,Fields are selected by evidence grade; all underlying observations remain separately auditable.
AL-24C6596BC5,7 Springs Farm,7 springs farm,farm,unique_source_name_reviewed,AL,Calhoun,Wellington,36279,5588 Seven Springs Road,public_business_address_reviewed_for_future_reduced_precision,,,blueberries,U-pick; agritourism,(256) 473-9191,,internal_until_public_use_review,,,,,True,False,False,False,True,False,False,1,alobs_b63b9b5c9456b2f93e32,PickYourOwn — Central Alabama,https://www.pickyourown.org/ALbham.htm,D,2026-07-15,promotion_eligible_reviewed,,Fields are selected by evidence grade; all underlying observations remain separately auditable.
AL-8C05912D87,Aquality Farms,aquality farms,farm,unique_source_name_reviewed,AL,Calhoun,Anniston,36201,1414 Wilmer Avenue,public_business_address_reviewed_for_future_reduced_precision,33.6630555,-85.8288147,Lettuce; Microgreens; Mushrooms,Farm,(256) 283-2991,info@aqualityfarms.com,internal_until_public_use_review,https://www.aqualityfarms.com,https://www.facebook.com/profile.php?id=61557688097788,https://www.instagram.com/aquality.farms/,,True,True,True,False,False,True,True,1,alobs_410a3ea311a183824c0d,Sweet Grown Alabama — Farm members,https://www.sweetgrownalabama.org/find-sweet-grown,B,2026-07-15,promotion_eligible_reviewed,,Fields are selected by evidence grade; all underlying observations remain separately auditable.
AL-EEB55A3FEA,Bent Creek Farm,bent creek farm,farm,unique_source_name_reviewed,AL,Calhoun,Piedmont,36272,435 Century Road,public_business_address_reviewed_for_future_reduced_precision,33.8704975,-85.7376001,"Acidified Foods* (Pickles, Salsas, Relishes); Pears; Sweet Corn; Baked Goods; Jams/Jellies; Beef; Cucumbers; Tomatoes; Flowers; Eggs; Fresh Cut Flowers; Okra; Wood Products; Honey; Peppers; Pork; Pumpkins",Farm; Agritourism,(256) 283-0287,bentcreek1836@gmail.com,internal_until_public_use_review,,https://www.facebook.com/BentCreekFarmAL?mibextid=kFxxJD,,,True,True,False,False,True,False,False,1,alobs_f43148d6f217443390df,Sweet Grown Alabama — Farm members,https://www.sweetgrownalabama.org/find-sweet-grown,B,2026-07-15,promotion_eligible_reviewed,,Fields are selected by evidence grade; all underlying observations remain separately auditable.
AL-188A97FD0C,"Boundary Line Bison & Meat Products, LLC",boundary line bison and meat products,farm,unique_source_name_reviewed,AL,Calhoun,Piedmont,36272,1330 Piedmont Cutoff Road,public_business_address_reviewed_for_future_reduced_precision,33.9303017,-85.630708,Lettuce; Bison; Herbs,Farm,(256) 447-8811,boundarylinebison@gmail.com,internal_until_public_use_review,,https://www.facebook.com/BoundaryLineBison,,,True,False,False,False,False,False,False,1,alobs_74514aa5662ce0e4590a,Sweet Grown Alabama — Farm members,https://www.sweetgrownalabama.org/find-sweet-grown,B,2026-07-15,promotion_eligible_reviewed,,Fields are selected by evidence grade; all underlying observations remain separately auditable.
AL-A13E30CBC9,Eastaboga Bee Company,eastaboga bee company,farm,unique_source_name_reviewed,AL,Calhoun,Lincoln,35096,340 Stage Road,public_business_address_reviewed_for_future_reduced_precision,33.63952,-86.017549,Honey,Online Sales; Farm,(256) 294-4313,eastabogabeecompany@gmail.com,internal_until_public_use_review,https://www.eastabogabee.com,https://www.facebook.com/EastabogaBeeCompany/,https://www.instagram.com/eastabogabeecompany/,,True,True,True,False,False,True,False,1,alobs_6f68ef661dc55da01f00,Sweet Grown Alabama — Farm members,https://www.sweetgrownalabama.org/find-sweet-grown,B,2026-07-15,promotion_eligible_reviewed,,Fields are selected by evidence grade; all underlying observations remain separately auditable.
AL-D49C07A349,Garrett's Farm and Nursery LLC,garretts farm and nursery,farm,unique_source_name_reviewed,AL,Calhoun,Piedmont,36272,284 Tyler Lane,public_business_address_reviewed_for_future_reduced_precision,33.8863672,-85.6958283,U-Pick Fruit; Strawberries; Container Plants/Greenhouse & Nursery Products/Shrubs/Etc.; Herbs; Fresh Cut Flowers,Agritourism; Farm,(256) 453-2916,garrettsfarmandnursery@gmail.com,internal_until_public_use_review,,https://www.facebook.com/profile.php?id=100083218754120,,,True,False,False,False,True,True,False,1,alobs_59ec6764931275551887,Sweet Grown Alabama — Farm members,https://www.sweetgrownalabama.org/find-sweet-grown,B,2026-07-15,promotion_eligible_reviewed,,Fields are selected by evidence grade; all underlying observations remain separately auditable.
AL-3DA86E8CED,Indigo Ridge Farms,indigo ridge farms,farm,unique_source_name_reviewed,AL,Calhoun,Anniston,36207,581 Merrill Harper Road,public_business_address_reviewed_for_future_reduced_precision,33.7512769,-85.6630333,Beef; Chicken; Dry Rubs/Spices; Eggs; Pork; Quail and Quail Eggs,Farm,(256) 499-5797,indigoridgefarms@gmail.com,internal_until_public_use_review,https://www.indigoridgefarms.com,https://www.facebook.com/indigoridgefarms,https://www.instagram.com/indigoridge_farms/,,True,False,True,True,False,False,False,1,alobs_e06f45d616f8be5e31e9,Sweet Grown Alabama — Farm members,https://www.sweetgrownalabama.org/find-sweet-grown,B,2026-07-15,promotion_eligible_reviewed,,Fields are selected by evidence grade; all underlying observations remain separately auditable.
AL-79997CB585,JERRY'S BERRIES,jerrys berries,farm,merged_exact_name_reviewed,AL,Calhoun,Jacksonville,36265,1281 Dogwood Ln,public_business_address_reviewed_for_future_reduced_precision,,,Farm products; direct-to-consumer sales; U-pick crops; agritourism; Blueberries,Farm stand; Agritourism; U-pick; agritourism,256-435-4247,JERRY@GILBERTANDCO.COM,internal_until_public_use_review,,https://www.facebook.com/degan.gilbert/,,,True,False,False,False,True,False,False,3,alobs_1a402bcfcf2939a9bf45 | alobs_088a2d98656acafd4b91 | alobs_19c34888bef7201fc8ac,Alabama FMA — 2026 statewide farm-stand roster | Alabama Farmers Market Authority — u-pick map | PickYourOwn — Central Alabama,https://agi.alabama.gov/farmersmarket/wp-content/uploads/sites/9/2023/02/2026-statewide-redemption-sites.pdf | https://agi.alabama.gov/farmersmarket/locations/u-pick-location-map/ | https://www.pickyourown.org/ALbham.htm,B; D,2026-07-15,promotion_eligible_reviewed,,Fields are selected by evidence grade; all underlying observations remain separately auditable.
AL-A1FEFFA3BB,Nances Creek Farms,nances creek farm,farm,merged_exact_name_reviewed,AL,Calhoun,Jacksonville,36265,832 Old Rocky Ridge Road,public_business_address_reviewed_for_future_reduced_precision,33.8418481,-85.69374049999999,"Farm products; direct-to-consumer sales; U-pick crops; agritourism; strawberries, farm fresh eggs, beef, pork; Pumpkin Patch; U-Pick Fruit; Strawberries",Farm stand; direct-to-consumer; Agritourism; U-pick; agritourism; Farm,(256) 689-6241,jdothard95@gmail.com,internal_until_public_use_review,,https://www.facebook.com/NancesCreekFarms,,,True,False,False,False,True,False,False,4,alobs_6e9ecd2b9cb42423f31e | alobs_1ca9c845cdabb4ec7672 | alobs_5e15bac52827a6fb3ed8 | alobs_00025005d13290fb6de8,Alabama Farmers Market Authority — farm-stand map | Alabama Farmers Market Authority — u-pick map | PickYourOwn — Central Alabama | Sweet Grown Alabama — Farm members,https://agi.alabama.gov/farmersmarket/locations/farmers-stand-location-map/ | https://agi.alabama.gov/farmersmarket/locations/u-pick-location-map/ | https://www.pickyourown.org/ALbham.htm | https://www.sweetgrownalabama.org/find-sweet-grown,B; D,2026-07-15,promotion_eligible_reviewed,,Fields are selected by evidence grade; all underlying observations remain separately auditable.
AL-3AE1427828,Oven Odyssey,oven odyssey,farm,unique_source_name_reviewed,AL,Calhoun,Jacksonville,36265,132 Pinewood Street,public_business_address_reviewed_for_future_reduced_precision,33.7750364,-85.76287169999999,"Lettuce; Okra; Peppers; Squash; Strawberries; Sweet Corn; Tomatoes; Baked Goods; Container Plants; Cucumbers; Eggs; Flowers; Greens; Herbs; Acidified Foods* (Pickles, Salsas, Relishes); Apples; Beans; Blueberries; Container Plants/Greenhouse & Nursery Products/Shrubs/Etc.",Farm,(938) 899-4222,ovenodyssey@gmail.com,internal_until_public_use_review,https://ovenodyssey.com,https://www.facebook.com/profile.php?id=61556569443317,,,False,True,False,True,False,False,False,1,alobs_a8a945579cc4846fee41,Sweet Grown Alabama — Farm members,https://www.sweetgrownalabama.org/find-sweet-grown,B,2026-07-15,promotion_eligible_reviewed,,Fields are selected by evidence grade; all underlying observations remain separately auditable.
AL-F08C35210F,PIEDMONT PRODUCE,piedmont produce,farm,unique_source_name_reviewed,AL,Calhoun,Piedmont,36272,509 E Ladiga St,public_business_address_reviewed_for_future_reduced_precision,,,Farm products; direct-to-consumer sales,Farm stand; direct-to-consumer,256-591-4552,loriann1127@gmail.com,internal_until_public_use_review,,,,,True,False,False,False,False,False,False,1,alobs_118c92d8200be91f99e1,Alabama Farmers Market Authority — farm-stand map,https://agi.alabama.gov/farmersmarket/locations/farmers-stand-location-map/,B,2026-07-15,promotion_eligible_reviewed,,Fields are selected by evidence grade; all underlying observations remain separately auditable.
AL-729015064A,Piney Woods Farm,piney woods farm,farm,unique_source_name_reviewed,AL,Calhoun,Jacksonville,36265,1136 Rocky hollow Road,public_business_address_reviewed_for_future_reduced_precision,33.9004473,-85.8521324,"Acidified Foods* (Pickles, Salsas, Relishes); Baked Goods; Dry Rubs/Spices; Eggs; Jams/Jellies; Wood Products",Farm,(256) 473-2503,ballengerdanielle@gmail.com,internal_until_public_use_review,,https://www.facebook.com/pineywoodsfarm2023,,,True,False,False,False,False,False,False,1,alobs_8b5d0cc78ea73a387d28,Sweet Grown Alabama — Farm members,https://www.sweetgrownalabama.org/find-sweet-grown,B,2026-07-15,promotion_eligible_reviewed,,Fields are selected by evidence grade; all underlying observations remain separately auditable.
AL-B5709CD0CA,Prickett Farms,prickett farms,farm,unique_source_name_reviewed,AL,Calhoun,Jacksonville,36265,1445 Old Sulphur Springs Road,public_business_address_reviewed_for_future_reduced_precision,33.8079246,-85.8770839,Baked Goods; Chicken; Beef; Corn (Field); Flowers; Fresh Cut Flowers; Hay; Peanuts; Cotton/Cotton Products; Strawberries; U-Pick Fruit,Agritourism; Farm,(256) 499-5469,prickett18@gmail.com,internal_until_public_use_review,,https://www.facebook.com/PrickettPoultryFarm,,,True,False,False,False,True,False,False,1,alobs_3e330d555c4ba0239f06,Sweet Grown Alabama — Farm members,https://www.sweetgrownalabama.org/find-sweet-grown,B,2026-07-15,promotion_eligible_reviewed,,Fields are selected by evidence grade; all underlying observations remain separately auditable.
AL-CED7FB6267,Tony/Lori Traffansteadt-Piedmont Produce,tony lori traffansteadt piedmont produce,farm,unique_source_name_reviewed,AL,Calhoun,Calhoun County service area,,,public_business_address_reviewed_for_future_reduced_precision,,,Farm products; direct-to-consumer sales,Farm stand,,,internal_until_public_use_review,,,,,True,False,False,False,False,False,False,1,alobs_d94e6bd4c6555bd22e6e,Alabama FMA — 2026 statewide farm-stand roster,https://agi.alabama.gov/farmersmarket/wp-content/uploads/sites/9/2023/02/2026-statewide-redemption-sites.pdf,B,2026-07-15,promotion_eligible_reviewed,,Fields are selected by evidence grade; all underlying observations remain separately auditable.
AL-17CB4BA582,Trantham Farms,trantham farms,farm,unique_source_name_reviewed,AL,Calhoun,Alexandria,36250,1260 State Farm Road,public_business_address_reviewed_for_future_reduced_precision,33.75753510000001,-85.8630513,Beef; Wheat,Farm,(256) 820-1988,carla.trantham@tranthaminc.com,internal_until_public_use_review,,https://www.facebook.com/profile.php?id=100057254178380,,,True,False,False,False,False,True,False,1,alobs_dc58aabe23026c294cc7,Sweet Grown Alabama — Farm members,https://www.sweetgrownalabama.org/find-sweet-grown,B,2026-07-15,promotion_eligible_reviewed,,Fields are selected by evidence grade; all underlying observations remain separately auditable.
AL-20CF7D8F86,Wiseman Farms,wiseman farms,farm,unique_source_name_reviewed,AL,Calhoun,Jacksonville,36265,544 Merrellton Road,public_business_address_reviewed_for_future_reduced_precision,33.8702758,-85.7435847,Beans; Beef; Peppers; Tomatoes; Container Plants/Greenhouse & Nursery Products/Shrubs/Etc.; Hay; Cucumbers; Eggs; Greens; Lettuce; Sweet Corn; Wood Products,Farm,(540) 577-0923,wisemanfarms2023@yahoo.com,internal_until_public_use_review,,,,,True,False,False,True,False,False,False,1,alobs_79288668d25ae33895dc,Sweet Grown Alabama — Farm members,https://www.sweetgrownalabama.org/find-sweet-grown,B,2026-07-15,promotion_eligible_reviewed,,Fields are selected by evidence grade; all underlying observations remain separately auditable.
AL-2DBA6CF647,DEMPSEY FARMS,dempsey farms,farm,unique_source_name_reviewed,AL,Chambers,Lafayette,36862,10456 Us Hwy 431 & Chambers Co Rd 28,public_business_address_reviewed_for_future_reduced_precision,,,U-pick crops; agritourism,Agritourism; U-pick,334-444-7471,,internal_until_public_use_review,,,,,True,False,False,False,True,False,False,1,alobs_a1b72d83238632b9f95f,Alabama Farmers Market Authority — u-pick map,https://agi.alabama.gov/farmersmarket/locations/u-pick-location-map/,B,2026-07-15,promotion_eligible_reviewed,,Fields are selected by evidence grade; all underlying observations remain separately auditable.
AL-843817D8B5,Five Points Farms,five points farms,farm,merged_cross_county_identity_reviewed,AL,Chambers,Five Points,36855,2185 County Road 261,public_business_address_reviewed_for_future_reduced_precision,,,Wine grapes; honey; Five Points,Farm; vineyard; apiary; U-pick; agritourism,334-864-0087,cindy@fivepointsfarms.com,internal_until_public_use_review,,https://www.facebook.com/FivePointsFarms,,,True,False,False,False,True,False,False,2,alobs_a11ddf39985de561f109 | alobs_8234756502b6af3286ad,FarmFinder curator verification — farm-owned or authoritative evidence | PickYourOwn — Central Alabama,https://www.sweetgrownalabama.org/posts/2022/03/16/sweet-grown-alabama-wine-trail | https://www.pickyourown.org/ALbham.htm,C; E,2026-07-15,promotion_eligible_reviewed,,Fields are selected by evidence grade; all underlying observations remain separately auditable.
AL-8B758DF919,Granite Knoll Farm,granite knoll farm,farm,merged_exact_name_reviewed,AL,Chambers,Waverly,36879,2034 County Road 20,public_business_address_reviewed_for_future_reduced_precision,32.7481768,-85.51140509999999,Beef; direct-to-consumer meat,Cattle farm; direct-sale beef; Farm,(334) 740-4058,graniteknollfarm@yahoo.com,internal_until_public_use_review,https://www.gkfonline.com/,https://www.facebook.com/Granite-Knoll-Farm-118624150268792,,,True,False,False,False,False,True,False,2,alobs_133c159b58903ef03db5 | alobs_97c906f4ff57fe2de67e,Alabama Cattlemen’s Association — Bama Beef Sales Directory | Sweet Grown Alabama — Farm members,https://www.bamabeef.org/p/about/bama-beef-sales-directory | https://www.sweetgrownalabama.org/find-sweet-grown,B; D,2026-07-15,promotion_eligible_reviewed,,Fields are selected by evidence grade; all underlying observations remain separately auditable.
AL-10DBCD079F,KimberlySlay–Slay’sHomegrownTomatoes,kimberlyslay slayshomegrowntomatoes,farm,unique_source_name_reviewed,AL,Chambers,Chambers County service area,,,public_business_address_reviewed_for_future_reduced_precision,,,Farm products; direct-to-consumer sales,Farm stand,,,internal_until_public_use_review,,,,,True,False,False,False,False,False,False,1,alobs_67704a4aa0edbcdedba5,Alabama FMA — 2026 statewide farm-stand roster,https://agi.alabama.gov/farmersmarket/wp-content/uploads/sites/9/2023/02/2026-statewide-redemption-sites.pdf,B,2026-07-15,promotion_eligible_reviewed,,Fields are selected by evidence grade; all underlying observations remain separately auditable.
AL-1312A11B2D,Mason Farmers Market,mason farmers market,farm,unique_source_name_reviewed,AL,Chambers,Lanett,36863,1702 S Broad Avenue,public_business_address_reviewed_for_future_reduced_precision,,,Farm products; direct-to-consumer sales,Farm stand; direct-to-consumer,706-588-8116,masonfarmal@gmail.com,internal_until_public_use_review,,,,,True,False,False,False,False,False,False,1,alobs_79f051b3921b7008f7a0,Alabama Farmers Market Authority — farm-stand map,https://agi.alabama.gov/farmersmarket/locations/farmers-stand-location-map/,B,2026-07-15,promotion_eligible_reviewed,,Fields are selected by evidence grade; all underlying observations remain separately auditable.
AL-1BD18DD248,McClendon Meadows Farm/Flowers to Bless,mcclendon meadows farm flowers to bless,farm,unique_source_name_reviewed,AL,Chambers,Camp Hill,36850,3279 County Road 54,public_business_address_reviewed_for_future_reduced_precision,32.9413838,-85.55331609999999,Fresh Cut Flowers,Farm,(205) 565-1029,flowerstobless@gmail.com,internal_until_public_use_review,https://www.flowerstobless.com/,https://www.facebook.com/Flowers-to-Bless,https://www.instagram.com/flowerstobless/,,True,True,True,False,False,True,False,1,alobs_ff9b4907f7a3a6ed4d89,Sweet Grown Alabama — Farm members,https://www.sweetgrownalabama.org/find-sweet-grown,B,2026-07-15,promotion_eligible_reviewed,,Fields are selected by evidence grade; all underlying observations remain separately auditable.
AL-2B862117ED,Nourish Farm,nourish farm,farm,unique_source_name_reviewed,AL,Chambers,Waverly,36879,4171 AL HWY 147 N,public_business_address_reviewed_for_future_reduced_precision,32.7698466,-85.4868216,Mushrooms,Farm,(334) 728-2096,info@nourishfarm.com,internal_until_public_use_review,https://www.nourishfarm.com,,,,True,True,False,False,False,True,False,1,alobs_3a7edaa77bf2af1f8a20,Sweet Grown Alabama — Farm members,https://www.sweetgrownalabama.org/find-sweet-grown,B,2026-07-15,promotion_eligible_reviewed,,Fields are selected by evidence grade; all underlying observations remain separately auditable.
AL-ED61443B8E,RL&M Cattle Company,rl and m cattle company,farm,merged_exact_name_reviewed,AL,Chambers,Opelika,36801,2255 County Road 290,public_business_address_reviewed_for_future_reduced_precision,32.7573849,-85.38015279999999,Beef; direct-to-consumer meat; Hay,Cattle farm; direct-sale beef; Farm,(706) 590-5001,info@rlmcattle.com,internal_until_public_use_review,https://rlmcattle.com/,https://www.facebook.com/RL-M-Cattle-Company-1694791910847060/,https://www.instagram.com/rlmcattlecompany/,,True,False,False,False,False,True,False,2,alobs_1fa579f0a2f8c928f9ae | alobs_87d8a8545c5adf360f97,Alabama Cattlemen’s Association — Bama Beef Sales Directory | Sweet Grown Alabama — Farm members,https://www.bamabeef.org/p/about/bama-beef-sales-directory | https://www.sweetgrownalabama.org/find-sweet-grown,B; D,2026-07-15,promotion_eligible_reviewed,,Fields are selected by evidence grade; all underlying observations remain separately auditable.
AL-AC8432F539,Shonderoc Beef and Cattle,shonderoc beef and cattle,farm,unique_source_name_reviewed,AL,Chambers,Roanoke,,,public_business_address_reviewed_for_future_reduced_precision,,,Beef; direct-to-consumer meat,Cattle farm; direct-sale beef,352-279-2038,,internal_until_public_use_review,,,,,True,False,False,False,False,False,False,1,alobs_718ea17696f44d818bb6,Alabama Cattlemen’s Association — Bama Beef Sales Directory,https://www.bamabeef.org/p/about/bama-beef-sales-directory,D,2026-07-15,promotion_eligible_reviewed,,Fields are selected by evidence grade; all underlying observations remain separately auditable.
AL-FEAA75A19E,Slay's Homegrown Tomatoes,slays homegrown tomatoes,farm,unique_source_name_reviewed,AL,Chambers,Lafayette,36862,24097 Us Hwy 431,public_business_address_reviewed_for_future_reduced_precision,,,Farm products; direct-to-consumer sales,Farm stand; direct-to-consumer,931-337-5097,slayfarm@gmail.com,internal_until_public_use_review,,,,,True,False,False,False,False,False,False,1,alobs_64adffc2c06a94cba6a7,Alabama Farmers Market Authority — farm-stand map,https://agi.alabama.gov/farmersmarket/locations/farmers-stand-location-map/,B,2026-07-15,promotion_eligible_reviewed,,Fields are selected by evidence grade; all underlying observations remain separately auditable.
AL-F74C1E1963,Hammett Farms Honey,hammett farms honey,farm,unique_source_name_reviewed,AL,Cherokee,Cherokee County service area,,,public_business_address_reviewed_for_future_reduced_precision,,,Bees; apiary products,Apiary / bee seller,256-706-3686,,internal_until_public_use_review,,,,,False,False,False,False,False,False,False,1,alobs_877bbfbf8fa3c7f8cf30,Alabama Plant Protection — Beekeepers Selling Bees,https://agi.alabama.gov/plantprotection/beeks-selling-bees/,B,2026-07-15,promotion_eligible_reviewed,,Fields are selected by evidence grade; all underlying observations remain separately auditable.
AL-847FA435F4,Rocky Hollow Patch at Angel Farm,rocky hollow patch at angel farm,farm,restored_from_absence_based_exclusion,AL,Cherokee,Cave Spring,30124,336 Rocky Hollow Road,public_business_address_reviewed_for_future_reduced_precision,34.07600811939625,-85.41941264615008,Fresh Cut Flowers; Pumpkins; Pumpkin Patch; Strawberries; U-Pick Fruit,Agritourism; Farm,(706) 676-8769,kentdyer@live.com,internal_until_public_use_review,http://www.rockyhollowpumpkinpatch.com,https://www.facebook.com/RockyHollowPumpkinPatch,,,True,False,False,False,True,False,False,1,alobs_86095e849da5298a53cd,Sweet Grown Alabama — Farm members,https://www.sweetgrownalabama.org/find-sweet-grown,B,2026-07-15,promotion_eligible_reviewed,,Retained under national policy: missing or conflicting data creates research work and never deletion.
AL-48022F7C3F,Rocky Hollow Pumpkin Patch,rocky hollow pumpkin patch,farm,merged_exact_name_reviewed,AL,Cherokee,Cherokee County service area,,,public_business_address_reviewed_for_future_reduced_precision,,,"Pumpkins; strawberries; flowers; U-pick; strawberries, pumpkins, pumpkin patch, wedding venue, corporate events venue,",Farm; agritourism; U-pick,(706) 767-0123,rockyhollowpumpkinpatch@gmail.com,internal_until_public_use_review,https://www.rockyhollowpumpkinpatch.com/,https://www.facebook.com/RockyHollowPumpkinPatch/,,,True,False,False,False,True,False,False,2,alobs_b2c7da4d9d2aab5c57ce | alobs_14a65bf8226f57bc5911,FarmFinder curator verification — farm-owned or authoritative evidence | PickYourOwn — North Alabama,https://www.alabamasmalltowns.com/2025/08/21/21273/growing-traditions-in-cherokee-county | https://www.pickyourown.org/ALhuntsv.htm,C; E,2026-07-15,promotion_eligible_reviewed,,Fields are selected by evidence grade; all underlying observations remain separately auditable.
AL-7FA55C4153,SETTIN' ROCK FARM,settin rock farm,farm,merged_exact_name_reviewed,AL,Cherokee,Centre,35960,9930 County Road 18,public_business_address_reviewed_for_future_reduced_precision,,,Farm products; direct-to-consumer sales,Farm stand; direct-to-consumer,256-557-7479,bdh77tink@gmail.com,internal_until_public_use_review,,,,,True,False,False,False,False,False,False,2,alobs_2882f0966a4d5cd02b5e | alobs_68c689b84522f4163f7b,Alabama FMA — 2026 statewide farm-stand roster | Alabama Farmers Market Authority — farm-stand map,https://agi.alabama.gov/farmersmarket/wp-content/uploads/sites/9/2023/02/2026-statewide-redemption-sites.pdf | https://agi.alabama.gov/farmersmarket/locations/farmers-stand-location-map/,B,2026-07-15,promotion_eligible_reviewed,,Fields are selected by evidence grade; all underlying observations remain separately auditable.
AL-7DFEAA5E5C,Shepherd’s Roost Farm,shepherds roost farm,farm,unique_source_name_reviewed,AL,Cherokee,Centre,35960,9570 County Road 19,public_business_address_reviewed_for_future_reduced_precision,34.1036324,-85.7006978,"Acidified Foods* (Pickles, Salsas, Relishes); Baked Goods; Beans; Beef; Sweet Corn; Cantaloupe; Corn (Field); Okra; Watermelon; Chicken; Cucumbers; Peas; Tomatoes; Eggs; Fresh Cut Flowers; Jams/Jellies; Lettuce; Squash; Strawberries; Greens; Peppers; Pumpkins; Sauces/Condiments",Farm,(727) 225-6073,shepherdsroost@gmail.com,internal_until_public_use_review,https://www.shepherdsroost.com,https://www.facebook.com/profile.php?id=100065181424771,,,False,False,False,False,False,False,False,1,alobs_c35f9705f7e59a4684e1,Sweet Grown Alabama — Farm members,https://www.sweetgrownalabama.org/find-sweet-grown,B,2026-07-15,promotion_eligible_reviewed,,Fields are selected by evidence grade; all underlying observations remain separately auditable.
AL-70FF83E40E,"Andrews U-Pick-It Fruit and Vegetable Farm, LLC",andrews u pick it fruit and vegetable farm,farm,unique_source_name_reviewed,AL,Chilton,Clanton,35045,54 County Road 13,public_business_address_reviewed_for_future_reduced_precision,,,"apples, blackberries, blueberries, cucumbers, muscadine grapes, melons, pears, peas, watermelons, picnic area you may bring your own food",U-pick; agritourism,(205) 646-0452,helenandrews1961@gmail.com,internal_until_public_use_review,,https://www.facebook.com/pages/category/Farm/Andrews-U-Pick-it-Fruits-and-Vegetable-Farm-1008207019344928/,,,True,False,False,False,True,False,False,1,alobs_96ad6e706f5be6051c62,PickYourOwn — Southeast Alabama,https://www.pickyourown.org/ALmontg.htm,D,2026-07-15,promotion_eligible_reviewed,,Fields are selected by evidence grade; all underlying observations remain separately auditable.
AL-99BC86A239,Bentley Farms,bentley farms,farm,unique_source_name_reviewed,AL,Chilton,Chilton County service area,,,public_business_address_reviewed_for_future_reduced_precision,,,"Peaches, nectarines, sweet potatoes.",U-pick; agritourism,800-489-3762,,internal_until_public_use_review,,,,,True,False,False,False,True,False,False,1,alobs_9dd25100028822f69dd0,PickYourOwn — Southeast Alabama,https://www.pickyourown.org/ALmontg.htm,D,2026-07-15,promotion_eligible_reviewed,,Fields are selected by evidence grade; all underlying observations remain separately auditable.
AL-2C1EB17BE7,Boozer Farms,boozer farms,farm,unique_source_name_reviewed,AL,Chilton,Thorsby,35171,200 County Road 242,public_business_address_reviewed_for_future_reduced_precision,32.8739553,-86.7078966,Baked Goods; Beans; Blackberries; Blueberries; Cantaloupe; Cucumbers; Fresh Cut Flowers; Greens; Herbs; Jams/Jellies; Lettuce; Microgreens; Okra; Persimmons- Oriental; Peaches; Peas; Peppers; Squash; Strawberries; Sweet Corn; Tomatoes; Turfgrass,Farm,(205) 688-6866,boozerfarms@gmail.com,internal_until_public_use_review,https://boozerfarms.com/,https://www.facebook.com/BoozerFarms/,https://www.instagram.com/boozerfarms/,,True,True,False,False,False,True,True,1,alobs_61a6b8f84b02675590a8,Sweet Grown Alabama — Farm members,https://www.sweetgrownalabama.org/find-sweet-grown,B,2026-07-15,promotion_eligible_reviewed,,Fields are selected by evidence grade; all underlying observations remain separately auditable.
AL-6EEBBA6C71,Broken Brook Ranch,broken brook ranch,farm,unique_source_name_reviewed,AL,Chilton,Jemison,35085,1162 County Road 25,public_business_address_reviewed_for_future_reduced_precision,32.9524582,-86.7824033,Beef,Farm,(205) 492-9725,brokenbrookranch@peddlerscreek.com,internal_until_public_use_review,,https://www.facebook.com/BrokenBrookRanchandCattleCo,,,True,False,False,False,False,False,False,1,alobs_21576200d775215305ef,Sweet Grown Alabama — Farm members,https://www.sweetgrownalabama.org/find-sweet-grown,B,2026-07-15,promotion_eligible_reviewed,,Fields are selected by evidence grade; all underlying observations remain separately auditable.
AL-E169F55A87,Burnette Farms,burnette farms,farm,merged_exact_name_reviewed,AL,Chilton,Clanton,35045,19307 Highway 31,public_business_address_reviewed_for_future_reduced_precision,32.8979296,-86.692951,Farm products; direct-to-consumer sales; Strawberries; Peaches; Watermelon; Peas; Tomatoes,Farm stand; direct-to-consumer; Farm,(205) 294-2201,codiburnette@gmail.com,internal_until_public_use_review,,https://www.facebook.com/burnettefarms,https://www.instagram.com/burnette_farms/,,True,False,False,False,False,False,False,3,alobs_95919b503877ecc3f5ed | alobs_58e058edf181af9d17cd | alobs_05d6c53290b1750bbf7b,Alabama FMA — 2026 statewide farm-stand roster | Alabama Farmers Market Authority — farm-stand map | Sweet Grown Alabama — Farm members,https://agi.alabama.gov/farmersmarket/wp-content/uploads/sites/9/2023/02/2026-statewide-redemption-sites.pdf | https://agi.alabama.gov/farmersmarket/locations/farmers-stand-location-map/ | https://www.sweetgrownalabama.org/find-sweet-grown,B,2026-07-15,promotion_eligible_reviewed,,Fields are selected by evidence grade; all underlying observations remain separately auditable.
AL-87B191F368,Cleckler Farm,cleckler farm,farm,unique_source_name_reviewed,AL,Chilton,Verbena,36091,2575 County Road 490,public_business_address_reviewed_for_future_reduced_precision,,,"peas, beans",U-pick; agritourism,205-755-2752,,internal_until_public_use_review,,,,,True,False,False,False,True,False,False,1,alobs_da80e1c0b78fd52624c6,PickYourOwn — Southeast Alabama,https://www.pickyourown.org/ALmontg.htm,D,2026-07-15,promotion_eligible_reviewed,,Fields are selected by evidence grade; all underlying observations remain separately auditable.
AL-2855675C8D,Cooedy Farms,cooedy farms,farm,unique_source_name_reviewed,AL,Chilton,Clanton,35045,2949 County Road 354,public_business_address_reviewed_for_future_reduced_precision,,,"muscadine grapes, nectarines, peas, peaches, persimmons, plums, tomatoes, other vegetables, U-pick and already picked",U-pick; agritourism,205-389-1837,,internal_until_public_use_review,,,,,True,False,False,False,True,False,False,1,alobs_005c4ad39e8b312354ba,PickYourOwn — Southeast Alabama,https://www.pickyourown.org/ALmontg.htm,D,2026-07-15,promotion_eligible_reviewed,,Fields are selected by evidence grade; all underlying observations remain separately auditable.
AL-8827123FA0,Courtney,courtney,farm,unique_source_name_reviewed,AL,Chilton,Chilton County service area,,,public_business_address_reviewed_for_future_reduced_precision,,,Farm products; direct-to-consumer sales,Farm stand,,,internal_until_public_use_review,,,,,True,False,False,False,False,False,False,1,alobs_2e3671a2f63efba24946,Alabama FMA — 2026 statewide farm-stand roster,https://agi.alabama.gov/farmersmarket/wp-content/uploads/sites/9/2023/02/2026-statewide-redemption-sites.pdf,B,2026-07-15,promotion_eligible_reviewed,,Fields are selected by evidence grade; all underlying observations remain separately auditable.
AL-36A3721A9E,Courtney Farms,courtney farms,farm,unique_source_name_reviewed,AL,Chilton,Verbena,36091,368 County Road 57,public_business_address_reviewed_for_future_reduced_precision,,,Farm products; direct-to-consumer sales,Farm stand; direct-to-consumer,205-351-1506,ccourtney44@gmail.com,internal_until_public_use_review,,,,,True,False,False,False,False,False,False,1,alobs_40be7e95973aee0ddedf,Alabama Farmers Market Authority — farm-stand map,https://agi.alabama.gov/farmersmarket/locations/farmers-stand-location-map/,B,2026-07-15,promotion_eligible_reviewed,,Fields are selected by evidence grade; all underlying observations remain separately auditable.
AL-465271DC6B,Cox Cattle,cox cattle,farm,unique_source_name_reviewed,AL,Chilton,Clanton,35045,2605 County Road 77,public_business_address_reviewed_for_future_reduced_precision,32.8930576,-86.6356933,Beef,Farm,(205) 351-1415,rcox1@me.com,internal_until_public_use_review,https://www.coxcattleandproduce.com,https://www.facebook.com/coxcattle/,https://www.instagram.com/coxcattleandproduce/,,True,False,False,False,False,True,False,1,alobs_acb53f0f4eedb5af585d,Sweet Grown Alabama — Farm members,https://www.sweetgrownalabama.org/find-sweet-grown,B,2026-07-15,promotion_eligible_reviewed,,Fields are selected by evidence grade; all underlying observations remain separately auditable.
AL-12E3C3C87A,Doster Farm,doster farm,farm,unique_source_name_reviewed,AL,Chilton,Clanton,35045,6525 County Road 16,public_business_address_reviewed_for_future_reduced_precision,,,blueberries,U-pick; agritourism,205-755-9763,,internal_until_public_use_review,,,,,True,False,False,False,True,False,False,1,alobs_9e93ca4be1908f49b919,PickYourOwn — Southeast Alabama,https://www.pickyourown.org/ALmontg.htm,D,2026-07-15,promotion_eligible_reviewed,,Fields are selected by evidence grade; all underlying observations remain separately auditable.
AL-1C393426D9,Easterling's Big Peach,easterlings big peach,producer_requires_type_review,restored_from_absence_based_exclusion,AL,Chilton,Clanton,35046,3987 County Road 85,public_business_address_reviewed_for_future_reduced_precision,,,U-pick crops; agritourism,U-pick; agritourism,205-234-5764,,internal_until_public_use_review,,https://www.facebook.com/profile.php?id=100057290094694,,,True,,,,True,,,1,alobs_bf81cedc5e72671bffd1,PickYourOwn — Southeast Alabama,https://www.pickyourown.org/ALmontg.htm,E,2026-07-15,research_or_qa_queue,current operating status conflicts; absence is not an exclusion,Retained under national policy: missing or conflicting data creates research work and never deletion.
AL-A41D761931,Evans Farms,evans farms,farm,unique_source_name_reviewed,AL,Chilton,Verbena,36091,3358 County Road 59,public_business_address_reviewed_for_future_reduced_precision,32.7200041,-86.58362029999999,Blackberries; Cantaloupe; Lettuce; Sweet Potatoes; Cucumbers; Peppers; Strawberries; Sweet Corn; Muscadine Grapes; Okra; U-Pick Fruit; Peaches; Tomatoes; Peas; Watermelon; Squash,Farm; Agritourism,(205) 389-3079,vernman66@icloud.com,internal_until_public_use_review,,https://www.facebook.com/evansfamfarm,,,True,True,False,False,True,True,False,1,alobs_175632b3d5f9e925ce5d,Sweet Grown Alabama — Farm members,https://www.sweetgrownalabama.org/find-sweet-grown,B,2026-07-15,promotion_eligible_reviewed,,Fields are selected by evidence grade; all underlying observations remain separately auditable.
AL-0EA1062465,"Ford Farms, LLC",ford farms,farm,merged_cross_county_identity_reviewed,AL,Chilton,Clanton,35045,5830 county road 9,public_business_address_reviewed_for_future_reduced_precision,32.7731312,-86.68328079999999,Farm products; direct-to-consumer sales; Beef; Cantaloupe; Hay; Soybeans; Tomatoes; Corn (Field); Cucumbers; Greens; Peaches; Squash; Sweet Potatoes; Peas; Peppers; Watermelon; Strawberries,Farm stand; direct-to-consumer; Farm,(334) 349-0581,FordFarmsCC@yahoo.com,internal_until_public_use_review,,,,,True,True,False,False,False,True,False,5,alobs_054112c803f8686932b2 | alobs_d37b2bcd495312b574d1 | alobs_eb37a9f0c5411b9fcf89 | alobs_ee49b9b9a543a9c82100 | alobs_acec788eb57538ce54ab,Alabama FMA — 2026 statewide farm-stand roster | Alabama Farmers Market Authority — farm-stand map | Sweet Grown Alabama — Farm members,https://agi.alabama.gov/farmersmarket/wp-content/uploads/sites/9/2023/02/2026-statewide-redemption-sites.pdf | https://agi.alabama.gov/farmersmarket/locations/farmers-stand-location-map/ | https://www.sweetgrownalabama.org/find-sweet-grown,B,2026-07-15,promotion_eligible_reviewed,,Fields are selected by evidence grade; all underlying observations remain separately auditable.
AL-7ECDE96F33,Hale Farms,hale farms,farm,unique_source_name_reviewed,AL,Chilton,Clanton,35045,1351 3rd Street,public_business_address_reviewed_for_future_reduced_precision,32.9033627,-86.6877514,Blueberries; Okra; Squash; Strawberries; Cantaloupe; Cucumbers; Greens; Watermelon; Peppers; Tomatoes; Peaches,Farm,(205) 533-2220,w.hale3219@gmail.com,internal_until_public_use_review,,https://www.facebook.com/HaleFarmsThorsbyAl,https://www.instagram.com/hale_farms?igsh=MWVxa3JieW56ZjFtNQ%3D%3D&utm_source=qr,,True,True,False,False,True,True,False,1,alobs_0f581fb4082813f0ed83,Sweet Grown Alabama — Farm members,https://www.sweetgrownalabama.org/find-sweet-grown,B,2026-07-15,promotion_eligible_reviewed,,Fields are selected by evidence grade; all underlying observations remain separately auditable.
AL-2251E43C3F,Harrison Fruit Farms,harrison fruit farms,farm,unique_source_name_reviewed,AL,Chilton,Maplesville,36750,113 Hwy 82 East,public_business_address_reviewed_for_future_reduced_precision,32.8364495,-86.95424969999999,Peaches; Plums; Okra; Eggplants; Watermelon; Tomatoes; Peppers; Cucumbers; Cantaloupe; Squash,Farm,(334) 375-2042,lynnharrison5@yahoo.com,internal_until_public_use_review,,https://www.facebook.com/profile.php?id=100064570004594,,,True,False,False,False,False,True,False,1,alobs_7f61ba3d0591faaaa920,Sweet Grown Alabama — Farm members,https://www.sweetgrownalabama.org/find-sweet-grown,B,2026-07-15,promotion_eligible_reviewed,,Fields are selected by evidence grade; all underlying observations remain separately auditable.
AL-6066F5CB61,HAYES FARM TODDS PRODUCE,hayes farm todds produce,farm,unique_source_name_reviewed,AL,Chilton,Clanton,35405,2232 7Th St S,public_business_address_reviewed_for_future_reduced_precision,,,Farm products; direct-to-consumer sales,Farm stand; direct-to-consumer,205-389-3673,dordiehal@gmail.com,internal_until_public_use_review,https://www.toddsproduce.com,,,,True,False,False,False,False,False,False,1,alobs_cacd5962cf169666decb,Alabama Farmers Market Authority — farm-stand map,https://agi.alabama.gov/farmersmarket/locations/farmers-stand-location-map/,B,2026-07-15,promotion_eligible_reviewed,,Fields are selected by evidence grade; all underlying observations remain separately auditable.
AL-DFDF4F96A0,Honor Harvest Farms,honor harvest farms,farm,unique_source_name_reviewed,AL,Chilton,Clanton,35045,133 Fawn Drive,public_business_address_reviewed_for_future_reduced_precision,32.8715433,-86.63305000000001,Microgreens,Farm,(808) 285-7433,info@honorharvestfarms.com,internal_until_public_use_review,https://www.honorharvestfarms.com,https://www.facebook.com/honorharvestfarms,https://www.instagram.com/honor_harvest_farms?fbclid=IwY2xjawPlvI5leHRuA2FlbQIxMABicmlkETFtUm1HU2xkR2lDRm9GcXQyc3J0YwZhcHBfaWQQMjIyMDM5MTc4ODIwMDg5MgABHqK50EzMcz7NJFOffpvGH4rXsYYnEoaHjtukOuZwuO6Fed6CFCZfLGaJW9Z7_aem_irlFavCOVrfk9996_NYeoA,,False,False,True,True,False,True,True,1,alobs_856650efd9f449f05609,Sweet Grown Alabama — Farm members,https://www.sweetgrownalabama.org/find-sweet-grown,B,2026-07-15,promotion_eligible_reviewed,,Fields are selected by evidence grade; all underlying observations remain separately auditable.
AL-BEEA888EBA,Horn of Plenty,horn of plenty,farm,unique_source_name_reviewed,AL,Chilton,Billingley,36003,4732 Us Highway 82 W,public_business_address_reviewed_for_future_reduced_precision,,,Farm products; direct-to-consumer sales,Farm stand; direct-to-consumer,334-303-8381,,internal_until_public_use_review,,,,,True,False,False,False,False,False,False,1,alobs_ae024ede40ee68d0e80e,Alabama Farmers Market Authority — farm-stand map,https://agi.alabama.gov/farmersmarket/locations/farmers-stand-location-map/,B,2026-07-15,promotion_eligible_reviewed,,Fields are selected by evidence grade; all underlying observations remain separately auditable.
AL-A81F31481C,IRISH TWINS FARM,irish twins farm,farm,merged_exact_name_reviewed,AL,Chilton,Clanton,35045,2744 County Road 49,public_business_address_reviewed_for_future_reduced_precision,,,Farm products; direct-to-consumer sales,Farm stand; direct-to-consumer,256-343-9541,kelli.blizzard@gmail.com,internal_until_public_use_review,,,,,True,False,False,False,False,False,False,3,alobs_4a212422a43a71e18937 | alobs_af2fa4490721ba67c742 | alobs_eb3048df1247b9d84cea,Alabama FMA — 2026 statewide farm-stand roster | Alabama Farmers Market Authority — farm-stand map,https://agi.alabama.gov/farmersmarket/wp-content/uploads/sites/9/2023/02/2026-statewide-redemption-sites.pdf | https://agi.alabama.gov/farmersmarket/locations/farmers-stand-location-map/,B,2026-07-15,promotion_eligible_reviewed,,Fields are selected by evidence grade; all underlying observations remain separately auditable.
AL-C188296CC7,J. Durbin Farms,j durbin farms,farm,merged_exact_name_reviewed,AL,Chilton,Clanton,35045,11728 County Road 37,public_business_address_reviewed_for_future_reduced_precision,32.7575016,-86.71336409999999,"U-pick crops; agritourism; U-Pick Strawberries; strawberries,; Peaches; Strawberries; U-Pick Fruit",Agritourism; U-pick; agritourism; Farm,(205) 755-4203,jimdurbinfarms@gmail.com,internal_until_public_use_review,https://jimdurbinfarms.com/,https://www.facebook.com/sunshinefarmsupick,https://www.instagram.com/jimdurbinfarms/,,True,True,True,False,True,True,True,5,alobs_65aba9569263271a923b | alobs_ca095899a6697f896798 | alobs_4ddd49854df9e099096e | alobs_ebf2c9139b69560b9fbc | alobs_6f8bd35b6e688da45d70,Alabama Farmers Market Authority — u-pick map | PickYourOwn — Southeast Alabama | Sweet Grown Alabama — Farm members,https://agi.alabama.gov/farmersmarket/locations/u-pick-location-map/ | https://www.pickyourown.org/ALmontg.htm | https://www.sweetgrownalabama.org/find-sweet-grown,B; D,2026-07-15,promotion_eligible_reviewed,,Fields are selected by evidence grade; all underlying observations remain separately auditable.
AL-93360BCFCA,Knights Farms,knights farms,farm,unique_source_name_reviewed,AL,Chilton,Chilton County service area,,,public_business_address_reviewed_for_future_reduced_precision,,,Farm products; direct-to-consumer sales,Farm stand,,,internal_until_public_use_review,,,,,True,False,False,False,False,False,False,1,alobs_f692969799febfe0d884,Alabama FMA — 2026 statewide farm-stand roster,https://agi.alabama.gov/farmersmarket/wp-content/uploads/sites/9/2023/02/2026-statewide-redemption-sites.pdf,B,2026-07-15,promotion_eligible_reviewed,,Fields are selected by evidence grade; all underlying observations remain separately auditable.
AL-26128BE3CA,Knight’s Farm,knights farm,farm,merged_exact_name_reviewed,AL,Chilton,Clanton,35045,2767 County Road 49,public_business_address_reviewed_for_future_reduced_precision,32.7894942,-86.6231857,Farm products; direct-to-consumer sales; Blackberries; Blueberries; Cantaloupe; Greens; Okra; Peaches; Peas; Corn (Field); Cucumbers; Tomatoes; Jams/Jellies; Peppers; Squash; Strawberries; Watermelon,Farm stand; direct-to-consumer; Farm,(205) 389-3887,slateknight20@gmail.com,internal_until_public_use_review,,https://www.facebook.com/profile.php?id=100054289220096,,,True,True,False,False,False,True,False,2,alobs_89541350ebbd24c494a9 | alobs_3e6f13304e9641f6288e,Alabama Farmers Market Authority — farm-stand map | Sweet Grown Alabama — Farm members,https://agi.alabama.gov/farmersmarket/locations/farmers-stand-location-map/ | https://www.sweetgrownalabama.org/find-sweet-grown,B,2026-07-15,promotion_eligible_reviewed,,Fields are selected by evidence grade; all underlying observations remain separately auditable.
AL-BDABB10FA2,Langston Farms,langston farms,farm,unique_source_name_reviewed,AL,Chilton,Clanton,35045,9635 County Road 37,public_business_address_reviewed_for_future_reduced_precision,32.7869602,-86.7168871,Sweet Corn; Tomatoes; Watermelon; Plums; Okra; Peaches; Squash,Farm,(205) 217-3140,langstonfarmscc@gmail.com,internal_until_public_use_review,,https://www.facebook.com/profile.php?id=100066417524791,,,True,False,False,True,False,True,False,1,alobs_5aaa963d66147fbd592c,Sweet Grown Alabama — Farm members,https://www.sweetgrownalabama.org/find-sweet-grown,B,2026-07-15,promotion_eligible_reviewed,,Fields are selected by evidence grade; all underlying observations remain separately auditable.
AL-DFF6C34129,Littleton Farms,littleton farms,farm,unique_source_name_reviewed,AL,Chilton,Jemison,35085,16863 County Road 51,public_business_address_reviewed_for_future_reduced_precision,32.9739651,-86.7356212,Chicken; Pork; Apples; Blueberries; Cantaloupe; Cucumbers; Eggs; Jams/Jellies; Lettuce; Muscadine Grapes; Okra; Squash; Sweet Potatoes; Tomatoes; Watermelon; Peaches; Peas; Pears; Peppers; Strawberries; Sweet Corn; Rabbits,Farm,(205) 576-0424,fullout4@yahoo.com,internal_until_public_use_review,https://littletonfarms.net,https://www.facebook.com/profile.php?id=61556465039520,,,True,True,True,True,False,True,False,1,alobs_4b0219309a1e2a7ca0e9,Sweet Grown Alabama — Farm members,https://www.sweetgrownalabama.org/find-sweet-grown,B,2026-07-15,promotion_eligible_reviewed,,Fields are selected by evidence grade; all underlying observations remain separately auditable.
AL-D8E8F4C98A,MCCRAW FARMS,mccraw farms,farm,merged_exact_name_reviewed,AL,Chilton,Maplesville,36750,7299 County Road 15,public_business_address_reviewed_for_future_reduced_precision,,,"Farm products; direct-to-consumer sales; U-pick crops; agritourism; blackberries, blueberries, figs, muscadine grapes, nectarines, peaches, plums, Other fruit or veg, U-pick and already picked, restrooms, picnic area, farm animals",Farm stand; direct-to-consumer; Agritourism; U-pick; agritourism,251-231-0517,jerrimebrasher76@icloud.com,internal_until_public_use_review,https://mccrawfarms.com,https://www.facebook.com/mccrawsupick/,,,True,False,False,False,True,False,False,3,alobs_61a48b4d9a3139fcf385 | alobs_7e583f97b6751ab9fbd6 | alobs_b5acd50a674fa2fa1ea7,Alabama Farmers Market Authority — farm-stand map | Alabama Farmers Market Authority — u-pick map | PickYourOwn — Southeast Alabama,https://agi.alabama.gov/farmersmarket/locations/farmers-stand-location-map/ | https://agi.alabama.gov/farmersmarket/locations/u-pick-location-map/ | https://www.pickyourown.org/ALmontg.htm,B; D,2026-07-15,promotion_eligible_reviewed,,Fields are selected by evidence grade; all underlying observations remain separately auditable.
AL-A47C888C1C,Neely Farms Christmas Trees,neely farms christmas trees,farm,unique_source_name_reviewed,AL,Chilton,Thorsby,35171,275 Dakota Road,public_business_address_reviewed_for_future_reduced_precision,32.909737,-86.7213249,Christmas Trees,Farm; Agritourism,(205) 389-1831,neelyfarmstrees@gmail.com,internal_until_public_use_review,https://neelyfarmschristmastrees.com,https://www.facebook.com/Neelyfarmstrees,,,False,False,False,False,False,False,False,1,alobs_c29f97fe483620a20f1d,Sweet Grown Alabama — Farm members,https://www.sweetgrownalabama.org/find-sweet-grown,B,2026-07-15,promotion_eligible_reviewed,,Fields are selected by evidence grade; all underlying observations remain separately auditable.
AL-E23B4CE8F9,Penton Farms - Sugar Hill Farms,penton farms sugar hill farms,farm,unique_source_name_reviewed,AL,Chilton,Verbena,36091,3358 County Road 59,public_business_address_reviewed_for_future_reduced_precision,,,"strawberries, U-pick and already picked, pumpkins",U-pick; agritourism,205-351-1480,rcpenton80@gmail.com,internal_until_public_use_review,,https://www.facebook.com/sugarhillupick/,,,True,False,False,False,True,False,False,1,alobs_157cc598c2bc2f76098b,PickYourOwn — Southeast Alabama,https://www.pickyourown.org/ALmontg.htm,D,2026-07-15,promotion_eligible_reviewed,,Fields are selected by evidence grade; all underlying observations remain separately auditable.
AL-268D1A6687,Petals From the Past,petals from the past,farm,merged_exact_name_reviewed,AL,Chilton,Jemison,35085,6034 County Road 29,public_business_address_reviewed_for_future_reduced_precision,32.8915066,-86.7113754,"Farm products; direct-to-consumer sales; U-pick crops; agritourism; blueberries, blackberries, figs, Muscadines, grapes, persimmons, kiwi, flowers; Apples; Blackberries; Blueberries; Container Plants/Greenhouse & Nursery Products/Shrubs/Etc.; Container Plants; Persimmons- Oriental; Kiwi; Jams/Jellies; Pears",Farm stand; direct-to-consumer; Agritourism; U-pick; agritourism; Farm,(205) 299-1112,info@petalsfromthepast.com,internal_until_public_use_review,https://petalsfromthepast.com,https://www.facebook.com/petalsfromthepast/,https://www.instagram.com/petalsfromthepast/,,True,True,False,False,True,True,False,5,alobs_5571fd9af255e7a18fd6 | alobs_7e33d73a1f1a34433808 | alobs_0f8be26a637e2a7278af | alobs_c436885184f3aeca40c6 | alobs_f35e54136bbdfa228e0f,Alabama FMA — 2026 statewide farm-stand roster | Alabama Farmers Market Authority — farm-stand map | Alabama Farmers Market Authority — u-pick map | PickYourOwn — Southeast Alabama | Sweet Grown Alabama — Farm members,https://agi.alabama.gov/farmersmarket/wp-content/uploads/sites/9/2023/02/2026-statewide-redemption-sites.pdf | https://agi.alabama.gov/farmersmarket/locations/farmers-stand-location-map/ | https://agi.alabama.gov/farmersmarket/locations/u-pick-location-map/ | https://www.pickyourown.org/ALmontg.htm | https://www.sweetgrownalabama.org/find-sweet-grown,B; D,2026-07-15,promotion_eligible_reviewed,,Fields are selected by evidence grade; all underlying observations remain separately auditable.
AL-8FAE84D926,Pierce Farms,pierce farms,farm,merged_exact_name_reviewed,AL,Chilton,Clanton,35045,1007 7Th Street S,public_business_address_reviewed_for_future_reduced_precision,,,Farm products; direct-to-consumer sales,Farm stand; direct-to-consumer,205-351-1926 | 205-438-0167,pierce_farmsproduce@yahoo.com,internal_until_public_use_review,,,,,True,False,False,False,False,False,False,2,alobs_cbb1bc0f68dbbedcd7e3 | alobs_a5dfc5345285a1a9fd06,Alabama FMA — 2026 statewide farm-stand roster | Alabama Farmers Market Authority — farm-stand map,https://agi.alabama.gov/farmersmarket/wp-content/uploads/sites/9/2023/02/2026-statewide-redemption-sites.pdf | https://agi.alabama.gov/farmersmarket/locations/farmers-stand-location-map/,B,2026-07-15,promotion_eligible_reviewed,,Fields are selected by evidence grade; all underlying observations remain separately auditable.
AL-7E26093252,Rocky Top Peach Farm,rocky top peach farm,farm,unique_source_name_reviewed,AL,Chilton,Chilton County service area,,,public_business_address_reviewed_for_future_reduced_precision,,,Peaches.,U-pick; agritourism,888-269-2415,,internal_until_public_use_review,,,,,True,False,False,False,True,False,False,1,alobs_c5043846096de06a9e75,PickYourOwn — Southeast Alabama,https://www.pickyourown.org/ALmontg.htm,D,2026-07-15,promotion_eligible_reviewed,,Fields are selected by evidence grade; all underlying observations remain separately auditable.
AL-20E9F61697,Roland and Elizabeth Miller Farm,roland and elizabeth miller farm,farm,unique_source_name_reviewed,AL,Chilton,Chilton County service area,,,public_business_address_reviewed_for_future_reduced_precision,,,Blueberries.,U-pick; agritourism,205-755-3681,,internal_until_public_use_review,,,,,True,False,False,False,True,False,False,1,alobs_4ab538969a19f2d8be68,PickYourOwn — Southeast Alabama,https://www.pickyourown.org/ALmontg.htm,D,2026-07-15,promotion_eligible_reviewed,,Fields are selected by evidence grade; all underlying observations remain separately auditable.
AL-839DE6BE34,SUGAR HILL STRAWBERRY U-PICK,sugar hill strawberry u pick,farm,unique_source_name_reviewed,AL,Chilton,Verbena,36091,812 County Road 445,public_business_address_reviewed_for_future_reduced_precision,,,U-pick crops; agritourism,Agritourism; U-pick,205-351-1480 | 205-351-1479,pentonfarms@gmail.com,internal_until_public_use_review,https://www.pentonfarms.com,,,,True,False,False,False,True,False,False,1,alobs_0942d8c4724df49dbdf2,Alabama Farmers Market Authority — u-pick map,https://agi.alabama.gov/farmersmarket/locations/u-pick-location-map/,B,2026-07-15,promotion_eligible_reviewed,,Fields are selected by evidence grade; all underlying observations remain separately auditable.
AL-4DCE37798E,Sugar Hill U-Pick Farms,sugar hill u pick farms,farm,unique_source_name_reviewed,AL,Chilton,Chilton County service area,,,public_business_address_reviewed_for_future_reduced_precision,,,Farm products; direct-to-consumer sales,Farm stand,,,internal_until_public_use_review,,,,,True,False,False,False,False,False,False,1,alobs_2086f164fb544db36d12,Alabama FMA — 2026 statewide farm-stand roster,https://agi.alabama.gov/farmersmarket/wp-content/uploads/sites/9/2023/02/2026-statewide-redemption-sites.pdf,B,2026-07-15,promotion_eligible_reviewed,,Fields are selected by evidence grade; all underlying observations remain separately auditable.
AL-F67EE513D9,Todd’s Produce,todds produce,farm,unique_source_name_reviewed,AL,Chilton,Chilton County service area,,,public_business_address_reviewed_for_future_reduced_precision,,,Farm products; direct-to-consumer sales,Farm stand,,,internal_until_public_use_review,,,,,True,False,False,False,False,False,False,1,alobs_bb696927bf5f687ddc17,Alabama FMA — 2026 statewide farm-stand roster,https://agi.alabama.gov/farmersmarket/wp-content/uploads/sites/9/2023/02/2026-statewide-redemption-sites.pdf,B,2026-07-15,promotion_eligible_reviewed,,Fields are selected by evidence grade; all underlying observations remain separately auditable.
AL-A665C69AF8,Wise Farms,wise farms,farm,unique_source_name_reviewed,AL,Chilton,Clanton,35045,2259 County Road 47,public_business_address_reviewed_for_future_reduced_precision,32.7871241,-86.58807399999999,Cantaloupe; Cucumbers; Greens; Pumpkins; Watermelon; Hay; Peaches; Peas; Honey; Okra; Peppers; Roasted/Boiled Peanuts; Squash; Strawberries; Sweet Corn; Tomatoes,Farm,(205) 351-1478,keithwise83@gmail.com,internal_until_public_use_review,,,,,True,True,False,False,False,True,False,1,alobs_78d8fd644c9e615adaf7,Sweet Grown Alabama — Farm members,https://www.sweetgrownalabama.org/find-sweet-grown,B,2026-07-15,promotion_eligible_reviewed,,Fields are selected by evidence grade; all underlying observations remain separately auditable.
AL-74DB957CA7,Bigbee Beef,bigbee beef,farm,merged_exact_name_reviewed,AL,Choctaw,Gilbertown,36908,445 Clark Road,public_business_address_reviewed_for_future_reduced_precision,31.844835,-88.284015,Beef; direct-to-consumer meat,Cattle farm; direct-sale beef; Farm,(251) 843-2531,bigbeebeefllc@gmail.com,internal_until_public_use_review,https://Www.bigbeebeef.com,https://www.facebook.com/profile.php?id=61571468669409,https://www.instagram.com/bigbeebeef/,,True,True,True,True,False,False,False,2,alobs_755236df90fc54c506db | alobs_d6bf245edc566c7ba46e,Alabama Cattlemen’s Association — Bama Beef Sales Directory | Sweet Grown Alabama — Farm members,https://www.bamabeef.org/p/about/bama-beef-sales-directory | https://www.sweetgrownalabama.org/find-sweet-grown,B; D,2026-07-15,promotion_eligible_reviewed,,Fields are selected by evidence grade; all underlying observations remain separately auditable.
AL-43C11F01C8,Circle 4T Farms,circle 4t farms,farm,unique_source_name_reviewed,AL,Choctaw,Butler,36904,1 Dansby Road,public_business_address_reviewed_for_future_reduced_precision,32.100814,-88.219065,Baked Goods; Eggs; Greens; Sweet Corn,Farm,(770) 826-3095,ggturner2008@yahoo.com,internal_until_public_use_review,,,,,False,True,False,True,False,False,False,1,alobs_1f537e2170e1455bfaf8,Sweet Grown Alabama — Farm members,https://www.sweetgrownalabama.org/find-sweet-grown,B,2026-07-15,promotion_eligible_reviewed,,Fields are selected by evidence grade; all underlying observations remain separately auditable.
AL-C222A6BBEC,Glory Bee Hives,glory bee hives,farm,unique_source_name_reviewed,AL,Choctaw,Choctaw County service area,,,public_business_address_reviewed_for_future_reduced_precision,,,Bees; apiary products,Apiary / bee seller,478-955-8249,,internal_until_public_use_review,,,,,False,False,False,False,False,False,False,1,alobs_c639f3b7fbdf4d8e909f,Alabama Plant Protection — Beekeepers Selling Bees,https://agi.alabama.gov/plantprotection/beeks-selling-bees/,B,2026-07-15,promotion_eligible_reviewed,,Fields are selected by evidence grade; all underlying observations remain separately auditable.
AL-C4CD9AA0FB,HoneyRoot Homestead LLC,honeyroot homestead,farm,unique_source_name_reviewed,AL,Choctaw,Silas,36919,313 Conners Road,public_business_address_reviewed_for_future_reduced_precision,31.8335247,-88.3622437,"Acidified Foods* (Pickles, Salsas, Relishes); Blueberries; Eggs; Fresh Cut Flowers; Herbs; Peaches; Peppers; Pumpkins; Sweet Corn; Tomatoes; Baked Goods; Honey; Jams/Jellies",Farm,(334) 633-9192,honeyroothomestead@gmail.com,internal_until_public_use_review,https://honeyroothomestead.com,https://www.facebook.com/profile.php?id=61587484626314,https://www.instagram.com/honeyroothomestead/,,True,False,False,False,False,False,False,1,alobs_ff8e5320cbbe5c5377c8,Sweet Grown Alabama — Farm members,https://www.sweetgrownalabama.org/find-sweet-grown,B,2026-07-15,promotion_eligible_reviewed,,Fields are selected by evidence grade; all underlying observations remain separately auditable.
AL-E352FAD544,John Gibson,john gibson,farm,unique_source_name_reviewed,AL,Choctaw,John Gibson Pennington,,,public_business_address_reviewed_for_future_reduced_precision,,,Beef; direct-to-consumer meat,Cattle farm; direct-sale beef,205-499-6267,,internal_until_public_use_review,,,,,True,False,False,False,False,False,False,1,alobs_3ce0cbb6d12de7b1905f,Alabama Cattlemen’s Association — Bama Beef Sales Directory,https://www.bamabeef.org/p/about/bama-beef-sales-directory,D,2026-07-15,promotion_eligible_reviewed,,Fields are selected by evidence grade; all underlying observations remain separately auditable.
AL-9267EAD2FD,S.H.Giles and Sons farms,s h giles and sons farms,farm,unique_source_name_reviewed,AL,Choctaw,Gilbertown,36908,5037 Hurricane Road,public_business_address_reviewed_for_future_reduced_precision,31.8761244,-88.45167219999999,Beans; Squash; Tomatoes; Watermelon; Corn (Field); Cucumbers; Fresh Cut Flowers; Okra; Sweet Corn; Peppers,Farm,(251) 843-2452,stevenandmarygiles@gmail.com,internal_until_public_use_review,,https://www.facebook.com/profile.php?id=100080246143560,,,True,True,False,True,False,False,False,1,alobs_3112a65a1ee1beee860f,Sweet Grown Alabama — Farm members,https://www.sweetgrownalabama.org/find-sweet-grown,B,2026-07-15,promotion_eligible_reviewed,,Fields are selected by evidence grade; all underlying observations remain separately auditable.
AL-C7F3C203E2,Clark Farms & Cattle Co,clark farms and cattle co,farm,unique_source_name_reviewed,AL,Clarke,Grove Hill,,,public_business_address_reviewed_for_future_reduced_precision,,,Beef; direct-to-consumer meat,Cattle farm; direct-sale beef,251-348-8637,,internal_until_public_use_review,,,,,True,False,False,False,False,False,False,1,alobs_0a8b5edf6bcc96165395,Alabama Cattlemen’s Association — Bama Beef Sales Directory,https://www.bamabeef.org/p/about/bama-beef-sales-directory,D,2026-07-15,promotion_eligible_reviewed,,Fields are selected by evidence grade; all underlying observations remain separately auditable.
AL-5E03E0CF1B,Hillside Farm,hillside farm,farm,merged_exact_name_reviewed,AL,Clarke,Leroy,36548,2045 Pruitt Rd,public_business_address_reviewed_for_future_reduced_precision,,,Farm products; direct-to-consumer sales,Farm stand; direct-to-consumer,251-246-4346,,internal_until_public_use_review,,,,,True,False,False,False,False,False,False,2,alobs_34f12f0e408ac5643160 | alobs_e5110a8a4ebb2bced370,Alabama FMA — 2026 statewide farm-stand roster | Alabama Farmers Market Authority — farm-stand map,https://agi.alabama.gov/farmersmarket/wp-content/uploads/sites/9/2023/02/2026-statewide-redemption-sites.pdf | https://agi.alabama.gov/farmersmarket/locations/farmers-stand-location-map/,B,2026-07-15,promotion_eligible_reviewed,,Fields are selected by evidence grade; all underlying observations remain separately auditable.
AL-24C77F0106,PawPaw & Neenee's Little Farm,pawpaw and neenees little farm,farm,unique_source_name_reviewed,AL,Clarke,Dickinson,36436,1415 Brookville Rd,public_business_address_reviewed_for_future_reduced_precision,,,Farm products; direct-to-consumer sales,Farm stand; direct-to-consumer,334-357-0281,anita.wiggins123@gmail.com,internal_until_public_use_review,,,,,True,False,False,False,False,False,False,1,alobs_ce80e2433d50adb3bbe7,Alabama Farmers Market Authority — farm-stand map,https://agi.alabama.gov/farmersmarket/locations/farmers-stand-location-map/,B,2026-07-15,promotion_eligible_reviewed,,Fields are selected by evidence grade; all underlying observations remain separately auditable.
AL-023B9280CE,Blair Family Farm & Market,blair family farm and market,farm,unique_source_name_reviewed,AL,Clay,Ashland,36251,1015 Blair Road,public_business_address_reviewed_for_future_reduced_precision,33.2005118,-85.85740609999999,Jams/Jellies; Beef; Eggs; Honey; Pork,Farm,(256) 907-0982,leighanne_blair@yahoo.com,internal_until_public_use_review,,,,,True,False,False,False,False,False,False,1,alobs_e55e3234ea89bbf3b78a,Sweet Grown Alabama — Farm members,https://www.sweetgrownalabama.org/find-sweet-grown,B,2026-07-15,promotion_eligible_reviewed,,Fields are selected by evidence grade; all underlying observations remain separately auditable.
AL-F63B854C52,Blair Mountain Farms,blair mountain farms,farm,unique_source_name_reviewed,AL,Clay,Ashland,,,public_business_address_reviewed_for_future_reduced_precision,,,Beef; direct-to-consumer meat,Cattle farm; direct-sale beef,256-307-5045,,internal_until_public_use_review,,,,,True,False,False,False,False,False,False,1,alobs_3d122d6503bd78fd420f,Alabama Cattlemen’s Association — Bama Beef Sales Directory,https://www.bamabeef.org/p/about/bama-beef-sales-directory,D,2026-07-15,promotion_eligible_reviewed,,Fields are selected by evidence grade; all underlying observations remain separately auditable.
AL-FD6A962FC5,CLAY FARM MARKET,clay farm market,farm,unique_source_name_reviewed,AL,Clay,Lineville,36266,89520 Highway 9,public_business_address_reviewed_for_future_reduced_precision,,,Farm products; direct-to-consumer sales,Farm stand; direct-to-consumer,256-276-0078,dewberrylands@gmail.com,internal_until_public_use_review,,,,,True,False,False,False,False,False,False,1,alobs_3bdbaeeca1741218df50,Alabama Farmers Market Authority — farm-stand map,https://agi.alabama.gov/farmersmarket/locations/farmers-stand-location-map/,B,2026-07-15,promotion_eligible_reviewed,,Fields are selected by evidence grade; all underlying observations remain separately auditable.
AL-D6EFBD3F3B,HOLMESTEAD FARM COUNTRY STORE & MARKET,holmestead you pick we pick farm,farm,merged_cross_county_identity_reviewed,AL,Clay,Talladega,35160,6582 County Road 7,public_business_address_reviewed_for_future_reduced_precision,,,Farm products; direct-to-consumer sales; U-pick crops; agritourism; Berries; fruit; vegetables; U-pick,Farm stand; direct-to-consumer; Agritourism; U-pick; Farm; agritourism,256-404-4316 | 256-354-0172,HOLMESTEADFARM@YAHOO.COM,internal_until_public_use_review,https://WWW.HOLMESTEADFARM.COM,https://www.facebook.com/@HolmesteadFarm/,,,True,False,False,False,True,False,False,4,alobs_380a5004c6bc98cc2c11 | alobs_d6312f3065eac4948ad3 | alobs_35b597b6ebff91c52369 | alobs_3a8daf0d6aac51a7f4de,Alabama Farmers Market Authority — farm-stand map | Alabama Farmers Market Authority — u-pick map | FarmFinder curator verification — farm-owned or authoritative evidence | PickYourOwn — Central Alabama,https://agi.alabama.gov/farmersmarket/locations/farmers-stand-location-map/ | https://agi.alabama.gov/farmersmarket/locations/u-pick-location-map/ | https://toureastalabama.com/attraction/holmestead-farm/ | https://www.pickyourown.org/ALbham.htm,B; C; D,2026-07-15,promotion_eligible_reviewed,,Fields are selected by evidence grade; all underlying observations remain separately auditable.
AL-3E6302B1F6,Homestead Farm,homestead farm,farm,unique_source_name_reviewed,AL,Clay,Clay County service area,,,public_business_address_reviewed_for_future_reduced_precision,,,Farm products; direct-to-consumer sales,Farm stand,,,internal_until_public_use_review,,,,,True,False,False,False,False,False,False,1,alobs_f72b2437c59c9c692ed4,Alabama FMA — 2026 statewide farm-stand roster,https://agi.alabama.gov/farmersmarket/wp-content/uploads/sites/9/2023/02/2026-statewide-redemption-sites.pdf,B,2026-07-15,promotion_eligible_reviewed,,Fields are selected by evidence grade; all underlying observations remain separately auditable.
AL-64A12746FA,JKW Cattle Co,jkw cattle co,farm,unique_source_name_reviewed,AL,Clay,Lineville,,,public_business_address_reviewed_for_future_reduced_precision,,,Beef; direct-to-consumer meat,Cattle farm; direct-sale beef,256-276-6030,,internal_until_public_use_review,,,,,True,False,False,False,False,False,False,1,alobs_8786c61a09ca4bb38eb1,Alabama Cattlemen’s Association — Bama Beef Sales Directory,https://www.bamabeef.org/p/about/bama-beef-sales-directory,D,2026-07-15,promotion_eligible_reviewed,,Fields are selected by evidence grade; all underlying observations remain separately auditable.
AL-321EC1C07C,Mathews Meat Market,mathews meat market,farm,unique_source_name_reviewed,AL,Clay,Lineville,36266,61272 Highway 49,public_business_address_reviewed_for_future_reduced_precision,33.3306518,-85.75407679999999,Beef; Chicken; Pork; Eggs; Goat Meat; Lamb,Specialty Store; Farm; Animal Processing Facility,(256) 396-5694,mathewsmeatmarket@gmail.com,internal_until_public_use_review,,https://www.facebook.com/profile.php?id=61554115570933,,,False,False,False,False,False,False,False,1,alobs_6fca5be38efe6ea08646,Sweet Grown Alabama — Farm members,https://www.sweetgrownalabama.org/find-sweet-grown,B,2026-07-15,promotion_eligible_reviewed,,Fields are selected by evidence grade; all underlying observations remain separately auditable.
AL-2E3222C075,Red Briar Highlands,red briar highlands,farm,unique_source_name_reviewed,AL,Clay,Ashland,36251,,public_business_address_reviewed_for_future_reduced_precision,,,Pastured livestock and/or farm products; see source profile,Pastured-product farm; direct sales,(850) 585-5359,emccain@eleanormccain.net,internal_until_public_use_review,,,,,True,False,False,False,False,False,False,1,alobs_58ad9eefbc5782adacb8,EatWild Alabama directory,https://www.eatwild.com/products/alabama.html,D,2026-07-15,promotion_eligible_reviewed,,Fields are selected by evidence grade; all underlying observations remain separately auditable.
AL-48E8434747,Rock Valley Livestock,rock valley livestock,farm,unique_source_name_reviewed,AL,Clay,Delta,36258,1361 Lake Gerald Circle,public_business_address_reviewed_for_future_reduced_precision,33.4303849,-85.67732339999999,Beef; Eggs; Hay; Lamb; Pork,Farm,(256) 239-4643,jennwatf.1121@yahoo.com,internal_until_public_use_review,,https://www.facebook.com/profile.php?id=100083398509619,,,True,True,True,True,False,True,False,1,alobs_ecb49a011c633ab6f594,Sweet Grown Alabama — Farm members,https://www.sweetgrownalabama.org/find-sweet-grown,B,2026-07-15,promotion_eligible_reviewed,,Fields are selected by evidence grade; all underlying observations remain separately auditable.
AL-B2823DCABC,Rockin’ U Farm,rockin u farm,farm,merged_exact_name_reviewed,AL,Clay,Lineville,36266,175 Denson Drive,public_business_address_reviewed_for_future_reduced_precision,33.3098359,-85.76211699999999,Beef; direct-to-consumer meat,Cattle farm; direct-sale beef; Farm,(256) 618-2021,rockinufarm@gmail.com,internal_until_public_use_review,,https://www.facebook.com/rockinufarm,https://www.instagram.com/rockinufarm/,https://www.tiktok.com/@rockinufarm?is_from_webapp=1&sender_device=pc,True,False,False,False,False,False,False,2,alobs_3858aa0707003875eeed | alobs_9e9dd5f531c2b317dbb2,Alabama Cattlemen’s Association — Bama Beef Sales Directory | Sweet Grown Alabama — Farm members,https://www.bamabeef.org/p/about/bama-beef-sales-directory | https://www.sweetgrownalabama.org/find-sweet-grown,B; D,2026-07-15,promotion_eligible_reviewed,,Fields are selected by evidence grade; all underlying observations remain separately auditable.
AL-D24B8336B2,"Skeeter's Ridge Farm, LLC",skeeters ridge farm,farm,unique_source_name_reviewed,AL,Clay,Ashland,36251,1350 Fire Station Road,public_business_address_reviewed_for_future_reduced_precision,33.2509743,-85.9268113,"Goats Milk Soap and Lotions; Acidified Foods* (Pickles, Salsas, Relishes); Beans; Cucumbers; Blackberries; Peas; Blueberries; Okra; Sweet Corn; Cantaloupe; Sauces/Condiments; Eggs; Jams/Jellies; Watermelon; Milk; Peppers",Farm,(205) 915-9636,heycarrie77@yahoo.com,internal_until_public_use_review,https://www.skeetersridgefarm.com,https://www.facebook.com/skeetersridgesoapco,https://www.instagram.com/skeeters_ridge_farm_soap_co/,,False,True,True,True,False,False,False,1,alobs_01becef043c49b3f61e8,Sweet Grown Alabama — Farm members,https://www.sweetgrownalabama.org/find-sweet-grown,B,2026-07-15,promotion_eligible_reviewed,,Fields are selected by evidence grade; all underlying observations remain separately auditable.
AL-237733D107,Steele and family,steele and family,farm,unique_source_name_reviewed,AL,Clay,Delta ,36258,194 Lake Gerald Circle,public_business_address_reviewed_for_future_reduced_precision,,,Pastured livestock and/or farm products; see source profile,Pastured-product farm; direct sales,(256) 488-5661,,internal_until_public_use_review,,,,,True,False,False,False,False,False,False,1,alobs_39a8270441d9969cbcb9,EatWild Alabama directory,https://www.eatwild.com/products/alabama.html,D,2026-07-15,promotion_eligible_reviewed,,Fields are selected by evidence grade; all underlying observations remain separately auditable.
AL-756D16AF84,Flying L Farms,flying l farms,farm,unique_source_name_reviewed,AL,Cleburne,Ranburne,,,public_business_address_reviewed_for_future_reduced_precision,,,Beef; direct-to-consumer meat,Cattle farm; direct-sale beef,770-328-3013,,internal_until_public_use_review,,,,,True,False,False,False,False,False,False,1,alobs_d3937d138484e292df02,Alabama Cattlemen’s Association — Bama Beef Sales Directory,https://www.bamabeef.org/p/about/bama-beef-sales-directory,D,2026-07-15,promotion_eligible_reviewed,,Fields are selected by evidence grade; all underlying observations remain separately auditable.
AL-B420B1C82C,Hagen Farms,hagen farms,farm,unique_source_name_reviewed,AL,Cleburne,Heflin,36264,2623 County Road 96,public_business_address_reviewed_for_future_reduced_precision,33.5878549,-85.41027129999999,Beef,Farm,(404) 386-9918,kim@hrgsold.com,internal_until_public_use_review,https://www.hagenfarms-angus.com,https://www.facebook.com/profile.php?id=100071017337224,https://www.instagram.com/hagenfarmsangus?igshid=YTQwZjQ0NmI0OA%3D%3D,,True,False,False,True,False,False,False,1,alobs_af4635d20ea2072d6bc0,Sweet Grown Alabama — Farm members,https://www.sweetgrownalabama.org/find-sweet-grown,B,2026-07-15,promotion_eligible_reviewed,,Fields are selected by evidence grade; all underlying observations remain separately auditable.
AL-729291AAC1,HARRIS FARM,harris farm,farm,merged_exact_name_reviewed,AL,Cleburne,Heflin,36264,6578 County Road 43,public_business_address_reviewed_for_future_reduced_precision,,,Farm products; direct-to-consumer sales; U-pick crops; agritourism,Farm stand; direct-to-consumer; Agritourism; U-pick,256-591-1174,thomas.m.harris54@gmail.com,internal_until_public_use_review,,,,,True,False,False,False,True,False,False,2,alobs_6142f7cd8b44da2ab8cf | alobs_cd259bd81321b56d18b4,Alabama Farmers Market Authority — farm-stand map | Alabama Farmers Market Authority — u-pick map,https://agi.alabama.gov/farmersmarket/locations/farmers-stand-location-map/ | https://agi.alabama.gov/farmersmarket/locations/u-pick-location-map/,B,2026-07-15,promotion_eligible_reviewed,,Fields are selected by evidence grade; all underlying observations remain separately auditable.
AL-17A2961053,Harris Farm/UP,harris farm up,farm,unique_source_name_reviewed,AL,Cleburne,Cleburne County service area,,,public_business_address_reviewed_for_future_reduced_precision,,,Farm products; direct-to-consumer sales,Farm stand,,,internal_until_public_use_review,,,,,True,False,False,False,False,False,False,1,alobs_96c3c4c6bfe34a053d55,Alabama FMA — 2026 statewide farm-stand roster,https://agi.alabama.gov/farmersmarket/wp-content/uploads/sites/9/2023/02/2026-statewide-redemption-sites.pdf,B,2026-07-15,promotion_eligible_reviewed,,Fields are selected by evidence grade; all underlying observations remain separately auditable.
AL-A5BA975CA8,Hunt & Lovvorn Cattle Co.,hunt and lovvorn cattle co,farm,unique_source_name_reviewed,AL,Cleburne,Heflin,36264,1935 County Road 48,public_business_address_reviewed_for_future_reduced_precision,33.5960522,-85.3710658,Beef,Farm,(770) 853-1323,bphunt010@gmail.com,internal_until_public_use_review,https://www.huntandlovvorncattleco.com/,https://www.facebook.com/Huntandlovvorncattleco,https://www.instagram.com/huntandlovvorncattleco/,,False,False,False,False,False,False,False,1,alobs_b51b52386c24cd48eeb7,Sweet Grown Alabama — Farm members,https://www.sweetgrownalabama.org/find-sweet-grown,B,2026-07-15,promotion_eligible_reviewed,,Fields are selected by evidence grade; all underlying observations remain separately auditable.
AL-02656ED43C,Jordan Livestock,jordan livestock,farm,unique_source_name_reviewed,AL,Cleburne,Talladega,,,public_business_address_reviewed_for_future_reduced_precision,,,Beef; direct-to-consumer meat,Cattle farm; direct-sale beef,,,internal_until_public_use_review,,,,,True,False,False,False,False,False,False,1,alobs_ddb3370b97a62aef59bb,Alabama Cattlemen’s Association — Bama Beef Sales Directory,https://www.bamabeef.org/p/about/bama-beef-sales-directory,D,2026-07-15,promotion_eligible_reviewed,,Fields are selected by evidence grade; all underlying observations remain separately auditable.
AL-E382AFAA90,McLeod Family Farm,mcleod family farm,farm,unique_source_name_reviewed,AL,Cleburne,Heflin,36264,2869 County Highway 43,public_business_address_reviewed_for_future_reduced_precision,33.5932669,-85.4113701,"Apples; Blueberries; Corn (Field); Cantaloupe; Fresh Cut Flowers; Muscadine Grapes; Okra; Peaches; Peppers; Pears; Squash; Tomatoes; Watermelon; Jams/Jellies; Cucumbers; Acidified Foods* (Pickles, Salsas, Relishes)",Farm,(770) 301-9000,mcleodfamilyfarm@gmail.com,internal_until_public_use_review,,https://www.facebook.com/McLeodfamilyfarm,https://www.instagram.com/mcleodfamilyfarm/,,True,False,False,False,False,False,False,1,alobs_c0d2ed1f8022fb5e5215,Sweet Grown Alabama — Farm members,https://www.sweetgrownalabama.org/find-sweet-grown,B,2026-07-15,promotion_eligible_reviewed,,Fields are selected by evidence grade; all underlying observations remain separately auditable.
AL-BBAF6E907D,McMichen's Lost Creek Farm & Forage,mcmichens lost creek farm and forage,farm,unique_source_name_reviewed,AL,Cleburne,Ranburne,36273,1318 County Road 633,public_business_address_reviewed_for_future_reduced_precision,,,"blueberries, grapes, Muscadines, grapes, pecans, farm market, gift shop, concessions or refreshment stand",U-pick; agritourism,(719) 310-8599,carma@iokenterprises.com,internal_until_public_use_review,,https://www.facebook.com/Mcslostcreek,,,True,False,False,False,True,False,False,1,alobs_ad4f0892c0bdd083d4a7,PickYourOwn — Central Alabama,https://www.pickyourown.org/ALbham.htm,D,2026-07-15,promotion_eligible_reviewed,,Fields are selected by evidence grade; all underlying observations remain separately auditable.
AL-04749100B4,Rock House Farms,rock house farms,farm,unique_source_name_reviewed,AL,Cleburne,Fruithurst,,,public_business_address_reviewed_for_future_reduced_precision,,,Beef; direct-to-consumer meat,Cattle farm; direct-sale beef,770-722-4981,,internal_until_public_use_review,,,,,True,False,False,False,False,False,False,1,alobs_6f2b5bcffb83b12ab432,Alabama Cattlemen’s Association — Bama Beef Sales Directory,https://www.bamabeef.org/p/about/bama-beef-sales-directory,D,2026-07-15,promotion_eligible_reviewed,,Fields are selected by evidence grade; all underlying observations remain separately auditable.
AL-1D7A1DA830,3D Cattle Co.,3d cattle co,farm,unique_source_name_reviewed,AL,Coffee,Enterprise,36330,555 County Road 720,public_business_address_reviewed_for_future_reduced_precision,31.2491238,-85.8835739,Beef Tallow; Beef,Farm,(334) 726-9993,bret@3dcattleco.com,internal_until_public_use_review,https://3dcattleco.com,https://www.facebook.com/3dcattleco,https://www.instagram.com/3dcattleco/,,True,True,True,False,False,False,False,1,alobs_e6bfaa3126b41df7a430,Sweet Grown Alabama — Farm members,https://www.sweetgrownalabama.org/find-sweet-grown,B,2026-07-15,promotion_eligible_reviewed,,Fields are selected by evidence grade; all underlying observations remain separately auditable.
AL-85C6D8A0D7,Amanda & Micheal Joreski-Joreski Family,amanda and micheal joreski joreski family,farm,unique_source_name_reviewed,AL,Coffee,Coffee County service area,,,public_business_address_reviewed_for_future_reduced_precision,,,Farm products; direct-to-consumer sales,Farm stand,,,internal_until_public_use_review,,,,,True,False,False,False,False,False,False,1,alobs_52871c7cce243a7f8a5d,Alabama FMA — 2026 statewide farm-stand roster,https://agi.alabama.gov/farmersmarket/wp-content/uploads/sites/9/2023/02/2026-statewide-redemption-sites.pdf,B,2026-07-15,promotion_eligible_reviewed,,Fields are selected by evidence grade; all underlying observations remain separately auditable.
AL-D242F0EDF4,Bozeman Farms,bozeman farms,farm,unique_source_name_reviewed,AL,Coffee,Elba,36323,5802 hwy 141,public_business_address_reviewed_for_future_reduced_precision,31.4237314,-86.17197379999999,Peas; Squash; Tomatoes; Okra,Farm,(334) 301-7075,mbj071@gmail.com,internal_until_public_use_review,,,,,True,False,False,False,True,False,False,1,alobs_9c51e7399a54ee76d80c,Sweet Grown Alabama — Farm members,https://www.sweetgrownalabama.org/find-sweet-grown,B,2026-07-15,promotion_eligible_reviewed,,Fields are selected by evidence grade; all underlying observations remain separately auditable.
AL-5CA8BE1D2D,Country Best Farms,country best farms,farm,unique_source_name_reviewed,AL,Coffee,Enterprise,36330,1711 Moates Road,public_business_address_reviewed_for_future_reduced_precision,,,"Strawberries, tomatoes available to pick (more items may be available).",U-pick; agritourism,334-393-7224,,internal_until_public_use_review,,https://www.facebook.com/Country-Best-Farm-113376004172621/,,,True,False,False,False,True,False,False,1,alobs_9fc6ba07dbfe13b7f1d0,PickYourOwn — Southeast Alabama,https://www.pickyourown.org/ALmontg.htm,D,2026-07-15,promotion_eligible_reviewed,,Fields are selected by evidence grade; all underlying observations remain separately auditable.
AL-983C2353E9,Drysdale Family Farms LLC,drysdale family farms,farm,unique_source_name_reviewed,AL,Coffee,Enterprise,36300,2353 County Road 711,public_business_address_reviewed_for_future_reduced_precision,31.278068,-85.8505179,Chicken; Eggs,Farm,(814) 494-4681,zach.drysdale88@gmail.com,internal_until_public_use_review,,https://www.facebook.com/Drysdalefamilyfarmsllc,,,True,False,False,False,False,False,False,1,alobs_bfbcac0644ac5c1276b1,Sweet Grown Alabama — Farm members,https://www.sweetgrownalabama.org/find-sweet-grown,B,2026-07-15,promotion_eligible_reviewed,,Fields are selected by evidence grade; all underlying observations remain separately auditable.
AL-15C8544625,Flatcreek,flatcreek,farm,unique_source_name_reviewed,AL,Coffee,Coffee County service area,,,public_business_address_reviewed_for_future_reduced_precision,,,Bees; apiary products,Apiary / bee seller,334-282-6093,,internal_until_public_use_review,,,,,False,False,False,False,False,False,False,1,alobs_ac51d27bfa141db4628d,Alabama Plant Protection — Beekeepers Selling Bees,https://agi.alabama.gov/plantprotection/beeks-selling-bees/,B,2026-07-15,promotion_eligible_reviewed,,Fields are selected by evidence grade; all underlying observations remain separately auditable.
AL-F0E0530894,Fruit of the Comb,fruit of the comb,farm,unique_source_name_reviewed,AL,Coffee,Enterprise,36330,32 Breckenridge Court,public_business_address_reviewed_for_future_reduced_precision,31.3151708,-85.85521609999999,Honey,Farm,(334) 389-1563,woodhamrichard9@gmail.com,internal_until_public_use_review,,,,,False,True,False,True,False,True,False,1,alobs_7cb3e3da11f19587d2af,Sweet Grown Alabama — Farm members,https://www.sweetgrownalabama.org/find-sweet-grown,B,2026-07-15,promotion_eligible_reviewed,,Fields are selected by evidence grade; all underlying observations remain separately auditable.
AL-D642136D26,Generations Forward Learning Farm,generations forward learning farm,farm,restored_from_absence_based_exclusion,AL,Coffee,Chancellor,36316,6640 Co Rd 636,public_business_address_reviewed_for_future_reduced_precision,31.2583811,-85.9286427,Fruits; vegetables; herbs; seeds; seedlings,Agritourism; Farm,(334) 389-4776,drdeloreswilliams@gmail.com,internal_until_public_use_review,,https://www.facebook.com/generationsforwardfarm,,,False,False,False,False,True,False,False,1,alobs_9f894a5ecfeedb2d5a00,Sweet Grown Alabama — Farm members,https://www.sweetgrownalabama.org/find-sweet-grown,B,2026-07-15,promotion_eligible_reviewed,,Retained under national policy: missing or conflicting data creates research work and never deletion.
AL-DC23B5E617,Grace Hill Farm,grace hill farm,farm,unique_source_name_reviewed,AL,Coffee,Enterprise,,,public_business_address_reviewed_for_future_reduced_precision,,,Beef; direct-to-consumer meat,Cattle farm; direct-sale beef,334-799-3336,,internal_until_public_use_review,,,,,True,False,False,False,False,False,False,1,alobs_c622bbcef542d339538d,Alabama Cattlemen’s Association — Bama Beef Sales Directory,https://www.bamabeef.org/p/about/bama-beef-sales-directory,D,2026-07-15,promotion_eligible_reviewed,,Fields are selected by evidence grade; all underlying observations remain separately auditable.
AL-45BC9D30A0,Happi Harvest,happi harvest,farm,unique_source_name_reviewed,AL,Coffee,New Brockton,36351,6397 Highway 51,public_business_address_reviewed_for_future_reduced_precision,31.43496579999999,-85.88553929999999,Fresh Cut Flowers,Farm,(423) 544-5240,,internal_until_public_use_review,http://www.happi-harvest.com,,,,False,True,False,False,False,False,False,1,alobs_9bc1c4ba65f73bcf2455,Sweet Grown Alabama — Farm members,https://www.sweetgrownalabama.org/find-sweet-grown,B,2026-07-15,promotion_eligible_reviewed,,Fields are selected by evidence grade; all underlying observations remain separately auditable.
AL-52E928C308,LEAKY BROOKE FARM,leaky brooke farm,farm,merged_exact_name_reviewed,AL,Coffee,Elba,36323,1915 County Road 330,public_business_address_reviewed_for_future_reduced_precision,,,Farm products; direct-to-consumer sales; U-pick crops; agritourism; Blueberries,Farm stand; Agritourism; U-pick; agritourism,334-248-9087,LEAKYBROOKEFARM2@YAHOO.COM,internal_until_public_use_review,,https://www.facebook.com/leaky.farm/,,,True,False,False,False,True,False,False,3,alobs_c949589abc9f2bfc7fe6 | alobs_efb2eaa73a63ecf3cde3 | alobs_44a4e1948a7ca85088d2,Alabama FMA — 2026 statewide farm-stand roster | Alabama Farmers Market Authority — u-pick map | PickYourOwn — Southeast Alabama,https://agi.alabama.gov/farmersmarket/wp-content/uploads/sites/9/2023/02/2026-statewide-redemption-sites.pdf | https://agi.alabama.gov/farmersmarket/locations/u-pick-location-map/ | https://www.pickyourown.org/ALmontg.htm,B; E,2026-07-15,promotion_eligible_reviewed,,Fields are selected by evidence grade; all underlying observations remain separately auditable.
AL-65440BF3C0,Mali's Keep,malis keep,farm,unique_source_name_reviewed,AL,Coffee,Elba,36323,Hickman Ave,public_business_address_reviewed_for_future_reduced_precision,31.4186629,-86.099241,Baked Goods; Blackberries; Blueberries; Container Plants/Greenhouse & Nursery Products/Shrubs/Etc.,Agriculture Service/Organization; Farm,3343898332,info@maliskeep.com,internal_until_public_use_review,https://www.maliskeep.com,https://www.facebook.com/maliskeepelba,https://www.instagram.com/maliskeep/,,True,False,False,False,True,False,False,1,alobs_e9fd956198d53a21aa9e,Sweet Grown Alabama — Farm members,https://www.sweetgrownalabama.org/find-sweet-grown,B,2026-07-15,promotion_eligible_reviewed,,Fields are selected by evidence grade; all underlying observations remain separately auditable.
AL-E05D731565,Reeder Ridge Honey,reeder ridge honey,farm,unique_source_name_reviewed,AL,Coffee,Coffee County service area,,,public_business_address_reviewed_for_future_reduced_precision,,,Bees; apiary products,Apiary / bee seller,334-237-2032,,internal_until_public_use_review,,,,,False,False,False,False,False,False,False,1,alobs_83dba7df0316f925d281,Alabama Plant Protection — Beekeepers Selling Bees,https://agi.alabama.gov/plantprotection/beeks-selling-bees/,B,2026-07-15,promotion_eligible_reviewed,,Fields are selected by evidence grade; all underlying observations remain separately auditable.
AL-797F53C83E,ROBERT PARKER,robert parker,farm,unique_source_name_reviewed,AL,Coffee,Coffee Springs,36318,555 County Road 668,public_business_address_reviewed_for_future_reduced_precision,,,U-pick crops; agritourism,Agritourism; U-pick,334-393-9139,,internal_until_public_use_review,,,,,True,False,False,False,True,False,False,1,alobs_5b2bc4e2b60ea8be4725,Alabama Farmers Market Authority — u-pick map,https://agi.alabama.gov/farmersmarket/locations/u-pick-location-map/,B,2026-07-15,promotion_eligible_reviewed,,Fields are selected by evidence grade; all underlying observations remain separately auditable.
AL-87D79DE0E7,The Ritzy Ranch,the ritzy ranch,farm,unique_source_name_reviewed,AL,Coffee,Enterprise,36330,541 County Road 720,public_business_address_reviewed_for_future_reduced_precision,31.249945,-85.88432200000001,Beef Tallow,Online Sales; Specialty Store; Farm,(334) 726-9994,kim@theritzyranch.com,internal_until_public_use_review,https://theritzyranch.com,https://www.facebook.com/profile.php?id=61552502102669,https://www.instagram.com/theritzyranch/,,False,True,True,False,False,False,False,1,alobs_a515d71c5273132b7e0c,Sweet Grown Alabama — Farm members,https://www.sweetgrownalabama.org/find-sweet-grown,B,2026-07-15,promotion_eligible_reviewed,,Fields are selected by evidence grade; all underlying observations remain separately auditable.
AL-4CD30E91C2,Weevil Bees,weevil bees,farm,unique_source_name_reviewed,AL,Coffee,Enterprise,36330,600 Plaza Drive,public_business_address_reviewed_for_future_reduced_precision,31.2980162,-85.8377154,Honey,Agriculture Service/Organization; Farm,(334) 347-2623,asnellgrove@escc.edu,internal_until_public_use_review,https://escc.edu,,,,True,False,False,False,False,False,False,1,alobs_f1e0c8b8b3cdc6589636,Sweet Grown Alabama — Farm members,https://www.sweetgrownalabama.org/find-sweet-grown,B,2026-07-15,promotion_eligible_reviewed,,Fields are selected by evidence grade; all underlying observations remain separately auditable.
AL-2502C10F4E,H&R Apiary LLC,h and r apiary,farm,unique_source_name_reviewed,AL,Colbert,Colbert County service area,,,public_business_address_reviewed_for_future_reduced_precision,,,Bees; apiary products,Apiary / bee seller,256-856-5139,,internal_until_public_use_review,,,,,False,False,False,False,False,False,False,1,alobs_46a1b9a6f3d1848bad8e,Alabama Plant Protection — Beekeepers Selling Bees,https://agi.alabama.gov/plantprotection/beeks-selling-bees/,B,2026-07-15,promotion_eligible_reviewed,,Fields are selected by evidence grade; all underlying observations remain separately auditable.
AL-A82A61D2E9,Isbell Farms,isbell farms,farm,unique_source_name_reviewed,AL,Colbert,Muscle Shoals,35661,4260 South Wilson Dam Road,public_business_address_reviewed_for_future_reduced_precision,34.7147638,-87.6351554,Beans; Corn (Field); Cotton/Cotton Products; Soybeans; Sweet Corn; Wheat,Farm,(256) 335-4467,nisb@att.net,internal_until_public_use_review,,https://www.facebook.com/IsbellFarms/,,,True,False,False,False,False,False,False,1,alobs_3772e8b4a640923b03b1,Sweet Grown Alabama — Farm members,https://www.sweetgrownalabama.org/find-sweet-grown,B,2026-07-15,promotion_eligible_reviewed,,Fields are selected by evidence grade; all underlying observations remain separately auditable.
AL-C675380C6B,Joiner Farms,joiner farms,farm,unique_source_name_reviewed,AL,Colbert,Leighton,35646,11115 East 2nd Street,public_business_address_reviewed_for_future_reduced_precision,34.7560347,-87.4780261,Apples; Blackberries; Corn (Field); Cucumbers; Eggs; Beans; Cantaloupe; Okra; Peas; Greens; Peppers; Peaches; Squash; Sweet Potatoes; Tomatoes,Farm,(256) 560-5600,Joinerfarms22@gmail.com,internal_until_public_use_review,https://joinerfarms.myshopify.com,https://www.facebook.com/profile.php?id=100083976920473,,,True,True,False,False,False,False,False,1,alobs_744b050e38b72072ecd8,Sweet Grown Alabama — Farm members,https://www.sweetgrownalabama.org/find-sweet-grown,B,2026-07-15,promotion_eligible_reviewed,,Fields are selected by evidence grade; all underlying observations remain separately auditable.
AL-535D6E4FF5,Miller Family Dairy,miller family dairy,farm,unique_source_name_reviewed,AL,Colbert,Russellville,35653,6833 Waterloo Road,public_business_address_reviewed_for_future_reduced_precision,34.5770479,-87.7714062,Butter; Cheese; Milk,Farm,(205) 447-5037,millerfamilydairyfarm@gmail.com,internal_until_public_use_review,https://millerfamilydairy.com,https://www.facebook.com/millerfamilydairyfarm,https://www.instagram.com/millerfamilydairyfarm/,,True,False,False,False,False,False,False,1,alobs_fdd7bf1ddc8ccbcec82a,Sweet Grown Alabama — Farm members,https://www.sweetgrownalabama.org/find-sweet-grown,B,2026-07-15,promotion_eligible_reviewed,,Fields are selected by evidence grade; all underlying observations remain separately auditable.
AL-0E2A3C686A,Perry Cattle,perry cattle,farm,unique_source_name_reviewed,AL,Colbert,Muscle Schoals,356661,6600 River Road,public_business_address_reviewed_for_future_reduced_precision,34.7843073,-87.5043396,Beef; Milk; Pork,Farm,(256) 702-4743,Leahgperry12697@yahoo.com,internal_until_public_use_review,,https://www.facebook.com/profile.php?id=100057495338159,https://www.instagram.com/perry_cattle/,,True,False,False,True,False,False,False,1,alobs_e8d5a62bf61a66cdb6c5,Sweet Grown Alabama — Farm members,https://www.sweetgrownalabama.org/find-sweet-grown,B,2026-07-15,promotion_eligible_reviewed,,Fields are selected by evidence grade; all underlying observations remain separately auditable.
AL-41351E2663,ScooterBug's Farms,scooterbugs farms,farm,unique_source_name_reviewed,AL,Colbert,Sheffield,35660,2605 East 14th Avenue,public_business_address_reviewed_for_future_reduced_precision,34.7632296,-87.6887264,Peas; Peppers; Pumpkins; Squash; Sweet Corn; Tomatoes; Beans; Cantaloupe; Okra; Container Plants/Greenhouse & Nursery Products/Shrubs/Etc.; Cucumbers; Eggs; Greens; Watermelon,Farm,(256) 919-4392,scooterbugsfarms@gmail.com,internal_until_public_use_review,,,,,True,False,False,True,False,False,False,1,alobs_82c915efa03acf29bb1c,Sweet Grown Alabama — Farm members,https://www.sweetgrownalabama.org/find-sweet-grown,B,2026-07-15,promotion_eligible_reviewed,,Fields are selected by evidence grade; all underlying observations remain separately auditable.
AL-BBF9A05B70,Brushy Creek Cattle Company,brushy creek cattle company,farm,unique_source_name_reviewed,AL,Conecuh,Repton,,,public_business_address_reviewed_for_future_reduced_precision,,,Beef; direct-to-consumer meat,Cattle farm; direct-sale beef,(251) 302-9745,,internal_until_public_use_review,,,,,True,False,False,False,False,False,False,1,alobs_b13bb0861d63639f539f,Alabama Cattlemen’s Association — Bama Beef Sales Directory,https://www.bamabeef.org/p/about/bama-beef-sales-directory,D,2026-07-15,promotion_eligible_reviewed,,Fields are selected by evidence grade; all underlying observations remain separately auditable.
AL-A6B2A5E127,Quail Hollow Homestead Food and Farm Collective,quail hollow homestead food and farm collective,farm,unique_source_name_reviewed,AL,Conecuh,Castleberry,36432,22508 County Road 6,public_business_address_reviewed_for_future_reduced_precision,31.2881304,-86.92344419999999,Eggs,Farm,(573) 855-7732,quailhollowhomestead@gmail.com,internal_until_public_use_review,,https://www.facebook.com/quailhollowhomestead,,,True,False,False,False,False,False,False,1,alobs_c67fbcbaeea9cf233f62,Sweet Grown Alabama — Farm members,https://www.sweetgrownalabama.org/find-sweet-grown,B,2026-07-15,promotion_eligible_reviewed,,Fields are selected by evidence grade; all underlying observations remain separately auditable.
AL-7CADE08B54,Broken Plow Farm,broken plow farm,farm,unique_source_name_reviewed,AL,Coosa,Kellyton,35089,85 County Road 103,public_business_address_reviewed_for_future_reduced_precision,32.9403565,-86.0995272,Eggs; Beef,Farm,,beef@brokenplowfarms.com,internal_until_public_use_review,https://www.brokenplowfarms.com,https://www.facebook.com/profile.php?id=61579198783332,https://www.instagram.com/thebrokenplowfarm/,,False,False,False,False,False,False,False,1,alobs_7dfbaec02864e5245ba3,Sweet Grown Alabama — Farm members,https://www.sweetgrownalabama.org/find-sweet-grown,B,2026-07-15,promotion_eligible_reviewed,,Fields are selected by evidence grade; all underlying observations remain separately auditable.
AL-455DFBDB49,Jack Granger's Blueberry Hill,jack grangers blueberry hill,farm,unique_source_name_reviewed,AL,Coosa,Equality,36026,2271 Coosa County Rd 2,public_business_address_reviewed_for_future_reduced_precision,,,Blueberries,U-pick; agritourism,334-467-7086,,internal_until_public_use_review,,https://www.facebook.com/profile.php?id=61558725366114,,,True,False,False,False,True,False,False,1,alobs_c5e43aa0fe061dbcdc0c,PickYourOwn — Southeast Alabama,https://www.pickyourown.org/ALmontg.htm,D,2026-07-15,promotion_eligible_reviewed,,Fields are selected by evidence grade; all underlying observations remain separately auditable.
AL-AD8EF01A8D,JACK'S BLUEBERRY HILL,jacks blueberry hill,farm,unique_source_name_reviewed,AL,Coosa,Equality,36026,Route 1 Box 282,public_business_address_reviewed_for_future_reduced_precision,,,U-pick crops; agritourism,Agritourism; U-pick,334-541-3167,,internal_until_public_use_review,,,,,True,False,False,False,True,False,False,1,alobs_6020534a474bebd0ef7d,Alabama Farmers Market Authority — u-pick map,https://agi.alabama.gov/farmersmarket/locations/u-pick-location-map/,B,2026-07-15,promotion_eligible_reviewed,,Fields are selected by evidence grade; all underlying observations remain separately auditable.
AL-F9ECA51E85,John G. Neighbors,john g neighbors,farm,unique_source_name_reviewed,AL,Coosa,Alex City,35010,3730 Old Dark Road,public_business_address_reviewed_for_future_reduced_precision,,,"Peaches, blackberries, blueberries, apples, mayhaws",U-pick; agritourism,(256) 234-3634,,internal_until_public_use_review,,,,,True,False,False,False,True,False,False,1,alobs_80d14431c2703c891582,PickYourOwn — Southeast Alabama,https://www.pickyourown.org/ALmontg.htm,D,2026-07-15,promotion_eligible_reviewed,,Fields are selected by evidence grade; all underlying observations remain separately auditable.
AL-E6012FE8D1,OAKACHOY BLUBERRY FARM,oakachoy nursery and blueberry farm,farm,merged_exact_name_reviewed,AL,Coosa,Equality,36026,363 Coosa County Road 98,public_business_address_reviewed_for_future_reduced_precision,,,"U-pick crops; agritourism; blueberries,",Agritourism; U-pick; agritourism,334-541-3208,upickblueberry@gmail.com,internal_until_public_use_review,,https://www.facebook.com/OakachoyBlueberryFarm,,,True,False,False,False,True,False,False,2,alobs_5c977779447fa611bf64 | alobs_fd64c5bfbe4dc161b450,Alabama Farmers Market Authority — u-pick map | PickYourOwn — Southeast Alabama,https://agi.alabama.gov/farmersmarket/locations/u-pick-location-map/ | https://www.pickyourown.org/ALmontg.htm,B; D,2026-07-15,promotion_eligible_reviewed,,Fields are selected by evidence grade; all underlying observations remain separately auditable.
AL-8F6215D865,ROGERS BERRY FARM,rogers berry farm,farm,merged_exact_name_reviewed,AL,Coosa,Goodwater,35072,Highway 9 S,public_business_address_reviewed_for_future_reduced_precision,,,"U-pick crops; agritourism; Blueberries | P O Box 266, Goodwater, AL 35072.",Agritourism; U-pick; agritourism,256-839-5338,ROGERSNOELL576@GMAIL.COM,internal_until_public_use_review,,,,,True,False,False,False,True,False,False,2,alobs_b4f39cb6768f6bb4bd63 | alobs_3ba6ba0ce75d9f9ca6f6,Alabama Farmers Market Authority — u-pick map | PickYourOwn — Southeast Alabama,https://agi.alabama.gov/farmersmarket/locations/u-pick-location-map/ | https://www.pickyourown.org/ALmontg.htm,B; D,2026-07-15,promotion_eligible_reviewed,,Fields are selected by evidence grade; all underlying observations remain separately auditable.
AL-816D817A1E,Rogers Berry Farm (U-pick),rogers berry farm u pick,farm,unique_source_name_reviewed,AL,Coosa,Coosa County service area,,,public_business_address_reviewed_for_future_reduced_precision,,,Farm products; direct-to-consumer sales,Farm stand,,,internal_until_public_use_review,,,,,True,False,False,False,False,False,False,1,alobs_48abf433eb07cc1356fb,Alabama FMA — 2026 statewide farm-stand roster,https://agi.alabama.gov/farmersmarket/wp-content/uploads/sites/9/2023/02/2026-statewide-redemption-sites.pdf,B,2026-07-15,promotion_eligible_reviewed,,Fields are selected by evidence grade; all underlying observations remain separately auditable.
AL-23F1EA6F86,Ashberry's Country Store/Ashberry Farms,ashberrys country store ashberry farms,farm,unique_source_name_reviewed,AL,Covington,Andalusia,36421,22613 County Road 81,public_business_address_reviewed_for_future_reduced_precision,31.3516448,-86.333619,Baked Goods; Hay; Beef; Pork; Eggs; Chicken; Jams/Jellies; Pecans,Specialty Store; Farm,(334) 504-6155,ashberryscountrystore@pm.me,internal_until_public_use_review,,https://www.facebook.com/profile.php?id=61583388910756,https://www.instagram.com/ashberryscountrystore?utm_source=ig_web_button_share_sheet&igsh=ZDNlZDc0MzIxNw==,,False,False,False,False,False,False,False,1,alobs_cb9bb85139cc0f9f66a5,Sweet Grown Alabama — Farm members,https://www.sweetgrownalabama.org/find-sweet-grown,B,2026-07-15,promotion_eligible_reviewed,,Fields are selected by evidence grade; all underlying observations remain separately auditable.
AL-F62574C4CB,Camp Creek Canning,camp creek canning,producer_requires_type_review,restored_from_absence_based_exclusion,AL,Covington,Red Level,36474,26784 Loango Road,public_business_address_reviewed_for_future_reduced_precision,31.369751,-86.6238839,Jams/Jellies; Salsas,Farm,(334) 488-5642,Rodneysusancox@gmail.com,internal_until_public_use_review,,,,,False,False,False,False,False,False,False,1,alobs_6bc5d96ab5dd687b93c2,Sweet Grown Alabama — Farm members,https://www.sweetgrownalabama.org/find-sweet-grown,B,2026-07-15,research_or_qa_queue,farm-production evidence missing; retain named candidate for later research,Retained under national policy: missing or conflicting data creates research work and never deletion.
AL-633D88F9D5,Canning with Cox Crew,canning with cox crew,producer_requires_type_review,restored_from_absence_based_exclusion,AL,Covington,Red Level,36474,26812 Loango Road,public_business_address_reviewed_for_future_reduced_precision,31.3700791,-86.6238623,Baked Goods; Jams/Jellies,Farm,(334) 488-5642,Rodneysusancox@gmail.com,internal_until_public_use_review,,,,,True,True,False,False,False,False,False,1,alobs_f161e123278f90cd94e2,Sweet Grown Alabama — Farm members,https://www.sweetgrownalabama.org/find-sweet-grown,B,2026-07-15,research_or_qa_queue,farm-production evidence missing; retain named candidate for later research,Retained under national policy: missing or conflicting data creates research work and never deletion.
AL-F91EDD178E,CROSSOVER PRODUCE,crossover produce,farm,merged_exact_name_reviewed,AL,Covington,Opp,36467,28291 Hattaway Rd,public_business_address_reviewed_for_future_reduced_precision,,,Farm products; direct-to-consumer sales,Farm stand; direct-to-consumer,334-208-4225,bwccrossover@gmail.com,internal_until_public_use_review,,,,,True,False,False,False,False,False,False,2,alobs_7b13516dd564e37e95a4 | alobs_3fbb421d6427566ffde4,Alabama FMA — 2026 statewide farm-stand roster | Alabama Farmers Market Authority — farm-stand map,https://agi.alabama.gov/farmersmarket/wp-content/uploads/sites/9/2023/02/2026-statewide-redemption-sites.pdf | https://agi.alabama.gov/farmersmarket/locations/farmers-stand-location-map/,B,2026-07-15,promotion_eligible_reviewed,,Fields are selected by evidence grade; all underlying observations remain separately auditable.
AL-77555596E2,Edmondson Farm,edmondson farm,farm,split_distinct_counties_reviewed,AL,Covington,Covington County service area,,,public_business_address_reviewed_for_future_reduced_precision,,,Farm products; direct-to-consumer sales,Farm stand,,,internal_until_public_use_review,,,,,True,False,False,False,False,False,False,1,alobs_07b2be1303ec37396f4d,Alabama FMA — 2026 statewide farm-stand roster,https://agi.alabama.gov/farmersmarket/wp-content/uploads/sites/9/2023/02/2026-statewide-redemption-sites.pdf,B,2026-07-15,promotion_eligible_reviewed,,Fields are selected by evidence grade; all underlying observations remain separately auditable.
AL-3E47C539E8,Edmondson's Farm,edmondsons farm,farm,unique_source_name_reviewed,AL,Covington,Florala,36442,1423 Race Track Road,public_business_address_reviewed_for_future_reduced_precision,,,"Strawberries, cantaloupe, field peas, tomatoes, okra and other seasonal vegetables",U-pick; agritourism,334-858-3679,,internal_until_public_use_review,,https://www.facebook.com/p/Edmondson-Farms-100063505993752/,,,True,False,False,False,True,False,False,1,alobs_9e79897ed618923bb2e0,PickYourOwn — Southeast Alabama,https://www.pickyourown.org/ALmontg.htm,D,2026-07-15,promotion_eligible_reviewed,,Fields are selected by evidence grade; all underlying observations remain separately auditable.
AL-0A4DB73F8C,Petaluma Gardens,petaluma gardens,farm,unique_source_name_reviewed,AL,Covington,Opp,36467,28805 Hwy 84 East,public_business_address_reviewed_for_future_reduced_precision,31.3193818,-86.2273292,Fresh Cut Flowers; Pecans; Okra,Agritourism; Farm,(229) 848-2123,petalumafarms3@gmail.com,internal_until_public_use_review,,https://www.facebook.com/profile.php?id=61554146633267,https://www.instagram.com/petaluma_gardens?fbclid=IwY2xjawH_ofJleHRuA2FlbQIxMAABHSlbpkpHwOOwTM2gsSibRRWyedihBcauFmAaGtzaVqUEztH3KMflcJWhAw_aem_mlrIJVAESZ-Kzp_RdaOkUg,,True,True,False,False,True,True,False,1,alobs_50e8faba2546b2b2300d,Sweet Grown Alabama — Farm members,https://www.sweetgrownalabama.org/find-sweet-grown,B,2026-07-15,promotion_eligible_reviewed,,Fields are selected by evidence grade; all underlying observations remain separately auditable.
AL-D55587E25B,Pleasant Pastures,pleasant pastures,farm,merged_exact_name_reviewed,AL,Covington,Andalusia,36420,6881 Eagle Road,public_business_address_reviewed_for_future_reduced_precision,31.1620364,-86.5938685,"strawberries, tomatoes, honey from hives on the farm,; Honey",U-pick; agritourism; Farm,(334) 343-5975,pleasantpasturesala@gmail.com,internal_until_public_use_review,https://pleasantpastureshoney.com,https://www.facebook.com/PleasantPastures1,https://www.instagram.com/pleasant_pastures_/,,True,False,True,False,True,True,False,2,alobs_ccf4cd58decf002221bc | alobs_c06ab64868a4c22c5da1,PickYourOwn — Southeast Alabama | Sweet Grown Alabama — Farm members,https://www.pickyourown.org/ALmontg.htm | https://www.sweetgrownalabama.org/find-sweet-grown,B; D,2026-07-15,promotion_eligible_reviewed,,Fields are selected by evidence grade; all underlying observations remain separately auditable.
AL-790C8662D7,Scofield Family Farm,scofield family farm,farm,unique_source_name_reviewed,AL,Covington,Florala,36442,3046 AL Highway 55,public_business_address_reviewed_for_future_reduced_precision,31.0143355,-86.3589691,Apples; Cucumbers; Eggs; Pecans; Sauces/Condiments; Blackberries; Honey; Blueberries; Fresh Cut Flowers; Jams/Jellies; Muscadine Grapes; Okra; Persimmons- Oriental; Pears; Peaches; Sweet Potatoes; Tomatoes; Watermelon,Farm,(334) 504-1185,scofamfarm@yahoo.com,internal_until_public_use_review,,https://www.facebook.com/profile.php?id=61580267574925,,,True,False,False,False,False,False,False,1,alobs_749c82ec4218bcfcb291,Sweet Grown Alabama — Farm members,https://www.sweetgrownalabama.org/find-sweet-grown,B,2026-07-15,promotion_eligible_reviewed,,Fields are selected by evidence grade; all underlying observations remain separately auditable.
AL-7398111F4C,"The Southern Cotton Company, Inc.",the southern cotton company,farm,unique_source_name_reviewed,AL,Covington,Andalusia,36420,2922 Easley Drive,public_business_address_reviewed_for_future_reduced_precision,31.27834859999999,-86.450908,Cotton/Cotton Products,Farm,(334) 504-1869,tammy.holt@thesoutherncottoncompany.com,internal_until_public_use_review,https://thesoutherncottoncompany.com,,,,False,False,True,False,False,True,False,1,alobs_ec00d15eef90d475d0e8,Sweet Grown Alabama — Farm members,https://www.sweetgrownalabama.org/find-sweet-grown,B,2026-07-15,promotion_eligible_reviewed,,Fields are selected by evidence grade; all underlying observations remain separately auditable.
AL-9B4E00DE07,Wiggins Farm Beef,wiggins farm beef,farm,unique_source_name_reviewed,AL,Covington,Andalusia,36420,11190 Wiggins Farm Road,public_business_address_reviewed_for_future_reduced_precision,31.207386,-86.50442389999999,Beef; Cotton/Cotton Products; Peanuts,Farm,(334) 343-1968,kristen_w_wiggins@yahoo.com,internal_until_public_use_review,,https://www.facebook.com/profile.php?id=61577741651461,,,True,True,False,False,False,False,False,1,alobs_f7a0d638c9d44115dc56,Sweet Grown Alabama — Farm members,https://www.sweetgrownalabama.org/find-sweet-grown,B,2026-07-15,promotion_eligible_reviewed,,Fields are selected by evidence grade; all underlying observations remain separately auditable.
AL-652A2B7264,Willow Farms,willow farms,farm,merged_exact_name_reviewed,AL,Covington,Red Level,36474,9490 Gantt Lane,public_business_address_reviewed_for_future_reduced_precision,31.3573759,-86.54968989999999,"blueberries, muscadines, scuppernongs, figs, pears, mayhaws, honey,; Honey; Acidified Foods* (Pickles, Salsas, Relishes); Apples; Blueberries; Persimmons- Oriental; Pears; Dry Rubs/Spices; Muscadine Grapes; Jams/Jellies; Sauces/Condiments",U-pick; agritourism; Farm,(334) 343-0322,support@willowfarmsshop.com,internal_until_public_use_review,https://www.willowfarmsshop.com,https://www.facebook.com/Willowfarms9490,,,True,False,True,True,True,True,False,2,alobs_98aa688a81cbe77b47fa | alobs_eff92051f1e04e30ec14,PickYourOwn — Southeast Alabama | Sweet Grown Alabama — Farm members,https://www.pickyourown.org/ALmontg.htm | https://www.sweetgrownalabama.org/find-sweet-grown,B; E,2026-07-15,promotion_eligible_reviewed,,Fields are selected by evidence grade; all underlying observations remain separately auditable.
AL-27E41305C5,Farm 11:35,farm 11 35,farm,unique_source_name_reviewed,AL,Crenshaw,Highland Home,36041,456 Wooten Road,public_business_address_reviewed_for_future_reduced_precision,32.0365753,-86.3931684,"Acidified Foods* (Pickles, Salsas, Relishes); Apples; Baked Goods; Eggs; Greens; Honey; Jams/Jellies; Peppers; Pumpkins; Strawberries; Watermelon; Blackberries; Hay; Muscadine Grapes; Peaches; Container Plants/Greenhouse & Nursery Products/Shrubs/Etc.; Cucumbers; Okra; Pears; Tomatoes",Agriculture Service/Organization; Farm; Local Delivery,(843) 714-1562,farm1135store@gmail.com,internal_until_public_use_review,,https://www.facebook.com/Farm1135,,,True,False,False,False,False,True,False,1,alobs_14904bb148f552e5aafa,Sweet Grown Alabama — Farm members,https://www.sweetgrownalabama.org/find-sweet-grown,B,2026-07-15,promotion_eligible_reviewed,,Fields are selected by evidence grade; all underlying observations remain separately auditable.
AL-F08144C84B,Flying K Farm,flying k farm,farm,unique_source_name_reviewed,AL,Crenshaw,Lapine,,,public_business_address_reviewed_for_future_reduced_precision,,,Beef; direct-to-consumer meat,Cattle farm; direct-sale beef,256-783-8065,,internal_until_public_use_review,,,,,True,False,False,False,False,False,False,1,alobs_37ef76b9305cde18702c,Alabama Cattlemen’s Association — Bama Beef Sales Directory,https://www.bamabeef.org/p/about/bama-beef-sales-directory,D,2026-07-15,promotion_eligible_reviewed,,Fields are selected by evidence grade; all underlying observations remain separately auditable.
AL-FA45824694,Gunter Farms,gunter farms,farm,unique_source_name_reviewed,AL,Crenshaw,Honoraville,,,public_business_address_reviewed_for_future_reduced_precision,,,Beef; direct-to-consumer meat,Cattle farm; direct-sale beef,334-617-2118,,internal_until_public_use_review,,,,,True,False,False,False,False,False,False,1,alobs_86006ea2c9aed2631349,Alabama Cattlemen’s Association — Bama Beef Sales Directory,https://www.bamabeef.org/p/about/bama-beef-sales-directory,D,2026-07-15,promotion_eligible_reviewed,,Fields are selected by evidence grade; all underlying observations remain separately auditable.
AL-4698024D58,IVY CREEK MARKET,ivy creek market,farm,merged_exact_name_reviewed,AL,Crenshaw,Rutledge,36071,1649 Ivy Creek Church Rd,public_business_address_reviewed_for_future_reduced_precision,,,Farm products; direct-to-consumer sales,Farm stand; direct-to-consumer,334-665-9151,shanerranch@gmail.com,internal_until_public_use_review,,,,,True,False,False,False,False,False,False,2,alobs_7b1c855da8e4bb66722b | alobs_88832ecc5e4549dad06a,Alabama FMA — 2026 statewide farm-stand roster | Alabama Farmers Market Authority — farm-stand map,https://agi.alabama.gov/farmersmarket/wp-content/uploads/sites/9/2023/02/2026-statewide-redemption-sites.pdf | https://agi.alabama.gov/farmersmarket/locations/farmers-stand-location-map/,B,2026-07-15,promotion_eligible_reviewed,,Fields are selected by evidence grade; all underlying observations remain separately auditable.
AL-F7448CB8AE,Mayim Farm,mayim farm,farm,unique_source_name_reviewed,AL,Crenshaw,Opp,36467,29021 Bell Crossing Road,public_business_address_reviewed_for_future_reduced_precision,31.4420587,-86.2233533,Herbs,Farm,(334) 764-3960,greg@mayimfarm.com,internal_until_public_use_review,https://mayimfarm.com/pages/mullein-leaf-benefits-uses,https://www.facebook.com/mayimfarm,https://www.instagram.com/mayimfarm,https://www.tiktok.com/@mayimfarm,True,False,True,False,False,False,False,1,alobs_137c65c9db95dfdadf6b,Sweet Grown Alabama — Farm members,https://www.sweetgrownalabama.org/find-sweet-grown,B,2026-07-15,promotion_eligible_reviewed,,Fields are selected by evidence grade; all underlying observations remain separately auditable.
AL-96A545DD6F,Roger Williams Blueberries,roger williams blueberries,farm,merged_exact_name_reviewed,AL,Crenshaw,Highland Home,,,public_business_address_reviewed_for_future_reduced_precision,,,"Blueberries; U-pick; blueberries | Somewhere, Highland Home, AL.",Farm; U-pick; agritourism,,,internal_until_public_use_review,,https://www.facebook.com/roger.williams.532061,,,True,False,False,False,True,False,False,2,alobs_ffcfda3cd5f30f154e30 | alobs_a7f30e344775c7a62168,FarmFinder curator verification — farm-owned or authoritative evidence | PickYourOwn — Southeast Alabama,https://www.pickyourown.org/ALmontg.htm,D; E,2026-07-15,promotion_eligible_reviewed,,Fields are selected by evidence grade; all underlying observations remain separately auditable.
AL-E2C638C5DE,2 Mile Cattle Company,2 mile cattle company,farm,merged_exact_name_reviewed,AL,Cullman,Cullman,35055,3065 County Road 781,public_business_address_reviewed_for_future_reduced_precision,34.136983,-86.6863738,Beef; direct-to-consumer meat; Lamb; Pork,Cattle farm; direct-sale beef; Farm,(256) 636-0476,2milecattle@gmail.com,internal_until_public_use_review,,https://www.facebook.com/2milecattle,,,True,False,False,False,False,True,False,2,alobs_3e7005ba039213eff60b | alobs_f6430af6330ab030a8d9,Alabama Cattlemen’s Association — Bama Beef Sales Directory | Sweet Grown Alabama — Farm members,https://www.bamabeef.org/p/about/bama-beef-sales-directory | https://www.sweetgrownalabama.org/find-sweet-grown,B; D,2026-07-15,promotion_eligible_reviewed,,Fields are selected by evidence grade; all underlying observations remain separately auditable.
AL-ECDEFE363B,Bagwell Blueberry,bagwell blueberry,farm,unique_source_name_reviewed,AL,Cullman,Cullman County service area,,,public_business_address_reviewed_for_future_reduced_precision,,,Farm products; direct-to-consumer sales,Farm stand,,,internal_until_public_use_review,,,,,True,False,False,False,False,False,False,1,alobs_dcdfb8f29830db564b72,Alabama FMA — 2026 statewide farm-stand roster,https://agi.alabama.gov/farmersmarket/wp-content/uploads/sites/9/2023/02/2026-statewide-redemption-sites.pdf,B,2026-07-15,promotion_eligible_reviewed,,Fields are selected by evidence grade; all underlying observations remain separately auditable.
AL-63F049C737,Bagwell Blueberry Farm,bagwell blueberry farm,farm,merged_exact_name_reviewed,AL,Cullman,Cullman,35055,228 County Road 721,public_business_address_reviewed_for_future_reduced_precision,34.160373,-86.773624,"Farm products; direct-to-consumer sales; U-pick crops; agritourism; beans, blueberries, raspberries, cucumbers, peas, tomatoes, U-pick and already picked; Cucumbers; Greens; Lettuce; Okra; Peppers; Sweet Corn; Tomatoes; Sweet Potatoes; Muscadine Grapes; Peas; Pears; Blackberries; Blueberries; Apples; U-Pick Fruit; Eggs; Beans; Squash",Farm stand; direct-to-consumer; Agritourism; U-pick; agritourism; Farm,(256) 590-6152,dbagwell412@yahoo.com,internal_until_public_use_review,,https://www.facebook.com/Bagwellblueberryfarm,https://www.instagram.com/bagwellblueberryfarm/,,True,True,False,False,True,False,False,4,alobs_48df73290baf70301a48 | alobs_bd73569b68d0a8fe74a7 | alobs_d565f0508703c6d12005 | alobs_f2b63e48d81d696f05d3,Alabama Farmers Market Authority — farm-stand map | Alabama Farmers Market Authority — u-pick map | PickYourOwn — Central Alabama | Sweet Grown Alabama — Farm members,https://agi.alabama.gov/farmersmarket/locations/farmers-stand-location-map/ | https://agi.alabama.gov/farmersmarket/locations/u-pick-location-map/ | https://www.pickyourown.org/ALbham.htm | https://www.sweetgrownalabama.org/find-sweet-grown,B; D,2026-07-15,promotion_eligible_reviewed,,Fields are selected by evidence grade; all underlying observations remain separately auditable.
AL-B715D9A798,"Bare Bottom Farms, LLC",bare bottom farms,farm,unique_source_name_reviewed,AL,Cullman,Arab,35016,396 County Road 1838,public_business_address_reviewed_for_future_reduced_precision,34.2978353,-86.50608969999999,Candy/Confections; Lettuce; Eggs; Honey; Pumpkins; Cucumbers; Greens; Herbs; Jams/Jellies; Dry Rubs/Spices; Squash; Sweet Potatoes; Peppers; Tomatoes,Farm,(256) 384-4242,barebottomfarmsllc@gmail.com,internal_until_public_use_review,https://www.barebottomfarms.com,https://www.facebook.com/barebottomfarmsllcAL,https://www.instagram.com/barebottomfarmsal/,,True,True,False,False,False,False,False,1,alobs_664afafd19c9e3d975d3,Sweet Grown Alabama — Farm members,https://www.sweetgrownalabama.org/find-sweet-grown,B,2026-07-15,promotion_eligible_reviewed,,Fields are selected by evidence grade; all underlying observations remain separately auditable.
AL-26360E079A,Blue Ridge Cattle Company,blue ridge cattle company,farm,merged_exact_name_reviewed,AL,Cullman,Cullman,35057,21 County Road 1141,public_business_address_reviewed_for_future_reduced_precision,34.1982366,-86.92418289999999,Beef; direct-to-consumer meat; Pork,Cattle farm; direct-sale beef; Farm,(205) 489-9996,BlueRidgeCattleCompany@gmail.com,internal_until_public_use_review,https://www.blueridgecattlecompany.com,https://www.facebook.com/BlueRidgeCattleCo,https://www.instagram.com/blueridgecattleco21/,https://www.tiktok.com/@blueridgecattleco?is_from_webapp=1&sender_device=pc,True,False,False,False,False,False,False,2,alobs_c61d1616636e24004a70 | alobs_111dc9f433c9d7d6bcc9,Alabama Cattlemen’s Association — Bama Beef Sales Directory | Sweet Grown Alabama — Farm members,https://www.bamabeef.org/p/about/bama-beef-sales-directory | https://www.sweetgrownalabama.org/find-sweet-grown,B; D,2026-07-15,promotion_eligible_reviewed,,Fields are selected by evidence grade; all underlying observations remain separately auditable.
AL-6BA7790DB0,Burks Farm,burks farm,farm,merged_exact_name_reviewed,AL,Cullman,Cullman,35058,5000 Al Highway 69 N,public_business_address_reviewed_for_future_reduced_precision,,,"Farm products; direct-to-consumer sales; strawberries, pumpkins, farm market",Farm stand; direct-to-consumer; U-pick; agritourism,256-385-2812,burksfarms2812@gmail.com,internal_until_public_use_review,,https://www.facebook.com/people/Burks-Farm/100057643442256/,,,True,False,False,False,True,False,False,2,alobs_8de295d1da72c3f83c7a | alobs_68ad78c06a23313d7edd,Alabama Farmers Market Authority — farm-stand map | PickYourOwn — Central Alabama,https://agi.alabama.gov/farmersmarket/locations/farmers-stand-location-map/ | https://www.pickyourown.org/ALbham.htm,B; D,2026-07-15,promotion_eligible_reviewed,,Fields are selected by evidence grade; all underlying observations remain separately auditable.
AL-D321454876,Burks Farms,burks farms,farm,unique_source_name_reviewed,AL,Cullman,Cullman County service area,,,public_business_address_reviewed_for_future_reduced_precision,,,Farm products; direct-to-consumer sales,Farm stand,,,internal_until_public_use_review,,,,,True,False,False,False,False,False,False,1,alobs_8229ce9e7a54bf91cfbe,Alabama FMA — 2026 statewide farm-stand roster,https://agi.alabama.gov/farmersmarket/wp-content/uploads/sites/9/2023/02/2026-statewide-redemption-sites.pdf,B,2026-07-15,promotion_eligible_reviewed,,Fields are selected by evidence grade; all underlying observations remain separately auditable.
AL-5F77EE4DF5,Calvert Farms,calvert farms,farm,unique_source_name_reviewed,AL,Cullman,Cullman County service area,,,public_business_address_reviewed_for_future_reduced_precision,,,Farm products; direct-to-consumer sales,Farm stand,,,internal_until_public_use_review,,,,,True,False,False,False,False,False,False,1,alobs_7a2beee66fc6a8809ee6,Alabama FMA — 2026 statewide farm-stand roster,https://agi.alabama.gov/farmersmarket/wp-content/uploads/sites/9/2023/02/2026-statewide-redemption-sites.pdf,B,2026-07-15,promotion_eligible_reviewed,,Fields are selected by evidence grade; all underlying observations remain separately auditable.
AL-B7E89A57D9,Chambers Farms,chambers farms,farm,merged_exact_name_reviewed,AL,Cullman,Holly Pond,35083,3598 County Road 1716,public_business_address_reviewed_for_future_reduced_precision,,,Farm products; direct-to-consumer sales; U-pick crops; agritourism,Farm stand; direct-to-consumer; Agritourism; U-pick,256-531-5666,chambersfarm66@icloud.com,internal_until_public_use_review,,,,,True,False,False,False,True,False,False,3,alobs_118ad32c47b48027eb7c | alobs_9fb47231943178c2019a | alobs_8717578d8fd60ac18a18,Alabama FMA — 2026 statewide farm-stand roster | Alabama Farmers Market Authority — farm-stand map | Alabama Farmers Market Authority — u-pick map,https://agi.alabama.gov/farmersmarket/wp-content/uploads/sites/9/2023/02/2026-statewide-redemption-sites.pdf | https://agi.alabama.gov/farmersmarket/locations/farmers-stand-location-map/ | https://agi.alabama.gov/farmersmarket/locations/u-pick-location-map/,B,2026-07-15,promotion_eligible_reviewed,,Fields are selected by evidence grade; all underlying observations remain separately auditable.
AL-B03316FC52,D&Y Farms LLC,d and y farms,farm,unique_source_name_reviewed,AL,Cullman,Cullman,35057,260 County Road 802,public_business_address_reviewed_for_future_reduced_precision,34.140834,-86.92798499999999,Seafood; Chicken; Saltwater Shrimp; Eggs; Beef,Farm; Seafood,(256) 708-9097,dyfarms23@gmail.com,internal_until_public_use_review,https://dyfarmsllc.com,https://www.facebook.com/profile.php?id=61550299944596,https://www.instagram.com/dyfarmsllc/,,True,False,False,True,False,False,False,1,alobs_a74b4762bf1967be97fc,Sweet Grown Alabama — Farm members,https://www.sweetgrownalabama.org/find-sweet-grown,B,2026-07-15,promotion_eligible_reviewed,,Fields are selected by evidence grade; all underlying observations remain separately auditable.
AL-4C403C9C78,Duke's Delight Angus Farm,dukes delight angus farm,farm,unique_source_name_reviewed,AL,Cullman,Vinemont,,,public_business_address_reviewed_for_future_reduced_precision,,,Beef; direct-to-consumer meat,Cattle farm; direct-sale beef,256-338-4791,,internal_until_public_use_review,,,,,True,False,False,False,False,False,False,1,alobs_ad79b8663d6dfae83aaa,Alabama Cattlemen’s Association — Bama Beef Sales Directory,https://www.bamabeef.org/p/about/bama-beef-sales-directory,D,2026-07-15,promotion_eligible_reviewed,,Fields are selected by evidence grade; all underlying observations remain separately auditable.
AL-97E819E537,Edmondson Farm,edmondson farm,farm,split_distinct_counties_reviewed,AL,Cullman,Holly Pond,35083,619 County Road 686,public_business_address_reviewed_for_future_reduced_precision,34.1331392,-86.62115109999999,Fresh Cut Flowers; Honey; Flowers; Pork; Pecans,Farm; Agritourism,(256) 338-3752,sarahjanesflowers@gmail.com,internal_until_public_use_review,https://edmondsonfarm.net,https://www.facebook.com/Edmondsonfarmhollypond?locale=nl_BE,https://www.instagram.com/edmondsonfarm_hollypond/,,True,False,False,False,True,False,False,1,alobs_0f8315cf067d8eee2f6c,Sweet Grown Alabama — Farm members,https://www.sweetgrownalabama.org/find-sweet-grown,B,2026-07-15,promotion_eligible_reviewed,,Fields are selected by evidence grade; all underlying observations remain separately auditable.
AL-3D776D3791,Five Oak Farm and Kitchen,five oak farm and kitchen,farm,merged_exact_name_reviewed,AL,Cullman,Holly Pond,35083,1540 County Road 1736,public_business_address_reviewed_for_future_reduced_precision,34.1922211,-86.591509,"Farm products; direct-to-consumer sales; U-pick crops; agritourism; strawberries; U-Pick Fruit; Acidified Foods* (Pickles, Salsas, Relishes); Beans; Baked Goods; Peas; Squash; Cucumbers; Jams/Jellies; Greens; Lettuce; Sweet Potatoes; Okra; Sweet Corn; Strawberries",Farm stand; direct-to-consumer; Agritourism; U-pick; agritourism; Farm,(256) 338-6376,kcghoward@gmail.com,internal_until_public_use_review,https://www.sweetgrownalabama.org/sga-members/489,https://www.facebook.com/KathyChambersHoward,,,True,True,False,False,True,False,False,4,alobs_924a0c5ebea64c192252 | alobs_d76dc897a2b386bebfda | alobs_a59fd65059221e958b3f | alobs_f365d34578a93d80ef55,Alabama Farmers Market Authority — farm-stand map | Alabama Farmers Market Authority — u-pick map | PickYourOwn — Central Alabama | Sweet Grown Alabama — Farm members,https://agi.alabama.gov/farmersmarket/locations/farmers-stand-location-map/ | https://agi.alabama.gov/farmersmarket/locations/u-pick-location-map/ | https://www.pickyourown.org/ALbham.htm | https://www.sweetgrownalabama.org/find-sweet-grown,B; D,2026-07-15,promotion_eligible_reviewed,,Fields are selected by evidence grade; all underlying observations remain separately auditable.
AL-E4B1923678,Gleann Brook Acres,gleann brook acres,farm,merged_exact_name_reviewed,AL,Cullman,Bremen,35033,7226 County Road 35,public_business_address_reviewed_for_future_reduced_precision,33.883811,-86.9374399,Beef; direct-to-consumer meat,Cattle farm; direct-sale beef; Farm,(205) 432-9531,info@gbahighlands.com,internal_until_public_use_review,https://www.gbahighlands.com,https://www.facebook.com/gbahighlands/,https://www.instagram.com/gleann_brook_acres/,,True,True,False,False,False,False,False,2,alobs_847fa91bd170befb6168 | alobs_4c30338b1075bfdf66d1,Alabama Cattlemen’s Association — Bama Beef Sales Directory | Sweet Grown Alabama — Farm members,https://www.bamabeef.org/p/about/bama-beef-sales-directory | https://www.sweetgrownalabama.org/find-sweet-grown,B; D,2026-07-15,promotion_eligible_reviewed,,Fields are selected by evidence grade; all underlying observations remain separately auditable.
AL-0E7B252370,Grandview Mountain Strawberry Farm,grandview mountain strawberry farm,farm,merged_exact_name_reviewed,AL,Cullman,Cullman,35057,1394 County Road 803,public_business_address_reviewed_for_future_reduced_precision,34.1330688,-86.9323124,"strawberries,; Cantaloupe; Watermelon; Cucumbers; Pumpkins; U-Pick Fruit; Sweet Corn; Strawberries; Sweet Potatoes",U-pick; agritourism; Agritourism; Farm,(256) 531-5291,bhaynesfarm@gmail.com,internal_until_public_use_review,,https://www.facebook.com/grandviewmtnstrwbrryfarm,,,True,True,False,False,True,True,False,2,alobs_058f38ef470bb5221ba5 | alobs_45ded0935d55f6bb4ddd,PickYourOwn — Central Alabama | Sweet Grown Alabama — Farm members,https://www.pickyourown.org/ALbham.htm | https://www.sweetgrownalabama.org/find-sweet-grown,B; E,2026-07-15,promotion_eligible_reviewed,,Fields are selected by evidence grade; all underlying observations remain separately auditable.
AL-CF84B5BC00,Hamm Farm,hamm farm,farm,unique_source_name_reviewed,AL,Cullman,Hanceville,35077,3510 County Road 504,public_business_address_reviewed_for_future_reduced_precision,33.9775743,-86.8658367,"Acidified Foods* (Pickles, Salsas, Relishes); Cucumbers; Dry Rubs/Spices; Beans; Blueberries; Corn (Field); Lettuce; Okra; Peas; Peppers; Roasted/Boiled Peanuts; Eggs; Sweet Corn; Strawberries; Wood Products; Green Peanuts; Greens; Herbs; Peaches; Pumpkins; Squash; Sweet Potatoes; Tomatoes; Watermelon",Farm,(256) 347-2500,dwight_hamm@yahoo.com,internal_until_public_use_review,,https://www.facebook.com/profile.php?id=100067890007255&rdid=rZRzneKLQlhTD0TC&share_url=https%3A%2F%2Fwww.facebook.com%2Fshare%2F15pZ8jKCHr%2F,,,False,True,False,False,False,True,False,1,alobs_480613cef4aa8163778a,Sweet Grown Alabama — Farm members,https://www.sweetgrownalabama.org/find-sweet-grown,B,2026-07-15,promotion_eligible_reviewed,,Fields are selected by evidence grade; all underlying observations remain separately auditable.
AL-15FEAEE94D,Haynes Farming Co. LLC,haynes farming co,farm,unique_source_name_reviewed,AL,Cullman,Cullman,35057,1266 County Road 803,public_business_address_reviewed_for_future_reduced_precision,34.1362383,-86.9341019,Corn (Field); Tomatoes; Okra; Peas; Sweet Potatoes; Watermelon,Farm,(256) 734-0114,haynesfarmingco@gmail.com,internal_until_public_use_review,,,,,False,True,False,True,False,True,False,1,alobs_451fc4f0791dcd204043,Sweet Grown Alabama — Farm members,https://www.sweetgrownalabama.org/find-sweet-grown,B,2026-07-15,promotion_eligible_reviewed,,Fields are selected by evidence grade; all underlying observations remain separately auditable.
AL-9386FD5BE1,"Haynes Farms, LLC",haynes farms,farm,unique_source_name_reviewed,AL,Cullman,Cullman,,,public_business_address_reviewed_for_future_reduced_precision,,,Beef; direct-to-consumer meat,Cattle farm; direct-sale beef,256-708-0701,,internal_until_public_use_review,,,,,True,False,False,False,False,False,False,1,alobs_59676fde955487532043,Alabama Cattlemen’s Association — Bama Beef Sales Directory,https://www.bamabeef.org/p/about/bama-beef-sales-directory,D,2026-07-15,promotion_eligible_reviewed,,Fields are selected by evidence grade; all underlying observations remain separately auditable.
AL-05A6BCD719,Henke Farms,henke farms,farm,merged_exact_name_reviewed,AL,Cullman,Cullman,35057,225 Henke Drive,public_business_address_reviewed_for_future_reduced_precision,34.1202443,-86.8717836,"Farm products; direct-to-consumer sales; Acidified Foods* (Pickles, Salsas, Relishes); Blackberries; Beans; Pumpkins; Watermelon; Blueberries; Cantaloupe; Cucumbers; Eggs; Fresh Cut Flowers; Sweet Potatoes; Greens; Lettuce; Jams/Jellies; Muscadine Grapes; Okra; Peas; Sweet Corn; Peppers; Squash; Tomatoes",Farm stand; direct-to-consumer; Farm,(256) 736-3242,tammy4462@gmail.com,internal_until_public_use_review,,https://www.facebook.com/henke.farms,https://www.instagram.com/henkefarms/,,True,True,False,False,False,True,False,3,alobs_c41091906507fcd3611f | alobs_187b30e280fffbbaf9df | alobs_0d4bf660993e06cce97b,Alabama FMA — 2026 statewide farm-stand roster | Alabama Farmers Market Authority — farm-stand map | Sweet Grown Alabama — Farm members,https://agi.alabama.gov/farmersmarket/wp-content/uploads/sites/9/2023/02/2026-statewide-redemption-sites.pdf | https://agi.alabama.gov/farmersmarket/locations/farmers-stand-location-map/ | https://www.sweetgrownalabama.org/find-sweet-grown,B,2026-07-15,promotion_eligible_reviewed,,Fields are selected by evidence grade; all underlying observations remain separately auditable.
AL-CDF39F4961,Heritage Hills Farmstead,heritage hills farmstead,farm,unique_source_name_reviewed,AL,Cullman,Vinemont,35179,6364 County Road 1082,public_business_address_reviewed_for_future_reduced_precision,,,Pastured livestock and/or farm products; see source profile,Pastured-product farm; direct sales,(256) 531-7774,hhfarmstead@gmail.com,internal_until_public_use_review,https://heritagehillsfarmstead.com/,,,,True,False,False,False,False,False,False,1,alobs_27699e2375386117bf45,EatWild Alabama directory,https://www.eatwild.com/products/alabama.html,D,2026-07-15,promotion_eligible_reviewed,,Fields are selected by evidence grade; all underlying observations remain separately auditable.
AL-B21FC028E0,J. Calvert Farms,j calvert farms,farm,merged_exact_name_reviewed,AL,Cullman,Cullman,35057,30 County Road 260,public_business_address_reviewed_for_future_reduced_precision,34.0215961,-86.9161402,Farm products; direct-to-consumer sales; Beans; Cantaloupe; Cucumbers; Fresh Cut Flowers; Green Peanuts; Okra; Peaches; Peanuts; Peas; Peppers; Squash; Strawberries; Sweet Corn; Tomatoes; Watermelon; Pumpkins,Farm stand; direct-to-consumer; Agritourism; Online Sales; Farm,(256) 636-2752,calvertjeremy32@gmail.com,internal_until_public_use_review,https://www.jcalvertfarms.com,https://www.facebook.com/J-Calvert-Farms-1417894365181990/,https://www.instagram.com/j_calvert_farms/,,True,True,False,False,False,True,True,3,alobs_c49375b55355f3e9eb58 | alobs_d1c243f32835fc1f4966 | alobs_273dee8ef9f28d8510fd,Alabama FMA — 2026 statewide farm-stand roster | Alabama Farmers Market Authority — farm-stand map | Sweet Grown Alabama — Farm members,https://agi.alabama.gov/farmersmarket/wp-content/uploads/sites/9/2023/02/2026-statewide-redemption-sites.pdf | https://agi.alabama.gov/farmersmarket/locations/farmers-stand-location-map/ | https://www.sweetgrownalabama.org/find-sweet-grown,B,2026-07-15,promotion_eligible_reviewed,,Fields are selected by evidence grade; all underlying observations remain separately auditable.
AL-739ABBAC6D,Kathy&Layne Howard-Five Oak Farm,kathy and layne howard five oak farm,farm,unique_source_name_reviewed,AL,Cullman,Cullman County service area,,,public_business_address_reviewed_for_future_reduced_precision,,,Farm products; direct-to-consumer sales,Farm stand,,,internal_until_public_use_review,,,,,True,False,False,False,False,False,False,1,alobs_e078f1cbceb16907056d,Alabama FMA — 2026 statewide farm-stand roster,https://agi.alabama.gov/farmersmarket/wp-content/uploads/sites/9/2023/02/2026-statewide-redemption-sites.pdf,B,2026-07-15,promotion_eligible_reviewed,,Fields are selected by evidence grade; all underlying observations remain separately auditable.
AL-B05CD391C0,Kress Farms,kress farms,farm,merged_exact_name_reviewed,AL,Cullman,Cullman,1527,3375 County Road 1527,public_business_address_reviewed_for_future_reduced_precision,34.2888661,-86.70750029999999,Farm products; direct-to-consumer sales; Peaches; Strawberries; Sweet Potatoes,Farm stand; direct-to-consumer; Farm,(256) 708-3064,t.kress@live.com,internal_until_public_use_review,,https://www.facebook.com/profile.php?id=100057609903072,,,True,False,False,False,False,False,False,2,alobs_74b8bbe85dd414022f08 | alobs_268f95a446538ad19d54,Alabama Farmers Market Authority — farm-stand map | Sweet Grown Alabama — Farm members,https://agi.alabama.gov/farmersmarket/locations/farmers-stand-location-map/ | https://www.sweetgrownalabama.org/find-sweet-grown,B,2026-07-15,promotion_eligible_reviewed,,Fields are selected by evidence grade; all underlying observations remain separately auditable.
AL-060829012D,Mulberry Bend Cattle Farm,mulberry bend cattle farm,farm,unique_source_name_reviewed,AL,Cullman,Hanceville,35077,751 County Road 617,public_business_address_reviewed_for_future_reduced_precision,34.10867959999999,-86.776945,Beef,Farm,(256) 590-4830,kyle@mulberrybendcattle.com,internal_until_public_use_review,http://www.mulberrybendcattle.com/,https://facebook.com/mulberrybendcattle,https://instagram.com/mulberrybendcattle,,True,False,True,False,False,False,False,1,alobs_2c9168c82d1a0d3adcb7,Sweet Grown Alabama — Farm members,https://www.sweetgrownalabama.org/find-sweet-grown,B,2026-07-15,promotion_eligible_reviewed,,Fields are selected by evidence grade; all underlying observations remain separately auditable.
AL-D381B7AC4B,Murphree Farms,murphree farms,farm,unique_source_name_reviewed,AL,Cullman,Holly Pond,,,public_business_address_reviewed_for_future_reduced_precision,,,Beef; direct-to-consumer meat,Cattle farm; direct-sale beef,256-347-4874,,internal_until_public_use_review,,,,,True,False,False,False,False,False,False,1,alobs_f209b279e17bc11e1279,Alabama Cattlemen’s Association — Bama Beef Sales Directory,https://www.bamabeef.org/p/about/bama-beef-sales-directory,D,2026-07-15,promotion_eligible_reviewed,,Fields are selected by evidence grade; all underlying observations remain separately auditable.
AL-434D360383,Rainwater Ranch,rainwater ranch,farm,unique_source_name_reviewed,AL,Cullman,Cullman,35058,340 CR-1687,public_business_address_reviewed_for_future_reduced_precision,34.2207322,-86.72151749999999,Beef,Farm,,rainwaterranch.al@gmail.com,internal_until_public_use_review,https://therainwaterranch.org,https://www.facebook.com/therainwaterranch,https://www.instagram.com/therainwaterranch/,,True,False,True,True,False,True,False,1,alobs_7f4025da1ab53daa3977,Sweet Grown Alabama — Farm members,https://www.sweetgrownalabama.org/find-sweet-grown,B,2026-07-15,promotion_eligible_reviewed,,Fields are selected by evidence grade; all underlying observations remain separately auditable.
AL-26B3EB01E1,Sloshie Mae's Farm,sloshie maes farm,farm,unique_source_name_reviewed,AL,Cullman,Arab,35016,255 County Road 1823,public_business_address_reviewed_for_future_reduced_precision,,,"No pesticides are used , blackberries, figs, muscadine grapes, pears, persimmons,",U-pick; agritourism,,Sloshiemae@gmail.com,internal_until_public_use_review,,,,,True,False,False,False,True,False,False,1,alobs_27bf262c5da4f705670e,PickYourOwn — Central Alabama,https://www.pickyourown.org/ALbham.htm,D,2026-07-15,promotion_eligible_reviewed,,Fields are selected by evidence grade; all underlying observations remain separately auditable.
AL-62D8AC18F6,Spradlin Farm,spradlin farm,farm,merged_exact_name_reviewed,AL,Cullman,Vinemont,35179,2105 County Road 1242,public_business_address_reviewed_for_future_reduced_precision,,,Farm products; direct-to-consumer sales,Farm stand; direct-to-consumer,256-734-6419,suespradlin815@gmail.com,internal_until_public_use_review,,,,,True,False,False,False,False,False,False,2,alobs_8182060daf85127addbe | alobs_33c5dab8be51ef9c0006,Alabama FMA — 2026 statewide farm-stand roster | Alabama Farmers Market Authority — farm-stand map,https://agi.alabama.gov/farmersmarket/wp-content/uploads/sites/9/2023/02/2026-statewide-redemption-sites.pdf | https://agi.alabama.gov/farmersmarket/locations/farmers-stand-location-map/,B,2026-07-15,promotion_eligible_reviewed,,Fields are selected by evidence grade; all underlying observations remain separately auditable.
AL-CEDCFEB621,"STEELE ORCHARD, INC",steele orchard,farm,merged_exact_name_reviewed,AL,Cullman,Cullman,35057,1695 County Road 1141,public_business_address_reviewed_for_future_reduced_precision,,,Farm products; direct-to-consumer sales; U-pick crops; agritourism; apples,Farm stand; direct-to-consumer; Agritourism; U-pick; agritourism,256-734-5249,steeleorchard@gmail.com,internal_until_public_use_review,https://STEELEORCHARD.COM,,,,True,False,False,False,True,False,False,4,alobs_624f81d9c4d142fbc2e7 | alobs_29cbdc060789e348a2a1 | alobs_7d79422790022ff5132f | alobs_b07a0bddee3b8ba88c22,Alabama FMA — 2026 statewide farm-stand roster | Alabama Farmers Market Authority — farm-stand map | Alabama Farmers Market Authority — u-pick map | PickYourOwn — Central Alabama,https://agi.alabama.gov/farmersmarket/wp-content/uploads/sites/9/2023/02/2026-statewide-redemption-sites.pdf | https://agi.alabama.gov/farmersmarket/locations/farmers-stand-location-map/ | https://agi.alabama.gov/farmersmarket/locations/u-pick-location-map/ | https://www.pickyourown.org/ALbham.htm,B; D,2026-07-15,promotion_eligible_reviewed,,Fields are selected by evidence grade; all underlying observations remain separately auditable.
AL-9A578DF33A,Sullivan Creek Ranch,sullivan creek ranch,farm,merged_exact_name_reviewed,AL,Cullman,Vinemont,35179,151 County Road 1047,public_business_address_reviewed_for_future_reduced_precision,34.2380769,-87.0727579,Beef; direct-to-consumer meat,Cattle farm; direct-sale beef; Farm,(256) 595-4090,greg.anderson@sullivancreekranch.com,internal_until_public_use_review,https://sullivancreekranch.com/,https://www.facebook.com/SullivanCreekRanchFlyingA/,https://www.instagram.com/sullivancreekranchal/,,True,False,False,False,False,False,False,2,alobs_c5c44d80506004923717 | alobs_c7d65e23c828a75607de,Alabama Cattlemen’s Association — Bama Beef Sales Directory | Sweet Grown Alabama — Farm members,https://www.bamabeef.org/p/about/bama-beef-sales-directory | https://www.sweetgrownalabama.org/find-sweet-grown,B; D,2026-07-15,promotion_eligible_reviewed,,Fields are selected by evidence grade; all underlying observations remain separately auditable.
AL-6189B94004,Sweatmon's,sweatmons,farm,merged_exact_name_reviewed,AL,Cullman,Crane Hill,35053,14413 County Road 222,public_business_address_reviewed_for_future_reduced_precision,,,Farm products; direct-to-consumer sales,Farm stand; direct-to-consumer,256-615-3191,sweatmonsproduce@gmail.com,internal_until_public_use_review,,,,,True,False,False,False,False,False,False,2,alobs_aca34714abe5a04324dc | alobs_7e43edd408d1b5e744a3,Alabama FMA — 2026 statewide farm-stand roster | Alabama Farmers Market Authority — farm-stand map,https://agi.alabama.gov/farmersmarket/wp-content/uploads/sites/9/2023/02/2026-statewide-redemption-sites.pdf | https://agi.alabama.gov/farmersmarket/locations/farmers-stand-location-map/,B,2026-07-15,promotion_eligible_reviewed,,Fields are selected by evidence grade; all underlying observations remain separately auditable.
AL-8698CBAC22,Thompsons' Orchard,thompsons orchard,farm,unique_source_name_reviewed,AL,Cullman,Cullman,35058,1237 County Road 1541,public_business_address_reviewed_for_future_reduced_precision,34.2863555,-86.7142161,Peaches; Baked Goods; Container Plants; Greenhouse & Nursery Products; Jams/Jellies; Shrubs,Farm,(205) 542-2745,,internal_until_public_use_review,,https://www.facebook.com/ThompsonsOrchard/,,,False,True,False,False,False,False,False,1,alobs_9667e86024e3bf331523,Sweet Grown Alabama — Farm members,https://www.sweetgrownalabama.org/find-sweet-grown,B,2026-07-15,promotion_eligible_reviewed,,Fields are selected by evidence grade; all underlying observations remain separately auditable.
AL-F96A9919EE,Voigt Farm,voigt farm,farm,unique_source_name_reviewed,AL,Cullman,Cullman County service area,,,public_business_address_reviewed_for_future_reduced_precision,,,Farm products; direct-to-consumer sales,Farm stand,,,internal_until_public_use_review,,,,,True,False,False,False,False,False,False,1,alobs_63fec5899cc440bd1679,Alabama FMA — 2026 statewide farm-stand roster,https://agi.alabama.gov/farmersmarket/wp-content/uploads/sites/9/2023/02/2026-statewide-redemption-sites.pdf,B,2026-07-15,promotion_eligible_reviewed,,Fields are selected by evidence grade; all underlying observations remain separately auditable.
AL-A735C54F9A,4C Meats,4c meats,farm,unique_source_name_reviewed,AL,Dale,Ozark,36360,377 county road 108,public_business_address_reviewed_for_future_reduced_precision,31.517021,-85.6962867,Beef,Farm,(334) 796-6157,brittany.carroll2000@icloud.com,internal_until_public_use_review,,https://www.facebook.com/profile.php?id=100095182640383,,,True,False,False,True,False,False,False,1,alobs_d79430da8291bdf5e9db,Sweet Grown Alabama — Farm members,https://www.sweetgrownalabama.org/find-sweet-grown,B,2026-07-15,promotion_eligible_reviewed,,Fields are selected by evidence grade; all underlying observations remain separately auditable.
AL-11BB162015,Deloney Farms,deloney farms,producer_requires_type_review,restored_from_absence_based_exclusion,AL,Dale,Ozark,36360,1121 County Road 34,public_business_address_reviewed_for_future_reduced_precision,,,Strawberries (You pick or we pick),U-pick; agritourism,(334) 774-9918,,internal_until_public_use_review,https://www.yelp.com/biz/deloney-farms-produce-ozark,,,,True,,,,True,,,1,alobs_f16f85ab3f0f35a2f9fd,PickYourOwn — Southeast Alabama,https://www.pickyourown.org/ALmontg.htm,E,2026-07-15,research_or_qa_queue,identity conflict unresolved; retain both named candidates until resolved,Retained under national policy: missing or conflicting data creates research work and never deletion.
AL-BFA183C0E1,Grammy Midwife’s Hives & Homestead,grammy midwifes hives and homestead,farm,unique_source_name_reviewed,AL,Dale,Ozark,36360,558 Bingham Avenue,public_business_address_reviewed_for_future_reduced_precision,31.4506146,-85.6226933,"Acidified Foods* (Pickles, Salsas, Relishes); Candy/Confections; Honey; Dry Rubs/Spices; Herbs; Jams/Jellies; Pecans; Skincare Products; Sauces/Condiments",Farm,(334) 237-4644,grammyshives@outlook.com,internal_until_public_use_review,,https://www.facebook.com/GrammysHives?mibextid=wwXIfr&rdid=ad34jZuGxuDdSE3u&share_url=https%3A%2F%2Fwww.facebook.com%2Fshare%2F1Pojh3b6Si%2F%3Fmibextid%3DwwXIfr,,,True,False,False,False,False,False,False,1,alobs_848d7897436727224549,Sweet Grown Alabama — Farm members,https://www.sweetgrownalabama.org/find-sweet-grown,B,2026-07-15,promotion_eligible_reviewed,,Fields are selected by evidence grade; all underlying observations remain separately auditable.
AL-140CC7403A,IKE BEHAR,ike behar,farm,merged_exact_name_reviewed,AL,Dale,Enterprise,36330,102 Private Road 1438,public_business_address_reviewed_for_future_reduced_precision,,,U-pick crops; agritourism; Hybrid Chestnuts,Agritourism; U-pick; agritourism,334-347-4041,,internal_until_public_use_review,,,,,True,False,False,False,True,False,False,2,alobs_cda89d0e5e42fa31809c | alobs_7d8125ff74b7f23f3357,Alabama Farmers Market Authority — u-pick map | PickYourOwn — Southeast Alabama,https://agi.alabama.gov/farmersmarket/locations/u-pick-location-map/ | https://www.pickyourown.org/ALmontg.htm,B; D,2026-07-15,promotion_eligible_reviewed,,Fields are selected by evidence grade; all underlying observations remain separately auditable.
AL-6AFA7EBB71,Joyful F.A.R.M.S.,joyful f a r m s,farm,unique_source_name_reviewed,AL,Dale,Ozark,36360,197 Rooselvet Avenue,public_business_address_reviewed_for_future_reduced_precision,31.456401,-85.6302481,Peas; Squash; Strawberries; Cucumbers; Honey; Lettuce; Okra; Greens; Peppers; Sweet Potatoes; Tomatoes; Watermelon,Farm,(334) 498-8311,aking@joyful-farms.org,internal_until_public_use_review,https://www.joyful-farms.org/,https://www.facebook.com/profile.php?id=61567218236256&sk=about,,,True,False,True,True,False,False,False,1,alobs_37883100937cf2b0270b,Sweet Grown Alabama — Farm members,https://www.sweetgrownalabama.org/find-sweet-grown,B,2026-07-15,promotion_eligible_reviewed,,Fields are selected by evidence grade; all underlying observations remain separately auditable.
AL-06BFE7D9DE,Oma & Haus’s Homestead,oma and hauss homestead,farm,unique_source_name_reviewed,AL,Dale,Ozark,36360,127 Honeysuckle Hills Road,public_business_address_reviewed_for_future_reduced_precision,31.4210871,-85.5654125,Cantaloupe; Eggs; Pine Trees; Chicken; Dry Rubs/Spices; Hay; Watermelon; Lettuce; Tomatoes; Sweet Potatoes,Farm,(334) 249-5381,susanmccormick3@yahoo.com,internal_until_public_use_review,,,,,True,False,False,False,False,False,False,1,alobs_dad16f4389ebe9cc3719,Sweet Grown Alabama — Farm members,https://www.sweetgrownalabama.org/find-sweet-grown,B,2026-07-15,promotion_eligible_reviewed,,Fields are selected by evidence grade; all underlying observations remain separately auditable.
AL-C807C85370,Pea River Berry Farm,pea river berry farm,farm,unique_source_name_reviewed,AL,Dale,Ariton,36311,,public_business_address_reviewed_for_future_reduced_precision,,,temporarily closed until,U-pick; agritourism,,,internal_until_public_use_review,,,,,True,False,False,False,True,False,False,1,alobs_085ec1bbe557703c76a5,PickYourOwn — Southeast Alabama,https://www.pickyourown.org/ALmontg.htm,D,2026-07-15,promotion_eligible_reviewed,,Fields are selected by evidence grade; all underlying observations remain separately auditable.
AL-7BF3176252,Riley Creek Farms,riley creek farms,farm,unique_source_name_reviewed,AL,Dale,Newville,36353,12380 East Hwy 27,public_business_address_reviewed_for_future_reduced_precision,31.48385619999999,-85.45469229999999,Lettuce,Farm,(334) 726-2425,rileycreekfarms@gmail.com,internal_until_public_use_review,,https://www.facebook.com/profile.php?id=61576110081157,https://www.instagram.com/rileycreekfarms25/,,False,True,False,True,False,True,True,1,alobs_3662a9cede699e1e9e19,Sweet Grown Alabama — Farm members,https://www.sweetgrownalabama.org/find-sweet-grown,B,2026-07-15,promotion_eligible_reviewed,,Fields are selected by evidence grade; all underlying observations remain separately auditable.
AL-1F186E15B9,Rocky Head Homestead,rocky head homestead,farm,unique_source_name_reviewed,AL,Dale,Ariton,36311,2412 Highway 51,public_business_address_reviewed_for_future_reduced_precision,31.567504,-85.768302,"Acidified Foods* (Pickles, Salsas, Relishes); Beans; Blackberries; Eggs; Greens; Jams/Jellies; Container Plants; Cucumbers; Fresh Cut Flowers; Herbs; Microgreens; Okra; Pumpkins; Squash; Strawberries; Sweet Corn; Sweet Potatoes; Tomatoes; Container Plants/Greenhouse & Nursery Products/Shrubs/Etc.; Lettuce; Watermelon; Muscadine Grapes; Pecans; Peaches; Peas; Peppers",Farm,(334) 701-0069,rockyheadhomestead@gmail.com,internal_until_public_use_review,,https://www.facebook.com/RockyHeadHomestead/,,,True,False,True,True,False,False,False,1,alobs_3807e8aee8015093a7e5,Sweet Grown Alabama — Farm members,https://www.sweetgrownalabama.org/find-sweet-grown,B,2026-07-15,promotion_eligible_reviewed,,Fields are selected by evidence grade; all underlying observations remain separately auditable.
AL-22AD7741BD,Smokey Bee’s,smokey bees,farm,unique_source_name_reviewed,AL,Dale,Ariton,36311,3393 County Road 68,public_business_address_reviewed_for_future_reduced_precision,31.603118,-85.5571758,Honey,Farm,(334) 733-6527,plpritchett@gmail.com,internal_until_public_use_review,,https://www.facebook.com/beekindbeekeeping,,,True,False,False,False,False,True,False,1,alobs_c3d2acd7ede57760ccbd,Sweet Grown Alabama — Farm members,https://www.sweetgrownalabama.org/find-sweet-grown,B,2026-07-15,promotion_eligible_reviewed,,Fields are selected by evidence grade; all underlying observations remain separately auditable.
AL-9AA9D31E80,The Farmers Daughter Country Store,the farmers daughter country store,farm,unique_source_name_reviewed,AL,Dale,Ozark,36360,4126 North Highway 231,public_business_address_reviewed_for_future_reduced_precision,31.4403253,-85.6447136,Honey,Restaurants; Farm,(334) 733-0136,lynn.hughes71@icloud.com,internal_until_public_use_review,,https://www.facebook.com/profile.php?id=100063706025757,,,False,False,False,False,False,False,False,1,alobs_67acf56cbdc74407dd0b,Sweet Grown Alabama — Farm members,https://www.sweetgrownalabama.org/find-sweet-grown,B,2026-07-15,promotion_eligible_reviewed,,Fields are selected by evidence grade; all underlying observations remain separately auditable.
AL-BC8CA9C03B,Turner South Farm,turner south farm,farm,unique_source_name_reviewed,AL,Dale,Ozark,36361,1996 N Union Avenue,public_business_address_reviewed_for_future_reduced_precision,,,Blueberries (You pick or we pick),U-pick; agritourism,(334) 774-5242,,internal_until_public_use_review,,,,,True,False,False,False,True,False,False,1,alobs_e5669c2c2c13a9915a37,PickYourOwn — Southeast Alabama,https://www.pickyourown.org/ALmontg.htm,D,2026-07-15,promotion_eligible_reviewed,,Fields are selected by evidence grade; all underlying observations remain separately auditable.
AL-DBE1379AFB,"Walding Cattle, LLC",walding cattle,farm,merged_exact_name_reviewed,AL,Dale,Ariton,36311,,public_business_address_reviewed_for_future_reduced_precision,31.6001655,-85.7188298,Beef; direct-to-consumer meat; Pork; Hay; Beef Tallow,Cattle farm; direct-sale beef; Farm,(229) 942-0457,aislingwalding@gmail.com,internal_until_public_use_review,https://waldingcattle.com,https://www.facebook.com/waldingcattle/,https://www.instagram.com/waldingcattle/,,True,False,False,True,False,False,False,2,alobs_722a390148437f57cc88 | alobs_d32148f002d0eccf26ae,Alabama Cattlemen’s Association — Bama Beef Sales Directory | Sweet Grown Alabama — Farm members,https://www.bamabeef.org/p/about/bama-beef-sales-directory | https://www.sweetgrownalabama.org/find-sweet-grown,B; D,2026-07-15,promotion_eligible_reviewed,,Fields are selected by evidence grade; all underlying observations remain separately auditable.
AL-DF3BA8620F,5M FARM & PRODUCE,5m farm and produce,farm,merged_exact_name_reviewed,AL,Dallas,Selma,36703,1408 Highland Ave E,public_business_address_reviewed_for_future_reduced_precision,,,Farm products; direct-to-consumer sales,Farm stand; direct-to-consumer,941-219-6710,fmat56@yahoo.com,internal_until_public_use_review,,,,,True,False,False,False,False,False,False,2,alobs_cfae839469d4666095ef | alobs_6f3d2e6fce78ae468df9,Alabama FMA — 2026 statewide farm-stand roster | Alabama Farmers Market Authority — farm-stand map,https://agi.alabama.gov/farmersmarket/wp-content/uploads/sites/9/2023/02/2026-statewide-redemption-sites.pdf | https://agi.alabama.gov/farmersmarket/locations/farmers-stand-location-map/,B,2026-07-15,promotion_eligible_reviewed,,Fields are selected by evidence grade; all underlying observations remain separately auditable.
AL-EA937E9D6E,Future Farmers Youth Group,future farmers youth group,farm,merged_exact_name_reviewed,AL,Dallas,Sardis,36775,6144 County Road 30,public_business_address_reviewed_for_future_reduced_precision,,,Farm products; direct-to-consumer sales,Farm stand; direct-to-consumer,334-431-1857 | 334-872-7155,,internal_until_public_use_review,,,,,True,False,False,False,False,False,False,2,alobs_280facfc75b60b473a99 | alobs_fb7a50f8d16402dd3759,Alabama FMA — 2026 statewide farm-stand roster | Alabama Farmers Market Authority — farm-stand map,https://agi.alabama.gov/farmersmarket/wp-content/uploads/sites/9/2023/02/2026-statewide-redemption-sites.pdf | https://agi.alabama.gov/farmersmarket/locations/farmers-stand-location-map/,B,2026-07-15,promotion_eligible_reviewed,,Fields are selected by evidence grade; all underlying observations remain separately auditable.
AL-0E5431A812,M and W Cattle LLC,m and w cattle,farm,unique_source_name_reviewed,AL,Dallas,Marion Junction,,,public_business_address_reviewed_for_future_reduced_precision,,,Beef; direct-to-consumer meat,Cattle farm; direct-sale beef,(334) 265-1867,,internal_until_public_use_review,,,,,True,False,False,False,False,False,False,1,alobs_afec901aea4b8a8605d5,Alabama Cattlemen’s Association — Bama Beef Sales Directory,https://www.bamabeef.org/p/about/bama-beef-sales-directory,D,2026-07-15,promotion_eligible_reviewed,,Fields are selected by evidence grade; all underlying observations remain separately auditable.
AL-63C480C80C,Stephens Farms,stephens farms,farm,unique_source_name_reviewed,AL,Dallas,Marion Junction,,,public_business_address_reviewed_for_future_reduced_precision,,,Beef; direct-to-consumer meat,Cattle farm; direct-sale beef,205-799-2022,,internal_until_public_use_review,,,,,True,False,False,False,False,False,False,1,alobs_9aa1ff4a7b7c3b705554,Alabama Cattlemen’s Association — Bama Beef Sales Directory,https://www.bamabeef.org/p/about/bama-beef-sales-directory,D,2026-07-15,promotion_eligible_reviewed,,Fields are selected by evidence grade; all underlying observations remain separately auditable.
AL-015C43CDA0,True Royalty Farm LLC,true royalty farm,farm,unique_source_name_reviewed,AL,Dallas,Selma,36701,Westwood Drive,public_business_address_reviewed_for_future_reduced_precision,32.4345869,-87.1061736,Cucumbers; Eggs; Okra; Pecans; Peppers; Herbs; Squash; Lettuce; Strawberries,Farm,(334) 231-3355,TrueRoyaltyFarm@gmail.com,internal_until_public_use_review,,,,,False,True,False,False,False,True,True,1,alobs_b8997729c01946968bf1,Sweet Grown Alabama — Farm members,https://www.sweetgrownalabama.org/find-sweet-grown,B,2026-07-15,promotion_eligible_reviewed,,Fields are selected by evidence grade; all underlying observations remain separately auditable.
AL-708565451E,Wagyu of Alabama,wagyu of alabama,farm,unique_source_name_reviewed,AL,Dallas,Selma,,,public_business_address_reviewed_for_future_reduced_precision,,,Beef; direct-to-consumer meat,Cattle farm; direct-sale beef,334-518-9425,,internal_until_public_use_review,,,,,True,False,False,False,False,False,False,1,alobs_bd41b47b43d53efe82ac,Alabama Cattlemen’s Association — Bama Beef Sales Directory,https://www.bamabeef.org/p/about/bama-beef-sales-directory,D,2026-07-15,promotion_eligible_reviewed,,Fields are selected by evidence grade; all underlying observations remain separately auditable.
AL-BB824C2ED8,Back To The Basics Homestead,back to the basics homestead,farm,unique_source_name_reviewed,AL,DeKalb,Crossville,35962,County Road 468,public_business_address_reviewed_for_future_reduced_precision,34.2971784,-86.0532046,"Corn (Field); Okra; Container Plants/Greenhouse & Nursery Products/Shrubs/Etc.; Eggs; Squash; Cucumbers; Fresh Cut Flowers; Jams/Jellies; Sweet Corn; Peppers; Strawberries; Tomatoes; Farm Markets; Blueberries; Chicken; Pumpkins; Acidified Foods* (Pickles, Salsas, Relishes); Lettuce; Baked Goods",Agritourism; Farm,(937) 620-7410,starlahrogers@gmail.com,internal_until_public_use_review,,https://www.facebook.com/share/16i4dHQ6Ff/?mibextid=wwXIfr,,,False,False,False,False,False,False,False,1,alobs_23a102fd375d4c0750b5,Sweet Grown Alabama — Farm members,https://www.sweetgrownalabama.org/find-sweet-grown,B,2026-07-15,promotion_eligible_reviewed,,Fields are selected by evidence grade; all underlying observations remain separately auditable.
AL-D8C2761217,Bertie K. Burton,bertie k burton,producer_requires_type_review,restored_from_absence_based_exclusion,AL,DeKalb,Henegar,35978,2869 County Road 712,public_business_address_reviewed_for_future_reduced_precision,,,Blueberries,U-pick; agritourism,(256) 657-5273,,internal_until_public_use_review,,,,,True,,,,True,,,1,alobs_5c78fdce785f0741c83a,PickYourOwn — North Alabama,https://www.pickyourown.org/ALhuntsv.htm,E,2026-07-15,research_or_qa_queue,current operation requires corroboration; absence is not an exclusion,Retained under national policy: missing or conflicting data creates research work and never deletion.
AL-92504EEA63,Black Locust Farms,black locust farms,farm,unique_source_name_reviewed,AL,DeKalb,DeKalb County service area,,,public_business_address_reviewed_for_future_reduced_precision,,,Bees; apiary products,Apiary / bee seller,256-601-9188,,internal_until_public_use_review,,,,,False,False,False,False,False,False,False,1,alobs_636b30e25e5cafa26966,Alabama Plant Protection — Beekeepers Selling Bees,https://agi.alabama.gov/plantprotection/beeks-selling-bees/,B,2026-07-15,promotion_eligible_reviewed,,Fields are selected by evidence grade; all underlying observations remain separately auditable.
AL-148C055A49,Blueberry Falls Farm,blueberry falls farm,farm,unique_source_name_reviewed,AL,DeKalb,Mentone,35984,331 Road 944,public_business_address_reviewed_for_future_reduced_precision,,,"No pesticides are used , blueberries,",U-pick; agritourism,910-214-5779,emmyeholbert96@gmail.com,internal_until_public_use_review,https://www.blueberryfallsfarm.com/,https://www.facebook.com/BlueberryFallsFarm/,,,True,False,False,False,True,False,False,1,alobs_1a35243066f6fc778995,PickYourOwn — North Alabama,https://www.pickyourown.org/ALhuntsv.htm,D,2026-07-15,promotion_eligible_reviewed,,Fields are selected by evidence grade; all underlying observations remain separately auditable.
AL-CF72D94EB5,Breezy Acres Flower Farm,breezy acres flower farm,farm,unique_source_name_reviewed,AL,DeKalb,Henegar,35978,936 County Road 407,public_business_address_reviewed_for_future_reduced_precision,34.5817299,-85.83911979999999,Fresh Cut Flowers,Farm,(256) 899-2042,whitney@breezyacresflowerfarm.com,internal_until_public_use_review,https://www.breezyacresflowerfarm.com,https://www.facebook.com/breezyacresflowers?mibextid=LQQJ4d&rdid=67ZelKR6x6SrQGRZ&share_url=https%3A%2F%2Fwww.facebook.com%2Fshare%2FbcjshE92ZTcX1T9K%2F%3Fmibextid%3DLQQJ4d,https://www.instagram.com/breezyacresflowerfarm?igsh=MXY2MDdzamF1cW1oNw%3D%3D&utm_source=qr,,True,False,False,True,False,True,False,1,alobs_b667db39c30847cb128c,Sweet Grown Alabama — Farm members,https://www.sweetgrownalabama.org/find-sweet-grown,B,2026-07-15,promotion_eligible_reviewed,,Fields are selected by evidence grade; all underlying observations remain separately auditable.
AL-8AE2B4B702,Byron & Chris's Produce,byron and chriss produce,farm,unique_source_name_reviewed,AL,DeKalb,Collinsville,35961,,public_business_address_reviewed_for_future_reduced_precision,34.2639821,-85.86052509999999,Beans; Blueberries; Cucumbers; Jams/Jellies; Watermelon; Cantaloupe; Greens; Muscadine Grapes; Okra; Peas; Pears; Peppers; Squash; Sweet Corn; Tomatoes,Farm,(256) 557-0779,chrisheard1960@gmail.com,internal_until_public_use_review,,,,,False,True,False,False,False,False,False,1,alobs_96168d171dda91430cb5,Sweet Grown Alabama — Farm members,https://www.sweetgrownalabama.org/find-sweet-grown,B,2026-07-15,promotion_eligible_reviewed,,Fields are selected by evidence grade; all underlying observations remain separately auditable.
AL-4F453B08E4,Farm 47,farm 47,farm,merged_exact_name_reviewed,AL,DeKalb,Henagar,35978,1161 County Road 764,public_business_address_reviewed_for_future_reduced_precision,34.686483,-85.70588099999999,Beef; direct-to-consumer meat,Cattle farm; direct-sale beef; Farm,(256) 899-7076,farm47al@gmail.com,internal_until_public_use_review,https://www.farm47al.com,https://www.facebook.com/Farm-47-110099467359093/,https://www.instagram.com/farm.47/,,True,False,False,True,False,False,False,2,alobs_2dc1c40f798b7e1b156d | alobs_07bc7fc40cc552b52a00,Alabama Cattlemen’s Association — Bama Beef Sales Directory | Sweet Grown Alabama — Farm members,https://www.bamabeef.org/p/about/bama-beef-sales-directory | https://www.sweetgrownalabama.org/find-sweet-grown,B; D,2026-07-15,promotion_eligible_reviewed,,Fields are selected by evidence grade; all underlying observations remain separately auditable.
AL-064F7AFE82,Gilbert Strawberry Farm,gilbert strawberry farm,producer_requires_type_review,restored_from_absence_based_exclusion,AL,DeKalb,Henagar,35978,40 East,public_business_address_reviewed_for_future_reduced_precision,,,Strawberries | Hwy,U-pick; agritourism,(256) 657-5581,,internal_until_public_use_review,,,,,True,,,,True,,,1,alobs_08ee8600708d28371724,PickYourOwn — North Alabama,https://www.pickyourown.org/ALhuntsv.htm,E,2026-07-15,research_or_qa_queue,current operation requires corroboration; absence is not an exclusion,Retained under national policy: missing or conflicting data creates research work and never deletion.
AL-8B92FA8257,Good Shepherds Lamb,good shepherds lamb,farm,unique_source_name_reviewed,AL,DeKalb,Collinsville,35961,7688 County Road 51 North,public_business_address_reviewed_for_future_reduced_precision,34.3413733,-85.8294928,Lamb,Farm,(256) 630-1046,goodshepherdslamb26@gmail.com,internal_until_public_use_review,,https://www.facebook.com/profile.php?id=61590306668787,,,True,True,False,True,False,True,False,1,alobs_29901abb55a3a544d8c5,Sweet Grown Alabama — Farm members,https://www.sweetgrownalabama.org/find-sweet-grown,B,2026-07-15,promotion_eligible_reviewed,,Fields are selected by evidence grade; all underlying observations remain separately auditable.
AL-2BFD882635,Hardman Blueberry Farm,hardman blueberry farm,farm,unique_source_name_reviewed,AL,DeKalb,Scottsboro,35768,202 Montecello Street,public_business_address_reviewed_for_future_reduced_precision,,,blueberries,U-pick; agritourism,256-574-9899,,internal_until_public_use_review,,https://www.facebook.com/hardmanblueberries,,,True,False,False,False,True,False,False,1,alobs_95bed494e9e77cf16a93,PickYourOwn — North Alabama,https://www.pickyourown.org/ALhuntsv.htm,D,2026-07-15,promotion_eligible_reviewed,,Fields are selected by evidence grade; all underlying observations remain separately auditable.
AL-1EE8C92BF5,Ironspring Orchard,ironspring orchard,farm,unique_source_name_reviewed,AL,DeKalb,Crossville,35962,765 County Road 569,public_business_address_reviewed_for_future_reduced_precision,34.3318586,-86.0685519,Apples; Beans; Cantaloupe; Container Plants/Greenhouse & Nursery Products/Shrubs/Etc.; Cucumbers; Watermelon; Blackberries; Fresh Cut Flowers; Herbs; Sweet Potatoes; Pears; Peas; Peppers; Squash; Sweet Corn; Tomatoes,Farm; Agritourism,(256) 659-4327,hello@ironspringorchard.com,internal_until_public_use_review,https://ironspringorchard.com,https://www.facebook.com/IronspringOrchard,https://www.instagram.com/ironspringorchard/,,True,False,True,True,True,True,True,1,alobs_3de00cbb454587e8889e,Sweet Grown Alabama — Farm members,https://www.sweetgrownalabama.org/find-sweet-grown,B,2026-07-15,promotion_eligible_reviewed,,Fields are selected by evidence grade; all underlying observations remain separately auditable.
AL-413F7ED280,Jubal-Lee Farms,jubal lee farms,farm,unique_source_name_reviewed,AL,DeKalb,Collinsville,35961,3176 County Road 446,public_business_address_reviewed_for_future_reduced_precision,34.4141602,-85.8401392,Cucumbers; Herbs; Baked Goods; Peppers; Tomatoes; Greens; Okra; Strawberries; Blueberries; Cantaloupe; Lettuce; Squash; Sweet Corn; Watermelon,Farm,,jubal.lee.farms@gmail.com,internal_until_public_use_review,,https://www.facebook.com/Jubal.Lee.Farms,,,True,False,False,False,False,True,True,1,alobs_a19e253bc75ee91625bf,Sweet Grown Alabama — Farm members,https://www.sweetgrownalabama.org/find-sweet-grown,B,2026-07-15,promotion_eligible_reviewed,,Fields are selected by evidence grade; all underlying observations remain separately auditable.
AL-7B15FFB83B,Over Easy Acres,over easy acres,farm,merged_cross_county_identity_reviewed,AL,DeKalb,Albertville,35951,19 County Road 353,public_business_address_reviewed_for_future_reduced_precision,34.384455,-86.058645,"strawberries, Blackberries, Blueberries, Chicken, Eggs, Jams, Jellies; Blackberries; Blueberries; Jams/Jellies; Okra; Chicken; Peppers; Eggs; Lettuce; Strawberries; Tomatoes",U-pick; agritourism; Farm,(256) 302-6511,goodwinfarms1215@gmail.com,internal_until_public_use_review,,https://www.facebook.com/profile.php?id=100070271352490,,,True,True,False,True,True,False,True,2,alobs_102f9d8d33f034a966a4 | alobs_69e7ce688ca8eb4c9f17,PickYourOwn — North Alabama | Sweet Grown Alabama — Farm members,https://www.pickyourown.org/ALhuntsv.htm | https://www.sweetgrownalabama.org/find-sweet-grown,B; D,2026-07-15,promotion_eligible_reviewed,,Fields are selected by evidence grade; all underlying observations remain separately auditable.
AL-49D3D6541A,R & R PEACH FARM,r and r peach farm,farm,merged_exact_name_reviewed,AL,DeKalb,Fort Payne,35967,1674 County Road 188,public_business_address_reviewed_for_future_reduced_precision,,,Farm products; direct-to-consumer sales,Farm stand; direct-to-consumer,256-845-9376,,internal_until_public_use_review,,,,,True,False,False,False,False,False,False,2,alobs_ceed0ecd1c4be97049ad | alobs_968acf53ccbfc377601d,Alabama FMA — 2026 statewide farm-stand roster | Alabama Farmers Market Authority — farm-stand map,https://agi.alabama.gov/farmersmarket/wp-content/uploads/sites/9/2023/02/2026-statewide-redemption-sites.pdf | https://agi.alabama.gov/farmersmarket/locations/farmers-stand-location-map/,B,2026-07-15,promotion_eligible_reviewed,,Fields are selected by evidence grade; all underlying observations remain separately auditable.
AL-C8AB35617E,Simpson 4 Sons Family Farm,simpson 4 sons family farm,farm,unique_source_name_reviewed,AL,DeKalb,Collinsville,35961,1930 County Road 30,public_business_address_reviewed_for_future_reduced_precision,34.2951922,-85.90454249999999,Beans; Beef; Cantaloupe; Cucumbers; Greens; Okra; Peas; Pork; Squash; Eggs; Pumpkins; Tomatoes,Farm,(256) 440-0519,renee.simpson.farms@gmail.com,internal_until_public_use_review,,,,,False,True,False,False,False,False,False,1,alobs_c79999b42c55f0a62199,Sweet Grown Alabama — Farm members,https://www.sweetgrownalabama.org/find-sweet-grown,B,2026-07-15,promotion_eligible_reviewed,,Fields are selected by evidence grade; all underlying observations remain separately auditable.
AL-99B6D97DE5,Talleys Fruit Farm,talleys fruit farm,farm,merged_exact_name_reviewed,AL,DeKalb,Crossville,35962,1452 County Road 3,public_business_address_reviewed_for_future_reduced_precision,34.334456,-86.08378929999999,"pumpkins, strawberries, tomatoes, U-pick and already picked, school tours; Flowers; Pumpkins; Watermelon; Apples; Beans; Cantaloupe; Cucumbers; Eggs; Fresh Cut Flowers; Strawberries; Blackberries; Blueberries; Greens; Peaches; Squash; Sweet Corn; Tomatoes",U-pick; agritourism; Farm,(256) 303-8888,stephenatalley@gmail.com,internal_until_public_use_review,,https://www.facebook.com/TalleysFruitFarm,,,True,True,False,False,True,False,False,2,alobs_852c798c9392d88080ef | alobs_3f58173b5d829c961b87,PickYourOwn — North Alabama | Sweet Grown Alabama — Farm members,https://www.pickyourown.org/ALhuntsv.htm | https://www.sweetgrownalabama.org/find-sweet-grown,B; D,2026-07-15,promotion_eligible_reviewed,,Fields are selected by evidence grade; all underlying observations remain separately auditable.
AL-DFA7420D6C,Andrews Double A Ranch Wildly Blessed,andrews double a ranch wildly blessed,farm,unique_source_name_reviewed,AL,Elmore,Eclectic,36024,2232 Chana Creek Road,public_business_address_reviewed_for_future_reduced_precision,32.6268982,-86.00348650000001,"Acidified Foods* (Pickles, Salsas, Relishes); Beef; Butter; Honey; Jams/Jellies; Sauces/Condiments; Alpaca Products",Online Sales; Farm,(334) 799-2254,allyson.andrews@icloud.com,internal_until_public_use_review,http://wildlyblessed.store/,https://www.facebook.com/Andrews-Double-A-Ranch-Wildly-Blessed-Store-114552040301750/,https://www.instagram.com/wildlyblessed.store/,,True,True,True,False,False,False,False,1,alobs_0bfec43114fe3debade1,Sweet Grown Alabama — Farm members,https://www.sweetgrownalabama.org/find-sweet-grown,B,2026-07-15,promotion_eligible_reviewed,,Fields are selected by evidence grade; all underlying observations remain separately auditable.
AL-3B0BC90B55,Barnes Family Farm,barnes family farm,farm,unique_source_name_reviewed,AL,Elmore,Millbrook,36054,2362 Alabama River Parkway,public_business_address_reviewed_for_future_reduced_precision,32.4353491,-86.32500449999999,Honey; Sweet Corn; U-Pick Fruit; Peas; Squash; Blueberries; Hay; Tomatoes; Watermelon; Okra; Container Plants/Greenhouse & Nursery Products/Shrubs/Etc.; Cantaloupe; Pumpkins,Agritourism; Farm,(334) 828-3781,Barnesfamfarm@gmail.com,internal_until_public_use_review,,https://www.facebook.com/BarnesFamFarm/,,,True,False,False,False,True,True,False,1,alobs_0ed0648ae0642e2ed464,Sweet Grown Alabama — Farm members,https://www.sweetgrownalabama.org/find-sweet-grown,B,2026-07-15,promotion_eligible_reviewed,,Fields are selected by evidence grade; all underlying observations remain separately auditable.
AL-FE7AE92B88,"Blue Ribbon Dairy, LLC",blue ribbon dairy,farm,unique_source_name_reviewed,AL,Elmore,Tallassee,36078,5290 Chana Creek Road,public_business_address_reviewed_for_future_reduced_precision,32.617931,-85.95584,Ice Cream; Milk; Animal Encounters,Agritourism; Farm,(334) 207-5979,blueribbondairyllc@gmail.com,internal_until_public_use_review,https://www.blueribbondairyal.com,https://www.facebook.com/blueribbondairyllc/,https://www.instagram.com/blueribbondairyllc/,,True,False,False,False,False,True,False,1,alobs_dcc7554b7433ff5db428,Sweet Grown Alabama — Farm members,https://www.sweetgrownalabama.org/find-sweet-grown,B,2026-07-15,promotion_eligible_reviewed,,Fields are selected by evidence grade; all underlying observations remain separately auditable.
AL-CE0F7AB0CD,Campbell Farm,campbell farm,farm,unique_source_name_reviewed,AL,Elmore,Eclectic,36024,84509 Tallassee Highway,public_business_address_reviewed_for_future_reduced_precision,32.57465270000001,-86.0167235,Pork,Farm,(334) 201-4276,campbellfarm@yahoo.com,internal_until_public_use_review,,https://www.facebook.com/share/16JaWeVQUZ/?mibextid=wwXIfr,https://www.instagram.com/campbell_farm_cattle/,,True,False,False,False,False,False,False,1,alobs_fcf4c7637b27b373d65f,Sweet Grown Alabama — Farm members,https://www.sweetgrownalabama.org/find-sweet-grown,B,2026-07-15,promotion_eligible_reviewed,,Fields are selected by evidence grade; all underlying observations remain separately auditable.
AL-818E115AF1,"EPIC Family Farms, LLC",epic family farms,farm,unique_source_name_reviewed,AL,Elmore,Tallassee,36078,830 New Quarters Road,public_business_address_reviewed_for_future_reduced_precision,32.5161879,-85.94111860000001,Blueberries; Cantaloupe; Container Plants/Greenhouse & Nursery Products/Shrubs/Etc.; Peppers; Okra; Squash; Tomatoes; Watermelon,Farm,(334) 332-3624,epic.farms1015@gmail.com,internal_until_public_use_review,,https://www.facebook.com/EPIC-Family-Farms-LLC-2409904735747000/,https://www.instagram.com/e.p.i.c_family_farm/,,False,True,False,False,False,True,False,1,alobs_5a97ed1c533d343094ee,Sweet Grown Alabama — Farm members,https://www.sweetgrownalabama.org/find-sweet-grown,B,2026-07-15,promotion_eligible_reviewed,,Fields are selected by evidence grade; all underlying observations remain separately auditable.
AL-EAE585FFDE,J&J Blueberry Farm,j and j blueberry farm,farm,unique_source_name_reviewed,AL,Elmore,Wetumpka,36093,394 Windy Ridge Rd,public_business_address_reviewed_for_future_reduced_precision,,,"blueberries,",U-pick; agritourism,334-306-0948,lkbailey0688@aol.com,internal_until_public_use_review,https://www.jjberryfarm.com,https://www.facebook.com/weloveberries,,,True,False,False,False,True,False,False,1,alobs_026ec1946865cd1a84c3,PickYourOwn — Southeast Alabama,https://www.pickyourown.org/ALmontg.htm,D,2026-07-15,promotion_eligible_reviewed,,Fields are selected by evidence grade; all underlying observations remain separately auditable.
AL-6D3A1FCF65,K and C Homestead,k and c homestead,farm,unique_source_name_reviewed,AL,Elmore,Millbrook,36054,3911 Myers Street,public_business_address_reviewed_for_future_reduced_precision,32.5055441,-86.3689491,Apples; Eggs; Strawberries; Baked Goods; Blackberries; Blueberries; Honey; Peaches; Jams/Jellies,Farm,(334) 275-5635,kandchomestead@gmail.com,internal_until_public_use_review,,https://www.facebook.com/profile.php?id=61558145293786,https://www.instagram.com/k_c_homestead?fbclid=IwY2xjawLaHFJleHRuA2FlbQIxMABicmlkETExNHJJaHpGV0F1ejFHbVJPAR7f0KyJSyUjyPVVUpmQhkS1u0g6-zCP-nej7FnM_mNXQIOZ0Lf2MziCLenwVg_aem_I82pfhrvnmrTJPaUZsBx0A,https://tiktok.com/@kchomesteadbama?fbclid=IwY2xjawLaHGBleHRuA2FlbQIxMABicmlkETExNHJJaHpGV0F1ejFHbVJPAR69Xkf3XgVYEgVk73J0GBD6g4aIva-4IQ2B0KPsbIylamdCzzOHbkF5ovOa8Q_aem_9JFIGF_oCflfmYF0HhO_ww,True,False,False,True,False,False,False,1,alobs_19206c07795ccf887223,Sweet Grown Alabama — Farm members,https://www.sweetgrownalabama.org/find-sweet-grown,B,2026-07-15,promotion_eligible_reviewed,,Fields are selected by evidence grade; all underlying observations remain separately auditable.
AL-D4BECD5346,Lazy J Farms,lazy j farms,farm,unique_source_name_reviewed,AL,Elmore,Tallassee,,,public_business_address_reviewed_for_future_reduced_precision,,,Beef; direct-to-consumer meat,Cattle farm; direct-sale beef,334-322-5089,,internal_until_public_use_review,,,,,True,False,False,False,False,False,False,1,alobs_4d41a67065ae2428ac64,Alabama Cattlemen’s Association — Bama Beef Sales Directory,https://www.bamabeef.org/p/about/bama-beef-sales-directory,D,2026-07-15,promotion_eligible_reviewed,,Fields are selected by evidence grade; all underlying observations remain separately auditable.
AL-2E1B0D5E0F,Matthews Beef,matthews beef,farm,unique_source_name_reviewed,AL,Elmore,Titus,36080,16401 US Highway 231,public_business_address_reviewed_for_future_reduced_precision,32.6586062,-86.25301259999999,Beef,Farm,(334) 850-4255,cmxdonna@gmail.com,internal_until_public_use_review,,,,,True,False,False,False,False,False,False,1,alobs_6439d53a0865bec83a52,Sweet Grown Alabama — Farm members,https://www.sweetgrownalabama.org/find-sweet-grown,B,2026-07-15,promotion_eligible_reviewed,,Fields are selected by evidence grade; all underlying observations remain separately auditable.
AL-6ACCFF9E30,Mehearg Farms,mehearg farms,farm,unique_source_name_reviewed,AL,Elmore,Wetumpka,36092,357 Bouldin Dam Road,public_business_address_reviewed_for_future_reduced_precision,32.5842188,-86.2998152,Cantaloupe; Greens; Okra; Peas; Squash; Sweet Corn; Watermelon,Farm,(334) 399-6448,Meheargk@yahoo.com,internal_until_public_use_review,,https://www.facebook.com/producemeheargfarm/,,,True,False,False,False,False,True,False,1,alobs_b98b978bce806ddfa085,Sweet Grown Alabama — Farm members,https://www.sweetgrownalabama.org/find-sweet-grown,B,2026-07-15,promotion_eligible_reviewed,,Fields are selected by evidence grade; all underlying observations remain separately auditable.
AL-BA1EAD9413,Miller Beef LLC,miller beef,farm,unique_source_name_reviewed,AL,Elmore,Deatsville,36022,361 Foreman Road,public_business_address_reviewed_for_future_reduced_precision,32.6402661,-86.37809469999999,Beef,Farm,(334) 657-2311,russmiller170@gmail.com,internal_until_public_use_review,https://millerbeefandcattle.com,https://www.facebook.com/profile.php?id=100049350050710,,,True,False,False,False,False,False,False,1,alobs_7f38c33b71e0f20d7f87,Sweet Grown Alabama — Farm members,https://www.sweetgrownalabama.org/find-sweet-grown,B,2026-07-15,promotion_eligible_reviewed,,Fields are selected by evidence grade; all underlying observations remain separately auditable.
AL-759FE5105C,Mimi’sGolden Yokes,mimisgolden yokes,farm,unique_source_name_reviewed,AL,Elmore,Wetumpka,36092,898 Wilson Road,public_business_address_reviewed_for_future_reduced_precision,32.6128035,-86.29351869999999,Eggs,Farm,(770) 317-6927,marycpeck@bellsouth.net,internal_until_public_use_review,,,,,True,False,False,True,False,False,False,1,alobs_5beab07917a9c86da20f,Sweet Grown Alabama — Farm members,https://www.sweetgrownalabama.org/find-sweet-grown,B,2026-07-15,promotion_eligible_reviewed,,Fields are selected by evidence grade; all underlying observations remain separately auditable.
AL-5E34B1B17F,Mount Zion Acres,mount zion acres,farm,unique_source_name_reviewed,AL,Elmore,Eclectic,36024,695 Mount Zion Road,public_business_address_reviewed_for_future_reduced_precision,32.5673261,-86.0455539,Goat Meat; Chicken,Farm,(334) 235-0133,mountzionacres@gmail.com,internal_until_public_use_review,,,,,True,False,False,False,False,False,False,1,alobs_76d748ef5995b8918e9a,Sweet Grown Alabama — Farm members,https://www.sweetgrownalabama.org/find-sweet-grown,B,2026-07-15,promotion_eligible_reviewed,,Fields are selected by evidence grade; all underlying observations remain separately auditable.
AL-A3BE54BDCB,Muscadine Creek Creamery L.L.C,muscadine creek creamery l l c,farm,unique_source_name_reviewed,AL,Elmore,Titus,36080,248 Montana Drive,public_business_address_reviewed_for_future_reduced_precision,32.6598569,-86.2739218,Beeswax Products; Candles- Beeswax; Eggs; Goats Milk Soap and Lotions; Skincare Products,Farm,(334) 430-3423,muscadinecreekcreamery@gmail.com,internal_until_public_use_review,https://muscadinegoatsoap.com,https://www.facebook.com/muscadinecreekcreamerynubiansandsoaps,https://www.instagram.com/muscadinecreek_creamery,,False,False,True,False,False,True,False,1,alobs_2e63e10c0b13ce484d1c,Sweet Grown Alabama — Farm members,https://www.sweetgrownalabama.org/find-sweet-grown,B,2026-07-15,promotion_eligible_reviewed,,Fields are selected by evidence grade; all underlying observations remain separately auditable.
AL-D75C5307F5,OAKVIEW FARMS,oakview farms,farm,merged_exact_name_reviewed,AL,Elmore,Wetumpka,36093,1388 Price Rd,public_business_address_reviewed_for_future_reduced_precision,,,"U-pick crops; agritourism; strawberries, blueberries, Honey from hives on the farm, Fresh eggs, gift shop, events at your location (call for info)",Agritourism; U-pick; agritourism,334-300-2737,oakview164@aol.com,internal_until_public_use_review,https://WWW.OAKVIEWFARMS.COM,https://www.facebook.com/Oakview-Farms-903413346341731,,,True,False,False,False,True,False,False,2,alobs_5838a029292ad8e9a797 | alobs_c9af7e888efaee4c11f2,Alabama Farmers Market Authority — u-pick map | PickYourOwn — Southeast Alabama,https://agi.alabama.gov/farmersmarket/locations/u-pick-location-map/ | https://www.pickyourown.org/ALmontg.htm,B; D,2026-07-15,promotion_eligible_reviewed,,Fields are selected by evidence grade; all underlying observations remain separately auditable.
AL-B9D0A699E3,Palmer Farm,palmer farm,farm,unique_source_name_reviewed,AL,Elmore,Wetumpka,36092,9623 Georgia Road,public_business_address_reviewed_for_future_reduced_precision,32.63459220000001,-86.079282,Jams/Jellies; Honey,Farm,(334) 220-5289,palmerfarm@elmore.rr.com,internal_until_public_use_review,,https://www.facebook.com/Palmer-Farm-119618729828407/,,,False,False,False,False,False,False,False,1,alobs_430cffaf1213d495ed2e,Sweet Grown Alabama — Farm members,https://www.sweetgrownalabama.org/find-sweet-grown,B,2026-07-15,promotion_eligible_reviewed,,Fields are selected by evidence grade; all underlying observations remain separately auditable.
AL-785432C21C,Porters Place,porters place,farm,unique_source_name_reviewed,AL,Elmore,Wetumpka,36092,3865 Central Plank Road,public_business_address_reviewed_for_future_reduced_precision,,,"Blueberries, figs, Grapes, Pears, Persimmons, Muscadines",U-pick; agritourism,334-514-9642,,internal_until_public_use_review,,,,,True,False,False,False,True,False,False,1,alobs_8b66a46ac21c29dcad15,PickYourOwn — Southeast Alabama,https://www.pickyourown.org/ALmontg.htm,D,2026-07-15,promotion_eligible_reviewed,,Fields are selected by evidence grade; all underlying observations remain separately auditable.
AL-F9CFB50BC1,"Redtide Farms & Apiary, LLC",redtide farms and apiary,farm,merged_exact_name_reviewed,AL,Elmore,Wetumpka,36092,197 Monicas Way,public_business_address_reviewed_for_future_reduced_precision,32.5971743,-86.22420029999999,"Bees; apiary products; Candy/Confections; Grits, cornmeal, flour; Honey; Oats; Pork; Baked Goods; Sweet Corn; Tomatoes; Dry Rubs/Spices; Greens; Jams/Jellies; Container Plants/Greenhouse & Nursery Products/Shrubs/Etc.; Container Plants; Eggs; Herbs; Microgreens; Sauces/Condiments",Apiary / bee seller; Farm,(334) 580-7940,redtidefarms@gmail.com,internal_until_public_use_review,https://www.redtidefarms.com,https://www.facebook.com/profile.php?id=61582363895371,,,True,True,True,True,False,True,False,2,alobs_68852680ef7ef7460853 | alobs_92e13e632850f3d4919a,Alabama Plant Protection — Beekeepers Selling Bees | Sweet Grown Alabama — Farm members,https://agi.alabama.gov/plantprotection/beeks-selling-bees/ | https://www.sweetgrownalabama.org/find-sweet-grown,B,2026-07-15,promotion_eligible_reviewed,,Fields are selected by evidence grade; all underlying observations remain separately auditable.
AL-07FD724FA6,The Slaystead,the slaystead,farm,unique_source_name_reviewed,AL,Elmore,Tallassee,36078,2269 Rock Springs Drive,public_business_address_reviewed_for_future_reduced_precision,32.4933887,-86.0036641,"Acidified Foods* (Pickles, Salsas, Relishes); Blueberries; Eggs; Hay; Tomatoes; Jams/Jellies; Fresh Cut Flowers; Okra; Pecans; Herbs; Peppers; Squash",Farm,(334) 558-6899,theslaystead@gmail.com,internal_until_public_use_review,,https://www.facebook.com/profile.php?id=61565801670076,https://www.instagram.com/slaystead_farms/,,True,True,False,False,False,False,False,1,alobs_6aff985ecd9362963345,Sweet Grown Alabama — Farm members,https://www.sweetgrownalabama.org/find-sweet-grown,B,2026-07-15,promotion_eligible_reviewed,,Fields are selected by evidence grade; all underlying observations remain separately auditable.
AL-80DDED7995,Unnamed bee seller — Allyson Andrews,unnamed bee seller allyson andrews,farm,unique_source_name_reviewed,AL,Elmore,Elmore County service area,,,public_business_address_reviewed_for_future_reduced_precision,,,Bees; apiary products,Apiary / bee seller,334-799-2254,,internal_until_public_use_review,,,,,False,False,False,False,False,False,False,1,alobs_a578ab6b28d19e30a007,Alabama Plant Protection — Beekeepers Selling Bees,https://agi.alabama.gov/plantprotection/beeks-selling-bees/,B,2026-07-15,promotion_eligible_reviewed,,Fields are selected by evidence grade; all underlying observations remain separately auditable.
AL-D76F63507B,Windy Hill Farm,windy hill farm,farm,unique_source_name_reviewed,AL,Elmore,Eclectic,36024,1173 Middle Road,public_business_address_reviewed_for_future_reduced_precision,32.680048,-86.0732869,Beef; Eggs,Farm,(256) 677-1209,windyhillfarm2023@gmail.com,internal_until_public_use_review,https://www.windyhillfarmal.com,https://www.facebook.com/profile.php?id=61555406630268,https://www.instagram.com/windyhillfarm_al/,,True,False,True,True,False,False,False,1,alobs_3dbcd44c236a9b4d23a9,Sweet Grown Alabama — Farm members,https://www.sweetgrownalabama.org/find-sweet-grown,B,2026-07-15,promotion_eligible_reviewed,,Fields are selected by evidence grade; all underlying observations remain separately auditable.
AL-F42A719DCA,Witherspoon Fruit Farm,witherspoon fruit farm,farm,unique_source_name_reviewed,AL,Elmore,Deatsville,36022,7148 Coosa River Road,public_business_address_reviewed_for_future_reduced_precision,,,"Peaches, blackberries and okra",U-pick; agritourism,334-569-3598,,internal_until_public_use_review,,,,,True,False,False,False,True,False,False,1,alobs_148f7afa491bc973ef3e,PickYourOwn — Southeast Alabama,https://www.pickyourown.org/ALmontg.htm,D,2026-07-15,promotion_eligible_reviewed,,Fields are selected by evidence grade; all underlying observations remain separately auditable.
AL-71D05634A1,DOGWOOD HILLS FARM MARKET,dogwood hills farm market,farm,unique_source_name_reviewed,AL,Escambia,Brewton,36426,11 Old Castleberry Rd,public_business_address_reviewed_for_future_reduced_precision,,,Farm products; direct-to-consumer sales,Farm stand; direct-to-consumer,251-363-2460,gsfmerchanllc@icloud.com,internal_until_public_use_review,,,,,True,False,False,False,False,False,False,1,alobs_0981a858951ddf740a37,Alabama Farmers Market Authority — farm-stand map,https://agi.alabama.gov/farmersmarket/locations/farmers-stand-location-map/,B,2026-07-15,promotion_eligible_reviewed,,Fields are selected by evidence grade; all underlying observations remain separately auditable.
AL-2AC0B5BF18,GregFleming–DogwoodHills FarmMarket,gregfleming dogwoodhills farmmarket,farm,unique_source_name_reviewed,AL,Escambia,Escambia County service area,,,public_business_address_reviewed_for_future_reduced_precision,,,Farm products; direct-to-consumer sales,Farm stand,,,internal_until_public_use_review,,,,,True,False,False,False,False,False,False,1,alobs_e38c20080cf12b1c01bc,Alabama FMA — 2026 statewide farm-stand roster,https://agi.alabama.gov/farmersmarket/wp-content/uploads/sites/9/2023/02/2026-statewide-redemption-sites.pdf,B,2026-07-15,promotion_eligible_reviewed,,Fields are selected by evidence grade; all underlying observations remain separately auditable.
AL-DE46532A8B,James Turk– Turk’sProduce,james turk turksproduce,farm,unique_source_name_reviewed,AL,Escambia,Escambia County service area,,,public_business_address_reviewed_for_future_reduced_precision,,,Farm products; direct-to-consumer sales,Farm stand,,,internal_until_public_use_review,,,,,True,False,False,False,False,False,False,1,alobs_a8657048222d6b0594bf,Alabama FMA — 2026 statewide farm-stand roster,https://agi.alabama.gov/farmersmarket/wp-content/uploads/sites/9/2023/02/2026-statewide-redemption-sites.pdf,B,2026-07-15,promotion_eligible_reviewed,,Fields are selected by evidence grade; all underlying observations remain separately auditable.
AL-CE59820926,Junavelli Winery LLC,junavelli winery,farm,unique_source_name_reviewed,AL,Escambia,Brewton,36426,357 Gumtree Lane,public_business_address_reviewed_for_future_reduced_precision,31.1707781,-87.0520239,Wineries; Wine; Jams/Jellies,Online Sales; Farm; Agritourism; Agriculture Service/Organization,(251) 809-3396,junavelliwinery@gmail.com,internal_until_public_use_review,http://junavelliwinery.com/,https://www.facebook.com/JunavelliWinery,https://www.instagram.com/junavelliwines/,,False,False,False,False,False,False,False,1,alobs_7f5929d3afda54867b87,Sweet Grown Alabama — Farm members,https://www.sweetgrownalabama.org/find-sweet-grown,B,2026-07-15,promotion_eligible_reviewed,,Fields are selected by evidence grade; all underlying observations remain separately auditable.
AL-A4F35F183D,Knapdale Farms,knapdale farms,farm,unique_source_name_reviewed,AL,Escambia,Brewton,36426,474 Long Boulevard,public_business_address_reviewed_for_future_reduced_precision,31.1653752,-87.0690479,Blueberries; U-Pick Fruit,Farm,(251) 363-1005,tmcmillan@longleafenergy.com,internal_until_public_use_review,,,,,True,False,False,False,True,False,False,1,alobs_aa2eda9d4a4aa95b6387,Sweet Grown Alabama — Farm members,https://www.sweetgrownalabama.org/find-sweet-grown,B,2026-07-15,promotion_eligible_reviewed,,Fields are selected by evidence grade; all underlying observations remain separately auditable.
AL-40CEC31A09,Narrow Gap Farm,narrow gap farm,farm,merged_exact_name_reviewed,AL,Escambia,Brewton,36426,1199 Beasley Road,public_business_address_reviewed_for_future_reduced_precision,,,Beef; direct-to-consumer meat; Pastured livestock and/or farm products; see source profile,Cattle farm; direct-sale beef; Pastured-product farm; direct sales,(251) 236-0683,narrowgapfarm@yahoo.com,internal_until_public_use_review,,https://www.facebook.com/p/Narrow-Gap-Farm-100064842302489,,,True,False,False,False,False,False,False,2,alobs_9631f0697fadd80c0db3 | alobs_06f7a1c111f40bf65717,Alabama Cattlemen’s Association — Bama Beef Sales Directory | EatWild Alabama directory,https://www.bamabeef.org/p/about/bama-beef-sales-directory | https://www.eatwild.com/products/alabama.html,D,2026-07-15,promotion_eligible_reviewed,,Fields are selected by evidence grade; all underlying observations remain separately auditable.
AL-182D435A43,Perdido River Meats,perdido river meats,farm,unique_source_name_reviewed,AL,Escambia,Atmore,36502,490 Atmosphere Rd,public_business_address_reviewed_for_future_reduced_precision,31.0884905,-87.5350346,Beef,Farm; Animal Processing Facility,(251) 446-5080,PRMinfo@pci-nsn.gov,internal_until_public_use_review,https://www.perdidorivermeats.com,https://www.facebook.com/PerdidoRiverMeats/,,,True,False,False,False,False,False,False,1,alobs_64e2b1a6d80101099fb2,Sweet Grown Alabama — Farm members,https://www.sweetgrownalabama.org/find-sweet-grown,B,2026-07-15,promotion_eligible_reviewed,,Fields are selected by evidence grade; all underlying observations remain separately auditable.
AL-7F198A1B14,Turk's Produce,turks produce,farm,merged_exact_name_reviewed,AL,Escambia,Atmore,36502,2355 Jack Springs Road,public_business_address_reviewed_for_future_reduced_precision,,,Farm products; direct-to-consumer sales; PYO vegetables,Farm stand; direct-to-consumer; U-pick; agritourism,251-294-0056,jcturk@frontiernet.net,internal_until_public_use_review,,https://www.facebook.com/p/Turks-Produce-100057627002374/,,,True,False,False,False,True,False,False,2,alobs_fb9f45e8e4b11ebb4c45 | alobs_351e607f012b0442c8cf,Alabama Farmers Market Authority — farm-stand map | PickYourOwn — Southwest Alabama,https://agi.alabama.gov/farmersmarket/locations/farmers-stand-location-map/ | https://www.pickyourown.org/ALmobile.htm,B; D,2026-07-15,promotion_eligible_reviewed,,Fields are selected by evidence grade; all underlying observations remain separately auditable.
AL-5F44C8CA29,8 Little Lambs Soapbox,8 little lambs soapbox,farm,unique_source_name_reviewed,AL,Etowah,Southside,35907,,public_business_address_reviewed_for_future_reduced_precision,33.9245425,-86.02247179999999,Goats Milk Soap and Lotions,Farm,(256) 438-4245,8LittleLambsSoapboxLLC@gmail.com,internal_until_public_use_review,https://8LittleLambsSoapbox.com,https://www.facebook.com/profile.php?id=100087021001131,https://www.instagram.com/8_little_lambs_soapbox_llc/,,True,False,True,False,False,False,False,1,alobs_1851e272f8edcceb048e,Sweet Grown Alabama — Farm members,https://www.sweetgrownalabama.org/find-sweet-grown,B,2026-07-15,promotion_eligible_reviewed,,Fields are selected by evidence grade; all underlying observations remain separately auditable.
AL-15398C71E3,Black Creek Milling,black creek milling,farm,restored_from_absence_based_exclusion,AL,Etowah,Collinsville,35961,465 Blackwell Road,public_business_address_reviewed_for_future_reduced_precision,34.175042,-85.89639199999999,Corn; quail; animal feed; soybeans; peanuts,Farm; Agriculture Service/Organization,(256) 504-9841,blackcreekmilling@gmail.com,internal_until_public_use_review,https://blackcreekmilling.com,,,,False,False,False,False,False,False,False,1,alobs_c84530c08fcc43c956d6,Sweet Grown Alabama — Farm members,https://www.sweetgrownalabama.org/find-sweet-grown,B,2026-07-15,promotion_eligible_reviewed,,Retained under national policy: missing or conflicting data creates research work and never deletion.
AL-2917348339,Country Dreams,country dreams,farm,unique_source_name_reviewed,AL,Etowah,Etowah County service area,,,public_business_address_reviewed_for_future_reduced_precision,,,Farm products; direct-to-consumer sales,Farm stand,,,internal_until_public_use_review,,,,,True,False,False,False,False,False,False,1,alobs_853ef8546ced5aeb2bf4,Alabama FMA — 2026 statewide farm-stand roster,https://agi.alabama.gov/farmersmarket/wp-content/uploads/sites/9/2023/02/2026-statewide-redemption-sites.pdf,B,2026-07-15,promotion_eligible_reviewed,,Fields are selected by evidence grade; all underlying observations remain separately auditable.
AL-8920496D89,COUNTRY DREAMS FARM LLC,country dreams farm,farm,unique_source_name_reviewed,AL,Etowah,Attalla,35954,180 Mcclendon Rd,public_business_address_reviewed_for_future_reduced_precision,,,Farm products; direct-to-consumer sales,Farm stand; direct-to-consumer,256-504-6542,countrydreamsfarmllc@gmail.com,internal_until_public_use_review,,,,,True,False,False,False,False,False,False,1,alobs_68f74aad5075a5a2d724,Alabama Farmers Market Authority — farm-stand map,https://agi.alabama.gov/farmersmarket/locations/farmers-stand-location-map/,B,2026-07-15,promotion_eligible_reviewed,,Fields are selected by evidence grade; all underlying observations remain separately auditable.
AL-615CD79D01,"Dayspring Dairy, LLC",dayspring dairy,farm,unique_source_name_reviewed,AL,Etowah,Gallant,35972,212 Dogwood Drive,public_business_address_reviewed_for_future_reduced_precision,33.9834853,-86.2606763,Baked Goods; Candy/Confections; Cheese; Jams/Jellies,Farm,(205) 677-5800,info@dayspringdairy.com,internal_until_public_use_review,https://www.dayspringdairy.com,https://www.facebook.com/dayspringdairy,https://www.instagram.com/dayspringdairy/,,True,True,True,False,False,True,False,1,alobs_9ba7c49fbb42476b281d,Sweet Grown Alabama — Farm members,https://www.sweetgrownalabama.org/find-sweet-grown,B,2026-07-15,promotion_eligible_reviewed,,Fields are selected by evidence grade; all underlying observations remain separately auditable.
AL-85817CDB19,Heaven Sent Honey Bees,heaven sent honey bees,farm,unique_source_name_reviewed,AL,Etowah,Etowah County service area,,,public_business_address_reviewed_for_future_reduced_precision,,,Bees; apiary products,Apiary / bee seller,256-738-5990,,internal_until_public_use_review,,,,,False,False,False,False,False,False,False,1,alobs_1e361e850e58c6f441f5,Alabama Plant Protection — Beekeepers Selling Bees,https://agi.alabama.gov/plantprotection/beeks-selling-bees/,B,2026-07-15,promotion_eligible_reviewed,,Fields are selected by evidence grade; all underlying observations remain separately auditable.
AL-9C766BE4B0,My Dad & Me Family Farm,my dad and me family farm,farm,unique_source_name_reviewed,AL,Etowah,Piedmont,36272,463 Pike Road,public_business_address_reviewed_for_future_reduced_precision,,,Pastured livestock and/or farm products; see source profile,Pastured-product farm; direct sales,(256) 492-7066,,internal_until_public_use_review,http://www.mydadandmefamilyfarm.com/,,,,True,False,False,False,False,False,False,1,alobs_539e145778c374e63594,EatWild Alabama directory,https://www.eatwild.com/products/alabama.html,D,2026-07-15,promotion_eligible_reviewed,,Fields are selected by evidence grade; all underlying observations remain separately auditable.
AL-985F34EA8B,Nubbiebee's Honey,nubbiebees honey,farm,unique_source_name_reviewed,AL,Etowah,Gadsden,35904,3095 Fairview Road,public_business_address_reviewed_for_future_reduced_precision,34.0674646,-86.01241259999999,Honey,Farm,(256) 278-5557,nubbiebeeshoney@yahoo.com,internal_until_public_use_review,http://nubbiebeeshoney.square.site/,https://www.facebook.com/profile.php?id=61565201220572,,,False,False,False,True,False,True,False,1,alobs_3982d607cfa46a0e1fee,Sweet Grown Alabama — Farm members,https://www.sweetgrownalabama.org/find-sweet-grown,B,2026-07-15,promotion_eligible_reviewed,,Fields are selected by evidence grade; all underlying observations remain separately auditable.
AL-F2D3B98B1B,Pacsirta Farms,pacsirta farms,farm,merged_exact_name_reviewed,AL,Etowah,Gadsden,35904,3795 Fairview Road,public_business_address_reviewed_for_future_reduced_precision,34.0761613,-86.00599419999999,Bees; apiary products; Honey; Beeswax Products; Candles- Beeswax,Apiary / bee seller; Farm,256-504-5631,Beekeeper@LookoutMountainHoneyBees.com,internal_until_public_use_review,https://www.PacsirtaFarms.com,https://www.facebook.com/LookoutMountainHoneyBees,,,True,True,False,False,False,True,False,2,alobs_340baf735f952b2812f6 | alobs_b732e5898800c2a37676,Alabama Plant Protection — Beekeepers Selling Bees | Sweet Grown Alabama — Farm members,https://agi.alabama.gov/plantprotection/beeks-selling-bees/ | https://www.sweetgrownalabama.org/find-sweet-grown,B,2026-07-15,promotion_eligible_reviewed,,Fields are selected by evidence grade; all underlying observations remain separately auditable.
AL-B656C8B780,The Farm at Ivalee,the farm at ivalee,farm,unique_source_name_reviewed,AL,Etowah,Attalla,35954,319 Double A Circle,public_business_address_reviewed_for_future_reduced_precision,34.0431945,-86.13553410000002,Baked Goods; Cucumbers; Herbs; Jams/Jellies; Tomatoes; Beans; Eggs; Fresh Cut Flowers; Okra; Peas; Squash,Farm,(256) 328-5328,kwatts2287@yahoo.com,internal_until_public_use_review,,https://www.facebook.com/profile.php?id=61577298652958,,,True,True,False,False,False,False,False,1,alobs_afc94ba81f19d0aa4ae5,Sweet Grown Alabama — Farm members,https://www.sweetgrownalabama.org/find-sweet-grown,B,2026-07-15,promotion_eligible_reviewed,,Fields are selected by evidence grade; all underlying observations remain separately auditable.
AL-105D7D3826,UMPHREY'S FARM,umphreys farm,farm,merged_exact_name_reviewed,AL,Etowah,Boaz,35956,2481 Bud Umphrey Rd,public_business_address_reviewed_for_future_reduced_precision,,,Farm products; direct-to-consumer sales,Farm stand; direct-to-consumer,256-506-2274,brenda.umphrey@gmail.com,internal_until_public_use_review,,,,,True,False,False,False,False,False,False,2,alobs_bc633f57fab17df42907 | alobs_d1024c8ee9eb41ff1e29,Alabama FMA — 2026 statewide farm-stand roster | Alabama Farmers Market Authority — farm-stand map,https://agi.alabama.gov/farmersmarket/wp-content/uploads/sites/9/2023/02/2026-statewide-redemption-sites.pdf | https://agi.alabama.gov/farmersmarket/locations/farmers-stand-location-map/,B,2026-07-15,promotion_eligible_reviewed,,Fields are selected by evidence grade; all underlying observations remain separately auditable.
AL-667CF56B68,"Wide Open Spaces, LLC",wide open spaces,farm,merged_exact_name_reviewed,AL,Etowah,Hokes Bluff,35903,6949 Turner Mountain Road,public_business_address_reviewed_for_future_reduced_precision,33.982991,-85.84539099999999,Pastured livestock and/or farm products; see source profile; Beef,Pastured-product farm; direct sales; Farm,256-504-2270,wideopenspacesbeef@gmail.com,internal_until_public_use_review,https://www.wideopenspacesllc.com,https://www.facebook.com/wideopenspacesllc,https://www.instagram.com/wide_openspacesllc,,True,False,False,False,False,False,False,2,alobs_72a60192cfd0d2591b65 | alobs_60ebc3aa9069c5f4ab04,EatWild Alabama directory | Sweet Grown Alabama — Farm members,https://www.eatwild.com/products/alabama.html | https://www.sweetgrownalabama.org/find-sweet-grown,B; D,2026-07-15,promotion_eligible_reviewed,,Fields are selected by evidence grade; all underlying observations remain separately auditable.
AL-4989D3DC8D,Wills Creek Vineyards,wills creek vineyards,farm,unique_source_name_reviewed,AL,Etowah,Attalla,35954,10522 Duck Springs Road,public_business_address_reviewed_for_future_reduced_precision,,,- muscadines,U-pick; agritourism,256-538-5452,,internal_until_public_use_review,http://www.willscreekwinery.com/,,,,True,False,False,False,True,False,False,1,alobs_7cd0e2a7cdf8feb8c13e,PickYourOwn — Central Alabama,https://www.pickyourown.org/ALbham.htm,D,2026-07-15,promotion_eligible_reviewed,,Fields are selected by evidence grade; all underlying observations remain separately auditable.
AL-44AD7D48FD,Charlie Dale Jones,charlie dale jones,farm,unique_source_name_reviewed,AL,Fayette,Fayette,,,public_business_address_reviewed_for_future_reduced_precision,,,Beef; direct-to-consumer meat,Cattle farm; direct-sale beef,205-932-3416,,internal_until_public_use_review,,,,,True,False,False,False,False,False,False,1,alobs_e725ed4c8eb7e3d50b24,Alabama Cattlemen’s Association — Bama Beef Sales Directory,https://www.bamabeef.org/p/about/bama-beef-sales-directory,D,2026-07-15,promotion_eligible_reviewed,,Fields are selected by evidence grade; all underlying observations remain separately auditable.
AL-46ADD82955,Jeff Richards,jeff richards,farm,unique_source_name_reviewed,AL,Fayette,Fayette,,,public_business_address_reviewed_for_future_reduced_precision,,,Beef; direct-to-consumer meat,Cattle farm; direct-sale beef,205-932-7106,,internal_until_public_use_review,,,,,True,False,False,False,False,False,False,1,alobs_bf33dd93d177dde3992b,Alabama Cattlemen’s Association — Bama Beef Sales Directory,https://www.bamabeef.org/p/about/bama-beef-sales-directory,D,2026-07-15,promotion_eligible_reviewed,,Fields are selected by evidence grade; all underlying observations remain separately auditable.
AL-2348E8CC2B,The Westbrook Farm,the westbrook farm,farm,merged_exact_name_reviewed,AL,Fayette,Bankston,35542,5694 County Road 67,public_business_address_reviewed_for_future_reduced_precision,33.7424452,-87.6944357,"strawberries, pumpkins, sunflowers, | Bankston, AL 35542.; Beans; Blueberries; Greens; Fresh Cut Flowers; Hay; Peas; Pumpkins; Peppers; Strawberries; Tomatoes",U-pick; agritourism; Farm; Agritourism,(205) 442-2105,thewestbrookfarmal@gmail.com,internal_until_public_use_review,,https://www.facebook.com/TheWestbrookFarm,https://instagram.com/thewestbrookfarmandproducellc?igshid=NTc4MTIwNjQ2YQ==,,True,False,False,False,True,False,False,2,alobs_336a0b1e3e965dbc8367 | alobs_7f56269ce37e8da9eb56,PickYourOwn — Central Alabama | Sweet Grown Alabama — Farm members,https://www.pickyourown.org/ALbham.htm | https://www.sweetgrownalabama.org/find-sweet-grown,B; D,2026-07-15,promotion_eligible_reviewed,,Fields are selected by evidence grade; all underlying observations remain separately auditable.
AL-1645C933C5,Thomas Fields,thomas fields,farm,unique_source_name_reviewed,AL,Fayette,Berry,,,public_business_address_reviewed_for_future_reduced_precision,,,Beef; direct-to-consumer meat,Cattle farm; direct-sale beef,205-270-0083,,internal_until_public_use_review,,,,,True,False,False,False,False,False,False,1,alobs_9df41c68af3be804113d,Alabama Cattlemen’s Association — Bama Beef Sales Directory,https://www.bamabeef.org/p/about/bama-beef-sales-directory,D,2026-07-15,promotion_eligible_reviewed,,Fields are selected by evidence grade; all underlying observations remain separately auditable.
AL-5947051661,"Vista Farms Cattle Co, LLC",vista farms cattle co,farm,unique_source_name_reviewed,AL,Fayette,Fayette,,,public_business_address_reviewed_for_future_reduced_precision,,,Beef; direct-to-consumer meat,Cattle farm; direct-sale beef,205-904-8384,,internal_until_public_use_review,,,,,True,False,False,False,False,False,False,1,alobs_7bbfb56da91ea8e5daab,Alabama Cattlemen’s Association — Bama Beef Sales Directory,https://www.bamabeef.org/p/about/bama-beef-sales-directory,D,2026-07-15,promotion_eligible_reviewed,,Fields are selected by evidence grade; all underlying observations remain separately auditable.
AL-17204D65B5,Wallace Farms,wallace farms,farm,unique_source_name_reviewed,AL,Fayette,Fayette,,,public_business_address_reviewed_for_future_reduced_precision,,,Beef; direct-to-consumer meat,Cattle farm; direct-sale beef,205-270-9008,,internal_until_public_use_review,,,,,True,False,False,False,False,False,False,1,alobs_a6b079e8d89c763d99ca,Alabama Cattlemen’s Association — Bama Beef Sales Directory,https://www.bamabeef.org/p/about/bama-beef-sales-directory,D,2026-07-15,promotion_eligible_reviewed,,Fields are selected by evidence grade; all underlying observations remain separately auditable.
AL-FFA653F667,CRESCENT MOON ACRES,crescent moon acres,farm,merged_exact_name_reviewed,AL,Franklin,Phil Campbell,35581,681 Cuba Ridge Rd,public_business_address_reviewed_for_future_reduced_precision,,,Farm products; direct-to-consumer sales,Farm stand; direct-to-consumer,862-266-7681,manang89@yahoo.com,internal_until_public_use_review,,,,,True,False,False,False,False,False,False,2,alobs_413d74bb505e577ef4bf | alobs_8ca4ed2ff1f8c9ee924d,Alabama FMA — 2026 statewide farm-stand roster | Alabama Farmers Market Authority — farm-stand map,https://agi.alabama.gov/farmersmarket/wp-content/uploads/sites/9/2023/02/2026-statewide-redemption-sites.pdf | https://agi.alabama.gov/farmersmarket/locations/farmers-stand-location-map/,B,2026-07-15,promotion_eligible_reviewed,,Fields are selected by evidence grade; all underlying observations remain separately auditable.
AL-228C2466E6,Hilltop Orchard,hilltop orchard,farm,unique_source_name_reviewed,AL,Franklin,Russellville,35653,2000 Waterloo Road,public_business_address_reviewed_for_future_reduced_precision,34.5267575,-87.73639039999999,"Acidified Foods* (Pickles, Salsas, Relishes); Blackberries; Muscadine Grapes; Pears; Peppers; Blueberries; Container Plants/Greenhouse & Nursery Products/Shrubs/Etc.; Herbs; Jams/Jellies; Container Plants; Honey; Peaches; Strawberries",Farm,(210) 895-6814,hilltopOrchard.al@gmail.com,internal_until_public_use_review,,,,,True,True,False,True,False,False,False,1,alobs_38775948fafc47fbf004,Sweet Grown Alabama — Farm members,https://www.sweetgrownalabama.org/find-sweet-grown,B,2026-07-15,promotion_eligible_reviewed,,Fields are selected by evidence grade; all underlying observations remain separately auditable.
AL-A17702D075,Murray Farms,murray farms,farm,merged_exact_name_reviewed,AL,Franklin,Russellville,35654,300 County Road 68,public_business_address_reviewed_for_future_reduced_precision,34.5479681,-87.5572905,Farm products; direct-to-consumer sales; Corn (Field); Cotton/Cotton Products; Container Plants/Greenhouse & Nursery Products/Shrubs/Etc.; Green Peanuts; Hay; Wheat; Lettuce; Peanuts; Pumpkins; Beans; Peas; Squash; Cucumbers; Tomatoes; Okra; Peppers; Soybeans; Sweet Corn,Farm stand; direct-to-consumer; Farm,(256) 668-3893,srmurray67@gmail.com,internal_until_public_use_review,,,,,True,True,False,False,False,False,False,2,alobs_546aa076fde9f7f3c6cf | alobs_c8d4e908788161d0ebb2,Alabama Farmers Market Authority — farm-stand map | Sweet Grown Alabama — Farm members,https://agi.alabama.gov/farmersmarket/locations/farmers-stand-location-map/ | https://www.sweetgrownalabama.org/find-sweet-grown,B,2026-07-15,promotion_eligible_reviewed,,Fields are selected by evidence grade; all underlying observations remain separately auditable.
AL-CF904E993D,Oliver Farms,oliver farms,farm,merged_exact_name_reviewed,AL,Franklin,Russellville,35653,1034 Highway 46,public_business_address_reviewed_for_future_reduced_precision,34.5078726,-87.7286431,"strawberries,; U-Pick Fruit; Strawberries",U-pick; agritourism; Farm; Agritourism,(256) 810-8743,oliver.farms@yahoo.com,internal_until_public_use_review,https://www.sweetgrownalabama.org/sga-members/821,https://www.facebook.com/Oliver-Farms-100511415951488,,,True,False,False,False,True,False,False,2,alobs_7aba616bfd0f6f19b669 | alobs_1bb8cff8730250702a08,PickYourOwn — North Alabama | Sweet Grown Alabama — Farm members,https://www.pickyourown.org/ALhuntsv.htm | https://www.sweetgrownalabama.org/find-sweet-grown,B; E,2026-07-15,promotion_eligible_reviewed,,Fields are selected by evidence grade; all underlying observations remain separately auditable.
AL-99216BAE72,Papa Jim's Bees,papa jims bees,farm,unique_source_name_reviewed,AL,Franklin,Franklin County service area,,,public_business_address_reviewed_for_future_reduced_precision,,,Bees; apiary products,Apiary / bee seller,256-460-0870,,internal_until_public_use_review,,,,,False,False,False,False,False,False,False,1,alobs_ea4be92854550f2f935c,Alabama Plant Protection — Beekeepers Selling Bees,https://agi.alabama.gov/plantprotection/beeks-selling-bees/,B,2026-07-15,promotion_eligible_reviewed,,Fields are selected by evidence grade; all underlying observations remain separately auditable.
AL-8CC2B59C07,PEGGY BAKER & NORMAN FENNELL,peggy baker and norman fennell,farm,merged_exact_name_reviewed,AL,Franklin,Hackleburg,35564,1694 Hwy 57,public_business_address_reviewed_for_future_reduced_precision,,,U-pick crops; agritourism; blueberries,Agritourism; U-pick; agritourism,205-570-4170,nhfennell@gmail.com,internal_until_public_use_review,,,,,True,False,False,False,True,False,False,2,alobs_daa28ddb421dfd038bd8 | alobs_58c53b24ccc81434edc9,Alabama Farmers Market Authority — u-pick map | PickYourOwn — North Alabama,https://agi.alabama.gov/farmersmarket/locations/u-pick-location-map/ | https://www.pickyourown.org/ALhuntsv.htm,B; D,2026-07-15,promotion_eligible_reviewed,,Fields are selected by evidence grade; all underlying observations remain separately auditable.
AL-530A29792A,RealBeef.co,realbeef co,farm,unique_source_name_reviewed,AL,Franklin,Russellville,,,public_business_address_reviewed_for_future_reduced_precision,,,Beef; direct-to-consumer meat,Cattle farm; direct-sale beef,(256) 810-3465,,internal_until_public_use_review,,,,,True,False,False,False,False,False,False,1,alobs_719dfac50a433df3ac7a,Alabama Cattlemen’s Association — Bama Beef Sales Directory,https://www.bamabeef.org/p/about/bama-beef-sales-directory,D,2026-07-15,promotion_eligible_reviewed,,Fields are selected by evidence grade; all underlying observations remain separately auditable.
AL-81376727E9,Shannon/Thomas Murray-Murray Farms,shannon thomas murray murray farms,farm,unique_source_name_reviewed,AL,Franklin,Franklin County service area,,,public_business_address_reviewed_for_future_reduced_precision,,,Farm products; direct-to-consumer sales,Farm stand,,,internal_until_public_use_review,,,,,True,False,False,False,False,False,False,1,alobs_e84aa9a237b1f14d1431,Alabama FMA — 2026 statewide farm-stand roster,https://agi.alabama.gov/farmersmarket/wp-content/uploads/sites/9/2023/02/2026-statewide-redemption-sites.pdf,B,2026-07-15,promotion_eligible_reviewed,,Fields are selected by evidence grade; all underlying observations remain separately auditable.
AL-210BD79B36,Aplin Farms,aplin farms,farm,merged_cross_county_identity_reviewed,AL,Geneva,Slocomb,36375,327 West County Road,public_business_address_reviewed_for_future_reduced_precision,31.1637326,-85.54072149999999,Farm products; direct-to-consumer sales; U-pick crops; agritourism; Flowers; U-Pick Fruit; Pumpkins; Beans; Cantaloupe; Cucumbers; Honey; Jams/Jellies; Lettuce; Okra; Peaches; Peas; Peppers; Squash; Strawberries; Sweet Corn; Tomatoes; Watermelon; Pumpkin Patch; Broccoli,Farm stand; direct-to-consumer; Agritourism; U-pick; agritourism; Farm,(334) 726-5104,japlin4863@gmail.com,internal_until_public_use_review,,https://www.facebook.com/AplinFarms/,,,True,True,False,False,True,True,False,5,alobs_858e9003c0429fdb0cd5 | alobs_963d10c4efa2005347cd | alobs_84af0c4c279a210ce7a4 | alobs_eb1d752d80dca8bffeb3 | alobs_7aa0c94fd3f06c019d5a,Alabama Farmers Market Authority — farm-stand map | Alabama Farmers Market Authority — u-pick map | PickYourOwn — Southeast Alabama | Sweet Grown Alabama — Farm members,https://agi.alabama.gov/farmersmarket/locations/farmers-stand-location-map/ | https://agi.alabama.gov/farmersmarket/locations/u-pick-location-map/ | https://www.pickyourown.org/ALmontg.htm | https://www.sweetgrownalabama.org/find-sweet-grown,B; D,2026-07-15,promotion_eligible_reviewed,,Fields are selected by evidence grade; all underlying observations remain separately auditable.
AL-5E81D26A81,Bedsole Produce,bedsole produce,farm,unique_source_name_reviewed,AL,Geneva,Geneva County service area,,,public_business_address_reviewed_for_future_reduced_precision,,,Farm products; direct-to-consumer sales,Farm stand,,,internal_until_public_use_review,,,,,True,False,False,False,False,False,False,1,alobs_2b945416e21e655f41ac,Alabama FMA — 2026 statewide farm-stand roster,https://agi.alabama.gov/farmersmarket/wp-content/uploads/sites/9/2023/02/2026-statewide-redemption-sites.pdf,B,2026-07-15,promotion_eligible_reviewed,,Fields are selected by evidence grade; all underlying observations remain separately auditable.
AL-5EE0432C6C,Brown Tulip Ranch,brown tulip ranch,farm,unique_source_name_reviewed,AL,Geneva,Samson,36477,5517 State Hwy 87 South,public_business_address_reviewed_for_future_reduced_precision,31.0320473,-86.0282321,Beef; Beef Tallow; Pork,Farm,(334) 726-1276,algreen0001@gmail.com,internal_until_public_use_review,https://browntulipranch.com/password,https://www.facebook.com/profile.php?id=61572707366828,https://www.instagram.com/brown_tulip_ranch?fbclid=IwY2xjawKZgWdleHRuA2FlbQIxMABicmlkETFhdE95cnpNQWdLek41dHFsAR7PHthDBM41xBYgkj7xEJmfje6bgRSQVq_ZMVTDoTAdQOPgED2l6CNthO05uw_aem_hkPePnUHhfpr_57gha0fdQ,,True,False,True,False,False,False,False,1,alobs_07d74dcc414015a7e475,Sweet Grown Alabama — Farm members,https://www.sweetgrownalabama.org/find-sweet-grown,B,2026-07-15,promotion_eligible_reviewed,,Fields are selected by evidence grade; all underlying observations remain separately auditable.
AL-65D2E8A769,C & B Farm & Produce,c and b farm and produce,farm,merged_exact_name_reviewed,AL,Geneva,Newton,36352,43 State Highway 123 S Newton,public_business_address_reviewed_for_future_reduced_precision,,,Farm products; direct-to-consumer sales; U-pick crops; agritourism,Farm stand; direct-to-consumer; Agritourism; U-pick,334-726-3277 | 334-726-3278,,internal_until_public_use_review,,,,,True,False,False,False,True,False,False,2,alobs_4404bd16920bae979bcf | alobs_ca3a5051ecd18d6e86d0,Alabama Farmers Market Authority — farm-stand map | Alabama Farmers Market Authority — u-pick map,https://agi.alabama.gov/farmersmarket/locations/farmers-stand-location-map/ | https://agi.alabama.gov/farmersmarket/locations/u-pick-location-map/,B,2026-07-15,promotion_eligible_reviewed,,Fields are selected by evidence grade; all underlying observations remain separately auditable.
AL-43F33298BA,C&B Edmondson Farm,c and b edmondson farm,farm,unique_source_name_reviewed,AL,Geneva,Geneva County service area,,,public_business_address_reviewed_for_future_reduced_precision,,,Farm products; direct-to-consumer sales,Farm stand,,,internal_until_public_use_review,,,,,True,False,False,False,False,False,False,1,alobs_3afe7fa7dcb64a105e64,Alabama FMA — 2026 statewide farm-stand roster,https://agi.alabama.gov/farmersmarket/wp-content/uploads/sites/9/2023/02/2026-statewide-redemption-sites.pdf,B,2026-07-15,promotion_eligible_reviewed,,Fields are selected by evidence grade; all underlying observations remain separately auditable.
AL-61ACB6F71C,Caraway's Boggy Branch Farms,caraways boggy branch farms,farm,unique_source_name_reviewed,AL,Geneva,Slocomb,36375,3436 New Hinson Road,public_business_address_reviewed_for_future_reduced_precision,31.0075752,-85.51606079999999,Honey,Farm,(334) 886-0256,carawaysboggybranchfarms@gmail.com,internal_until_public_use_review,,https://www.facebook.com/profile.php?id=100086726915968,,,True,False,False,False,False,False,False,1,alobs_f035a29f3a44877fb521,Sweet Grown Alabama — Farm members,https://www.sweetgrownalabama.org/find-sweet-grown,B,2026-07-15,promotion_eligible_reviewed,,Fields are selected by evidence grade; all underlying observations remain separately auditable.
AL-44C7BC07CA,Charles E. Carroll,charles e carroll,farm,unique_source_name_reviewed,AL,Geneva,Dothan,36305,3204 Willow Creek Road,public_business_address_reviewed_for_future_reduced_precision,,,Strawberries,U-pick; agritourism,(334) 792-0761,,internal_until_public_use_review,,,,,True,False,False,False,True,False,False,1,alobs_6fac364725e40a8da9e9,PickYourOwn — Southeast Alabama,https://www.pickyourown.org/ALmontg.htm,D,2026-07-15,promotion_eligible_reviewed,,Fields are selected by evidence grade; all underlying observations remain separately auditable.
AL-ADD431C452,CharlesTurner– Three Queens Farm,charlesturner three queens farm,farm,unique_source_name_reviewed,AL,Geneva,Geneva County service area,,,public_business_address_reviewed_for_future_reduced_precision,,,Farm products; direct-to-consumer sales,Farm stand,,,internal_until_public_use_review,,,,,True,False,False,False,False,False,False,1,alobs_2d149e3ab8e8acb02a2f,Alabama FMA — 2026 statewide farm-stand roster,https://agi.alabama.gov/farmersmarket/wp-content/uploads/sites/9/2023/02/2026-statewide-redemption-sites.pdf,B,2026-07-15,promotion_eligible_reviewed,,Fields are selected by evidence grade; all underlying observations remain separately auditable.
AL-1A5BE05429,Choctaw Bee Company LLC,choctaw bee company,farm,unique_source_name_reviewed,AL,Geneva,Geneva County service area,,,public_business_address_reviewed_for_future_reduced_precision,,,Bees; apiary products,Apiary / bee seller,850-849-0001,,internal_until_public_use_review,,,,,False,False,False,False,False,False,False,1,alobs_ab53fa12bcd46ff65d7b,Alabama Plant Protection — Beekeepers Selling Bees,https://agi.alabama.gov/plantprotection/beeks-selling-bees/,B,2026-07-15,promotion_eligible_reviewed,,Fields are selected by evidence grade; all underlying observations remain separately auditable.
AL-68463234CB,Donald&RhondaHendrix–Hendrix Farm,donald and rhondahendrix hendrix farm,farm,unique_source_name_reviewed,AL,Geneva,Geneva County service area,,,public_business_address_reviewed_for_future_reduced_precision,,,Farm products; direct-to-consumer sales,Farm stand,,,internal_until_public_use_review,,,,,True,False,False,False,False,False,False,1,alobs_2b162f6cc1215f49fb57,Alabama FMA — 2026 statewide farm-stand roster,https://agi.alabama.gov/farmersmarket/wp-content/uploads/sites/9/2023/02/2026-statewide-redemption-sites.pdf,B,2026-07-15,promotion_eligible_reviewed,,Fields are selected by evidence grade; all underlying observations remain separately auditable.
AL-230BF9392B,Four R Farms,four r farms,farm,unique_source_name_reviewed,AL,Geneva,Slocomb,36375,5255 South County Road 85,public_business_address_reviewed_for_future_reduced_precision,,,"blackberries, blueberries, herbs or spices, muscadine grapes, Fresh eggs, U-pick and already picked, snacks and refreshment stand",U-pick; agritourism,334-886-3394,bradley.reeder@gmail.com,internal_until_public_use_review,,https://www.facebook.com/FourRFarms,,,True,False,False,False,True,False,False,1,alobs_866f26de3015754b3ca9,PickYourOwn — Southeast Alabama,https://www.pickyourown.org/ALmontg.htm,D,2026-07-15,promotion_eligible_reviewed,,Fields are selected by evidence grade; all underlying observations remain separately auditable.
AL-205A37F6AA,Hendrix Farm Produce,hendrix farm produce,farm,merged_exact_name_reviewed,AL,Geneva,Slocomb,36375,19011 East State Highway 52,public_business_address_reviewed_for_future_reduced_precision,31.124223,-85.57193699999999,Farm products; direct-to-consumer sales; U-pick crops; agritourism; Cantaloupe; Squash; Cucumbers; Peppers; Jams/Jellies; Zucchini; Okra; Sweet Corn; Cabbage; Tomatoes; Watermelon; Potatoes; Onions; Eggplants; Broccoli,Farm stand; direct-to-consumer; Agritourism; U-pick; Farm,(334) 726-7646,rhondaslocomb@gmail.com,internal_until_public_use_review,,https://www.facebook.com/Hendrixfarmproduce,,,True,False,False,False,True,False,False,3,alobs_ea81b3e549f0370111e8 | alobs_cebe8f7b58ecba35ad6d | alobs_67be6817bc06bacbe29b,Alabama Farmers Market Authority — farm-stand map | Alabama Farmers Market Authority — u-pick map | Sweet Grown Alabama — Farm members,https://agi.alabama.gov/farmersmarket/locations/farmers-stand-location-map/ | https://agi.alabama.gov/farmersmarket/locations/u-pick-location-map/ | https://www.sweetgrownalabama.org/find-sweet-grown,B,2026-07-15,promotion_eligible_reviewed,,Fields are selected by evidence grade; all underlying observations remain separately auditable.
AL-317D7BA84E,John&TommyAplin–Aplin Farm,john and tommyaplin aplin farm,farm,unique_source_name_reviewed,AL,Geneva,Geneva County service area,,,public_business_address_reviewed_for_future_reduced_precision,,,Farm products; direct-to-consumer sales,Farm stand,,,internal_until_public_use_review,,,,,True,False,False,False,False,False,False,1,alobs_d26774c820035e9db095,Alabama FMA — 2026 statewide farm-stand roster,https://agi.alabama.gov/farmersmarket/wp-content/uploads/sites/9/2023/02/2026-statewide-redemption-sites.pdf,B,2026-07-15,promotion_eligible_reviewed,,Fields are selected by evidence grade; all underlying observations remain separately auditable.
AL-C24610763D,Joreski Family,joreski family,farm,unique_source_name_reviewed,AL,Geneva,Geneva County service area,,,public_business_address_reviewed_for_future_reduced_precision,,,Farm products; direct-to-consumer sales,Farm stand,,,internal_until_public_use_review,,,,,True,False,False,False,False,False,False,1,alobs_88a0e39c8793dded9216,Alabama FMA — 2026 statewide farm-stand roster,https://agi.alabama.gov/farmersmarket/wp-content/uploads/sites/9/2023/02/2026-statewide-redemption-sites.pdf,B,2026-07-15,promotion_eligible_reviewed,,Fields are selected by evidence grade; all underlying observations remain separately auditable.
AL-090B6D4E4A,Joreski Family Farm Store,joreski family farm store,farm,unique_source_name_reviewed,AL,Geneva,Samson,36477,8 North Broad St,public_business_address_reviewed_for_future_reduced_precision,,,Farm products; direct-to-consumer sales,Farm stand; direct-to-consumer,334-494-4053,joreskifamilyfarm@gmail.com,internal_until_public_use_review,,https://www.facebook.com/joreskifarm,,,True,False,False,False,False,False,False,1,alobs_fee1bea53db092e02297,Alabama Farmers Market Authority — farm-stand map,https://agi.alabama.gov/farmersmarket/locations/farmers-stand-location-map/,B,2026-07-15,promotion_eligible_reviewed,,Fields are selected by evidence grade; all underlying observations remain separately auditable.
AL-771C50319A,McGriff Family Farm,mcgriff family farm,farm,unique_source_name_reviewed,AL,Geneva,Slocomb,,,public_business_address_reviewed_for_future_reduced_precision,,,Beef; direct-to-consumer meat,Cattle farm; direct-sale beef,334-886-3839,,internal_until_public_use_review,,,,,True,False,False,False,False,False,False,1,alobs_178a8f683aca7289143e,Alabama Cattlemen’s Association — Bama Beef Sales Directory,https://www.bamabeef.org/p/about/bama-beef-sales-directory,D,2026-07-15,promotion_eligible_reviewed,,Fields are selected by evidence grade; all underlying observations remain separately auditable.
AL-FC9B671BB7,MicahShiver– Mills Produce,micahshiver mills produce,farm,unique_source_name_reviewed,AL,Geneva,Geneva County service area,,,public_business_address_reviewed_for_future_reduced_precision,,,Farm products; direct-to-consumer sales,Farm stand,,,internal_until_public_use_review,,,,,True,False,False,False,False,False,False,1,alobs_fae57abeedda58489b37,Alabama FMA — 2026 statewide farm-stand roster,https://agi.alabama.gov/farmersmarket/wp-content/uploads/sites/9/2023/02/2026-statewide-redemption-sites.pdf,B,2026-07-15,promotion_eligible_reviewed,,Fields are selected by evidence grade; all underlying observations remain separately auditable.
AL-B898ACC2BC,MILLS PRODUCE,mills produce,farm,unique_source_name_reviewed,AL,Geneva,Slocomb,36375,1072 E Malvern Hwy,public_business_address_reviewed_for_future_reduced_precision,,,Farm products; direct-to-consumer sales,Farm stand; direct-to-consumer,334-258-9873,natalie.w9101@gmail.com,internal_until_public_use_review,,,,,True,False,False,False,False,False,False,1,alobs_4d89627ddc1ebcad681d,Alabama Farmers Market Authority — farm-stand map,https://agi.alabama.gov/farmersmarket/locations/farmers-stand-location-map/,B,2026-07-15,promotion_eligible_reviewed,,Fields are selected by evidence grade; all underlying observations remain separately auditable.
AL-0C171955C9,Pert Farms,pert farms,farm,unique_source_name_reviewed,AL,Geneva,Slocomb,36375,2050 S. County Road 49,public_business_address_reviewed_for_future_reduced_precision,31.1239996,-85.5079507,"Acidified Foods* (Pickles, Salsas, Relishes); Sweet Corn; Watermelon; Beans; Cucumbers; Greens; Okra; Pecans; Pears; Peppers; Onions; Eggplants; Blueberries; Cantaloupe; Container Plants; Green Peanuts; Peas; Tomatoes; Pumpkins; Roasted/Boiled Peanuts; Squash; Zucchini",Farm,(334) 803-0005,pertfarms@gmail.com,internal_until_public_use_review,,https://www.facebook.com/pertfarms,,,True,True,False,False,False,True,False,1,alobs_004cf400c9e2a60c02d8,Sweet Grown Alabama — Farm members,https://www.sweetgrownalabama.org/find-sweet-grown,B,2026-07-15,promotion_eligible_reviewed,,Fields are selected by evidence grade; all underlying observations remain separately auditable.
AL-2810B23174,Sawyers Produce,sawyers produce,farm,merged_exact_name_reviewed,AL,Geneva,Malvern,36349,220 West Malvern Hwy,public_business_address_reviewed_for_future_reduced_precision,,,Farm products; direct-to-consumer sales,Farm stand; direct-to-consumer,334-701-4317 | 334-793-6690,janicesawyers27@gmail.com,internal_until_public_use_review,,,,,True,False,False,False,False,False,False,2,alobs_f64afb1e2e1d23912db7 | alobs_463b9b624de21d13fa96,Alabama FMA — 2026 statewide farm-stand roster | Alabama Farmers Market Authority — farm-stand map,https://agi.alabama.gov/farmersmarket/wp-content/uploads/sites/9/2023/02/2026-statewide-redemption-sites.pdf | https://agi.alabama.gov/farmersmarket/locations/farmers-stand-location-map/,B,2026-07-15,promotion_eligible_reviewed,,Fields are selected by evidence grade; all underlying observations remain separately auditable.
AL-802C2D4D38,Southern Honey Company,southern honey company,farm,unique_source_name_reviewed,AL,Geneva,Black,36314,1394 Clark Road,public_business_address_reviewed_for_future_reduced_precision,30.9951349,-85.7595462,Honey,Farm,(850) 849-0001,asksouthernhoneycompany@gmail.com,internal_until_public_use_review,https://www.eatmorehoney.com,,https://www.instagram.com/eatmorehoneyshc/,,True,False,True,True,False,True,False,1,alobs_0d799ebb96d9551eeb2e,Sweet Grown Alabama — Farm members,https://www.sweetgrownalabama.org/find-sweet-grown,B,2026-07-15,promotion_eligible_reviewed,,Fields are selected by evidence grade; all underlying observations remain separately auditable.
AL-BD8C67BF4B,White's Farm Produce,whites farm produce,farm,merged_exact_name_reviewed,AL,Geneva,Slocomb,36375,18105 E State Highway 52,public_business_address_reviewed_for_future_reduced_precision,,,Farm products; direct-to-consumer sales,Farm stand; direct-to-consumer,334-998-6911,geridandamywhite@gmail.com,internal_until_public_use_review,,,,,True,False,False,False,False,False,False,2,alobs_5efb4a5fab2507485ad4 | alobs_b106982c797b574f3c18,Alabama FMA — 2026 statewide farm-stand roster | Alabama Farmers Market Authority — farm-stand map,https://agi.alabama.gov/farmersmarket/wp-content/uploads/sites/9/2023/02/2026-statewide-redemption-sites.pdf | https://agi.alabama.gov/farmersmarket/locations/farmers-stand-location-map/,B,2026-07-15,promotion_eligible_reviewed,,Fields are selected by evidence grade; all underlying observations remain separately auditable.
AL-7A1EDFEEE4,Working Cows Dairy,working cows dairy,farm,merged_exact_name_reviewed,AL,Geneva,Slocomb,36375,5539 N State Highway 103,public_business_address_reviewed_for_future_reduced_precision,31.187203,-85.60178289999999,Beef; direct-to-consumer meat; Pastured livestock and/or farm products; see source profile; Butter; Cheese; Pecans; Eggs; Hay; Milk; Yogurt,Cattle farm; direct-sale beef; Pastured-product farm; direct sales; Farm; Online Sales,(334) 886-3839,rinske@workingcowsdairy.com,internal_until_public_use_review,https://www.workingcowsdairy.com,https://www.facebook.com/Working.Cows.Dairy,https://www.instagram.com/workingcowsdairy/?hl=en,,True,False,True,True,False,True,False,3,alobs_dd55f0262450bef19c1c | alobs_cd1fcd0562db021130b2 | alobs_ebe77f23832d02ed9775,Alabama Cattlemen’s Association — Bama Beef Sales Directory | EatWild Alabama directory | Sweet Grown Alabama — Farm members,https://www.bamabeef.org/p/about/bama-beef-sales-directory | https://www.eatwild.com/products/alabama.html | https://www.sweetgrownalabama.org/find-sweet-grown,B; D,2026-07-15,promotion_eligible_reviewed,,Fields are selected by evidence grade; all underlying observations remain separately auditable.
AL-FE958FD7DF,Circle M Ranch LLC,circle m ranch,farm,split_distinct_counties_reviewed,AL,Greene,Eutaw,,,public_business_address_reviewed_for_future_reduced_precision,,,Beef; direct-to-consumer meat,Cattle farm; direct-sale beef,(205) 499-0611,,internal_until_public_use_review,,,,,True,False,False,False,False,False,False,1,alobs_7a0aec4a8ceb6b6d8f6a,Alabama Cattlemen’s Association — Bama Beef Sales Directory,https://www.bamabeef.org/p/about/bama-beef-sales-directory,D,2026-07-15,promotion_eligible_reviewed,,Fields are selected by evidence grade; all underlying observations remain separately auditable.
AL-48CCD62F5C,Gregory Blue Berry Farm,gregory blue berry farm,farm,unique_source_name_reviewed,AL,Greene,Knoxville,35469,202 Gregory Drive,public_business_address_reviewed_for_future_reduced_precision,,,"No pesticides are used blueberries, U-pick and already picked, farm market, restrooms",U-pick; agritourism,205-372-4745,Mcgregor5201@yahoo.com,internal_until_public_use_review,https://gregoryblueberryfarm.blogspot.com/,,,,True,False,False,False,True,False,False,1,alobs_6f76af6f60a9bb3e2749,PickYourOwn — Central Alabama,https://www.pickyourown.org/ALbham.htm,D,2026-07-15,promotion_eligible_reviewed,,Fields are selected by evidence grade; all underlying observations remain separately auditable.
AL-4F0BFBC7F5,JAMES CHILDS FARM,james childs farm,farm,unique_source_name_reviewed,AL,Greene,Boligee,35443,700 County Road 107,public_business_address_reviewed_for_future_reduced_precision,,,Farm products; direct-to-consumer sales,Farm stand; direct-to-consumer,205-372-9579 | 205-372-7277,srchilds1970@gmail.com,internal_until_public_use_review,,,,,True,False,False,False,False,False,False,1,alobs_c5890e0cc5744289c294,Alabama Farmers Market Authority — farm-stand map,https://agi.alabama.gov/farmersmarket/locations/farmers-stand-location-map/,B,2026-07-15,promotion_eligible_reviewed,,Fields are selected by evidence grade; all underlying observations remain separately auditable.
AL-9BD892B5E2,James Childs Sr-James Childs Farm,james childs sr james childs farm,farm,unique_source_name_reviewed,AL,Greene,Greene County service area,,,public_business_address_reviewed_for_future_reduced_precision,,,Farm products; direct-to-consumer sales,Farm stand,,,internal_until_public_use_review,,,,,True,False,False,False,False,False,False,1,alobs_8b54c0e67966063e7f70,Alabama FMA — 2026 statewide farm-stand roster,https://agi.alabama.gov/farmersmarket/wp-content/uploads/sites/9/2023/02/2026-statewide-redemption-sites.pdf,B,2026-07-15,promotion_eligible_reviewed,,Fields are selected by evidence grade; all underlying observations remain separately auditable.
AL-FED82D01B3,Triple J Farm,triple j farm,farm,unique_source_name_reviewed,AL,Greene,Eutaw,35462,1525 Poole Rd,public_business_address_reviewed_for_future_reduced_precision,32.921742,-87.96704969999999,Greens; Okra; Squash; Peas; Sweet Corn; Chicken; Cucumbers; Lettuce; Peppers; Tomatoes,Farm,(205) 765-1149,ajeutaw127@yahoo.com,internal_until_public_use_review,,,https://www.instagram.com/triple_j_farmeutaw?igsh=dWpibGh6NHNjcHh3&utm_source=qr,,True,False,False,False,True,False,False,1,alobs_1964e14ecd41fe1397a9,Sweet Grown Alabama — Farm members,https://www.sweetgrownalabama.org/find-sweet-grown,B,2026-07-15,promotion_eligible_reviewed,,Fields are selected by evidence grade; all underlying observations remain separately auditable.
AL-AD4EA07449,45 Farms,45 farms,farm,unique_source_name_reviewed,AL,Hale,Akron,35441,1619 County Road 45,public_business_address_reviewed_for_future_reduced_precision,32.898674,-87.7025091,Eggs; Squash; Zucchini; Beans; Okra; Peppers; Sweet Corn; Watermelon; Corn (Field); Cucumbers; Lettuce; Peas; Tomatoes,Farm,(205) 657-4710,fortyfivefarms@outlook.com,internal_until_public_use_review,,https://www.facebook.com/profile.php?id=61588928500680,,,True,True,False,True,True,False,False,1,alobs_3ed60fd245f7f7918e87,Sweet Grown Alabama — Farm members,https://www.sweetgrownalabama.org/find-sweet-grown,B,2026-07-15,promotion_eligible_reviewed,,Fields are selected by evidence grade; all underlying observations remain separately auditable.
AL-01643D6C16,BENISON FARM MARKET,benison farm market,farm,merged_exact_name_reviewed,AL,Hale,Greensboro,36744,2522 Al Highway 61,public_business_address_reviewed_for_future_reduced_precision,,,Farm products; direct-to-consumer sales,Farm stand; direct-to-consumer,334-218-9796,ann_benison@yahoo.com,internal_until_public_use_review,,,,,True,False,False,False,False,False,False,2,alobs_085b6d57bb24437da698 | alobs_a4eca691697ddb2ebfb6,Alabama FMA — 2026 statewide farm-stand roster | Alabama Farmers Market Authority — farm-stand map,https://agi.alabama.gov/farmersmarket/wp-content/uploads/sites/9/2023/02/2026-statewide-redemption-sites.pdf | https://agi.alabama.gov/farmersmarket/locations/farmers-stand-location-map/,B,2026-07-15,promotion_eligible_reviewed,,Fields are selected by evidence grade; all underlying observations remain separately auditable.
AL-E834714726,Harbin Farm,harbin farm,farm,unique_source_name_reviewed,AL,Hale,Moundville,35474,57 Highland Ave,public_business_address_reviewed_for_future_reduced_precision,32.9983111,-87.623604,"Corn (Field); Tomatoes; Watermelon; Acidified Foods* (Pickles, Salsas, Relishes); Beans; Cucumbers; Greens; Jams/Jellies; Muscadine Grapes; Okra; Peas; Squash; Sweet Corn",Farm,(205) 391-7476,harbinfarm2020@yahoo.com,internal_until_public_use_review,,https://www.facebook.com/Harbinfarm2020,,,False,True,False,False,False,False,False,1,alobs_64f4d985dd2a51946791,Sweet Grown Alabama — Farm members,https://www.sweetgrownalabama.org/find-sweet-grown,B,2026-07-15,promotion_eligible_reviewed,,Fields are selected by evidence grade; all underlying observations remain separately auditable.
AL-F19FE641FB,McGruder Farms,mcgruder farms,farm,unique_source_name_reviewed,AL,Hale,Sawyerville,36776,338 McGruder Road,public_business_address_reviewed_for_future_reduced_precision,32.80374219999999,-87.7804129,"Acidified Foods* (Pickles, Salsas, Relishes); Peas; Peppers; Cantaloupe; Corn (Field); Peaches; Cucumbers; Fresh Cut Flowers; Herbs; Jams/Jellies; Sweet Corn; Greens; Muscadine Grapes; Honey; Lumber; Okra; Tomatoes; Squash; Sweet Potatoes; Watermelon",Farm,(205) 301-0240,marie@mcgruderfarms.com,internal_until_public_use_review,https://www.mcgruderfarms.com,,https://www.instagram.com/mcgruderfarms,,True,True,True,True,False,True,True,1,alobs_3551d9bc115d72c002f1,Sweet Grown Alabama — Farm members,https://www.sweetgrownalabama.org/find-sweet-grown,B,2026-07-15,promotion_eligible_reviewed,,Fields are selected by evidence grade; all underlying observations remain separately auditable.
AL-C3CAD80C25,Prairie Creek Farm,prairie creek farm,farm,unique_source_name_reviewed,AL,Hale,Newbern,36765,,public_business_address_reviewed_for_future_reduced_precision,32.5931884,-87.5327815,Beeswax Products; Catfish; Honey,Farm,334-352-5845,PrairieCreekFarm.AL@gmail.com,internal_until_public_use_review,,https://www.facebook.com/share/1aPt1gFqGd/?mibextid=wwXIfr,,,True,False,False,False,False,False,False,1,alobs_fa45aaa2a3e32a2a3c7b,Sweet Grown Alabama — Farm members,https://www.sweetgrownalabama.org/find-sweet-grown,B,2026-07-15,promotion_eligible_reviewed,,Fields are selected by evidence grade; all underlying observations remain separately auditable.
AL-9304E36996,3D FARMS,3d farms,farm,unique_source_name_reviewed,AL,Henry,Headland,36345,221 County Road 283,public_business_address_reviewed_for_future_reduced_precision,,,Farm products; direct-to-consumer sales,Farm stand; direct-to-consumer,334-618-9184,3dfarms3@gmail.com,internal_until_public_use_review,,,,,True,False,False,False,False,False,False,1,alobs_0de527ac92661bd3f57a,Alabama Farmers Market Authority — farm-stand map,https://agi.alabama.gov/farmersmarket/locations/farmers-stand-location-map/,B,2026-07-15,promotion_eligible_reviewed,,Fields are selected by evidence grade; all underlying observations remain separately auditable.
AL-355CAABEC1,Blues Brothers Orchards,blues brothers orchards,farm,unique_source_name_reviewed,AL,Henry,Headland,36345,255 County Road 49,public_business_address_reviewed_for_future_reduced_precision,,,"blueberries,",U-pick; agritourism,334-726-9008,,internal_until_public_use_review,,,,,True,False,False,False,True,False,False,1,alobs_67d96aa298e39c34a95e,PickYourOwn — Southeast Alabama,https://www.pickyourown.org/ALmontg.htm,D,2026-07-15,promotion_eligible_reviewed,,Fields are selected by evidence grade; all underlying observations remain separately auditable.
AL-B2696A6588,Casablanca Ranch,casablanca ranch,farm,unique_source_name_reviewed,AL,Henry,Newville,,,public_business_address_reviewed_for_future_reduced_precision,,,Beef; direct-to-consumer meat,Cattle farm; direct-sale beef,(334) 790-5121,,internal_until_public_use_review,,,,,True,False,False,False,False,False,False,1,alobs_c29fc1bffe63e9532ff3,Alabama Cattlemen’s Association — Bama Beef Sales Directory,https://www.bamabeef.org/p/about/bama-beef-sales-directory,D,2026-07-15,promotion_eligible_reviewed,,Fields are selected by evidence grade; all underlying observations remain separately auditable.
AL-F75AA3B11B,Corndodgers Blooms and Berries,corndodgers blooms and berries,farm,merged_exact_name_reviewed,AL,Henry,Henry County service area,,,public_business_address_reviewed_for_future_reduced_precision,,,"Strawberries; blueberries; blackberries; satsumas; U-pick; strawberries, blackberries, blueberries,",Farm; agritourism; U-pick,(334) 726-1485,amanda@corndodgersfarm.com,internal_until_public_use_review,https://corndodgersfarm.com/,https://www.facebook.com/CornDodgersFarm,,,True,False,False,False,True,False,False,2,alobs_e9925f2880dccc14078f | alobs_268589fa68ffd8b6690f,FarmFinder curator verification — farm-owned or authoritative evidence | PickYourOwn — Southeast Alabama,https://corndodgersfarm.com/ | https://www.pickyourown.org/ALmontg.htm,C; E,2026-07-15,promotion_eligible_reviewed,,Fields are selected by evidence grade; all underlying observations remain separately auditable.
AL-221B1173CB,Southern Meat Processing,southern meat processing,farm,unique_source_name_reviewed,AL,Henry,Hedland,,,public_business_address_reviewed_for_future_reduced_precision,,,Beef; direct-to-consumer meat,Cattle farm; direct-sale beef,(334) 693-9299,,internal_until_public_use_review,,,,,True,False,False,False,False,False,False,1,alobs_bad9f7b0433f34cbe873,Alabama Cattlemen’s Association — Bama Beef Sales Directory,https://www.bamabeef.org/p/about/bama-beef-sales-directory,D,2026-07-15,promotion_eligible_reviewed,,Fields are selected by evidence grade; all underlying observations remain separately auditable.
AL-73805280BF,Anderson Farms,anderson farms,farm,merged_exact_name_reviewed,AL,Houston,Gordon,36343,88 Leslie Street,public_business_address_reviewed_for_future_reduced_precision,31.1420975,-85.0992995,Farm products; direct-to-consumer sales; U-pick crops; agritourism; Cantaloupe; Peanuts; Sweet Corn; Tomatoes; Corn (Field); Cucumbers; Green Peanuts; Greens; Honey; Okra; Peas; Watermelon; Pork; Squash,Farm stand; direct-to-consumer; Agritourism; U-pick; Farm,(334) 350-2305,Kelvinanderson1334@Gmail.com,internal_until_public_use_review,,,,,True,False,False,True,True,True,True,3,alobs_c60e88e18e3981d2f850 | alobs_2b669218617d3ea14b98 | alobs_63665951d3520401f496,Alabama Farmers Market Authority — farm-stand map | Alabama Farmers Market Authority — u-pick map | Sweet Grown Alabama — Farm members,https://agi.alabama.gov/farmersmarket/locations/farmers-stand-location-map/ | https://agi.alabama.gov/farmersmarket/locations/u-pick-location-map/ | https://www.sweetgrownalabama.org/find-sweet-grown,B,2026-07-15,promotion_eligible_reviewed,,Fields are selected by evidence grade; all underlying observations remain separately auditable.
AL-5E0E37CD49,Anderson Produce Farm,anderson produce farm,farm,unique_source_name_reviewed,AL,Houston,Houston County service area,,,public_business_address_reviewed_for_future_reduced_precision,,,Farm products; direct-to-consumer sales,Farm stand,,,internal_until_public_use_review,,,,,True,False,False,False,False,False,False,1,alobs_3db38f562204c7586d98,Alabama FMA — 2026 statewide farm-stand roster,https://agi.alabama.gov/farmersmarket/wp-content/uploads/sites/9/2023/02/2026-statewide-redemption-sites.pdf,B,2026-07-15,promotion_eligible_reviewed,,Fields are selected by evidence grade; all underlying observations remain separately auditable.
AL-6BD5AABB88,AUNT KATIE'S COMMUNITY GARDEN,aunt katies community garden,farm,unique_source_name_reviewed,AL,Houston,Dothan,36303,602 Linden St,public_business_address_reviewed_for_future_reduced_precision,,,Farm products; direct-to-consumer sales,Farm stand; direct-to-consumer,334-648-4496,,internal_until_public_use_review,https://AKCGDOTHAN.ORG,,,,True,False,False,False,False,False,False,1,alobs_69352ae9f3b075b4364f,Alabama Farmers Market Authority — farm-stand map,https://agi.alabama.gov/farmersmarket/locations/farmers-stand-location-map/,B,2026-07-15,promotion_eligible_reviewed,,Fields are selected by evidence grade; all underlying observations remain separately auditable.
AL-F63D8E086E,Aunt Katie’s Community,aunt katies community,farm,unique_source_name_reviewed,AL,Houston,Houston County service area,,,public_business_address_reviewed_for_future_reduced_precision,,,Farm products; direct-to-consumer sales,Farm stand,,,internal_until_public_use_review,,,,,True,False,False,False,False,False,False,1,alobs_dd558651b86b7bea3d23,Alabama FMA — 2026 statewide farm-stand roster,https://agi.alabama.gov/farmersmarket/wp-content/uploads/sites/9/2023/02/2026-statewide-redemption-sites.pdf,B,2026-07-15,promotion_eligible_reviewed,,Fields are selected by evidence grade; all underlying observations remain separately auditable.
AL-78E63A79BD,Bell Farms,bell farms,farm,merged_exact_name_reviewed,AL,Houston,Dothan,36301,8390 US 231 S,public_business_address_reviewed_for_future_reduced_precision,31.1060901,-85.4060556,"Farm products; direct-to-consumer sales; U-pick crops; agritourism; Tomatoes, okra, squash, bell pepper, hot pepper, watermelons, cantaloupes, cucumbers, turnips, and collards.; Peanuts; Corn (Field); Sweet Corn; Watermelon; Tomatoes; Beans; Cantaloupe; Okra; Peaches; Strawberries; Squash; Cotton/Cotton Products; Cucumbers; Hay; Peas; Sweet Potatoes; Green Peanuts; Peppers; Pumpkins; Roasted/Boiled Peanuts",Farm stand; direct-to-consumer; Agritourism; U-pick; agritourism; Farm,(334) 726-0844,davidabell640@gmail.com,internal_until_public_use_review,,https://www.facebook.com/Bellfarms,,,True,True,False,False,True,True,False,5,alobs_130d5c5dd26a3c8ea0f9 | alobs_94923c53467990b247bb | alobs_ec32ed24a837c8addfe3 | alobs_443f33b3fd747f99d64e | alobs_576de42a1eb11a14a785,Alabama FMA — 2026 statewide farm-stand roster | Alabama Farmers Market Authority — farm-stand map | Alabama Farmers Market Authority — u-pick map | PickYourOwn — Southeast Alabama | Sweet Grown Alabama — Farm members,https://agi.alabama.gov/farmersmarket/wp-content/uploads/sites/9/2023/02/2026-statewide-redemption-sites.pdf | https://agi.alabama.gov/farmersmarket/locations/farmers-stand-location-map/ | https://agi.alabama.gov/farmersmarket/locations/u-pick-location-map/ | https://www.pickyourown.org/ALmontg.htm | https://www.sweetgrownalabama.org/find-sweet-grown,B; D,2026-07-15,promotion_eligible_reviewed,,Fields are selected by evidence grade; all underlying observations remain separately auditable.
AL-9B372C4455,BOBBY LEWIS FARM,bobby lewis farm,farm,merged_exact_name_reviewed,AL,Houston,Webb,36376,6600 Old Webb Rd,public_business_address_reviewed_for_future_reduced_precision,,,Farm products; direct-to-consumer sales,Farm stand; direct-to-consumer,334-726-1700,blare03@gmail.com,internal_until_public_use_review,,,,,True,False,False,False,False,False,False,2,alobs_8755eca26bced577d91b | alobs_e55592da463bf6304422,Alabama FMA — 2026 statewide farm-stand roster | Alabama Farmers Market Authority — farm-stand map,https://agi.alabama.gov/farmersmarket/wp-content/uploads/sites/9/2023/02/2026-statewide-redemption-sites.pdf | https://agi.alabama.gov/farmersmarket/locations/farmers-stand-location-map/,B,2026-07-15,promotion_eligible_reviewed,,Fields are selected by evidence grade; all underlying observations remain separately auditable.
AL-1DBFB5094B,Etress Eats,etress eats,farm,unique_source_name_reviewed,AL,Houston,Dothan,36301,9895 S County Road 33,public_business_address_reviewed_for_future_reduced_precision,31.0814261,-85.3462349,Baked Goods; Peas; Okra; Squash; Sweet Corn,Farm,(334) 726-2395,elizabethbetress@gmail.com,internal_until_public_use_review,,https://www.facebook.com/profile.php?id=100092418057099,,,True,True,False,True,False,False,False,1,alobs_2ad335331131cd19eceb,Sweet Grown Alabama — Farm members,https://www.sweetgrownalabama.org/find-sweet-grown,B,2026-07-15,promotion_eligible_reviewed,,Fields are selected by evidence grade; all underlying observations remain separately auditable.
AL-55FEC4CB16,Gulledge Produce,gulledge produce,farm,unique_source_name_reviewed,AL,Houston,Dothan,36303,2356 Reeves Street,public_business_address_reviewed_for_future_reduced_precision,,,Farm products; direct-to-consumer sales,Farm stand; direct-to-consumer,334-618-1701 | 334-677-5232,cnorthington@aol.com,internal_until_public_use_review,,,,,True,False,False,False,False,False,False,1,alobs_91c40b320627eae2a2aa,Alabama Farmers Market Authority — farm-stand map,https://agi.alabama.gov/farmersmarket/locations/farmers-stand-location-map/,B,2026-07-15,promotion_eligible_reviewed,,Fields are selected by evidence grade; all underlying observations remain separately auditable.
AL-D209C8B953,Hawkins Homestead Farm,hawkins homestead farm,farm,unique_source_name_reviewed,AL,Houston,Dothan,36303,,public_business_address_reviewed_for_future_reduced_precision,31.2483723,-85.37562489999999,"Sweet Potatoes; Herbs; Strawberries; Fresh Cut Flowers; Eggs; Container Plants/Greenhouse & Nursery Products/Shrubs/Etc.; Cantaloupe; Beans; Acidified Foods* (Pickles, Salsas, Relishes); Chicken; Cucumbers; Dry Rubs/Spices; Greens; Jams/Jellies; Lettuce; Okra; Peas; Pears; Squash; Sweet Corn; Watermelon; Tomatoes; Potatoes; Kale; Skincare Products; Arugula; Baked Goods; Bok Choy; Spinach; Turnips; Broccoli; Brussels sprouts; Cabbage; Carrots; Cauliflower; Collards; Eggplants; Essential Oil Blends; Garlic; Kohlrabi; Onions; Swiss Chard; Peppers; Rutabegas; Zucchini; Beets; Tomatillos; Turkey",Farm,(334) 595-5128,info@hawkinshomesteadfarm.com,internal_until_public_use_review,https://hawkinshomesteadfarm.com/,https://www.facebook.com/HawkinsHomesteadFarm/,https://www.instagram.com/hawkinshomesteadfarms/,,False,False,False,True,False,False,False,1,alobs_bf8ab0d6bef39c3cd0ed,Sweet Grown Alabama — Farm members,https://www.sweetgrownalabama.org/find-sweet-grown,B,2026-07-15,promotion_eligible_reviewed,,Fields are selected by evidence grade; all underlying observations remain separately auditable.
AL-A89D4FE3E9,J and A Produce,j and a produce,farm,unique_source_name_reviewed,AL,Houston,Dothan,36305,111 Patsy Lane,public_business_address_reviewed_for_future_reduced_precision,,,U-pick vegetables,U-pick; agritourism,334-685-0661,Andreward2002@yahoo.com,internal_until_public_use_review,,,,,True,False,False,False,True,False,False,1,alobs_49f79e8ba3f587bcdb3b,PickYourOwn — Southeast Alabama,https://www.pickyourown.org/ALmontg.htm,D,2026-07-15,promotion_eligible_reviewed,,Fields are selected by evidence grade; all underlying observations remain separately auditable.
AL-51AEE01E4A,Jack’s Pepper Patch,jacks pepper patch,farm,unique_source_name_reviewed,AL,Houston,Rehobeth,36301,2063 Campbellton Highway,public_business_address_reviewed_for_future_reduced_precision,31.1652484,-85.41657190000001,Peppers; Jams/Jellies,Farm,(334) 790-1526,maranda.weathers@outlook.com,internal_until_public_use_review,,https://www.facebook.com/thepickledpepperpeople,,,False,True,False,True,False,False,False,1,alobs_3ed78106d621c4a88d02,Sweet Grown Alabama — Farm members,https://www.sweetgrownalabama.org/find-sweet-grown,B,2026-07-15,promotion_eligible_reviewed,,Fields are selected by evidence grade; all underlying observations remain separately auditable.
AL-F3B8C90470,JBW Farm Fresh,jbw farm fresh,farm,unique_source_name_reviewed,AL,Houston,Dothan,36305,8238 W US 84,public_business_address_reviewed_for_future_reduced_precision,31.2384531,-85.5233867,Beef,Farm,(334) 579-3770,lisa@jbwfarmfresh.com,internal_until_public_use_review,https://www.jbwfarmfresh.com,https://www.facebook.com/JBWFarmFresh/,https://www.instagram.com/jbw_farm_fresh/,,True,False,False,False,False,False,False,1,alobs_47954d0bc07cbd26845c,Sweet Grown Alabama — Farm members,https://www.sweetgrownalabama.org/find-sweet-grown,B,2026-07-15,promotion_eligible_reviewed,,Fields are selected by evidence grade; all underlying observations remain separately auditable.
AL-E4332E38C9,JYJ RED ANGUS LLC,jyj red angus,farm,merged_cross_county_identity_reviewed,AL,Houston,Columbia,36319,1092 Davis Street,public_business_address_reviewed_for_future_reduced_precision,31.2963608,-85.1090559,Beef; direct-to-consumer meat,Cattle farm; direct-sale beef; Farm,(334) 790-4953,jessica@jyjredangus.com,internal_until_public_use_review,https://jyjredangus.com/,https://www.facebook.com/jyjredangus,,,True,False,False,False,False,False,False,2,alobs_80c95d8995e1dd221088 | alobs_1a3328b2aa9a00053ea1,Alabama Cattlemen’s Association — Bama Beef Sales Directory | Sweet Grown Alabama — Farm members,https://www.bamabeef.org/p/about/bama-beef-sales-directory | https://www.sweetgrownalabama.org/find-sweet-grown,B; D,2026-07-15,promotion_eligible_reviewed,,Fields are selected by evidence grade; all underlying observations remain separately auditable.
AL-D6DC5D11D4,Maria's Vineyard,marias vineyard,farm,unique_source_name_reviewed,AL,Houston,Dothan,36305,3940 Fortner Street,public_business_address_reviewed_for_future_reduced_precision,,,"muscadine grapes, and prepicked produce, restrooms",U-pick; agritourism,334-702 0679,ContactUs@MariasVineyard.com,internal_until_public_use_review,https://www.MariasVineyard.com,,,,True,False,False,False,True,False,False,1,alobs_10451f0487994d716071,PickYourOwn — Southeast Alabama,https://www.pickyourown.org/ALmontg.htm,D,2026-07-15,promotion_eligible_reviewed,,Fields are selected by evidence grade; all underlying observations remain separately auditable.
AL-95C521EF5E,MARIA'S VINYARD,marias vinyard,farm,unique_source_name_reviewed,AL,Houston,Dothan,36305,3954 Fortner Street,public_business_address_reviewed_for_future_reduced_precision,,,U-pick crops; agritourism,Agritourism; U-pick,334-618-2534,larryniver1@yahoo.com,internal_until_public_use_review,,,,,True,False,False,False,True,False,False,1,alobs_934528721aa460cefe9b,Alabama Farmers Market Authority — u-pick map,https://agi.alabama.gov/farmersmarket/locations/u-pick-location-map/,B,2026-07-15,promotion_eligible_reviewed,,Fields are selected by evidence grade; all underlying observations remain separately auditable.
AL-CF49CD6B28,Mt. Moriah Farms,mt moriah farms,farm,unique_source_name_reviewed,AL,Houston,Dothan,36303,105 Water Oak Road,public_business_address_reviewed_for_future_reduced_precision,31.2389672,-85.522667,Honey; Milk; Eggs,Farm,(334) 714-1445,mountmoriahfarms@gmail.com,internal_until_public_use_review,https://visitmtmoriahfarms.com,https://www.facebook.com/mtmoriahfarmsdothan,https://www.instagram.com/mtmoriahfarmsdothan/?fbclid=IwY2xjawHr4KhleHRuA2FlbQIxMAABHRyy4HZMeWqh3OVdWBMNGdCxha06RAXHn1aKVfTniisDBYPxujLGSYxppA_aem_ImE_ztQxrQK1xAZbTcS7CA,,True,True,True,False,False,True,False,1,alobs_811a8c92924b5a8f58b5,Sweet Grown Alabama — Farm members,https://www.sweetgrownalabama.org/find-sweet-grown,B,2026-07-15,promotion_eligible_reviewed,,Fields are selected by evidence grade; all underlying observations remain separately auditable.
AL-0755F0C979,PrimSteak Cattle Company,primsteak cattle company,farm,unique_source_name_reviewed,AL,Houston,Dothan,,,public_business_address_reviewed_for_future_reduced_precision,,,Beef; direct-to-consumer meat,Cattle farm; direct-sale beef,(334) 790-3433,,internal_until_public_use_review,,,,,True,False,False,False,False,False,False,1,alobs_f3a3cde68bf9b4ead07e,Alabama Cattlemen’s Association — Bama Beef Sales Directory,https://www.bamabeef.org/p/about/bama-beef-sales-directory,D,2026-07-15,promotion_eligible_reviewed,,Fields are selected by evidence grade; all underlying observations remain separately auditable.
AL-E92BD154B2,Shiver's,shivers,farm,unique_source_name_reviewed,AL,Houston,Gordon,36343,19430 US Hwy 84E,public_business_address_reviewed_for_future_reduced_precision,,,"Strawberries, vegetables",U-pick; agritourism,,,internal_until_public_use_review,,,,,True,False,False,False,True,False,False,1,alobs_e5a89378bfc8a68bd4e1,PickYourOwn — Southeast Alabama,https://www.pickyourown.org/ALmontg.htm,D,2026-07-15,promotion_eligible_reviewed,,Fields are selected by evidence grade; all underlying observations remain separately auditable.
AL-5B843A4DA3,Stateline Produce,stateline produce,farm,merged_exact_name_reviewed,AL,Houston,Slocomb,36375,14574 Us Highway 231 S,public_business_address_reviewed_for_future_reduced_precision,,,Farm products; direct-to-consumer sales; U-pick crops; agritourism,Farm stand; direct-to-consumer; Agritourism; U-pick,334-258-0552 | 334-500-2708,STATELINEPEANUT@CENTURYTEL.NET,internal_until_public_use_review,,,,,True,False,False,False,True,False,False,3,alobs_6c1948811399cb460006 | alobs_84f9dfe95f28bce3bc0b | alobs_0cd92bea20eb76b51731,Alabama FMA — 2026 statewide farm-stand roster | Alabama Farmers Market Authority — farm-stand map | Alabama Farmers Market Authority — u-pick map,https://agi.alabama.gov/farmersmarket/wp-content/uploads/sites/9/2023/02/2026-statewide-redemption-sites.pdf | https://agi.alabama.gov/farmersmarket/locations/farmers-stand-location-map/ | https://agi.alabama.gov/farmersmarket/locations/u-pick-location-map/,B,2026-07-15,promotion_eligible_reviewed,,Fields are selected by evidence grade; all underlying observations remain separately auditable.
AL-42BB39641A,Tolar Satsuma Farm/The Coach and Teresa,tolar satsuma farm the coach and teresa,farm,unique_source_name_reviewed,AL,Houston,Pansey,36370,924 JB Beck Road,public_business_address_reviewed_for_future_reduced_precision,31.1026769,-85.1602827,Satsumas,Farm,(334) 701-5693,taddison0122@gmail.com,internal_until_public_use_review,,,,,True,False,False,False,False,True,True,1,alobs_16811c9b2cce93da9333,Sweet Grown Alabama — Farm members,https://www.sweetgrownalabama.org/find-sweet-grown,B,2026-07-15,promotion_eligible_reviewed,,Fields are selected by evidence grade; all underlying observations remain separately auditable.
AL-02EA61E984,Unnamed bee seller — Jeff Staley,unnamed bee seller jeff staley,farm,unique_source_name_reviewed,AL,Houston,Houston County service area,,,public_business_address_reviewed_for_future_reduced_precision,,,Bees; apiary products,Apiary / bee seller,334-691-7020,,internal_until_public_use_review,,,,,False,False,False,False,False,False,False,1,alobs_c390e553abf8f9d66a2b,Alabama Plant Protection — Beekeepers Selling Bees,https://agi.alabama.gov/plantprotection/beeks-selling-bees/,B,2026-07-15,promotion_eligible_reviewed,,Fields are selected by evidence grade; all underlying observations remain separately auditable.
AL-D5053871A5,Unnamed bee seller — Ray Nowlin,unnamed bee seller ray nowlin,farm,unique_source_name_reviewed,AL,Houston,Houston County service area,,,public_business_address_reviewed_for_future_reduced_precision,,,Bees; apiary products,Apiary / bee seller,334-803-1484,,internal_until_public_use_review,,,,,False,False,False,False,False,False,False,1,alobs_0324a6482053ca883188,Alabama Plant Protection — Beekeepers Selling Bees,https://agi.alabama.gov/plantprotection/beeks-selling-bees/,B,2026-07-15,promotion_eligible_reviewed,,Fields are selected by evidence grade; all underlying observations remain separately auditable.
AL-08D2C4B5F5,Vic & Tillie Hummer,vic and tillie hummer,producer_requires_type_review,restored_from_absence_based_exclusion,AL,Houston,Cottonwood,36320,120 Miller Merrett Road,public_business_address_reviewed_for_future_reduced_precision,,,Pecans,U-pick; agritourism,(334) 691-4593,,internal_until_public_use_review,,,,,True,,,,True,,,1,alobs_27a88cef075e2988d6a2,PickYourOwn — Southeast Alabama,https://www.pickyourown.org/ALmontg.htm,E,2026-07-15,research_or_qa_queue,current operation requires corroboration; absence is not an exclusion,Retained under national policy: missing or conflicting data creates research work and never deletion.
AL-67F9BF93D1,Wells Farms,wells farms,farm,merged_exact_name_reviewed,AL,Houston,Cottonwood,36320,15543 cottonwood Road,public_business_address_reviewed_for_future_reduced_precision,31.0382826,-85.2692769,Farm products; direct-to-consumer sales; Cantaloupe; Corn (Field); Cucumbers; Cotton/Cotton Products; Okra; Peppers; Green Peanuts; Honey; Ice Cream; Peanuts; Peas; Pumpkins; Squash; Sweet Corn; U-Pick Fruit; Roasted/Boiled Peanuts; Strawberries; Watermelon; Pumpkin Patch,Farm stand; direct-to-consumer; Farm,(334) 726-1939,acwellsfarms@gmail.com,internal_until_public_use_review,,https://www.facebook.com/profile.php?id=100064820031153,,,True,False,False,False,True,True,False,2,alobs_cf05fc51eb3cb182f724 | alobs_c1af75ac34b9acd452f1,Alabama Farmers Market Authority — farm-stand map | Sweet Grown Alabama — Farm members,https://agi.alabama.gov/farmersmarket/locations/farmers-stand-location-map/ | https://www.sweetgrownalabama.org/find-sweet-grown,B,2026-07-15,promotion_eligible_reviewed,,Fields are selected by evidence grade; all underlying observations remain separately auditable.
AL-3BBC54944F,WellsProduce,wellsproduce,farm,unique_source_name_reviewed,AL,Houston,Houston County service area,,,public_business_address_reviewed_for_future_reduced_precision,,,Farm products; direct-to-consumer sales,Farm stand,,,internal_until_public_use_review,,,,,True,False,False,False,False,False,False,1,alobs_10892365d2a88355a178,Alabama FMA — 2026 statewide farm-stand roster,https://agi.alabama.gov/farmersmarket/wp-content/uploads/sites/9/2023/02/2026-statewide-redemption-sites.pdf,B,2026-07-15,promotion_eligible_reviewed,,Fields are selected by evidence grade; all underlying observations remain separately auditable.
AL-6F145A8D61,Whispering Pines Ranch,whispering pines ranch,farm,unique_source_name_reviewed,AL,Houston,Columbia,36319,1656 Cephus Rollins Road,public_business_address_reviewed_for_future_reduced_precision,,,"blueberries, U-pick and already picked, porta-potties are available",U-pick; agritourism,(334) 796-8165,,internal_until_public_use_review,,,,,True,False,False,False,True,False,False,1,alobs_c4d92a5ca74a5ad396be,PickYourOwn — Southeast Alabama,https://www.pickyourown.org/ALmontg.htm,D,2026-07-15,promotion_eligible_reviewed,,Fields are selected by evidence grade; all underlying observations remain separately auditable.
AL-19683724BB,Falomi Wagyu,falomi wagyu,farm,unique_source_name_reviewed,AL,Jackson,Woodville,35776,,public_business_address_reviewed_for_future_reduced_precision,34.6268221,-86.27195239999999,Eggs; Microgreens; Beef,Farm,(256) 975-6005,falomi_wagyu@proton.me,internal_until_public_use_review,https://falomiwagyu.com,,https://www.instagram.com/falomiwagyu/,,False,False,False,True,False,False,False,1,alobs_960f55b50901a8be3009,Sweet Grown Alabama — Farm members,https://www.sweetgrownalabama.org/find-sweet-grown,B,2026-07-15,promotion_eligible_reviewed,,Fields are selected by evidence grade; all underlying observations remain separately auditable.
AL-BE2A53E9B5,Harman Ridge Homestead,harman ridge homestead,farm,unique_source_name_reviewed,AL,Jackson,Gurley,35748,2247 County Road 235,public_business_address_reviewed_for_future_reduced_precision,34.640776,-86.3365316,"Lamb; Herbs; Pork; Eggs; Blackberries; Container Plants/Greenhouse & Nursery Products/Shrubs/Etc.; Grits, cornmeal, flour; Persimmons- Oriental",Farm,(256) 975-3639,harmanridge@gmail.com,internal_until_public_use_review,https://shop.huntsvillefoodhub.com/marketplace/vendor/harman-ridge-homestead,https://www.facebook.com/profile.php?id=100094121352031,https://www.instagram.com/HarmanRidgeHomestead?fbclid=IwZXh0bgNhZW0CMTAAAR2Vnk-WrZPIYTwKT-Urh9tdWOaBt4ko7AIz1tk5dGSYaqGIH0nnMwyS6Jw_aem_NFPWqXDlHZwjUHJkO94ZPQ,https://www.tiktok.com/@harmanridgehomestead?fbclid=IwZXh0bgNhZW0CMTAAAR0ZWMXxkjxWO7p0Iu0nPPDgKWCEPpX-HVCGw10YDtzxQEKJrjbT243I8zE_aem_JViU59i3-PI6O0ZJ0RoGNA,False,True,False,False,False,False,False,1,alobs_3cc25cb80b15b6a9abec,Sweet Grown Alabama — Farm members,https://www.sweetgrownalabama.org/find-sweet-grown,B,2026-07-15,promotion_eligible_reviewed,,Fields are selected by evidence grade; all underlying observations remain separately auditable.
AL-1E97935742,Lake Majestik Farms,lake majestik farms,farm,unique_source_name_reviewed,AL,Jackson,Flat Rock,,,public_business_address_reviewed_for_future_reduced_precision,,,Beef; direct-to-consumer meat,Cattle farm; direct-sale beef,(256) 632-3027,,internal_until_public_use_review,,,,,True,False,False,False,False,False,False,1,alobs_29de4153a181662fb87e,Alabama Cattlemen’s Association — Bama Beef Sales Directory,https://www.bamabeef.org/p/about/bama-beef-sales-directory,D,2026-07-15,promotion_eligible_reviewed,,Fields are selected by evidence grade; all underlying observations remain separately auditable.
AL-08C3D0481F,LONE OAK VINEYARD,lone oak vineyard,farm,merged_exact_name_reviewed,AL,Jackson,Pisgah,35765,Po Box 76,public_business_address_reviewed_for_future_reduced_precision,,,Blackberries; muscadines; scuppernongs; U-pick crops; agritourism,Agritourism; U-pick,256-599-0204,billbeard42@gmail.com,internal_until_public_use_review,,,,,True,False,False,False,True,False,False,2,alobs_5a255086827a1c987f60 | alobs_c42b3e93e8fd8199398c,Alabama Farmers Market Authority — u-pick map | PickYourOwn — North Alabama,https://agi.alabama.gov/farmersmarket/locations/u-pick-location-map/ | https://www.pickyourown.org/ALhuntsv.htm,B; E,2026-07-15,promotion_eligible_reviewed,,Merged the Jackson County Lone Oak name variant; the separate Macon County Lone Oak operation remains distinct.
AL-402F9A5F46,Sand Mountain Vineyards,sand mountain vineyards,farm,unique_source_name_reviewed,AL,Jackson,Henagar,35978,2710 County Road 123 Bowman Crossroads,public_business_address_reviewed_for_future_reduced_precision,,,"Uses natural growing practices , muscadine grapes,",U-pick; agritourism,256-657-2174,rooksdenes@gmail.com,internal_until_public_use_review,,https://www.facebook.com/sandmountainvineyards,,,True,False,False,False,True,False,False,1,alobs_90f44acbf53228a7c1ac,PickYourOwn — North Alabama,https://www.pickyourown.org/ALhuntsv.htm,D,2026-07-15,promotion_eligible_reviewed,,Fields are selected by evidence grade; all underlying observations remain separately auditable.
AL-221B5EB99B,SHEERLARK FARM,sheerlark farm,farm,unique_source_name_reviewed,AL,Jackson,Flat Rock,35966,367 County Road 327,public_business_address_reviewed_for_future_reduced_precision,,,U-pick crops; agritourism,Agritourism; U-pick,2556-632-2465,,internal_until_public_use_review,,,,,True,False,False,False,True,False,False,1,alobs_0d4257fecdfcd2150dca,Alabama Farmers Market Authority — u-pick map,https://agi.alabama.gov/farmersmarket/locations/u-pick-location-map/,B,2026-07-15,promotion_eligible_reviewed,,Fields are selected by evidence grade; all underlying observations remain separately auditable.
AL-AE24081E93,"Allums Farms & Apiary, LLC",allums farms and apiary,farm,unique_source_name_reviewed,AL,Jefferson,Dora,35062,8689 Manning Road,public_business_address_reviewed_for_future_reduced_precision,33.7644494,-86.9841703,Honey,Farm,(205) 386-7266,allumsfarmsapiary@gmail.com,internal_until_public_use_review,,https://www.facebook.com/allumsfarmsapiary,,,True,False,False,False,False,False,False,1,alobs_1d81d0c950af9db795f9,Sweet Grown Alabama — Farm members,https://www.sweetgrownalabama.org/find-sweet-grown,B,2026-07-15,promotion_eligible_reviewed,,Fields are selected by evidence grade; all underlying observations remain separately auditable.
AL-AE5619C18D,BARNWELL FARM,barnwell farm,farm,unique_source_name_reviewed,AL,Jefferson,Warrior,35180,9040 Brasher Rd,public_business_address_reviewed_for_future_reduced_precision,,,U-pick crops; agritourism,Agritourism; U-pick,205-681-8481,LZARBONI@ATT.NET,internal_until_public_use_review,,,,,True,False,False,False,True,False,False,1,alobs_4000b3854e32db12bc7e,Alabama Farmers Market Authority — u-pick map,https://agi.alabama.gov/farmersmarket/locations/u-pick-location-map/,B,2026-07-15,promotion_eligible_reviewed,,Fields are selected by evidence grade; all underlying observations remain separately auditable.
AL-32C652FBBD,BEAR MOUNTAIN BLUEBERRY FARM,bear mountain blueberry farm,farm,merged_exact_name_reviewed,AL,Jefferson,Springville,35146,8245 Clayton Rd,public_business_address_reviewed_for_future_reduced_precision,,,"U-pick crops; agritourism; No pesticides are used , blueberries,",Agritourism; U-pick; agritourism,205-286-2272,BEARMOUNTAINBLUEBERRYFARM.WEBS.COM,internal_until_public_use_review,https://bearmountainblueberryfarm.com/,https://www.facebook.com/bearmountainblueberries,,,True,False,False,False,True,False,False,2,alobs_16587be1e5e8d221ba85 | alobs_b3ac4f543bc1aba03718,Alabama Farmers Market Authority — u-pick map | PickYourOwn — Central Alabama,https://agi.alabama.gov/farmersmarket/locations/u-pick-location-map/ | https://www.pickyourown.org/ALbham.htm,B; D,2026-07-15,promotion_eligible_reviewed,,Fields are selected by evidence grade; all underlying observations remain separately auditable.
AL-E578AE653B,Bicemoore Flower Farm,bicemoore flower farm,farm,unique_source_name_reviewed,AL,Jefferson,Bessemer,35022,,public_business_address_reviewed_for_future_reduced_precision,33.2891965,-86.96240859999999,Fresh Cut Flowers,Farm,(205) 368-1678,bicemooreflowerfarm@gmail.com,internal_until_public_use_review,,,https://www.instagram.com/bicemooreflowerfarm/,,False,False,False,True,False,False,False,1,alobs_6f5484887a2e6b1b3c02,Sweet Grown Alabama — Farm members,https://www.sweetgrownalabama.org/find-sweet-grown,B,2026-07-15,promotion_eligible_reviewed,,Fields are selected by evidence grade; all underlying observations remain separately auditable.
AL-9A44AA95CD,BLACKBURN U-PICK,blackburn,farm,merged_exact_name_reviewed,AL,Jefferson,Warrior,35180,750 Blackburn Lane,public_business_address_reviewed_for_future_reduced_precision,,,U-pick crops; agritourism; Blueberries (Call for exact opening date),Agritourism; U-pick; agritourism,205-612-4234,LYDIABLACKBURN68@GMAIL.COM,internal_until_public_use_review,,,,,True,False,False,False,True,False,False,2,alobs_d71da26a3db202942d20 | alobs_5163c19eb4da3318a0b0,Alabama Farmers Market Authority — u-pick map | PickYourOwn — Central Alabama,https://agi.alabama.gov/farmersmarket/locations/u-pick-location-map/ | https://www.pickyourown.org/ALbham.htm,B; D,2026-07-15,promotion_eligible_reviewed,,Fields are selected by evidence grade; all underlying observations remain separately auditable.
AL-D49A466302,Blueberry Hill Farm,blueberry hill farm,farm,unique_source_name_reviewed,AL,Jefferson,Jefferson County service area,,,public_business_address_reviewed_for_future_reduced_precision,,,"blueberries | 66306630 Quinton Road, Dora, AL.",U-pick; agritourism,205-674-7121,,internal_until_public_use_review,,,,,True,False,False,False,True,False,False,1,alobs_997491db3acb279c8165,PickYourOwn — Central Alabama,https://www.pickyourown.org/ALbham.htm,D,2026-07-15,promotion_eligible_reviewed,,Fields are selected by evidence grade; all underlying observations remain separately auditable.
AL-19FC9047A7,Boshell's Bees,boshells bees,farm,unique_source_name_reviewed,AL,Jefferson,Jefferson County service area,,,public_business_address_reviewed_for_future_reduced_precision,,,Bees; apiary products,Apiary / bee seller,205-267-7859,,internal_until_public_use_review,,,,,False,False,False,False,False,False,False,1,alobs_a1642eaa88232c4bd1a6,Alabama Plant Protection — Beekeepers Selling Bees,https://agi.alabama.gov/plantprotection/beeks-selling-bees/,B,2026-07-15,promotion_eligible_reviewed,,Fields are selected by evidence grade; all underlying observations remain separately auditable.
AL-3E103F6F08,CHARLES GAMBLE,charles gamble,farm,merged_exact_name_reviewed,AL,Jefferson,Mccalla,35111,5614 Hidden Valley Rd,public_business_address_reviewed_for_future_reduced_precision,,,"U-pick crops; agritourism; Green Plums, Red Plums | 56145614 Hidden Valley Rd, McCalla, Al 35111.",Agritourism; U-pick; agritourism,205-529-5999,,internal_until_public_use_review,,,,,True,False,False,False,True,False,False,2,alobs_32e37baf32157bb1ade9 | alobs_0823ce8e3f349cccc937,Alabama Farmers Market Authority — u-pick map | PickYourOwn — Central Alabama,https://agi.alabama.gov/farmersmarket/locations/u-pick-location-map/ | https://www.pickyourown.org/ALbham.htm,B; D,2026-07-15,promotion_eligible_reviewed,,Fields are selected by evidence grade; all underlying observations remain separately auditable.
AL-8F170D7A79,Creek Leaf Wellness,creek leaf wellness,farm,unique_source_name_reviewed,AL,Jefferson,Birmingham,35203,,public_business_address_reviewed_for_future_reduced_precision,33.5178769,-86.8094808,CBD Products,Farm,,,internal_until_public_use_review,https://www.creekleafwellness.com/,,,,False,False,False,False,False,False,False,1,alobs_92581360a610ed173b73,Sweet Grown Alabama — Farm members,https://www.sweetgrownalabama.org/find-sweet-grown,B,2026-07-15,promotion_eligible_reviewed,,Fields are selected by evidence grade; all underlying observations remain separately auditable.
AL-1A725F09CF,Drip Spring Hollow Farm,drip spring hollow farm,farm,unique_source_name_reviewed,AL,Jefferson,Bessemer,35023,9351 Taylors Ferry Road,public_business_address_reviewed_for_future_reduced_precision,33.5225003,-87.15746650000001,Eggs,Farm,(205) 578-2331,dripspringhollowfarm@gmail.com,internal_until_public_use_review,https://dripspringhollowfarm.com,https://www.facebook.com/profile.php?id=100070859047627,https://www.instagram.com/dripspringhollowfarm,,True,False,False,False,False,False,False,1,alobs_676470f9187853d41998,Sweet Grown Alabama — Farm members,https://www.sweetgrownalabama.org/find-sweet-grown,B,2026-07-15,promotion_eligible_reviewed,,Fields are selected by evidence grade; all underlying observations remain separately auditable.
AL-BB7FE8FF3C,Forrest Hill Farms,forrest hill farms,farm,unique_source_name_reviewed,AL,Jefferson,Warrior,35180,415 Main Street N.,public_business_address_reviewed_for_future_reduced_precision,33.817625,-86.8081665,"Acidified Foods* (Pickles, Salsas, Relishes); Chicken; Cheese; Dry Rubs/Spices; Eggs; Herbs; Baked Goods; Beef; Butter; Honey; Milk; Pork",Farm,(205) 378-9978,contact@forresthillfarms.com,internal_until_public_use_review,https://forresthillfarms.com,https://www.facebook.com/profile.php?id=100086278273106,https://www.instagram.com/forresthillfarms/,,False,False,True,True,False,False,False,1,alobs_842b6d28dec25c86dfdf,Sweet Grown Alabama — Farm members,https://www.sweetgrownalabama.org/find-sweet-grown,B,2026-07-15,promotion_eligible_reviewed,,Fields are selected by evidence grade; all underlying observations remain separately auditable.
AL-C415525E7A,Foxhound Bee Company,foxhound bee company,farm,unique_source_name_reviewed,AL,Jefferson,Birmingham,35203,424 9th Street North,public_business_address_reviewed_for_future_reduced_precision,33.5102412,-86.82296310000001,Honey,Agriculture Service/Organization; Online Sales; Specialty Store; Farm,(205) 670-1337,Hi@foxhoundbeecompany.com,internal_until_public_use_review,https://www.foxhoundbeecompany.com/pages/about,https://www.facebook.com/foxhoundbeeco,https://www.instagram.com/foxhoundbeeco,,False,False,False,False,False,False,False,1,alobs_b7758ac1efb3e4c36989,Sweet Grown Alabama — Farm members,https://www.sweetgrownalabama.org/find-sweet-grown,B,2026-07-15,promotion_eligible_reviewed,,Fields are selected by evidence grade; all underlying observations remain separately auditable.
AL-465E967F5D,Hilltop Farms & Market,hilltop farms and market,farm,unique_source_name_reviewed,AL,Jefferson,Trussville,35173,1028 US Hwy 11,public_business_address_reviewed_for_future_reduced_precision,33.6539635,-86.6036274,Baked Goods; Cucumbers; Eggs; Herbs; Pumpkins; Beef; Cantaloupe; Squash; Sweet Corn; Container Plants/Greenhouse & Nursery Products/Shrubs/Etc.; Okra; Milk; Peppers; Hay; Pork; Honey; Ice Cream; Watermelon; Tomatoes; Peaches; Roasted/Boiled Peanuts; Yogurt,Farm; Restaurants,(205) 452-2563,hilltopfarms.office@gmail.com,internal_until_public_use_review,,https://www.facebook.com/hilltopargo,,,True,False,False,False,False,False,False,1,alobs_8bea57eec57b2d8c8579,Sweet Grown Alabama — Farm members,https://www.sweetgrownalabama.org/find-sweet-grown,B,2026-07-15,promotion_eligible_reviewed,,Fields are selected by evidence grade; all underlying observations remain separately auditable.
AL-35D7D395C2,Honey BeeHam,honey beeham,farm,unique_source_name_reviewed,AL,Jefferson,Vestavia,35243,2809 Five Oaks Lane,public_business_address_reviewed_for_future_reduced_precision,33.423397,-86.73501929999999,Beeswax Products; Honey,Farm,,Honey4BeeHam@gmail.com,internal_until_public_use_review,https://honeybeeham.org,https://www.facebook.com/profile.php?id=100069244105863,https://www.instagram.com/honey_beeham?fbclid=IwY2xjawQdJlNleHRuA2FlbQIxMABicmlkETFnblFGQTN0bWZGb1JpNXFvc3J0YwZhcHBfaWQQMjIyMDM5MTc4ODIwMDg5MgABHmFRSfxJ4_qjFV9ERqxWbZrHAImd7GCL5RTaEvpq8W9y4Iqtb2h5SwrjrVIy_aem_nWwcQO8lwBClEh9N_eoWVA,,True,False,True,False,False,True,False,1,alobs_d82e8592eba5ca1794a8,Sweet Grown Alabama — Farm members,https://www.sweetgrownalabama.org/find-sweet-grown,B,2026-07-15,promotion_eligible_reviewed,,Fields are selected by evidence grade; all underlying observations remain separately auditable.
AL-9C253D6DB7,Landarosa Ranch,landarosa ranch,farm,unique_source_name_reviewed,AL,Jefferson,Adger,,,public_business_address_reviewed_for_future_reduced_precision,,,Beef; direct-to-consumer meat,Cattle farm; direct-sale beef,,,internal_until_public_use_review,,,,,True,False,False,False,False,False,False,1,alobs_f6adac47e23f14026267,Alabama Cattlemen’s Association — Bama Beef Sales Directory,https://www.bamabeef.org/p/about/bama-beef-sales-directory,D,2026-07-15,promotion_eligible_reviewed,,Fields are selected by evidence grade; all underlying observations remain separately auditable.
AL-17A09BEDA8,Nelson Cattle and Hay LLC,nelson cattle and hay,farm,unique_source_name_reviewed,AL,Jefferson,Bessemer,35022,4095 Paradise Lane,public_business_address_reviewed_for_future_reduced_precision,33.3049625,-86.9746485,Hay,Farm,(205) 329-4126,nelsoncattle725@gmail.com,internal_until_public_use_review,https://nelsoncattleandhay.com/,,https://www.instagram.com/nelsoncattleco/,,True,False,False,False,False,False,False,1,alobs_5cc9496d32e85b3acb74,Sweet Grown Alabama — Farm members,https://www.sweetgrownalabama.org/find-sweet-grown,B,2026-07-15,promotion_eligible_reviewed,,Fields are selected by evidence grade; all underlying observations remain separately auditable.
AL-0561DA8150,Peach Acres Farms,peach acres farms,farm,unique_source_name_reviewed,AL,Jefferson,Bessemer,35020,600 Dixie Avenue,public_business_address_reviewed_for_future_reduced_precision,33.3678056,-86.9593321,Chicken; Eggs; Greens; Jams/Jellies; Peaches; Pears; Pork; Honey; Watermelon; Container Plants/Greenhouse & Nursery Products/Shrubs/Etc.; Blueberries; Herbs; Mushrooms; Pecans; Peppers,Agriculture Service/Organization; Farm,(205) 362-4469,sweetasapeachacres@gmail.com,internal_until_public_use_review,https://www.sweetasapeachcreativeca.com,https://www.facebook.com/profile.php?id=61582318951462,,https://www.tiktok.com/@sweetasapeachacres,True,False,False,False,False,False,False,1,alobs_18437e385909bdc64399,Sweet Grown Alabama — Farm members,https://www.sweetgrownalabama.org/find-sweet-grown,B,2026-07-15,promotion_eligible_reviewed,,Fields are selected by evidence grade; all underlying observations remain separately auditable.
AL-17D89E64BB,Pocahontas Produce,pocahontas produce,farm,merged_exact_name_reviewed,AL,Jefferson,Bessemer,35022,6146 Pocahontas Road,public_business_address_reviewed_for_future_reduced_precision,33.3267509,-86.98154919999999,U-pick crops; agritourism; Blueberries; U-Pick Fruit; Beans; Blackberries; Cucumbers; Peas; Tomatoes; Okra; Zucchini; Peppers,Agritourism; U-pick; agritourism; Farm,(205) 368-2091,Pocahontasprod@aol.com,internal_until_public_use_review,,https://www.facebook.com/pocahontasproduce/,,,True,False,False,False,True,False,False,3,alobs_7b857758da0da7c6e9d1 | alobs_f5bf197b0c2bde709619 | alobs_6f4a5d19872fca27c0d7,Alabama Farmers Market Authority — u-pick map | PickYourOwn — Central Alabama | Sweet Grown Alabama — Farm members,https://agi.alabama.gov/farmersmarket/locations/u-pick-location-map/ | https://www.pickyourown.org/ALbham.htm | https://www.sweetgrownalabama.org/find-sweet-grown,B; D,2026-07-15,promotion_eligible_reviewed,,Fields are selected by evidence grade; all underlying observations remain separately auditable.
AL-7FAF0E5E32,Robert and Ada Strickland,robert and ada strickland,farm,unique_source_name_reviewed,AL,Jefferson,Pinson,35126,8847 Emerald Lake Drive E,public_business_address_reviewed_for_future_reduced_precision,,,B - Blueberries,U-pick; agritourism,(205) 681-3985,,internal_until_public_use_review,,,,,True,False,False,False,True,False,False,1,alobs_0b0e8b54ed277587d506,PickYourOwn — Central Alabama,https://www.pickyourown.org/ALbham.htm,D,2026-07-15,promotion_eligible_reviewed,,Fields are selected by evidence grade; all underlying observations remain separately auditable.
AL-11BF1E28D5,THE BERRY PATCH,the berry patch,farm,unique_source_name_reviewed,AL,Jefferson,Hueytown,35023,805 Pinewood Ave,public_business_address_reviewed_for_future_reduced_precision,,,U-pick crops; agritourism,Agritourism; U-pick,205-491-3367,,internal_until_public_use_review,,,,,True,False,False,False,True,False,False,1,alobs_7d717e201e7715bd1788,Alabama Farmers Market Authority — u-pick map,https://agi.alabama.gov/farmersmarket/locations/u-pick-location-map/,B,2026-07-15,promotion_eligible_reviewed,,Fields are selected by evidence grade; all underlying observations remain separately auditable.
AL-B29715FA25,The Mathis Mini Farm,the mathis mini farm,farm,unique_source_name_reviewed,AL,Jefferson,Homewood,35209,660 Oakmoor Drive,public_business_address_reviewed_for_future_reduced_precision,33.4568707,-86.8324469,Strawberries; Beans; Cucumbers; Fresh Cut Flowers; Lettuce; Okra; Peas; Garlic; Peppers; Squash; Tomatoes; Sweet Corn,Farm,(205) 243-5391,TheMathisMiniFarm@gmail.com,internal_until_public_use_review,https://the-mathis-mini-farm.myshopify.com/,https://www.facebook.com/themathisminifarm,https://www.instagram.com/themathisminifarm/,,False,True,True,True,False,False,False,1,alobs_c042ed9d23897aeb17e6,Sweet Grown Alabama — Farm members,https://www.sweetgrownalabama.org/find-sweet-grown,B,2026-07-15,promotion_eligible_reviewed,,Fields are selected by evidence grade; all underlying observations remain separately auditable.
AL-537E01CBBB,Turkey Creek Ranch,turkey creek ranch,farm,unique_source_name_reviewed,AL,Jefferson,Trussville,,,public_business_address_reviewed_for_future_reduced_precision,,,Beef; direct-to-consumer meat,Cattle farm; direct-sale beef,713-304-9097,,internal_until_public_use_review,,,,,True,False,False,False,False,False,False,1,alobs_35f18098901567046407,Alabama Cattlemen’s Association — Bama Beef Sales Directory,https://www.bamabeef.org/p/about/bama-beef-sales-directory,D,2026-07-15,promotion_eligible_reviewed,,Fields are selected by evidence grade; all underlying observations remain separately auditable.
AL-28BA42015A,PLANT IN FAITH FARM,plant in faith farm,farm,merged_exact_name_reviewed,AL,Lamar,Millport,35576,7014 Mud Creek Rd,public_business_address_reviewed_for_future_reduced_precision,,,Farm products; direct-to-consumer sales,Farm stand; direct-to-consumer,662-364-6883,coreysgirl83@yahoo.com,internal_until_public_use_review,,,,,True,False,False,False,False,False,False,2,alobs_6a32fd4c4e31bd877dde | alobs_668f8b223b2f606882a9,Alabama FMA — 2026 statewide farm-stand roster | Alabama Farmers Market Authority — farm-stand map,https://agi.alabama.gov/farmersmarket/wp-content/uploads/sites/9/2023/02/2026-statewide-redemption-sites.pdf | https://agi.alabama.gov/farmersmarket/locations/farmers-stand-location-map/,B,2026-07-15,promotion_eligible_reviewed,,Fields are selected by evidence grade; all underlying observations remain separately auditable.
AL-DE29009FF4,Brown's Orchards and Vineyards,browns orchards and vineyards,farm,unique_source_name_reviewed,AL,Lauderdale,Florence,35634,1041 County Road 38,public_business_address_reviewed_for_future_reduced_precision,,,"muscadine grapes, peaches, school tours",U-pick; agritourism,256-757-6142,brownfarmsstrawberries@gmail.com,internal_until_public_use_review,https://brownfarmsstrawberries.com/,https://www.facebook.com/brownfarmsAL/,,,True,False,False,False,True,False,False,1,alobs_cc3e6d4bdf49d7528d31,PickYourOwn — North Alabama,https://www.pickyourown.org/ALhuntsv.htm,D,2026-07-15,promotion_eligible_reviewed,,Fields are selected by evidence grade; all underlying observations remain separately auditable.
AL-D67CEDA90A,Byers Farm,byers farm,farm,unique_source_name_reviewed,AL,Lauderdale,Anderson,35610,2801 County Road 89,public_business_address_reviewed_for_future_reduced_precision,34.928187,-87.318041,Baked Goods; Blackberries; Cantaloupe; Cucumbers; Eggs; Sweet Corn; Tomatoes; Watermelon; Beans; Peppers; Squash; Sweet Potatoes; Blueberries; Corn (Field); Greens; Lettuce; Okra; Peaches; Strawberries; Peas; Pumpkins,Farm,(256) 366-1573,Heithbyers78@gmail.com,internal_until_public_use_review,,,,,True,True,False,False,False,False,False,1,alobs_af093add6f641d0186b1,Sweet Grown Alabama — Farm members,https://www.sweetgrownalabama.org/find-sweet-grown,B,2026-07-15,promotion_eligible_reviewed,,Fields are selected by evidence grade; all underlying observations remain separately auditable.
AL-85BC4E2708,C&B Chaos Farms,c and b chaos farms,farm,unique_source_name_reviewed,AL,Lauderdale,Florence,35633,4785 CR-15,public_business_address_reviewed_for_future_reduced_precision,34.8334331,-87.7993982,Eggs,Farm,(256) 577-9657,cbchaosfarm@gmail.com,internal_until_public_use_review,,https://www.facebook.com/groups/293463196998052,https://www.instagram.com/cbchaosfarms/,,True,False,False,False,False,False,False,1,alobs_b03cc344c973a40b3c6f,Sweet Grown Alabama — Farm members,https://www.sweetgrownalabama.org/find-sweet-grown,B,2026-07-15,promotion_eligible_reviewed,,Fields are selected by evidence grade; all underlying observations remain separately auditable.
AL-EACDFF4456,Flo-Town Farms,flo town farms,farm,unique_source_name_reviewed,AL,Lauderdale,Florence,35633,11355 Hwy 157,public_business_address_reviewed_for_future_reduced_precision,34.9390358,-87.7720453,Beef; Pork; Beef Tallow; Pet Treats,Farm,(256) 284-0351,flotownfarms@gmail.com,internal_until_public_use_review,https://www.flotownfarms.com,https://www.facebook.com/Flotownfarms,https://www.instagram.com/flotownfarms/,,True,False,True,True,False,True,True,1,alobs_3133e679f08e824df124,Sweet Grown Alabama — Farm members,https://www.sweetgrownalabama.org/find-sweet-grown,B,2026-07-15,promotion_eligible_reviewed,,Fields are selected by evidence grade; all underlying observations remain separately auditable.
AL-8D9AB74BB3,FrogToe Family Farms,frogtoe family farms,farm,unique_source_name_reviewed,AL,Lauderdale,Waterloo,35677,2900 County Road 14,public_business_address_reviewed_for_future_reduced_precision,34.970471,-88.08305999999999,Blackberries; Watermelon; Baked Goods; Blueberries; Cantaloupe; Eggs; Fresh Cut Flowers; Cucumbers; Tomatoes,Farm,(703) 961-8663,frogtoefarm@gmail.com,internal_until_public_use_review,,https://www.facebook.com/FrogToeFarm,,,True,True,False,True,True,False,False,1,alobs_838d94010764ea6d008c,Sweet Grown Alabama — Farm members,https://www.sweetgrownalabama.org/find-sweet-grown,B,2026-07-15,promotion_eligible_reviewed,,Fields are selected by evidence grade; all underlying observations remain separately auditable.
AL-E03DA5853F,"Hines Family Farm, LLC",hines family farm,farm,merged_exact_name_reviewed,AL,Lauderdale,Killen,35645,100 County Road 144,public_business_address_reviewed_for_future_reduced_precision,34.9772922,-87.5180839,"Farm products; direct-to-consumer sales; U-pick crops; agritourism; strawberries,; Acidified Foods* (Pickles, Salsas, Relishes); Baked Goods; Peppers; Squash; Strawberries; Candy/Confections; Cucumbers; Eggs; Cantaloupe; Jams/Jellies; Okra; Honey; Lettuce; Tomatoes; Watermelon; Sweet Corn",Farm stand; direct-to-consumer; Agritourism; U-pick; agritourism; Farm,(256) 702-8075,hinesff@yahoo.com,internal_until_public_use_review,,https://www.facebook.com/hinesfamilyfarm,,,True,True,False,False,True,False,False,5,alobs_ce278f5f4dcefbcb8f05 | alobs_c3430c8179cda50ee94b | alobs_b12d43a87d8394789e31 | alobs_bb2b77f1a6305111c10a | alobs_0496864847d395a6be35,Alabama FMA — 2026 statewide farm-stand roster | Alabama Farmers Market Authority — farm-stand map | Alabama Farmers Market Authority — u-pick map | PickYourOwn — North Alabama | Sweet Grown Alabama — Farm members,https://agi.alabama.gov/farmersmarket/wp-content/uploads/sites/9/2023/02/2026-statewide-redemption-sites.pdf | https://agi.alabama.gov/farmersmarket/locations/farmers-stand-location-map/ | https://agi.alabama.gov/farmersmarket/locations/u-pick-location-map/ | https://www.pickyourown.org/ALhuntsv.htm | https://www.sweetgrownalabama.org/find-sweet-grown,B; D,2026-07-15,promotion_eligible_reviewed,,Fields are selected by evidence grade; all underlying observations remain separately auditable.
AL-258B46A6E1,Little Creek Farm,little creek farm,farm,unique_source_name_reviewed,AL,Lauderdale,Florence,35645,85 Sylvan Springs Drive,public_business_address_reviewed_for_future_reduced_precision,34.9051399,-87.5879865,Beef; Pork,Farm,(256) 436-2003,jeff@bigriverelectric.net,internal_until_public_use_review,https://www.littlecreekfarmal.com,https://www.facebook.com/littlecreekfarmAL2020/,,,False,True,True,True,False,True,False,1,alobs_c462bec436587f2dd153,Sweet Grown Alabama — Farm members,https://www.sweetgrownalabama.org/find-sweet-grown,B,2026-07-15,promotion_eligible_reviewed,,Fields are selected by evidence grade; all underlying observations remain separately auditable.
AL-8E97D4D667,MCGEE FARM,mcgee farm,farm,unique_source_name_reviewed,AL,Lauderdale,Florence,35633,8211 County Road 7,public_business_address_reviewed_for_future_reduced_precision,,,U-pick crops; agritourism,Agritourism; U-pick,256-766-2725,LENISMCGEEFARM@AOL.COM,internal_until_public_use_review,https://WWW.MCGEEFARM.COM,,,,True,False,False,False,True,False,False,1,alobs_5534ca2d1cc6559e50ca,Alabama Farmers Market Authority — u-pick map,https://agi.alabama.gov/farmersmarket/locations/u-pick-location-map/,B,2026-07-15,promotion_eligible_reviewed,,Fields are selected by evidence grade; all underlying observations remain separately auditable.
AL-C290A77770,RT's Farm,rts farm,farm,unique_source_name_reviewed,AL,Lauderdale,Lexington,35648,13164 Highway 101,public_business_address_reviewed_for_future_reduced_precision,,,"blackberries, blueberries, chestnuts, Seedless table grapes, wine grapes, muscadine grapes, pecans, raspberries (Autumn, red), walnuts, Other fruit or veg,",U-pick; agritourism,(256) 229-5361,rtfarmlexington@gmail.com,internal_until_public_use_review,,,,,True,False,False,False,True,False,False,1,alobs_4de1f36911bb4c1aa890,PickYourOwn — North Alabama,https://www.pickyourown.org/ALhuntsv.htm,D,2026-07-15,promotion_eligible_reviewed,,Fields are selected by evidence grade; all underlying observations remain separately auditable.
AL-CF972115CD,"The Flower Cartel, LLC",the flower cartel,farm,unique_source_name_reviewed,AL,Lauderdale,Killen,35645,20 County Road 415,public_business_address_reviewed_for_future_reduced_precision,34.827302,-87.436751,Fresh Cut Flowers,Farm,(256) 710-9906,flowers@theflowercartelllc.com,internal_until_public_use_review,https://theflowercartelllc.com,https://www.facebook.com/profile.php?id=61573504283173,,,False,False,False,False,False,True,False,1,alobs_08bde1bbaeaaa220757a,Sweet Grown Alabama — Farm members,https://www.sweetgrownalabama.org/find-sweet-grown,B,2026-07-15,promotion_eligible_reviewed,,Fields are selected by evidence grade; all underlying observations remain separately auditable.
AL-D6CB6EEEC4,J&J MINI FARMER MARKET,j and j mini farmer market,farm,merged_exact_name_reviewed,AL,Lawrence,Town Creek,35672,210 County Road 528,public_business_address_reviewed_for_future_reduced_precision,,,Farm products; direct-to-consumer sales,Farm stand; direct-to-consumer,256-483-5684 | 256-810-6544,ellamjones210@gmail.com,internal_until_public_use_review,,,,,True,False,False,False,False,False,False,2,alobs_1a1a5a31e6cbff418d39 | alobs_526dcd664ccd5fbe345c,Alabama FMA — 2026 statewide farm-stand roster | Alabama Farmers Market Authority — farm-stand map,https://agi.alabama.gov/farmersmarket/wp-content/uploads/sites/9/2023/02/2026-statewide-redemption-sites.pdf | https://agi.alabama.gov/farmersmarket/locations/farmers-stand-location-map/,B,2026-07-15,promotion_eligible_reviewed,,Fields are selected by evidence grade; all underlying observations remain separately auditable.
AL-E9EF74C82F,LouAllen Farms,louallen farms,farm,merged_exact_name_reviewed,AL,Lawrence,Moulton,35650,1974 County Road 177,public_business_address_reviewed_for_future_reduced_precision,34.469158,-87.3361412,Farm products; direct-to-consumer sales; U-pick crops; agritourism; strawberries; U-Pick Fruit; Container Plants; Greenhouse & Nursery Products; Shrubs; Okra; Peaches; Strawberries; Sweet Corn; Tomatoes; Onions,Farm stand; direct-to-consumer; Agritourism; U-pick; agritourism; Farm,(256) 974-0078,loualllw@yahoo.com,internal_until_public_use_review,https://www.louallenfarms.com,https://www.facebook.com/LouAllenFarms/,https://www.instagram.com/louallenfarms/,,True,True,False,False,True,False,True,5,alobs_e2b6ccde2cfac2849038 | alobs_c62be37b16abe20a24eb | alobs_c6c25c5bb1815182219b | alobs_89829dcdf63ec4503fbc | alobs_7b312f91bad465304d6d,Alabama FMA — 2026 statewide farm-stand roster | Alabama Farmers Market Authority — farm-stand map | Alabama Farmers Market Authority — u-pick map | PickYourOwn — North Alabama | Sweet Grown Alabama — Farm members,https://agi.alabama.gov/farmersmarket/wp-content/uploads/sites/9/2023/02/2026-statewide-redemption-sites.pdf | https://agi.alabama.gov/farmersmarket/locations/farmers-stand-location-map/ | https://agi.alabama.gov/farmersmarket/locations/u-pick-location-map/ | https://www.pickyourown.org/ALhuntsv.htm | https://www.sweetgrownalabama.org/find-sweet-grown,B; D,2026-07-15,promotion_eligible_reviewed,,Fields are selected by evidence grade; all underlying observations remain separately auditable.
AL-EC5903FCBF,Nielsen Homestead,nielsen homestead,farm,unique_source_name_reviewed,AL,Lawrence,Trinity,35673,9554 County Road 214,public_business_address_reviewed_for_future_reduced_precision,34.5553522,-87.1237362,"Acidified Foods* (Pickles, Salsas, Relishes); Blueberries; Beans; Cantaloupe; Container Plants; Dry Rubs/Spices; Cucumbers; Fresh Cut Flowers; Pumpkins; Strawberries; Sweet Corn; Herbs; Peppers; Tomatoes; Peas; Squash",Farm,(406) 439-5100,nielsenhomestead@outlook.com,internal_until_public_use_review,,,,,False,False,False,False,False,False,False,1,alobs_227be912a6f916b30b5a,Sweet Grown Alabama — Farm members,https://www.sweetgrownalabama.org/find-sweet-grown,B,2026-07-15,promotion_eligible_reviewed,,Fields are selected by evidence grade; all underlying observations remain separately auditable.
AL-D83B872F0A,Spruell Farms,spruell farms,farm,unique_source_name_reviewed,AL,Lawrence,Mount Hope,35651,189 County road 36,public_business_address_reviewed_for_future_reduced_precision,34.4545681,-87.4983555,Corn (Field); Pumpkin Patch; Wheat; Cotton/Cotton Products; Pumpkins; Soybeans,Agritourism; Farm,(501) 687-4078,office@spruellfarms.com,internal_until_public_use_review,https://spruellfarms.com,https://www.facebook.com/profile.php?id=61578912623035,,,True,False,False,False,True,False,False,1,alobs_ea0e1098e9b0b95d293e,Sweet Grown Alabama — Farm members,https://www.sweetgrownalabama.org/find-sweet-grown,B,2026-07-15,promotion_eligible_reviewed,,Fields are selected by evidence grade; all underlying observations remain separately auditable.
AL-AC19A50149,Sutton Farms,sutton farms,farm,unique_source_name_reviewed,AL,Lawrence,Moulton,,,public_business_address_reviewed_for_future_reduced_precision,,,Beef; direct-to-consumer meat,Cattle farm; direct-sale beef,256-394-4925,,internal_until_public_use_review,,,,,True,False,False,False,False,False,False,1,alobs_96e83a8896ffd3cb1171,Alabama Cattlemen’s Association — Bama Beef Sales Directory,https://www.bamabeef.org/p/about/bama-beef-sales-directory,D,2026-07-15,promotion_eligible_reviewed,,Fields are selected by evidence grade; all underlying observations remain separately auditable.
AL-21D7A7C113,The Flowering Farmhouse,the flowering farmhouse,farm,unique_source_name_reviewed,AL,Lawrence,Moulton,35650,526 County Road 251,public_business_address_reviewed_for_future_reduced_precision,34.5532243,-87.2682373,Fresh Cut Flowers,Farm; Agritourism,(256) 410-6547,thefloweringfarmhouse@gmail.com,internal_until_public_use_review,https://thefloweringfarmhousellc.square.site/?fbclid=IwZXh0bgNhZW0CMTAAAR159vJgEma2lA2A8tQzu8XLHZEcYKLXotkidlBst5hFZaCAME09Aa-VQhs_aem_ZmFrZWR1bW15MTZieXRlcw,https://www.facebook.com/profile.php?id=61555045392218,,,True,False,True,True,True,False,False,1,alobs_312aa159c0bcded96fd9,Sweet Grown Alabama — Farm members,https://www.sweetgrownalabama.org/find-sweet-grown,B,2026-07-15,promotion_eligible_reviewed,,Fields are selected by evidence grade; all underlying observations remain separately auditable.
AL-6E8FEFC830,Welborn Farm,welborn farm,farm,unique_source_name_reviewed,AL,Lawrence,Town Creek,35672,7488 County Road 236,public_business_address_reviewed_for_future_reduced_precision,34.5570057,-87.4031481,Beef,Farm,(256) 227-1274,rhwelborn@aol.com,internal_until_public_use_review,,https://www.facebook.com/groups/262725142860272/,,,True,False,False,True,False,False,False,1,alobs_2e5731af10b5c671baae,Sweet Grown Alabama — Farm members,https://www.sweetgrownalabama.org/find-sweet-grown,B,2026-07-15,promotion_eligible_reviewed,,Fields are selected by evidence grade; all underlying observations remain separately auditable.
AL-EA51672700,Wolf Springs Natives and Nursery,wolf springs natives and nursery,farm,unique_source_name_reviewed,AL,Lawrence,Town Creek,35672-6118,1190 Co Rd 235,public_business_address_reviewed_for_future_reduced_precision,34.6115055,-87.4719083,Baked Goods; Blueberries; Container Plants; Greens; Container Plants/Greenhouse & Nursery Products/Shrubs/Etc.; Flowers; Muscadine Grapes; Jams/Jellies; Peas; Beans; Blackberries; Eggs; Cucumbers; Okra; Pears; Pumpkins; Squash; Persimmons- Oriental; Pecans; Peppers; Strawberries; Sweet Corn; Tomatoes,Specialty Store; Farm,,wsnativesandnursery@hotmail.com,internal_until_public_use_review,,,,,True,True,False,False,False,False,False,1,alobs_bb18f00a44f0f40e9140,Sweet Grown Alabama — Farm members,https://www.sweetgrownalabama.org/find-sweet-grown,B,2026-07-15,promotion_eligible_reviewed,,Fields are selected by evidence grade; all underlying observations remain separately auditable.
AL-A639AEE3FD,AEM Veggies and Plants,aem veggies and plants,farm,unique_source_name_reviewed,AL,Lee,Opelika,36804,1270 Lee Rd 47,public_business_address_reviewed_for_future_reduced_precision,,,"Blackberries, tomatoes",U-pick; agritourism,(334) 745-4338,mickieeades@att.net,internal_until_public_use_review,,,,,True,False,False,False,True,False,False,1,alobs_2ca45d982eaef94fe64e,PickYourOwn — Southeast Alabama,https://www.pickyourown.org/ALmontg.htm,D,2026-07-15,promotion_eligible_reviewed,,Fields are selected by evidence grade; all underlying observations remain separately auditable.
AL-76641251A7,ALLENS BLUEBERRIES,allens blueberries,farm,merged_exact_name_reviewed,AL,Lee,Opelika,36804,2906 Old Columbus Rd,public_business_address_reviewed_for_future_reduced_precision,,,"Farm products; direct-to-consumer sales; U-pick crops; agritourism; blueberries, muscadine grapes,",Farm stand; Agritourism; U-pick; agritourism,334-610-5001,BILLYALLEN38@GMAIL.COM,internal_until_public_use_review,,,,,True,False,False,False,True,False,False,3,alobs_0d966c5a309d173a4aa7 | alobs_48b46643fe65c062aa3f | alobs_0893ab20cb2c46ba4054,Alabama FMA — 2026 statewide farm-stand roster | Alabama Farmers Market Authority — u-pick map | PickYourOwn — Southeast Alabama,https://agi.alabama.gov/farmersmarket/wp-content/uploads/sites/9/2023/02/2026-statewide-redemption-sites.pdf | https://agi.alabama.gov/farmersmarket/locations/u-pick-location-map/ | https://www.pickyourown.org/ALmontg.htm,B; D,2026-07-15,promotion_eligible_reviewed,,Fields are selected by evidence grade; all underlying observations remain separately auditable.
AL-1AA576018B,Auburn University Bee Lab,auburn university bee lab,farm,unique_source_name_reviewed,AL,Lee,Auburn,36832,952 Bee Lab Road,public_business_address_reviewed_for_future_reduced_precision,32.5986385,-85.50110649999999,Honey,Agriculture Service/Organization; Farm,(334) 844-5068,auburn.bees@gmail.com,internal_until_public_use_review,http://enpp.auburn.edu/geoffrey-williams/,https://www.facebook.com/auburnbees/,https://www.instagram.com/auburnbees/,,True,False,False,False,False,False,False,1,alobs_f865823cc99e4dde6369,Sweet Grown Alabama — Farm members,https://www.sweetgrownalabama.org/find-sweet-grown,B,2026-07-15,promotion_eligible_reviewed,,Fields are selected by evidence grade; all underlying observations remain separately auditable.
AL-2A9BC8E193,Blackwood Farms,blackwood farms,farm,unique_source_name_reviewed,AL,Lee,Auburn,36879,Lee Road 78,public_business_address_reviewed_for_future_reduced_precision,32.6724389,-85.6030492,Beans; Honey; Okra; Peaches; Pine Trees; Tomatoes,Farm,(334) 707-5410,winsley.bates@att.net,internal_until_public_use_review,,,,,False,True,False,False,False,False,False,1,alobs_4ff0dd6b73a8c04bc4cf,Sweet Grown Alabama — Farm members,https://www.sweetgrownalabama.org/find-sweet-grown,B,2026-07-15,promotion_eligible_reviewed,,Fields are selected by evidence grade; all underlying observations remain separately auditable.
AL-4CDFBCC9CD,Choctafaula LLC,choctafaula llc,farm,unique_source_name_reviewed,AL,Lee,Auburn,36832,929 Lee Road 14,public_business_address_reviewed_for_future_reduced_precision,32.4976926,-85.3744914,Pumpkins; Pumpkin Patch,Farm; Agritourism,(334) 209-1777,info@visitchoctafaula.com,internal_until_public_use_review,https://www.visitchoctafaula.com,https://www.facebook.com/choctafaula,https://www.instagram.com/choctafaula/,,True,False,False,False,True,False,False,1,alobs_16415972f6d46161f604,Sweet Grown Alabama — Farm members,https://www.sweetgrownalabama.org/find-sweet-grown,B,2026-07-15,promotion_eligible_reviewed,,Fields are selected by evidence grade; all underlying observations remain separately auditable.
AL-F656EA96D6,Dixieland Cattle Company,dixieland cattle company,farm,unique_source_name_reviewed,AL,Lee,Auburn,,,public_business_address_reviewed_for_future_reduced_precision,,,Beef; direct-to-consumer meat,Cattle farm; direct-sale beef,,,internal_until_public_use_review,,,,,True,False,False,False,False,False,False,1,alobs_4ebfcbedaa9d1b3d236e,Alabama Cattlemen’s Association — Bama Beef Sales Directory,https://www.bamabeef.org/p/about/bama-beef-sales-directory,D,2026-07-15,promotion_eligible_reviewed,,Fields are selected by evidence grade; all underlying observations remain separately auditable.
AL-28517B40E2,Dixon Farms,dixon farms,farm,unique_source_name_reviewed,AL,Lee,Salem,36874,5771 Lee Road 401,public_business_address_reviewed_for_future_reduced_precision,32.5031815,-85.2490827,Cotton/Cotton Products; Peanuts; Beef,Farm,(334) 704-3393,dixonangusfarms@gmail.com,internal_until_public_use_review,https://www.dixonangusfarm.com,https://www.facebook.com/DixonFarmsAL/,https://www.instagram.com/dixon_farms_/,,True,False,False,False,False,False,False,1,alobs_45c0f9e78bc22727ffce,Sweet Grown Alabama — Farm members,https://www.sweetgrownalabama.org/find-sweet-grown,B,2026-07-15,promotion_eligible_reviewed,,Fields are selected by evidence grade; all underlying observations remain separately auditable.
AL-0B0083812D,Extreme Green Farms,extreme green farms,farm,unique_source_name_reviewed,AL,Lee,Auburn,36830,2862 Sandhill Road,public_business_address_reviewed_for_future_reduced_precision,32.5332087,-85.47057699999999,Cucumbers; Tomatoes; Herbs; Lettuce; Microgreens,Farm,(678) 524-0247,exgfarms@gmail.com,internal_until_public_use_review,,https://www.facebook.com/profile.php?id=100064742016730,https://www.instagram.com/exgfarms/,,True,True,False,False,False,False,True,1,alobs_c970e525bea25506ddcd,Sweet Grown Alabama — Farm members,https://www.sweetgrownalabama.org/find-sweet-grown,B,2026-07-15,promotion_eligible_reviewed,,Fields are selected by evidence grade; all underlying observations remain separately auditable.
AL-E7749AAF11,Farmer in the Dell,farmer in the dell,farm,unique_source_name_reviewed,AL,Lee,Auburn,36830,6500 Wire Road,public_business_address_reviewed_for_future_reduced_precision,32.5400714,-85.5928476,Squash; Strawberries; Tomatoes; Peaches; Pumpkin Patch; U-Pick Fruit; Pumpkins; Watermelon,Agritourism; Farm,(334) 750-3792,foshemar@yahoo.com,internal_until_public_use_review,https://auburnpumpkinpatch.com,https://www.facebook.com/FITDAuburnAL,https://www.instagram.com/farmerinthedellpumpkinpatch/,,True,False,False,False,False,False,False,1,alobs_86598d53f8d06ce6710b,Sweet Grown Alabama — Farm members,https://www.sweetgrownalabama.org/find-sweet-grown,B,2026-07-15,promotion_eligible_reviewed,,Fields are selected by evidence grade; all underlying observations remain separately auditable.
AL-BFD860BCE6,FarmHub,farmhub,farm,unique_source_name_reviewed,AL,Lee,Opelika,36801,,public_business_address_reviewed_for_future_reduced_precision,32.7008882,-85.37562489999999,Elderberries; Beef; Honey; Eggs,Online Sales; Farm; Local Delivery,(786) 824-1479,info@farmhub.online,internal_until_public_use_review,https://www.farmhub.online/,https://www.facebook.com/MoxGDA,https://www.instagram.com/farmhub_ao/,,False,False,True,True,False,False,False,1,alobs_57cd9c1cd3edf0036404,Sweet Grown Alabama — Farm members,https://www.sweetgrownalabama.org/find-sweet-grown,B,2026-07-15,promotion_eligible_reviewed,,Fields are selected by evidence grade; all underlying observations remain separately auditable.
AL-4157A70650,Lazenby Farms,lazenby farms,farm,unique_source_name_reviewed,AL,Lee,Auburn,36830,5953 Lee Road 27,public_business_address_reviewed_for_future_reduced_precision,32.5045259,-85.4372149,Corn (Field); Cotton/Cotton Products; Peanuts; Sweet Corn,Farm,,mitch@lazenbyfarms.com,internal_until_public_use_review,,https://www.facebook.com/Lazenbyfarms,,,False,False,False,False,False,False,False,1,alobs_00162e5d97f18dd44520,Sweet Grown Alabama — Farm members,https://www.sweetgrownalabama.org/find-sweet-grown,B,2026-07-15,promotion_eligible_reviewed,,Fields are selected by evidence grade; all underlying observations remain separately auditable.
AL-F8B31BEAFF,MONICA MILLER,monica miller,farm,unique_source_name_reviewed,AL,Lee,Salem,36874,2270 Lee Road 240,public_business_address_reviewed_for_future_reduced_precision,,,U-pick crops; agritourism,Agritourism; U-pick,706-562-3610,,internal_until_public_use_review,,,,,True,False,False,False,True,False,False,1,alobs_57cb0c68217c5cf9b729,Alabama Farmers Market Authority — u-pick map,https://agi.alabama.gov/farmersmarket/locations/u-pick-location-map/,B,2026-07-15,promotion_eligible_reviewed,,Fields are selected by evidence grade; all underlying observations remain separately auditable.
AL-8DB9532C43,Randle Farms,randle farms,farm,unique_source_name_reviewed,AL,Lee,Auburn,36380,9215 Lee Rd 54,public_business_address_reviewed_for_future_reduced_precision,,,"Blueberries, honey, tomatoes, peppers, herbs. Call for other items",U-pick; agritourism,(334) 749-1073,,internal_until_public_use_review,http://www.randlefarms.com/,,,,True,False,False,False,True,False,False,1,alobs_1a87325c0b65810ec9a7,PickYourOwn — Southeast Alabama,https://www.pickyourown.org/ALmontg.htm,D,2026-07-15,promotion_eligible_reviewed,,Fields are selected by evidence grade; all underlying observations remain separately auditable.
AL-D49CD27D9C,Rosemont Farm,rosemont farm,farm,unique_source_name_reviewed,AL,Lee,Opelika,36804,1440 Lee Road 401,public_business_address_reviewed_for_future_reduced_precision,32.49883,-85.41128499999999,Eggs,Farm,(334) 750-5213,mccreba@aces.edu,internal_until_public_use_review,,,,,True,False,False,False,False,False,False,1,alobs_be59ea8246f83611b401,Sweet Grown Alabama — Farm members,https://www.sweetgrownalabama.org/find-sweet-grown,B,2026-07-15,promotion_eligible_reviewed,,Fields are selected by evidence grade; all underlying observations remain separately auditable.
AL-013DE7723E,Shade Tree Farm,shade tree farm,farm,merged_exact_name_reviewed,AL,Lee,Smiths Station,36877,815 Lee Road 288,public_business_address_reviewed_for_future_reduced_precision,,,"Tomatoes; vegetables; tomatoes, other vegetables,",Farm; direct sales; U-pick; agritourism,256-504-4102,,internal_until_public_use_review,,,,,True,False,False,False,True,False,False,2,alobs_a44c4129d29ac77024fe | alobs_270641207e46127094eb,FarmFinder curator verification — farm-owned or authoritative evidence | PickYourOwn — Southeast Alabama,https://www.pickyourown.org/tomato-farms/ALmontg-tomatoes.php | https://www.pickyourown.org/ALmontg.htm,D; E,2026-07-15,promotion_eligible_reviewed,,Fields are selected by evidence grade; all underlying observations remain separately auditable.
AL-F48DDE5C2F,Tender Love and Care Veterans Outreach and Farm,tender love and care veterans outreach and farm,farm,unique_source_name_reviewed,AL,Lee,Salem,36874,662 Lee Road 348,public_business_address_reviewed_for_future_reduced_precision,32.5095258,-85.324634,"Greens; Lettuce; Microgreens; Okra; Peas; Peppers; Squash; Sweet Potatoes; Acidified Foods* (Pickles, Salsas, Relishes); Container Plants/Greenhouse & Nursery Products/Shrubs/Etc.; Cucumbers; Dry Rubs/Spices; Container Plants; Herbs; Watermelon",Farm,(706) 505-5186,annointed333@gmail.com,internal_until_public_use_review,https://www.tlcoutreach.org,https://www.facebook.com/profile.php?id=61575727911273,,,True,True,False,False,False,False,False,1,alobs_0277ec29a1cf38f00087,Sweet Grown Alabama — Farm members,https://www.sweetgrownalabama.org/find-sweet-grown,B,2026-07-15,promotion_eligible_reviewed,,Fields are selected by evidence grade; all underlying observations remain separately auditable.
AL-460D1DE202,Unnamed bee seller — JB Harris,unnamed bee seller jb harris,farm,unique_source_name_reviewed,AL,Lee,Lee County service area,,,public_business_address_reviewed_for_future_reduced_precision,,,Bees; apiary products,Apiary / bee seller,334-759-1129,,internal_until_public_use_review,,,,,False,False,False,False,False,False,False,1,alobs_5552fd71183a2c8757f1,Alabama Plant Protection — Beekeepers Selling Bees,https://agi.alabama.gov/plantprotection/beeks-selling-bees/,B,2026-07-15,promotion_eligible_reviewed,,Fields are selected by evidence grade; all underlying observations remain separately auditable.
AL-95A0E7DE1A,757 Farms,757 farms,farm,unique_source_name_reviewed,AL,Limestone,Athens,,,public_business_address_reviewed_for_future_reduced_precision,,,Beef; direct-to-consumer meat,Cattle farm; direct-sale beef,256-497-7588,,internal_until_public_use_review,,,,,True,False,False,False,False,False,False,1,alobs_29aaebffb37cef7d0a97,Alabama Cattlemen’s Association — Bama Beef Sales Directory,https://www.bamabeef.org/p/about/bama-beef-sales-directory,D,2026-07-15,promotion_eligible_reviewed,,Fields are selected by evidence grade; all underlying observations remain separately auditable.
AL-D217B1CDD3,BluBailes Farms LLC,blubailes farms,farm,unique_source_name_reviewed,AL,Limestone,Athens,35611,15916 New Cut Road,public_business_address_reviewed_for_future_reduced_precision,34.8201122,-87.0367189,Mushrooms,Farm,(256) 258-9565,rachiede@gmail.com,internal_until_public_use_review,https://blubailes-farms.com,https://www.facebook.com/BluBailesFarms,,,False,False,False,False,False,False,False,1,alobs_e80f35c4c27c6bd6d9fe,Sweet Grown Alabama — Farm members,https://www.sweetgrownalabama.org/find-sweet-grown,B,2026-07-15,promotion_eligible_reviewed,,Fields are selected by evidence grade; all underlying observations remain separately auditable.
AL-F62CB38256,Hicks Ridge Farm,hicks ridge farm,farm,unique_source_name_reviewed,AL,Limestone,Elkmont,35620,20291 Hogan Drive,public_business_address_reviewed_for_future_reduced_precision,34.9159132,-86.9585561,"Blackberries; Jams/Jellies; Okra; Sweet Corn; Chicken; Pumpkins; Strawberries; Watermelon; Container Plants/Greenhouse & Nursery Products/Shrubs/Etc.; Acidified Foods* (Pickles, Salsas, Relishes); Baked Goods; Cantaloupe; Honey; Lettuce; Pine Trees; Sauces/Condiments; Apples; Eggs; Peaches; Squash; Beans; Blueberries; Corn (Field); Dry Rubs/Spices; Wood Products; Candy/Confections; Cucumbers; Microgreens; Pecans; Greens; Muscadine Grapes; Peppers; Tomatoes; Herbs",Farm,(256) 278-9782,info@hicksridge.com,internal_until_public_use_review,https://www.hicksridge.com,https://www.facebook.com/profile.php?id=100089769756196,https://www.instagram.com/hicksridgefarm/,,True,True,True,True,True,False,False,1,alobs_98c74eccd51e2e43c27a,Sweet Grown Alabama — Farm members,https://www.sweetgrownalabama.org/find-sweet-grown,B,2026-07-15,promotion_eligible_reviewed,,Fields are selected by evidence grade; all underlying observations remain separately auditable.
AL-0FFA041F12,High Line Farms,high line farms,farm,unique_source_name_reviewed,AL,Limestone,Athens,,,public_business_address_reviewed_for_future_reduced_precision,,,Beef; direct-to-consumer meat,Cattle farm; direct-sale beef,256-874-4844,,internal_until_public_use_review,,,,,True,False,False,False,False,False,False,1,alobs_bb0e980693755cef6c7b,Alabama Cattlemen’s Association — Bama Beef Sales Directory,https://www.bamabeef.org/p/about/bama-beef-sales-directory,D,2026-07-15,promotion_eligible_reviewed,,Fields are selected by evidence grade; all underlying observations remain separately auditable.
AL-10316DB80D,Isom's Orchard,isoms orchard,farm,merged_exact_name_reviewed,AL,Limestone,Athens,35613,24012 Hwy 72 E,public_business_address_reviewed_for_future_reduced_precision,,,Farm products; direct-to-consumer sales; U-pick crops; agritourism; peaches,Farm stand; direct-to-consumer; Agritourism; U-pick; agritourism,256-497-3786,isomorchard@gmail.com,internal_until_public_use_review,,https://www.facebook.com/isomsorchard,,,True,False,False,False,True,False,False,4,alobs_b403f7ed8782348a4f48 | alobs_8168d18e59eafdd101eb | alobs_13937be8fa97332a2e1a | alobs_c0b4cfa78cf72e5d5474,Alabama FMA — 2026 statewide farm-stand roster | Alabama Farmers Market Authority — farm-stand map | Alabama Farmers Market Authority — u-pick map | PickYourOwn — North Alabama,https://agi.alabama.gov/farmersmarket/wp-content/uploads/sites/9/2023/02/2026-statewide-redemption-sites.pdf | https://agi.alabama.gov/farmersmarket/locations/farmers-stand-location-map/ | https://agi.alabama.gov/farmersmarket/locations/u-pick-location-map/ | https://www.pickyourown.org/ALhuntsv.htm,B; D,2026-07-15,promotion_eligible_reviewed,,Fields are selected by evidence grade; all underlying observations remain separately auditable.
AL-B0EEEBF6B1,MapleWood Farm L.L.C,maplewood farm l l c,farm,unique_source_name_reviewed,AL,Limestone,Athens,35611,14594 Zehner Road,public_business_address_reviewed_for_future_reduced_precision,34.7710284,-87.0698638,"Acidified Foods* (Pickles, Salsas, Relishes); Butter; Cucumbers; Fresh Cut Flowers; Apples; Chicken; Honey; Baked Goods; Greens; Sweet Potatoes; Beef; Strawberries; Tomatoes; Blackberries; Cantaloupe; Eggs; Blueberries; Herbs; Squash; Sweet Corn; Watermelon; Jams/Jellies; Lettuce; Peppers; Pork; Sauces/Condiments; Okra; Peaches; Peas; Pumpkins",Farm,(256) 656-9415,14594farm@gmail.com,internal_until_public_use_review,https://maplewoodfarmal.com,https://www.facebook.com/zehnerroad,https://www.instagram.com/maplewood_farms/,,True,False,False,False,False,False,False,1,alobs_ba2d532ad89317d5cb52,Sweet Grown Alabama — Farm members,https://www.sweetgrownalabama.org/find-sweet-grown,B,2026-07-15,promotion_eligible_reviewed,,Fields are selected by evidence grade; all underlying observations remain separately auditable.
AL-36D1C0FFDB,Pecan Grove Farm,pecan grove farm,farm,unique_source_name_reviewed,AL,Limestone,Athens,35611,17656 W Washington Street,public_business_address_reviewed_for_future_reduced_precision,34.7935194,-87.00668040000001,Turkey; Chicken; Eggs,Farm,(256) 777-2552,pecangrovefarmal@gmail.com,internal_until_public_use_review,,https://www.facebook.com/profile.php?id=100087144050869,https://www.instagram.com/pecangrovefarmal/,,True,False,False,False,False,False,False,1,alobs_eda80630b64cab12e623,Sweet Grown Alabama — Farm members,https://www.sweetgrownalabama.org/find-sweet-grown,B,2026-07-15,promotion_eligible_reviewed,,Fields are selected by evidence grade; all underlying observations remain separately auditable.
AL-D79013304A,"Peek Farms, LLC",peek farms,farm,unique_source_name_reviewed,AL,Limestone,Athens,,,public_business_address_reviewed_for_future_reduced_precision,,,Beef; direct-to-consumer meat,Cattle farm; direct-sale beef,256-710-8085,,internal_until_public_use_review,,,,,True,False,False,False,False,False,False,1,alobs_a1277a943076fcd296a6,Alabama Cattlemen’s Association — Bama Beef Sales Directory,https://www.bamabeef.org/p/about/bama-beef-sales-directory,D,2026-07-15,promotion_eligible_reviewed,,Fields are selected by evidence grade; all underlying observations remain separately auditable.
AL-516ED6D40A,Pepper Orchard,pepper orchard,farm,unique_source_name_reviewed,AL,Limestone,Lester,35647,28581 Clover Lane,public_business_address_reviewed_for_future_reduced_precision,34.9837852,-87.16136449999999,Nectarines; Peaches; Plums; Apples,Farm,(256) 497-9877,scottpepper1960@gmail.com,internal_until_public_use_review,,,,,False,True,False,False,False,False,False,1,alobs_da9499e5acc793a4191f,Sweet Grown Alabama — Farm members,https://www.sweetgrownalabama.org/find-sweet-grown,B,2026-07-15,promotion_eligible_reviewed,,Fields are selected by evidence grade; all underlying observations remain separately auditable.
AL-534034CB3E,RockWood Farms,rockwood farms,farm,unique_source_name_reviewed,AL,Limestone,Elkmont,35620-7627,25110 Cabbage Ridge Road,public_business_address_reviewed_for_future_reduced_precision,34.9210845,-87.0783281,Candy/Confections; Apples; Baked Goods; Beef; Blackberries; Blueberries; Container Plants/Greenhouse & Nursery Products/Shrubs/Etc.; Container Plants; Eggs; Fresh Cut Flowers; Herbs; Peaches; Jams/Jellies,Farm,(816) 262-6434,hvthompson82@gmail.com,internal_until_public_use_review,,,,,True,False,False,False,False,False,False,1,alobs_2ffab44b165bf80ddd1c,Sweet Grown Alabama — Farm members,https://www.sweetgrownalabama.org/find-sweet-grown,B,2026-07-15,promotion_eligible_reviewed,,Fields are selected by evidence grade; all underlying observations remain separately auditable.
AL-3501B79D7E,Southard Farms,southard farms,farm,unique_source_name_reviewed,AL,Limestone,Madison,35756,27405 Huntsville Brownsferry Road,public_business_address_reviewed_for_future_reduced_precision,34.7298061,-86.8346037,Chicken; Eggs; Pork,Farm,256-206-0868,Keith.L.Southard@gmail.com,internal_until_public_use_review,https://www.southardfarm.com,https://www.facebook.com/SouthardFarms,,,True,True,True,True,False,False,False,1,alobs_0d4bab6022da76acf31b,Sweet Grown Alabama — Farm members,https://www.sweetgrownalabama.org/find-sweet-grown,B,2026-07-15,promotion_eligible_reviewed,,Fields are selected by evidence grade; all underlying observations remain separately auditable.
AL-1B64F7AB9B,Stebbins Family Farm LLC,stebbins family farm,farm,unique_source_name_reviewed,AL,Limestone,Athens,35614,24426 Flanagan Road,public_business_address_reviewed_for_future_reduced_precision,34.9072479,-87.1932842,Baked Goods; Chicken; Eggs,Farm,(503) 308-3773,stebbinsfamilyfarm@gmail.com,internal_until_public_use_review,https://stebbinsfamilyfarm.com,https://www.facebook.com/Stebbins-Family-Farm-108439878457612,https://www.instagram.com/stebbins_family_farm/,,True,False,True,True,False,False,False,1,alobs_2de63a2d5135096ca76a,Sweet Grown Alabama — Farm members,https://www.sweetgrownalabama.org/find-sweet-grown,B,2026-07-15,promotion_eligible_reviewed,,Fields are selected by evidence grade; all underlying observations remain separately auditable.
AL-A458F06DCE,Unnamed bee seller — Larry Hopkins,unnamed bee seller larry hopkins,farm,unique_source_name_reviewed,AL,Limestone,Limestone County service area,,,public_business_address_reviewed_for_future_reduced_precision,,,Bees; apiary products,Apiary / bee seller,256-776-6966,,internal_until_public_use_review,,,,,False,False,False,False,False,False,False,1,alobs_d1764db6b89668038e17,Alabama Plant Protection — Beekeepers Selling Bees,https://agi.alabama.gov/plantprotection/beeks-selling-bees/,B,2026-07-15,promotion_eligible_reviewed,,Fields are selected by evidence grade; all underlying observations remain separately auditable.
AL-F3723B23E8,Wicked Garlic LLC,wicked garlic,farm,unique_source_name_reviewed,AL,Limestone,Ardmore,35739,28116 Mitchell Loop,public_business_address_reviewed_for_future_reduced_precision,34.9516242,-86.8175231,Fresh Cut Flowers; Garlic,Farm,,wickedgarlical@gmail.com,internal_until_public_use_review,,https://www.facebook.com/Wicked-Garlic-LLC-103319581985097,https://www.instagram.com/wicked_garlic_llc/,,True,True,False,False,False,True,False,1,alobs_082478f6040e176a709f,Sweet Grown Alabama — Farm members,https://www.sweetgrownalabama.org/find-sweet-grown,B,2026-07-15,promotion_eligible_reviewed,,Fields are selected by evidence grade; all underlying observations remain separately auditable.
AL-6454C86FD6,CK Cattle,ck cattle,farm,merged_exact_name_reviewed,AL,Lowndes,Hope Hull,36043,232 Cruise Road,public_business_address_reviewed_for_future_reduced_precision,32.2483634,-86.455941,Beef; direct-to-consumer meat,Cattle farm; direct-sale beef; Farm,(334) 657-5850,katmevans@gmail.com,internal_until_public_use_review,https://ckcattle.com/,https://www.facebook.com/ckcattle1,https://www.instagram.com/ckcattleal/,,True,False,False,False,False,False,False,2,alobs_7e73253f01ceb0faf703 | alobs_b90f788501b33502b7f5,Alabama Cattlemen’s Association — Bama Beef Sales Directory | Sweet Grown Alabama — Farm members,https://www.bamabeef.org/p/about/bama-beef-sales-directory | https://www.sweetgrownalabama.org/find-sweet-grown,B; D,2026-07-15,promotion_eligible_reviewed,,Fields are selected by evidence grade; all underlying observations remain separately auditable.
AL-CB7D9781FE,JSJ Produce,jsj produce,farm,unique_source_name_reviewed,AL,Lowndes,Burkville,36752,1292 Frederick Douglas Rd,public_business_address_reviewed_for_future_reduced_precision,32.2508692,-86.5360706,Greens; Sweet Corn; Squash,Farm,(334) 300-3011,cheuitasurles@yahoo.com,internal_until_public_use_review,,,,,True,True,False,True,False,False,True,1,alobs_15afae244b17141629ed,Sweet Grown Alabama — Farm members,https://www.sweetgrownalabama.org/find-sweet-grown,B,2026-07-15,promotion_eligible_reviewed,,Fields are selected by evidence grade; all underlying observations remain separately auditable.
AL-0037BDF918,MP's Vegetable Fruits LLC,mps vegetable fruits,farm,merged_exact_name_reviewed,AL,Lowndes,Lowndesboro,36752,4371 State Highway 21 N,public_business_address_reviewed_for_future_reduced_precision,,,Farm products; direct-to-consumer sales; U-pick crops; agritourism,Farm stand; direct-to-consumer; Agritourism; U-pick,862-368-8339 | 334-286-8966,mimsbebe@icloud.com,internal_until_public_use_review,,,,,True,False,False,False,True,False,False,2,alobs_ef53108254a4e73ea3e5 | alobs_d8d9c8f12026710afc06,Alabama Farmers Market Authority — farm-stand map | Alabama Farmers Market Authority — u-pick map,https://agi.alabama.gov/farmersmarket/locations/farmers-stand-location-map/ | https://agi.alabama.gov/farmersmarket/locations/u-pick-location-map/,B,2026-07-15,promotion_eligible_reviewed,,Fields are selected by evidence grade; all underlying observations remain separately auditable.
AL-6012F11A93,"MP’s Vegetable Fruit, LLC",mps vegetable fruit,farm,unique_source_name_reviewed,AL,Lowndes,Lowndes County service area,,,public_business_address_reviewed_for_future_reduced_precision,,,Farm products; direct-to-consumer sales,Farm stand,,,internal_until_public_use_review,,,,,True,False,False,False,False,False,False,1,alobs_6c0383d5c517ae564779,Alabama FMA — 2026 statewide farm-stand roster,https://agi.alabama.gov/farmersmarket/wp-content/uploads/sites/9/2023/02/2026-statewide-redemption-sites.pdf,B,2026-07-15,promotion_eligible_reviewed,,Fields are selected by evidence grade; all underlying observations remain separately auditable.
AL-24CF741E62,Pecan Place Farm,pecan place farm,farm,unique_source_name_reviewed,AL,Lowndes,Lowndesboro,36752,14 Broad Street,public_business_address_reviewed_for_future_reduced_precision,32.2803024,-86.61002979999999,Sweet Corn,Farm,(334) 300-4273,jerryjoelandman@gmail.com,internal_until_public_use_review,,,,,False,False,False,False,False,False,False,1,alobs_ff86afe2a3bc64434ba4,Sweet Grown Alabama — Farm members,https://www.sweetgrownalabama.org/find-sweet-grown,B,2026-07-15,promotion_eligible_reviewed,,Fields are selected by evidence grade; all underlying observations remain separately auditable.
AL-42F96ECB88,Sweetgum Ridge Apiaries,sweetgum ridge apiaries,farm,unique_source_name_reviewed,AL,Lowndes,Lowndesboro,36752,115 Newport Landing Road,public_business_address_reviewed_for_future_reduced_precision,32.3505055,-86.6047639,Honey,Farm,(334) 799-3158,longbowkp08@gmail.com,internal_until_public_use_review,https://www.buysweetgumridgehoney.com/?fbclid=IwY2xjawL4cvpleHRuA2FlbQIxMABicmlkETF1Y1hPeXhkbWxNVEpZbFVXAR7LK0Gua1zaPyNaav0yU_MJ87-KRlIyD8xlDmQ8ROpddVIbkbmU3e2ljlxZGQ_aem_zcFTu4663qAGBxjTUjJnDw,https://www.facebook.com/sweetgumridgehoneybees,,,True,False,True,True,False,False,False,1,alobs_134371f787b80c3afdcc,Sweet Grown Alabama — Farm members,https://www.sweetgrownalabama.org/find-sweet-grown,B,2026-07-15,promotion_eligible_reviewed,,Fields are selected by evidence grade; all underlying observations remain separately auditable.
AL-9CA1CD8264,SweetGum Ridge Apiary,sweetgum ridge apiary,farm,unique_source_name_reviewed,AL,Lowndes,Lowndes County service area,,,public_business_address_reviewed_for_future_reduced_precision,,,Bees; apiary products,Apiary / bee seller,334-799-3158,,internal_until_public_use_review,,,,,False,False,False,False,False,False,False,1,alobs_78ea82289eecbd8d9d99,Alabama Plant Protection — Beekeepers Selling Bees,https://agi.alabama.gov/plantprotection/beeks-selling-bees/,B,2026-07-15,promotion_eligible_reviewed,,Fields are selected by evidence grade; all underlying observations remain separately auditable.
AL-E59048E57C,Trinity Farms,trinity farms,farm,merged_exact_name_reviewed,AL,Lowndes,Hope Hull,36043,9288 County Road 37,public_business_address_reviewed_for_future_reduced_precision,32.1428056,-86.4930768,Beef; direct-to-consumer meat; Pork,Cattle farm; direct-sale beef; Farm,(256) 527-4780,dlee_tfarms@yahoo.com,internal_until_public_use_review,https://www.tfcattle.com/?fbclid=IwAR0LHHAyxji4Sp8jhZg3F1AiQKLZmL9dSGqdyurFf7a8dOjae_qe-yT5Dc8,https://www.facebook.com/trinityfarmscattle/,https://www.instagram.com/trinityfarms89/,,True,False,False,False,False,True,False,2,alobs_196d7b75c32de9c93225 | alobs_5bd6cdb105bb0013f7ac,Alabama Cattlemen’s Association — Bama Beef Sales Directory | Sweet Grown Alabama — Farm members,https://www.bamabeef.org/p/about/bama-beef-sales-directory | https://www.sweetgrownalabama.org/find-sweet-grown,B; D,2026-07-15,promotion_eligible_reviewed,,Fields are selected by evidence grade; all underlying observations remain separately auditable.
AL-6013EE9884,Triple O Farms,triple o farms,farm,unique_source_name_reviewed,AL,Lowndes,Lowndesboro,,,public_business_address_reviewed_for_future_reduced_precision,,,Beef; direct-to-consumer meat,Cattle farm; direct-sale beef,334-303-4675,,internal_until_public_use_review,,,,,True,False,False,False,False,False,False,1,alobs_ae622ec37366a32a30d4,Alabama Cattlemen’s Association — Bama Beef Sales Directory,https://www.bamabeef.org/p/about/bama-beef-sales-directory,D,2026-07-15,promotion_eligible_reviewed,,Fields are selected by evidence grade; all underlying observations remain separately auditable.
AL-724ACD0EBE,Hibiscus Roselle at Tuskegee Honey,hibiscus roselle at tuskegee honey,farm,unique_source_name_reviewed,AL,Macon,Tuskegee,36083,,public_business_address_reviewed_for_future_reduced_precision,32.430237,-85.7077266,Hibiscus; Honey,Farm,(334) 552-1094,tuskegeehoney@gmail.com,internal_until_public_use_review,https://tuskegeehoney.com,https://www.facebook.com/tuskegeehoney,https://www.instagram.com/tuskegeehoney?fbclid=IwZXh0bgNhZW0CMTAAAR15Od-B7Jyl05Yzxvl4LJAViye3-2nmVgO2S-4WSOWCXs7gL9nRx3GfJ6E_aem_ZmFrZWR1bW15MTZieXRlcw,,False,False,True,False,False,False,False,1,alobs_f0a8d0029a6c66622550,Sweet Grown Alabama — Farm members,https://www.sweetgrownalabama.org/find-sweet-grown,B,2026-07-15,promotion_eligible_reviewed,,Fields are selected by evidence grade; all underlying observations remain separately auditable.
AL-BAF2EEB4B2,Hornsby Farms,hornsby farms,farm,unique_source_name_reviewed,AL,Macon,Auburn,36830,1235 Bufford Road,public_business_address_reviewed_for_future_reduced_precision,32.4804459,-85.54127299999999,"Acidified Foods* (Pickles, Salsas, Relishes); Beans; Blackberries; Blueberries; Cantaloupe; Cucumbers; Fresh Cut Flowers; Hemp/Seed/Clones/Biomass; Herbs; Honey; Jams/Jellies; Muscadine Grapes; Okra; Peaches; Peas; Pears; Peppers; Pork; Squash; Sweet Corn; Tomatoes; Watermelon",Online Sales; Farm,(334) 728-1489,Hornsbyfarms@gmail.com,internal_until_public_use_review,https://www.hornsbyfarms.com,https://www.facebook.com/HornsbyFarms/,https://www.instagram.com/hornsbyfarms/,,True,True,True,False,False,True,False,1,alobs_5023f152572285441b90,Sweet Grown Alabama — Farm members,https://www.sweetgrownalabama.org/find-sweet-grown,B,2026-07-15,promotion_eligible_reviewed,,Fields are selected by evidence grade; all underlying observations remain separately auditable.
AL-9946F2A601,J-M Cattle,j m cattle,farm,unique_source_name_reviewed,AL,Macon,Notasulga,,,public_business_address_reviewed_for_future_reduced_precision,,,Beef; direct-to-consumer meat,Cattle farm; direct-sale beef,334-447-0509,,internal_until_public_use_review,,,,,True,False,False,False,False,False,False,1,alobs_913385d8932e90d68367,Alabama Cattlemen’s Association — Bama Beef Sales Directory,https://www.bamabeef.org/p/about/bama-beef-sales-directory,D,2026-07-15,promotion_eligible_reviewed,,Fields are selected by evidence grade; all underlying observations remain separately auditable.
AL-2FFC923B15,King's Farm,kings farm,farm,merged_exact_name_reviewed,AL,Macon,Notasulga,36866,1870 County Road 38,public_business_address_reviewed_for_future_reduced_precision,,,Farm products; direct-to-consumer sales,Farm stand; direct-to-consumer,334-401-0230,,internal_until_public_use_review,,,,,True,False,False,False,False,False,False,2,alobs_4e3da791ad960a0d0e85 | alobs_97763c9f619f86c4c36e,Alabama FMA — 2026 statewide farm-stand roster | Alabama Farmers Market Authority — farm-stand map,https://agi.alabama.gov/farmersmarket/wp-content/uploads/sites/9/2023/02/2026-statewide-redemption-sites.pdf | https://agi.alabama.gov/farmersmarket/locations/farmers-stand-location-map/,B,2026-07-15,promotion_eligible_reviewed,,Fields are selected by evidence grade; all underlying observations remain separately auditable.
AL-0662500E18,Lone Oak,lone oak,farm,unique_source_name_reviewed,AL,Macon,Macon County service area,,,public_business_address_reviewed_for_future_reduced_precision,,,"beef, and in some years strawberries,",U-pick; agritourism,334-301-6134,dawnsmith2011@gmail.com,internal_until_public_use_review,,https://www.facebook.com/p/Lone-Oak-Farm-100064871012836/,,,True,False,False,False,True,False,False,1,alobs_a19861f10e228a19a523,PickYourOwn — Southeast Alabama,https://www.pickyourown.org/ALmontg.htm,D,2026-07-15,promotion_eligible_reviewed,,Fields are selected by evidence grade; all underlying observations remain separately auditable.
AL-4E281AB208,Lone Oak Farm,lone oak farm,farm,unique_source_name_reviewed,AL,Macon,Notasulga,,,public_business_address_reviewed_for_future_reduced_precision,,,Beef; direct-to-consumer meat,Cattle farm; direct-sale beef,334-301-6134,,internal_until_public_use_review,,,,,True,False,False,False,False,False,False,1,alobs_3c9e4ba8ce2ccf75c165,Alabama Cattlemen’s Association — Bama Beef Sales Directory,https://www.bamabeef.org/p/about/bama-beef-sales-directory,D,2026-07-15,promotion_eligible_reviewed,,Fields are selected by evidence grade; all underlying observations remain separately auditable.
AL-32FF6CC55E,"MDB Apiaries, LLC",mdb apiaries,farm,unique_source_name_reviewed,AL,Macon,Tuskegee,36083,690 County Road 81,public_business_address_reviewed_for_future_reduced_precision,32.3957132,-85.76461259999999,Honey,Farm,(334) 538-1384,mdbapiaries@gmail.com,internal_until_public_use_review,https://mdb-apiaries.com,https://www.facebook.com/profile.php?id=61563936009729,,,True,False,False,False,False,False,False,1,alobs_63a8bdea94e5adee06b2,Sweet Grown Alabama — Farm members,https://www.sweetgrownalabama.org/find-sweet-grown,B,2026-07-15,promotion_eligible_reviewed,,Fields are selected by evidence grade; all underlying observations remain separately auditable.
AL-29B5FD0191,Midnight Microgreens,midnight microgreens,farm,unique_source_name_reviewed,AL,Macon,Auburn,36830,,public_business_address_reviewed_for_future_reduced_precision,32.4796915,-85.49941919999999,Mushrooms; Microgreens,Farm,(309) 256-6478,samsmith@midnightmicrogreens.com,internal_until_public_use_review,,,,,False,True,False,False,False,True,False,1,alobs_c97970165bd8ffd7264c,Sweet Grown Alabama — Farm members,https://www.sweetgrownalabama.org/find-sweet-grown,B,2026-07-15,promotion_eligible_reviewed,,Fields are selected by evidence grade; all underlying observations remain separately auditable.
AL-92B9A8F9B2,Pecanderosa,pecanderosa,farm,unique_source_name_reviewed,AL,Macon,Notasulga,36866,5705 Tallapoosa Street,public_business_address_reviewed_for_future_reduced_precision,32.5749277,-85.7564646,Pecans,Online Sales; Farm,(832) 444-2606,cmcgheef@sbcglobal.net,internal_until_public_use_review,https://www.pecanderosaorchard.com/,https://www.facebook.com/The-Pecanderosa-105543395269549,https://www.instagram.com/thepecanderosa/,,False,False,True,False,False,True,False,1,alobs_45817aede29bc10607a1,Sweet Grown Alabama — Farm members,https://www.sweetgrownalabama.org/find-sweet-grown,B,2026-07-15,promotion_eligible_reviewed,,Fields are selected by evidence grade; all underlying observations remain separately auditable.
AL-E6E5452E1C,Shady Grove Road Blueberry Patch LLC,shady grove road blueberry patch,farm,merged_exact_name_reviewed,AL,Macon,Tuskegee,36083,690 County Road 81,public_business_address_reviewed_for_future_reduced_precision,32.3957132,-85.76461259999999,"Uses natural growing practices , blueberries, U-pick and already picked, porta-potties are available | Macon County Road 81, Tuskegee, AL 36083.; Blueberries; Container Plants/Greenhouse & Nursery Products/Shrubs/Etc.; Dry Rubs/Spices; Herbs; Honey; Jams/Jellies; U-Pick Fruit",U-pick; agritourism; Farm; Agritourism,(334) 521-6006,sgberrypatch@outlook.com,internal_until_public_use_review,https://linktr.ee/sgrbp,https://www.facebook.com/Shadygroveroadblueberrypatch/,https://www.instagram.com/sgrbpatch,,True,True,False,False,True,True,False,2,alobs_eb512dc026aac9f81e6a | alobs_6daba078c6cbb8b97d21,PickYourOwn — Southeast Alabama | Sweet Grown Alabama — Farm members,https://www.pickyourown.org/ALmontg.htm | https://www.sweetgrownalabama.org/find-sweet-grown,B; D,2026-07-15,promotion_eligible_reviewed,,Fields are selected by evidence grade; all underlying observations remain separately auditable.
AL-6AA1BC5786,Smith's Farm and Ranch,smiths farm and ranch,farm,merged_exact_name_reviewed,AL,Macon,Tuskegee,36083,7008 Us Highway 29 S,public_business_address_reviewed_for_future_reduced_precision,32.3359613,-85.6685507,Farm products; direct-to-consumer sales; Hay; Watermelon; Greens; Okra; Beef; Cucumbers; Peas,Farm stand; direct-to-consumer; Farm,(334) 614-0283,sfar.eden@gmail.com,internal_until_public_use_review,https://www.smithsfarmandranch.com,https://www.facebook.com/share/17sY2JiZnu/,,,True,False,True,False,False,False,False,3,alobs_3e1730d2387583eb8f77 | alobs_d1f371c9e766e8733240 | alobs_94781302c1139032e2b6,Alabama FMA — 2026 statewide farm-stand roster | Alabama Farmers Market Authority — farm-stand map | Sweet Grown Alabama — Farm members,https://agi.alabama.gov/farmersmarket/wp-content/uploads/sites/9/2023/02/2026-statewide-redemption-sites.pdf | https://agi.alabama.gov/farmersmarket/locations/farmers-stand-location-map/ | https://www.sweetgrownalabama.org/find-sweet-grown,B,2026-07-15,promotion_eligible_reviewed,,Fields are selected by evidence grade; all underlying observations remain separately auditable.
AL-103BB97D62,STEELE FARM,steele farm,farm,unique_source_name_reviewed,AL,Macon,Shorter,36975,1297 County Road 13,public_business_address_reviewed_for_future_reduced_precision,,,Farm products; direct-to-consumer sales,Farm stand; direct-to-consumer,205-283-9557,steele27743@gmail.com,internal_until_public_use_review,,,,,True,False,False,False,False,False,False,1,alobs_2baf46440b166e209060,Alabama Farmers Market Authority — farm-stand map,https://agi.alabama.gov/farmersmarket/locations/farmers-stand-location-map/,B,2026-07-15,promotion_eligible_reviewed,,Fields are selected by evidence grade; all underlying observations remain separately auditable.
AL-3342B1281D,Steele Farms,steele farms,farm,unique_source_name_reviewed,AL,Macon,Macon County service area,,,public_business_address_reviewed_for_future_reduced_precision,,,Farm products; direct-to-consumer sales,Farm stand,,,internal_until_public_use_review,,,,,True,False,False,False,False,False,False,1,alobs_3b216a86012cafbf0461,Alabama FMA — 2026 statewide farm-stand roster,https://agi.alabama.gov/farmersmarket/wp-content/uploads/sites/9/2023/02/2026-statewide-redemption-sites.pdf,B,2026-07-15,promotion_eligible_reviewed,,Fields are selected by evidence grade; all underlying observations remain separately auditable.
AL-739A8AC99B,"Alchemy Farms and Plants, LLC",alchemy farms and plants,farm,unique_source_name_reviewed,AL,Madison,Hampton Cove,35763,220 Old Highway 431 South,public_business_address_reviewed_for_future_reduced_precision,34.6597735,-86.477994,Blackberries; Blueberries; Cucumbers; Eggs; Greens; Herbs; Sweet Potatoes; Tomatoes,Farm,(256) 6582234,artisanscovemarket@gmail.com,internal_until_public_use_review,https://www.themarketatartisanscove.com,https://www.facebook.com/Alchemy-Farms-and-Plants-132041953494722/,,,True,False,False,False,False,False,False,1,alobs_9806d8e11cd1abe1dec6,Sweet Grown Alabama — Farm members,https://www.sweetgrownalabama.org/find-sweet-grown,B,2026-07-15,promotion_eligible_reviewed,,Fields are selected by evidence grade; all underlying observations remain separately auditable.
AL-2773C66F6C,Atlanta’s Pretty Petals,atlantas pretty petals,farm,unique_source_name_reviewed,AL,Madison,Hunstville,35810,566 Baltimore Hill Road NE,public_business_address_reviewed_for_future_reduced_precision,34.8418048,-86.5477299,Container Plants/Greenhouse & Nursery Products/Shrubs/Etc.; Peppers; Pine Trees; Fresh Cut Flowers; Herbs,Farm,(256) 469-3044,atlantasprettypetals7@gmail.com,internal_until_public_use_review,https://www.healingprettypetals.com,https://www.facebook.com/Atlantasprettypetals,https://www.instagram.com/atlantasprettypetals?fbclid=IwY2xjawQv5g1leHRuA2FlbQIxMABicmlkETFxZjlGVE5yUU10em44cnM2c3J0YwZhcHBfaWQQMjIyMDM5MTc4ODIwMDg5MgABHmIZUMWKjPvjlerC-WvBrdukefv-f8Z7gASGjYmvVSoXb8GmYeMq6fEQ0da2_aem_m1qBuYFB7iDBlWOH02-sEQ,,False,False,True,True,True,False,True,1,alobs_a319a8a761d3654b9df2,Sweet Grown Alabama — Farm members,https://www.sweetgrownalabama.org/find-sweet-grown,B,2026-07-15,promotion_eligible_reviewed,,Fields are selected by evidence grade; all underlying observations remain separately auditable.
AL-ACB62EC4CC,Bill's Honey Farm,bills honey farm,farm,unique_source_name_reviewed,AL,Madison,Meridianville,35759,8714 Moores Mill Road,public_business_address_reviewed_for_future_reduced_precision,34.8837536,-86.51743870000001,Honey,Farm; Agritourism,,billytedmullins@gmail.com,internal_until_public_use_review,,,,,True,False,False,False,False,False,False,1,alobs_d57eca5e8538d3c5791e,Sweet Grown Alabama — Farm members,https://www.sweetgrownalabama.org/find-sweet-grown,B,2026-07-15,promotion_eligible_reviewed,,Fields are selected by evidence grade; all underlying observations remain separately auditable.
AL-F8DD2E938B,Blair Spring Limousin,blair spring limousin,farm,unique_source_name_reviewed,AL,Madison,Gurley,,,public_business_address_reviewed_for_future_reduced_precision,,,Beef; direct-to-consumer meat,Cattle farm; direct-sale beef,256-651-5596,,internal_until_public_use_review,,,,,True,False,False,False,False,False,False,1,alobs_55ee4861f239cf1afd69,Alabama Cattlemen’s Association — Bama Beef Sales Directory,https://www.bamabeef.org/p/about/bama-beef-sales-directory,D,2026-07-15,promotion_eligible_reviewed,,Fields are selected by evidence grade; all underlying observations remain separately auditable.
AL-6B48D4ADD1,Blossomwood Honey,blossomwood honey,farm,unique_source_name_reviewed,AL,Madison,Madison County service area,,,public_business_address_reviewed_for_future_reduced_precision,,,Bees; apiary products,Apiary / bee seller,256-679-8085,,internal_until_public_use_review,,,,,False,False,False,False,False,False,False,1,alobs_f98895782e282958d617,Alabama Plant Protection — Beekeepers Selling Bees,https://agi.alabama.gov/plantprotection/beeks-selling-bees/,B,2026-07-15,promotion_eligible_reviewed,,Fields are selected by evidence grade; all underlying observations remain separately auditable.
AL-E05AFAF33A,BROWN FARMS,brown farms,farm,merged_exact_name_reviewed,AL,Madison,New Market,35761,384 Walnut Grove Rd,public_business_address_reviewed_for_future_reduced_precision,,,"Farm products; direct-to-consumer sales; U-pick crops; agritourism; strawberries, U-pick and already picked, restrooms, picnic area you may bring your own food",Farm stand; Agritourism; U-pick; agritourism,256-828-0710,lorieb@ardmore.net,internal_until_public_use_review,,https://www.facebook.com/brownfarmsAL/,,,True,False,False,False,True,False,False,3,alobs_ab0cc44423a8b8e3e2b7 | alobs_8d16b36d791472165fe7 | alobs_f309fedb03ab5e6ab593,Alabama FMA — 2026 statewide farm-stand roster | Alabama Farmers Market Authority — u-pick map | PickYourOwn — North Alabama,https://agi.alabama.gov/farmersmarket/wp-content/uploads/sites/9/2023/02/2026-statewide-redemption-sites.pdf | https://agi.alabama.gov/farmersmarket/locations/u-pick-location-map/ | https://www.pickyourown.org/ALhuntsv.htm,B; D,2026-07-15,promotion_eligible_reviewed,,Fields are selected by evidence grade; all underlying observations remain separately auditable.
AL-F2DFFD2DDD,C &H Cattle Co.,c and h cattle co,farm,unique_source_name_reviewed,AL,Madison,Hazel Green,,,public_business_address_reviewed_for_future_reduced_precision,,,Beef; direct-to-consumer meat,Cattle farm; direct-sale beef,256-509-1441,,internal_until_public_use_review,,,,,True,False,False,False,False,False,False,1,alobs_b9099ee8ba37ca883f17,Alabama Cattlemen’s Association — Bama Beef Sales Directory,https://www.bamabeef.org/p/about/bama-beef-sales-directory,D,2026-07-15,promotion_eligible_reviewed,,Fields are selected by evidence grade; all underlying observations remain separately auditable.
AL-296838415C,Falls Creek Angus,falls creek angus,farm,unique_source_name_reviewed,AL,Madison,Gurley,,,public_business_address_reviewed_for_future_reduced_precision,,,Beef; direct-to-consumer meat,Cattle farm; direct-sale beef,256-714-7840,,internal_until_public_use_review,,,,,True,False,False,False,False,False,False,1,alobs_5b214db35562c81ae16d,Alabama Cattlemen’s Association — Bama Beef Sales Directory,https://www.bamabeef.org/p/about/bama-beef-sales-directory,D,2026-07-15,promotion_eligible_reviewed,,Fields are selected by evidence grade; all underlying observations remain separately auditable.
AL-06437D9AB9,Feed the Earth Farms,feed the earth farms,farm,unique_source_name_reviewed,AL,Madison,Toney,35773,6543 Old Railroad Bed Rd,public_business_address_reviewed_for_future_reduced_precision,,,Pastured livestock and/or farm products; see source profile,Pastured-product farm; direct sales,240-370-9879,ftefarms@protonmail.com,internal_until_public_use_review,https://www.ftefarms.com/,,,,True,False,False,False,False,False,False,1,alobs_ce18d79ab8edad935477,EatWild Alabama directory,https://www.eatwild.com/products/alabama.html,D,2026-07-15,promotion_eligible_reviewed,,Fields are selected by evidence grade; all underlying observations remain separately auditable.
AL-79EEF2443E,Flower Child Maysville,flower child maysville,farm,unique_source_name_reviewed,AL,Madison,Huntsville,35811,3176 Maysville Road Northeast,public_business_address_reviewed_for_future_reduced_precision,34.7725354,-86.4301581,Container Plants/Greenhouse & Nursery Products/Shrubs/Etc.; Fresh Cut Flowers,Farm,,gillianekelley@gmail.com,internal_until_public_use_review,https://flowerchildmaysville.mailchimpsites.com,https://www.facebook.com/profile.php?id=100066342952951,https://www.instagram.com/flowerchildmaysville/,,True,False,False,False,False,True,False,1,alobs_0eed513ece0de8d446ce,Sweet Grown Alabama — Farm members,https://www.sweetgrownalabama.org/find-sweet-grown,B,2026-07-15,promotion_eligible_reviewed,,Fields are selected by evidence grade; all underlying observations remain separately auditable.
AL-36D40846DF,Harvest Farm,harvest farm,farm,unique_source_name_reviewed,AL,Madison,Madison County service area,,,public_business_address_reviewed_for_future_reduced_precision,,,Farm products; direct-to-consumer sales,Farm stand,,,internal_until_public_use_review,,,,,True,False,False,False,False,False,False,1,alobs_687bd647d39d26011353,Alabama FMA — 2026 statewide farm-stand roster,https://agi.alabama.gov/farmersmarket/wp-content/uploads/sites/9/2023/02/2026-statewide-redemption-sites.pdf,B,2026-07-15,promotion_eligible_reviewed,,Fields are selected by evidence grade; all underlying observations remain separately auditable.
AL-2EDBBC0989,HARVEST FARM BLUEBERRIES,harvest farm blueberries,farm,merged_exact_name_reviewed,AL,Madison,Harvest,35749,297 Ford Chapel Dr,public_business_address_reviewed_for_future_reduced_precision,,,U-pick crops; agritourism; blueberries,Agritourism; U-pick; agritourism,256-864-0814,THORN_35810@YAHOO.COM,internal_until_public_use_review,,,,,True,False,False,False,True,False,False,2,alobs_2c0000da08de5f5cd89f | alobs_d39c0398744270c8850e,Alabama Farmers Market Authority — u-pick map | PickYourOwn — North Alabama,https://agi.alabama.gov/farmersmarket/locations/u-pick-location-map/ | https://www.pickyourown.org/ALhuntsv.htm,B; D,2026-07-15,promotion_eligible_reviewed,,Fields are selected by evidence grade; all underlying observations remain separately auditable.
AL-9A80B84349,Howling Fresh Farm,howling fresh farm,farm,unique_source_name_reviewed,AL,Madison,Huntsville,35811,302 Tumpkins Ln.,public_business_address_reviewed_for_future_reduced_precision,34.763301,-86.519431,Cucumbers; Greens; Lettuce; Okra; Tomatoes; Microgreens; Peppers; Squash; Watermelon; Herbs; Cantaloupe; Fresh Cut Flowers; Eggs,Farm,(256) 323-3572,howlingfreshfarm@gmail.com,internal_until_public_use_review,https://www.howlingfreshfarm.com,https://www.facebook.com/profile.php?id=61556131947441,https://www.instagram.com/howlingfreshfarm/,,False,True,True,True,False,True,False,1,alobs_71efa0ff343749ff32ad,Sweet Grown Alabama — Farm members,https://www.sweetgrownalabama.org/find-sweet-grown,B,2026-07-15,promotion_eligible_reviewed,,Fields are selected by evidence grade; all underlying observations remain separately auditable.
AL-0E02F2AF00,Hubert Family Tulips,hubert family farms,farm,merged_cross_county_identity_reviewed,AL,Madison,New Market,35761,432 Narrow Lane,public_business_address_reviewed_for_future_reduced_precision,34.91552600000001,-86.540167,"Tulips; sunflowers; row crops; U-pick; tulips, sunflowers,; Fresh Cut Flowers; Corn (Field); Wheat; Soybeans; Flowers",Farm; agritourism; U-pick; Agritourism,(256) 759-1099,hubertfamilyfarms@gmail.com,internal_until_public_use_review,https://www.hubertfamilyfarms.com/?fbclid=IwAR2ECFYrmlqMBy8ekQdbyoDn_3mQVd0_Rw7GqhstgUl3AUblXacVJDVClvQ,https://www.facebook.com/Hubert-Family-Tulips,https://www.instagram.com/hubertfamilyfarms/,,True,False,False,False,True,False,False,3,alobs_9df9c6bef2a7ef454d22 | alobs_5bf4922146d9ab6d0b1e | alobs_eb2b7be7758fa177671c,FarmFinder curator verification — farm-owned or authoritative evidence | PickYourOwn — Central Alabama | Sweet Grown Alabama — Farm members,https://www.hubertfamilyfarms.com/about-1 | https://www.pickyourown.org/ALbham.htm | https://www.sweetgrownalabama.org/find-sweet-grown,B; C; E,2026-07-15,promotion_eligible_reviewed,,Fields are selected by evidence grade; all underlying observations remain separately auditable.
AL-781DABB68C,Hyde's Harvest,hydes harvest,farm,unique_source_name_reviewed,AL,Madison,Toney,35773,214 Ardwall Road,public_business_address_reviewed_for_future_reduced_precision,,,"grapes, muscadine grapes, U-pick and already picked, restrooms",U-pick; agritourism,615-604-0624,dr.luke.hyde@gmail.com,internal_until_public_use_review,,https://www.facebook.com/hydesharvest/,,,True,False,False,False,True,False,False,1,alobs_f6e2d4b9c19555c359ab,PickYourOwn — North Alabama,https://www.pickyourown.org/ALhuntsv.htm,D,2026-07-15,promotion_eligible_reviewed,,Fields are selected by evidence grade; all underlying observations remain separately auditable.
AL-BBC61D9702,Jolie Lane Farm,jolie lane farm,farm,unique_source_name_reviewed,AL,Madison,New Market,,,public_business_address_reviewed_for_future_reduced_precision,,,Beef; direct-to-consumer meat,Cattle farm; direct-sale beef,256-658-3756,,internal_until_public_use_review,,,,,True,False,False,False,False,False,False,1,alobs_0ed99022695a0dba570e,Alabama Cattlemen’s Association — Bama Beef Sales Directory,https://www.bamabeef.org/p/about/bama-beef-sales-directory,D,2026-07-15,promotion_eligible_reviewed,,Fields are selected by evidence grade; all underlying observations remain separately auditable.
AL-8AAF04C54C,Little Mountain Farm,little mountain farm,farm,unique_source_name_reviewed,AL,Madison,New Market,,,public_business_address_reviewed_for_future_reduced_precision,,,Beef; direct-to-consumer meat,Cattle farm; direct-sale beef,256-655-5255,,internal_until_public_use_review,,,,,True,False,False,False,False,False,False,1,alobs_3de22e274490b7881527,Alabama Cattlemen’s Association — Bama Beef Sales Directory,https://www.bamabeef.org/p/about/bama-beef-sales-directory,D,2026-07-15,promotion_eligible_reviewed,,Fields are selected by evidence grade; all underlying observations remain separately auditable.
AL-57E6707CC3,Mullins Orchard,mullins orchard,farm,merged_exact_name_reviewed,AL,Madison,Meridianville,35759,"175 Oscar Patterson Rd., Meridianville, Alabama 35759",public_business_address_reviewed_for_future_reduced_precision,34.881956,-86.5139844,"Blueberries, blackberries; Muscadine Grapes; Blackberries; Honey; Jams/Jellies; Blueberries; Pecans",U-pick; agritourism; Farm,(256) 426-7454,debimullins309@gmail.com,internal_until_public_use_review,,https://www.facebook.com/mullinsorchard,,,True,False,False,False,True,False,False,2,alobs_230cca712e21fd1fd824 | alobs_9a91cd2722123f99b751,PickYourOwn — North Alabama | Sweet Grown Alabama — Farm members,https://www.pickyourown.org/ALhuntsv.htm | https://www.sweetgrownalabama.org/find-sweet-grown,B; D,2026-07-15,promotion_eligible_reviewed,,Fields are selected by evidence grade; all underlying observations remain separately auditable.
AL-28CF1B6CB0,Newberry Pecans LLC,newberry pecans,farm,unique_source_name_reviewed,AL,Madison,Ardmore,35739,1569 Macedonia Road,public_business_address_reviewed_for_future_reduced_precision,34.9825739,-86.7709771,Pecans,Farm,(256) 651-5858,newberry.pecans@gmail.com,internal_until_public_use_review,https://www.newberrypecans.com/,https://www.facebook.com/newberrypecans,https://www.instagram.com/newberry.pecans/,,True,False,True,True,False,True,False,1,alobs_567b1dee0eb3897f8c31,Sweet Grown Alabama — Farm members,https://www.sweetgrownalabama.org/find-sweet-grown,B,2026-07-15,promotion_eligible_reviewed,,Fields are selected by evidence grade; all underlying observations remain separately auditable.
AL-AC08E12AA7,PIE VALLEY FARM,pie valley farm,farm,merged_exact_name_reviewed,AL,Madison,Woodville,35776,590 Butler Mill Rd,public_business_address_reviewed_for_future_reduced_precision,,,Farm products; direct-to-consumer sales; U-pick crops; agritourism,Farm stand; Agritourism; U-pick,256-763-3742,contact@pievalleyfarm.com,internal_until_public_use_review,,,,,True,False,False,False,True,False,False,2,alobs_dcdca7390b0aafa9a0b5 | alobs_3d5639efd8844d376892,Alabama FMA — 2026 statewide farm-stand roster | Alabama Farmers Market Authority — u-pick map,https://agi.alabama.gov/farmersmarket/wp-content/uploads/sites/9/2023/02/2026-statewide-redemption-sites.pdf | https://agi.alabama.gov/farmersmarket/locations/u-pick-location-map/,B,2026-07-15,promotion_eligible_reviewed,,Fields are selected by evidence grade; all underlying observations remain separately auditable.
AL-0F8007C001,Planting Chicks Farm,planting chicks farm,farm,unique_source_name_reviewed,AL,Madison,Hazel Green,35750,286 Weeks Road,public_business_address_reviewed_for_future_reduced_precision,34.9835488,-86.6686556,Beans; Blueberries; Cucumbers; Eggs; Herbs; Lettuce,Farm,(469) 919-9084,plantingchicks2021@gmail.com,internal_until_public_use_review,https://sites.google.com/view/plantingchicksfarm/home,,https://www.instagram.com/plantingchicks2021/,,True,False,False,True,False,False,False,1,alobs_704e2f92598188e70c3b,Sweet Grown Alabama — Farm members,https://www.sweetgrownalabama.org/find-sweet-grown,B,2026-07-15,promotion_eligible_reviewed,,Fields are selected by evidence grade; all underlying observations remain separately auditable.
AL-72BD4CC008,Rainbows End Apiary,rainbows end apiary,farm,unique_source_name_reviewed,AL,Madison,Madison County service area,,,public_business_address_reviewed_for_future_reduced_precision,,,Bees; apiary products,Apiary / bee seller,205-531-2914,,internal_until_public_use_review,,,,,False,False,False,False,False,False,False,1,alobs_8134cbafde972b784404,Alabama Plant Protection — Beekeepers Selling Bees,https://agi.alabama.gov/plantprotection/beeks-selling-bees/,B,2026-07-15,promotion_eligible_reviewed,,Fields are selected by evidence grade; all underlying observations remain separately auditable.
AL-1D13D1E1C6,S&J Produce Farms LLC,s and j produce farms,farm,merged_exact_name_reviewed,AL,Madison,Madison,35758,8140 Highway 72 West,public_business_address_reviewed_for_future_reduced_precision,34.751839,-86.7546402,Farm products; direct-to-consumer sales; Apples; Pecans; Roasted/Boiled Peanuts; Sweet Potatoes; Sweet Corn; Sauces/Condiments; Beans; Blueberries; Eggs; Cantaloupe; Peanuts; Corn (Field); Fresh Cut Flowers; Herbs; Peas; Peppers; Squash; Peaches; Jams/Jellies; Strawberries; Watermelon; Muscadine Grapes; Greens; Tomatoes; Okra; Honey,Farm stand; direct-to-consumer; Farm,(256) 890-5999,susan@sandjproducefarms.com,internal_until_public_use_review,https://www.sandjproducefarms.com,https://www.facebook.com/sandjproduce/,https://www.instagram.com/sandjproduce,,True,False,False,False,True,False,False,3,alobs_26f40a9ae3e1bfbb3792 | alobs_c582567436ba39768869 | alobs_5e9df33ec0e784e20515,Alabama FMA — 2026 statewide farm-stand roster | Alabama Farmers Market Authority — farm-stand map | Sweet Grown Alabama — Farm members,https://agi.alabama.gov/farmersmarket/wp-content/uploads/sites/9/2023/02/2026-statewide-redemption-sites.pdf | https://agi.alabama.gov/farmersmarket/locations/farmers-stand-location-map/ | https://www.sweetgrownalabama.org/find-sweet-grown,B,2026-07-15,promotion_eligible_reviewed,,Fields are selected by evidence grade; all underlying observations remain separately auditable.
AL-31EB18E6F4,Scott's Orchard,scotts orchard,farm,merged_exact_name_reviewed,AL,Madison,Hazel Green,35750,2163 Scott Road,public_business_address_reviewed_for_future_reduced_precision,,,"Farm products; direct-to-consumer sales; U-pick crops; agritourism; apples, peaches, sunflowers, gift shop, concessions or refreshment stand, restrooms, picnic area, jumping pillow, trike track, weddings and wedding parties, school tours",Farm stand; direct-to-consumer; Agritourism; U-pick; agritourism,256-828-4563,info@scottsorchard.com,internal_until_public_use_review,https://www.scottsordchards.com,,,,True,False,False,False,True,False,False,4,alobs_44004aba2d38fc611c6b | alobs_80f4cfc641e40a4716b9 | alobs_a9cc1f840b22f2eadf08 | alobs_7d65892b8c7812cdb171,Alabama FMA — 2026 statewide farm-stand roster | Alabama Farmers Market Authority — farm-stand map | Alabama Farmers Market Authority — u-pick map | PickYourOwn — North Alabama,https://agi.alabama.gov/farmersmarket/wp-content/uploads/sites/9/2023/02/2026-statewide-redemption-sites.pdf | https://agi.alabama.gov/farmersmarket/locations/farmers-stand-location-map/ | https://agi.alabama.gov/farmersmarket/locations/u-pick-location-map/ | https://www.pickyourown.org/ALhuntsv.htm,B; D,2026-07-15,promotion_eligible_reviewed,,Fields are selected by evidence grade; all underlying observations remain separately auditable.
AL-333384EDC1,Sherry's Berrries,sherrys berrries,farm,unique_source_name_reviewed,AL,Madison,Huntsville,35810,1207 Countess Road,public_business_address_reviewed_for_future_reduced_precision,,,"blueberries,",U-pick; agritourism,256-886-3146,gragames1@yahoo.com,internal_until_public_use_review,,,,,True,False,False,False,True,False,False,1,alobs_dcbe0df0a542b9bb60f2,PickYourOwn — North Alabama,https://www.pickyourown.org/ALhuntsv.htm,D,2026-07-15,promotion_eligible_reviewed,,Fields are selected by evidence grade; all underlying observations remain separately auditable.
AL-72B662F28C,THE BOYD FAMILY FARM,the boyd family farm,farm,merged_exact_name_reviewed,AL,Madison,Toney,35773,336 J Cross Road,public_business_address_reviewed_for_future_reduced_precision,,,"Farm products; direct-to-consumer sales; U-pick crops; agritourism; No pesticides are used , blueberries, Local honey from within",Farm stand; Agritourism; U-pick; agritourism,929-525-6111,theboydfamilyfarm@gmail.com,internal_until_public_use_review,https://WWW.THEBOYDFAMILYFARM.COM,https://www.facebook.com/theboydfamilyfarm,,,True,False,False,False,True,False,False,3,alobs_91af72602d237376be12 | alobs_e3480f5d9d7b6f7c7162 | alobs_e9760359990d5111fba0,Alabama FMA — 2026 statewide farm-stand roster | Alabama Farmers Market Authority — u-pick map | PickYourOwn — North Alabama,https://agi.alabama.gov/farmersmarket/wp-content/uploads/sites/9/2023/02/2026-statewide-redemption-sites.pdf | https://agi.alabama.gov/farmersmarket/locations/u-pick-location-map/ | https://www.pickyourown.org/ALhuntsv.htm,B; D,2026-07-15,promotion_eligible_reviewed,,Fields are selected by evidence grade; all underlying observations remain separately auditable.
AL-7DC635DBBC,The Vineyard at FrogHoller,the vineyard at frogholler,farm,unique_source_name_reviewed,AL,Madison,New Market,35761,1149 County Lake Road,public_business_address_reviewed_for_future_reduced_precision,,,"No pesticides are used muscadine grapes, Scuppernongs.",U-pick; agritourism,(256) 426-4972,fannin94@bellsouth.net,internal_until_public_use_review,,https://www.facebook.com/froghollervineyard/,,,True,False,False,False,True,False,False,1,alobs_615bbbc816fb16442b98,PickYourOwn — North Alabama,https://www.pickyourown.org/ALhuntsv.htm,D,2026-07-15,promotion_eligible_reviewed,,Fields are selected by evidence grade; all underlying observations remain separately auditable.
AL-DDA4844A7B,Turner Farms,turner farms,farm,unique_source_name_reviewed,AL,Madison,Harvest,35749,9706 Wall-Triana Highway,public_business_address_reviewed_for_future_reduced_precision,,,"crowder peas, beans,cattle, in some years they have Strawberries",U-pick; agritourism,256-722-9077,jbt722@aol.com,internal_until_public_use_review,,https://www.facebook.com/Turner-Farm-790240717661570,,,True,False,False,False,True,False,False,1,alobs_4c9d4805fdeee697ff6e,PickYourOwn — North Alabama,https://www.pickyourown.org/ALhuntsv.htm,D,2026-07-15,promotion_eligible_reviewed,,Fields are selected by evidence grade; all underlying observations remain separately auditable.
AL-81681D72E3,Wayne&MaryReed–Reed Farm,wayne and maryreed reed farm,farm,unique_source_name_reviewed,AL,Madison,Madison County service area,,,public_business_address_reviewed_for_future_reduced_precision,,,Farm products; direct-to-consumer sales,Farm stand,,,internal_until_public_use_review,,,,,True,False,False,False,False,False,False,1,alobs_31c126548e62f4c31c4d,Alabama FMA — 2026 statewide farm-stand roster,https://agi.alabama.gov/farmersmarket/wp-content/uploads/sites/9/2023/02/2026-statewide-redemption-sites.pdf,B,2026-07-15,promotion_eligible_reviewed,,Fields are selected by evidence grade; all underlying observations remain separately auditable.
AL-B1E41C7C56,Wells Farm,wells farm,farm,unique_source_name_reviewed,AL,Madison,Brownsboro,,,public_business_address_reviewed_for_future_reduced_precision,,,Beef; direct-to-consumer meat,Cattle farm; direct-sale beef,334-412-2280,,internal_until_public_use_review,,,,,True,False,False,False,False,False,False,1,alobs_bb99b17fe74acdb88841,Alabama Cattlemen’s Association — Bama Beef Sales Directory,https://www.bamabeef.org/p/about/bama-beef-sales-directory,D,2026-07-15,promotion_eligible_reviewed,,Fields are selected by evidence grade; all underlying observations remain separately auditable.
AL-9FD86347D4,Autry Vineyards,autry vineyards,farm,unique_source_name_reviewed,AL,Marengo,Vineland,36784,17570 AL Hwy 10,public_business_address_reviewed_for_future_reduced_precision,,,Muscadines,U-pick; agritourism,(334) 385-2503,AMJ1@FRONTIERNET.NET,internal_until_public_use_review,,,,,True,False,False,False,True,False,False,1,alobs_33a74b910810d9728660,PickYourOwn — Southwest Alabama,https://www.pickyourown.org/ALmobile.htm,D,2026-07-15,promotion_eligible_reviewed,,Fields are selected by evidence grade; all underlying observations remain separately auditable.
AL-0CB9143EA4,Circle M Ranch,circle m ranch,farm,split_distinct_counties_reviewed,AL,Marengo,Faunsdale,,,public_business_address_reviewed_for_future_reduced_precision,,,Beef; direct-to-consumer meat,Cattle farm; direct-sale beef,334-217-1137,,internal_until_public_use_review,,,,,True,False,False,False,False,False,False,1,alobs_53770f35cac763351b91,Alabama Cattlemen’s Association — Bama Beef Sales Directory,https://www.bamabeef.org/p/about/bama-beef-sales-directory,D,2026-07-15,promotion_eligible_reviewed,,Fields are selected by evidence grade; all underlying observations remain separately auditable.
AL-B372773740,Double H Farms,double h farms,farm,unique_source_name_reviewed,AL,Marengo,Gallion,36742,769 Sassafras Street,public_business_address_reviewed_for_future_reduced_precision,32.3697349,-87.7328749,Milk; Beef; Pork,Farm,(334) 654-2984,doublehfarmskbar@gmail.com,internal_until_public_use_review,,,https://www.instagram.com/doublehfarmsal/,,True,False,False,True,False,False,False,1,alobs_3fc6b34750deabcbbad3,Sweet Grown Alabama — Farm members,https://www.sweetgrownalabama.org/find-sweet-grown,B,2026-07-15,promotion_eligible_reviewed,,Fields are selected by evidence grade; all underlying observations remain separately auditable.
AL-AAB9FDAFFD,Mac Beef,mac beef,farm,unique_source_name_reviewed,AL,Marengo,Faunsdae,36738,28802 AL Hwy 25,public_business_address_reviewed_for_future_reduced_precision,32.36625,-87.627512,Beef,Farm,(334) 217-1137,,internal_until_public_use_review,,,,,True,True,False,True,False,False,False,1,alobs_7251931ea349685c8627,Sweet Grown Alabama — Farm members,https://www.sweetgrownalabama.org/find-sweet-grown,B,2026-07-15,promotion_eligible_reviewed,,Fields are selected by evidence grade; all underlying observations remain separately auditable.
AL-2E9170588E,Moore Farm,moore farm,farm,unique_source_name_reviewed,AL,Marengo,Marengo County service area,,,public_business_address_reviewed_for_future_reduced_precision,,,Farm products; direct-to-consumer sales,Farm stand,,,internal_until_public_use_review,,,,,True,False,False,False,False,False,False,1,alobs_3803bfc257d2bc2c6e09,Alabama FMA — 2026 statewide farm-stand roster,https://agi.alabama.gov/farmersmarket/wp-content/uploads/sites/9/2023/02/2026-statewide-redemption-sites.pdf,B,2026-07-15,promotion_eligible_reviewed,,Fields are selected by evidence grade; all underlying observations remain separately auditable.
AL-915CD19965,MOORE FARMER MARKET,moore farmer market,farm,unique_source_name_reviewed,AL,Marengo,Dixon Mills,36736,6570 Us Hwy 43,public_business_address_reviewed_for_future_reduced_precision,,,Farm products; direct-to-consumer sales,Farm stand; direct-to-consumer,334-212-4562 | 334-643-0160,ellarbmoore2022@gmail.com,internal_until_public_use_review,,,,,True,False,False,False,False,False,False,1,alobs_29daa29529cffb2e727a,Alabama Farmers Market Authority — farm-stand map,https://agi.alabama.gov/farmersmarket/locations/farmers-stand-location-map/,B,2026-07-15,promotion_eligible_reviewed,,Fields are selected by evidence grade; all underlying observations remain separately auditable.
AL-7C58AF62FD,The Charleston Farm,the charleston farm,farm,unique_source_name_reviewed,AL,Marengo,Gallion,36742,846 Bunchville Road,public_business_address_reviewed_for_future_reduced_precision,32.3471426,-87.7605858,Beans; Corn (Field); Greens; Okra; Peaches; Squash; Sweet Potatoes; Watermelon; Peppers; Tomatoes,Farm,(205) 909-7265,Janie@biteandbloomcollective.com,internal_until_public_use_review,,https://www.facebook.com/janie.charleston,https://www.instagram.com/the_charleston_farm?fbclid=IwY2xjawSCj7hleHRuA2FlbQIxMABicmlkETAxNGR3UlVjV01lZW41NlZHc3J0YwZhcHBfaWQQMjIyMDM5MTc4ODIwMDg5MgABHgRZjavNw4ZoP3W4AfLt224syGxwZ3w7u7gV3XsKMWgpGXXPO7bKHGj76-BM_aem_Rw4QbKBfK2-TsKJx52ovpw,,True,False,False,False,False,False,False,1,alobs_e7586feff87fd1a92224,Sweet Grown Alabama — Farm members,https://www.sweetgrownalabama.org/find-sweet-grown,B,2026-07-15,promotion_eligible_reviewed,,Fields are selected by evidence grade; all underlying observations remain separately auditable.
AL-1E52FA6F89,7 Sisters Heritage Farm,7 sisters heritage farm,farm,unique_source_name_reviewed,AL,Marion,Hamilton,35570,151 Chestnut Circle,public_business_address_reviewed_for_future_reduced_precision,34.1527231,-88.0066946,Farm Markets,Specialty Store; Agriculture Service/Organization; Farm,(256) 398-0521,7sistersheritagefarm@gmail.com,internal_until_public_use_review,,https://www.facebook.com/7SistersFarm,,,True,False,False,False,False,False,False,1,alobs_7a8d6e67e58fa2a68395,Sweet Grown Alabama — Farm members,https://www.sweetgrownalabama.org/find-sweet-grown,B,2026-07-15,promotion_eligible_reviewed,,Fields are selected by evidence grade; all underlying observations remain separately auditable.
AL-394A9C50AF,Factory Falls Apiary,factory falls apiary,farm,unique_source_name_reviewed,AL,Marion,Marion County service area,,,public_business_address_reviewed_for_future_reduced_precision,,,Bees; apiary products,Apiary / bee seller,205-399-6639,,internal_until_public_use_review,,,,,False,False,False,False,False,False,False,1,alobs_f1d16e928dc8e7821890,Alabama Plant Protection — Beekeepers Selling Bees,https://agi.alabama.gov/plantprotection/beeks-selling-bees/,B,2026-07-15,promotion_eligible_reviewed,,Fields are selected by evidence grade; all underlying observations remain separately auditable.
AL-BCD76D38F1,PLANTING ROOTS FARM,planting roots farm,farm,unique_source_name_reviewed,AL,Marion,Brilliant,35548,2394 County Highway 46,public_business_address_reviewed_for_future_reduced_precision,,,Farm products; direct-to-consumer sales,Farm stand; direct-to-consumer,205-495-8537,plantnrootsfarm@gmail.com,internal_until_public_use_review,,,,,True,False,False,False,False,False,False,1,alobs_43cba4c6ec5a9ac0fea6,Alabama Farmers Market Authority — farm-stand map,https://agi.alabama.gov/farmersmarket/locations/farmers-stand-location-map/,B,2026-07-15,promotion_eligible_reviewed,,Fields are selected by evidence grade; all underlying observations remain separately auditable.
AL-82FCB0AA33,Planting Roots Farms,planting roots farms,farm,unique_source_name_reviewed,AL,Marion,Marion County service area,,,public_business_address_reviewed_for_future_reduced_precision,,,Farm products; direct-to-consumer sales,Farm stand,,,internal_until_public_use_review,,,,,True,False,False,False,False,False,False,1,alobs_31f76197ba2860e2e641,Alabama FMA — 2026 statewide farm-stand roster,https://agi.alabama.gov/farmersmarket/wp-content/uploads/sites/9/2023/02/2026-statewide-redemption-sites.pdf,B,2026-07-15,promotion_eligible_reviewed,,Fields are selected by evidence grade; all underlying observations remain separately auditable.
AL-7C331A6946,The Bear Patch,the bear patch,farm,unique_source_name_reviewed,AL,Marion,Marion County service area,,,public_business_address_reviewed_for_future_reduced_precision,,,Bees; apiary products,Apiary / bee seller,205-512-7788,,internal_until_public_use_review,,,,,False,False,False,False,False,False,False,1,alobs_89b4cfc3b47eb2512abe,Alabama Plant Protection — Beekeepers Selling Bees,https://agi.alabama.gov/plantprotection/beeks-selling-bees/,B,2026-07-15,promotion_eligible_reviewed,,Fields are selected by evidence grade; all underlying observations remain separately auditable.
AL-4E35EB4536,Triple 3 Ranch,triple 3 ranch,farm,unique_source_name_reviewed,AL,Marion,Hackleburg,35564,303 County Highway 333,public_business_address_reviewed_for_future_reduced_precision,34.2866265,-87.9119059,Lamb; Pork; Chicken; Eggs; Honey,Farm,Business Email,triple3ranch@outlook.com,internal_until_public_use_review,https://triple3ranch.net,https://www.facebook.com/pagefarmstables,https://www.instagram.com/triple3_ranch?utm_source=ig_web_button_share_sheet&igsh=ZDNlZDc0MzIxNw==,,True,True,True,True,False,True,False,1,alobs_f18215ad892d70b08358,Sweet Grown Alabama — Farm members,https://www.sweetgrownalabama.org/find-sweet-grown,B,2026-07-15,promotion_eligible_reviewed,,Fields are selected by evidence grade; all underlying observations remain separately auditable.
AL-ABDD686F09,WK Farms,wk farms,farm,unique_source_name_reviewed,AL,Marion,Hamilton,35570,5775 Bexar Avenue East,public_business_address_reviewed_for_future_reduced_precision,34.135629,-87.8917567,Malting Barley,Farm,(334) 740-4789,weavedb@auburn.edu,internal_until_public_use_review,,,,,False,False,False,False,False,False,False,1,alobs_664929d279a4ada73447,Sweet Grown Alabama — Farm members,https://www.sweetgrownalabama.org/find-sweet-grown,B,2026-07-15,promotion_eligible_reviewed,,Fields are selected by evidence grade; all underlying observations remain separately auditable.
AL-4F9F61653A,3 King's Farm,3 kings farm,farm,unique_source_name_reviewed,AL,Marshall,Arab,35016,185 Embassy Drive,public_business_address_reviewed_for_future_reduced_precision,34.3658022,-86.5472861,Beans; Hay; Beef; Cucumbers; Herbs; Peppers; Sweet Corn; Blackberries; Blueberries; Lettuce; Tomatoes; Watermelon; Corn (Field); Peas; Greens; Okra; Squash; Pecans,Farm,(256) 506-4205,cindyking92@gmail.com,internal_until_public_use_review,,,,,False,True,False,False,False,False,False,1,alobs_65f5bbb350ca770031e3,Sweet Grown Alabama — Farm members,https://www.sweetgrownalabama.org/find-sweet-grown,B,2026-07-15,promotion_eligible_reviewed,,Fields are selected by evidence grade; all underlying observations remain separately auditable.
AL-19B9DBA3C3,4G Farms,4g farms,farm,unique_source_name_reviewed,AL,Marshall,Scottsboro,35769,6487 Swearengin Road,public_business_address_reviewed_for_future_reduced_precision,34.5654029,-86.16016169999999,"Acidified Foods* (Pickles, Salsas, Relishes); Herbs; Beans; Eggs; Cantaloupe; Squash; Container Plants/Greenhouse & Nursery Products/Shrubs/Etc.; Greens; Sweet Corn; Cucumbers; Fresh Cut Flowers; Hay; Tomatoes; Lettuce; Peas; Watermelon; Peppers; Okra",Farm,(256) 558-0854,4gfarmsproduce@gmail.com,internal_until_public_use_review,,https://www.facebook.com/4gfarmsproduce,https://www.instagram.com/4gfarmsproduce/,,True,False,False,False,True,False,False,1,alobs_e80b71b02e9e361ba13d,Sweet Grown Alabama — Farm members,https://www.sweetgrownalabama.org/find-sweet-grown,B,2026-07-15,promotion_eligible_reviewed,,Fields are selected by evidence grade; all underlying observations remain separately auditable.
AL-2294DF0C68,Adams Cattle Farm,adams cattle farm,farm,unique_source_name_reviewed,AL,Marshall,Boaz,,,public_business_address_reviewed_for_future_reduced_precision,,,Beef; direct-to-consumer meat,Cattle farm; direct-sale beef,(334) 265-1867,,internal_until_public_use_review,,,,,True,False,False,False,False,False,False,1,alobs_2ae471c1b10c81ec0481,Alabama Cattlemen’s Association — Bama Beef Sales Directory,https://www.bamabeef.org/p/about/bama-beef-sales-directory,D,2026-07-15,promotion_eligible_reviewed,,Fields are selected by evidence grade; all underlying observations remain separately auditable.
AL-C4EB446FF3,Benson Farms,benson farms,farm,unique_source_name_reviewed,AL,Marshall,Grant,35747,228 Bolton Road,public_business_address_reviewed_for_future_reduced_precision,34.4663203,-86.4178448,Beef,Farm,(256) 990-4233,jason@bensonfarmsal.com,internal_until_public_use_review,https://bensonfarmsal.com,https://www.facebook.com/BensonFarmsGrassfedBeef,https://www.instagram.com/benson_farms_al/,,False,False,True,False,False,False,False,1,alobs_ede5ab2cf612c84c83a0,Sweet Grown Alabama — Farm members,https://www.sweetgrownalabama.org/find-sweet-grown,B,2026-07-15,promotion_eligible_reviewed,,Fields are selected by evidence grade; all underlying observations remain separately auditable.
AL-02E1217A79,Blessing Road Flower Farm,blessing road flower farm,farm,unique_source_name_reviewed,AL,Marshall,Albertville,35951,2706 Blessing Road,public_business_address_reviewed_for_future_reduced_precision,34.2572309,-86.1134402,Fresh Cut Flowers,Farm,(256) 738-2238,blessingroadflowers@gmail.com,internal_until_public_use_review,https://blessingroadflowerfarm.com,https://www.facebook.com/profile.php?id=61566240887525,https://www.instagram.com/blessingroadflowerfarm/,,True,True,False,False,False,False,False,1,alobs_afeaa3d98f80c17bfb38,Sweet Grown Alabama — Farm members,https://www.sweetgrownalabama.org/find-sweet-grown,B,2026-07-15,promotion_eligible_reviewed,,Fields are selected by evidence grade; all underlying observations remain separately auditable.
AL-4D7302FEB9,Boarwoods Farm,boarwoods farm,farm,unique_source_name_reviewed,AL,Marshall,Arab,35016,1950 Cullman Road,public_business_address_reviewed_for_future_reduced_precision,34.3137773,-86.53436839999999,Eggs; Honey; Pork,Farm,(256) 603-3459,brad@boarwoodsfarm.com,internal_until_public_use_review,,https://www.facebook.com/profile.php?id=61580216607891,https://www.instagram.com/boarwoodsfarm/,,True,False,False,False,False,False,False,1,alobs_7c0a63675c412b8fa2a4,Sweet Grown Alabama — Farm members,https://www.sweetgrownalabama.org/find-sweet-grown,B,2026-07-15,promotion_eligible_reviewed,,Fields are selected by evidence grade; all underlying observations remain separately auditable.
AL-A1D7AE3D7D,DeBoer Family Farm,deboer family farm,farm,unique_source_name_reviewed,AL,Marshall,Marshall County service area,,,public_business_address_reviewed_for_future_reduced_precision,,,Beef; direct-to-consumer meat,Cattle farm; direct-sale beef,256-962-1642,,internal_until_public_use_review,,,,,True,False,False,False,False,False,False,1,alobs_ad65caa24ae9619a8458,Alabama Cattlemen’s Association — Bama Beef Sales Directory,https://www.bamabeef.org/p/about/bama-beef-sales-directory,D,2026-07-15,promotion_eligible_reviewed,,Fields are selected by evidence grade; all underlying observations remain separately auditable.
AL-C6C95482C1,"GNH Farms, LLC",gnh farm,farm,merged_exact_name_reviewed,AL,Marshall,Albertville,35951,1295 Martling Gap Road,public_business_address_reviewed_for_future_reduced_precision,34.372537,-86.191414,"Farm products; direct-to-consumer sales; U-pick crops; agritourism; muscadine and scuppernong grapes, gift shop, restrooms, picnic area, school tours; U-Pick Fruit; Muscadine Grapes; Persimmons- Oriental",Farm stand; Agritourism; U-pick; agritourism; Farm,(256) 558-0663,gnhfarmsllc@gmail.com,internal_until_public_use_review,https://www.gnhfarm.com,https://www.facebook.com/GNHfarm,,,True,False,False,False,True,False,False,4,alobs_e8dbe17abf44792f4dda | alobs_76f1822d78ef6609366c | alobs_109e6118b87c90a90375 | alobs_5b596a75e7559ba26eac,Alabama FMA — 2026 statewide farm-stand roster | Alabama Farmers Market Authority — u-pick map | PickYourOwn — North Alabama | Sweet Grown Alabama — Farm members,https://agi.alabama.gov/farmersmarket/wp-content/uploads/sites/9/2023/02/2026-statewide-redemption-sites.pdf | https://agi.alabama.gov/farmersmarket/locations/u-pick-location-map/ | https://www.pickyourown.org/ALhuntsv.htm | https://www.sweetgrownalabama.org/find-sweet-grown,B; D,2026-07-15,promotion_eligible_reviewed,,Fields are selected by evidence grade; all underlying observations remain separately auditable.
AL-4C60F39D54,Green Hills Hydroponics,green hills hydroponics,farm,unique_source_name_reviewed,AL,Marshall,Albertville,35950,1253 Nixon Chapel Rd,public_business_address_reviewed_for_future_reduced_precision,34.2516,-86.29819900000001,Greens; Lettuce,Farm,,tanda@greenhillshydro.com,internal_until_public_use_review,,,,,False,False,False,True,False,True,False,1,alobs_8c698cc27a2c2d132daa,Sweet Grown Alabama — Farm members,https://www.sweetgrownalabama.org/find-sweet-grown,B,2026-07-15,promotion_eligible_reviewed,,Fields are selected by evidence grade; all underlying observations remain separately auditable.
AL-5D14159E96,Grown By Grace Farms LLC,grown by grace farms,farm,unique_source_name_reviewed,AL,Marshall,Guntersville,35976,841 Pankey Road,public_business_address_reviewed_for_future_reduced_precision,34.2427168,-86.3662263,Apples; Beef; Okra; Squash; Sweet Corn; Beans; Herbs; Pecans; Blackberries; Sweet Potatoes; Blueberries; Cantaloupe; Strawberries; Corn (Field); Green Peanuts; Greens; Cucumbers; Roasted/Boiled Peanuts; Lettuce; Peas; Pork; Peanuts; Peppers; Tomatoes; Watermelon,Farm,(256) 486-1687,grownbygracefarmsllc@gmail.com,internal_until_public_use_review,,https://www.facebook.com/grownbygracefarms,https://www.instagram.com/grownbygracefarms/,,False,True,False,False,False,False,False,1,alobs_d05ff86acb9f43f7a071,Sweet Grown Alabama — Farm members,https://www.sweetgrownalabama.org/find-sweet-grown,B,2026-07-15,promotion_eligible_reviewed,,Fields are selected by evidence grade; all underlying observations remain separately auditable.
AL-8AA2019741,Harville Harvest,harville harvest,farm,merged_exact_name_reviewed,AL,Marshall,Albertville,35951,493 Country Club Road,public_business_address_reviewed_for_future_reduced_precision,,,Farm products; direct-to-consumer sales,Farm stand; direct-to-consumer,256-571-6426,,internal_until_public_use_review,,,,,True,False,False,False,False,False,False,2,alobs_059c18b3be3312e6e3ec | alobs_dd79656ee076734e2bd6,Alabama FMA — 2026 statewide farm-stand roster | Alabama Farmers Market Authority — farm-stand map,https://agi.alabama.gov/farmersmarket/wp-content/uploads/sites/9/2023/02/2026-statewide-redemption-sites.pdf | https://agi.alabama.gov/farmersmarket/locations/farmers-stand-location-map/,B,2026-07-15,promotion_eligible_reviewed,,Fields are selected by evidence grade; all underlying observations remain separately auditable.
AL-3CADBEF7EF,"High Rock Farm, LLC.",high rock farm,farm,merged_exact_name_reviewed,AL,Marshall,Albertville,35950,958 Nixon Chapel Road,public_business_address_reviewed_for_future_reduced_precision,34.2566934,-86.2957123,Beef; direct-to-consumer meat; Pecans,Cattle farm; direct-sale beef; Farm,(256) 264-5556,dwalker@ksupplycompany.com,internal_until_public_use_review,http://www.highrockfarm.org/?fbclid=IwAR1qttZoqz6Nmf_X6nbCLxXkhMK2txXKwa3cZynFMc02H2qzzJ7__npOkB8,https://www.facebook.com/highrockfarmllc,,,True,True,False,False,False,False,False,2,alobs_9c9f2fd68d5612c56384 | alobs_1ebdf87946d4841be29f,Alabama Cattlemen’s Association — Bama Beef Sales Directory | Sweet Grown Alabama — Farm members,https://www.bamabeef.org/p/about/bama-beef-sales-directory | https://www.sweetgrownalabama.org/find-sweet-grown,B; D,2026-07-15,promotion_eligible_reviewed,,Fields are selected by evidence grade; all underlying observations remain separately auditable.
AL-8F3C40F2EE,JERRY PHILLIPS,phillips farms,farm,merged_exact_name_reviewed,AL,Marshall,Guntersville,35976,1825 Bethel Church Rd,public_business_address_reviewed_for_future_reduced_precision,,,"U-pick crops; agritourism; strawberries, already-picked produce",Agritourism; U-pick; agritourism,256-582-7428 | 256-572-4746,bdphillips03@netzero.net,internal_until_public_use_review,,https://www.facebook.com/p/Phillips-Farm-Fresh-Strawberries-And-Vegetables-100067331483685/,,,True,False,False,False,True,False,False,2,alobs_57face5490d1968cefa2 | alobs_9066e779de272f94d4bd,Alabama Farmers Market Authority — u-pick map | PickYourOwn — North Alabama,https://agi.alabama.gov/farmersmarket/locations/u-pick-location-map/ | https://www.pickyourown.org/ALhuntsv.htm,B; D,2026-07-15,promotion_eligible_reviewed,,Fields are selected by evidence grade; all underlying observations remain separately auditable.
AL-4F55F37CCF,Jules Berta Winery & Pizzeria,jules berta winery and pizzeria,farm,unique_source_name_reviewed,AL,Marshall,Albertville,35951,1441 Darden Avenue,public_business_address_reviewed_for_future_reduced_precision,34.2458145,-86.16669399999999,Wine; Wineries,Agritourism; Farm,2568915115,bertavineyards@hotmail.com,internal_until_public_use_review,https://www.julesjberta.com,https://www.facebook.com/julesbertawinery,,,False,False,False,False,False,False,False,1,alobs_22670263c5571ca0d474,Sweet Grown Alabama — Farm members,https://www.sweetgrownalabama.org/find-sweet-grown,B,2026-07-15,promotion_eligible_reviewed,,Fields are selected by evidence grade; all underlying observations remain separately auditable.
AL-6D65CF6D26,Maggie Valley Berry Patch,maggie valley berry patch,farm,merged_exact_name_reviewed,AL,Marshall,Grant,35747,401 Babe Wright Road,public_business_address_reviewed_for_future_reduced_precision,,,Farm products; direct-to-consumer sales,Farm stand; direct-to-consumer,256-558-0854,4gfarmsproduce@gmail.com,internal_until_public_use_review,,,,,True,False,False,False,False,False,False,2,alobs_eabd61bc9cc9201806e8 | alobs_d8d1e9c046b576597b29,Alabama FMA — 2026 statewide farm-stand roster | Alabama Farmers Market Authority — farm-stand map,https://agi.alabama.gov/farmersmarket/wp-content/uploads/sites/9/2023/02/2026-statewide-redemption-sites.pdf | https://agi.alabama.gov/farmersmarket/locations/farmers-stand-location-map/,B,2026-07-15,promotion_eligible_reviewed,,Fields are selected by evidence grade; all underlying observations remain separately auditable.
AL-269BD868D6,Maggie Valley Berry Patch and Farms,maggie valley berry patch and farms,farm,unique_source_name_reviewed,AL,Marshall,Grant,35747,401 Babe Wright Road,public_business_address_reviewed_for_future_reduced_precision,,,"blackberries, strawberries, school tours, events at your location (call for info)",U-pick; agritourism,256-728-2723,hog7@charter.net,internal_until_public_use_review,,https://www.facebook.com/Maggie-Valley-Berry-Patch-and-Gardens-289468346442,,,True,False,False,False,True,False,False,1,alobs_f0689bcb8c2f0d8ac625,PickYourOwn — North Alabama,https://www.pickyourown.org/ALhuntsv.htm,D,2026-07-15,promotion_eligible_reviewed,,Fields are selected by evidence grade; all underlying observations remain separately auditable.
AL-ED77B4548C,Melvin & Eugenia Winfrey– WinfreyFarm,melvin and eugenia winfrey winfreyfarm,farm,unique_source_name_reviewed,AL,Marshall,Marshall County service area,,,public_business_address_reviewed_for_future_reduced_precision,,,Farm products; direct-to-consumer sales,Farm stand,,,internal_until_public_use_review,,,,,True,False,False,False,False,False,False,1,alobs_418d2afc60fac00017ae,Alabama FMA — 2026 statewide farm-stand roster,https://agi.alabama.gov/farmersmarket/wp-content/uploads/sites/9/2023/02/2026-statewide-redemption-sites.pdf,B,2026-07-15,promotion_eligible_reviewed,,Fields are selected by evidence grade; all underlying observations remain separately auditable.
AL-207A1247C2,Morgan Farms,morgan farms,farm,unique_source_name_reviewed,AL,Marshall,Horton,35980,3721 Horton Nixon Chapel Road,public_business_address_reviewed_for_future_reduced_precision,34.1989082,-86.3549638,"Acidified Foods* (Pickles, Salsas, Relishes); Microgreens; Watermelon; Beans; Cantaloupe; Cucumbers; Peppers; Tomatoes; Greens; Peas; Jams/Jellies; Sweet Corn; Squash; Lettuce; Okra; Pork",Farm,(256) 572-0253,morganfarmsal@gmail.com,internal_until_public_use_review,,https://www.facebook.com/morganfarms,https://www.instagram.com/morganfarmsal/,,True,True,True,False,False,True,False,1,alobs_154a4b499ce274fe7b12,Sweet Grown Alabama — Farm members,https://www.sweetgrownalabama.org/find-sweet-grown,B,2026-07-15,promotion_eligible_reviewed,,Fields are selected by evidence grade; all underlying observations remain separately auditable.
AL-9E811B85CD,MORGAN'S PRODUCE,morgans produce,farm,merged_exact_name_reviewed,AL,Marshall,Boaz,35957,7779 Highway 168 W,public_business_address_reviewed_for_future_reduced_precision,,,Farm products; direct-to-consumer sales,Farm stand; direct-to-consumer,256-506-4549,bmorgan4549@gmail.com,internal_until_public_use_review,,,,,True,False,False,False,False,False,False,2,alobs_7f232e69475909bf34c8 | alobs_47fcee7c0ea1b04fd7ca,Alabama FMA — 2026 statewide farm-stand roster | Alabama Farmers Market Authority — farm-stand map,https://agi.alabama.gov/farmersmarket/wp-content/uploads/sites/9/2023/02/2026-statewide-redemption-sites.pdf | https://agi.alabama.gov/farmersmarket/locations/farmers-stand-location-map/,B,2026-07-15,promotion_eligible_reviewed,,Fields are selected by evidence grade; all underlying observations remain separately auditable.
AL-4062AEE54E,My Homestead-ish Kind of Life,my homestead ish kind of life,farm,unique_source_name_reviewed,AL,Marshall,Arab,35016,69 Harbor Road,public_business_address_reviewed_for_future_reduced_precision,34.3681764,-86.46006229999999,Gourds,Farm,,cassandrawreng@gmail.com,internal_until_public_use_review,https://www.myhomesteadishkindoflife.com,https://www.facebook.com/myhomesteadishkindoflife,https://www.instagram.com/gibbshandcraftedgoods/,https://www.tiktok.com/@myhomesteadishkindoflife,True,False,False,False,False,False,False,1,alobs_07cff4fb61dfdf2d8234,Sweet Grown Alabama — Farm members,https://www.sweetgrownalabama.org/find-sweet-grown,B,2026-07-15,promotion_eligible_reviewed,,Fields are selected by evidence grade; all underlying observations remain separately auditable.
AL-910014519D,Short Creek Homestead,short creek homestead,farm,unique_source_name_reviewed,AL,Marshall,Albertville,35951,2885 Hustleville Road,public_business_address_reviewed_for_future_reduced_precision,34.3180231,-86.188903,Blackberries; Cantaloupe; Herbs; Okra; Peppers; Pork; Sweet Corn; Sweet Potatoes; Blueberries; Cucumbers; Chicken; Eggs; Honey; Strawberries; Watermelon; Fresh Cut Flowers; Squash; Lettuce; Microgreens; Pears; Pumpkins; Tomatoes,Farm,(256) 504-3326,shortcreekhomestead@gmail.com,internal_until_public_use_review,,https://www.facebook.com/shortcreekhomestead,https://www.instagram.com/shortcreekhomestead/,,True,True,False,False,False,False,False,1,alobs_bd5963ace3c8eca3f597,Sweet Grown Alabama — Farm members,https://www.sweetgrownalabama.org/find-sweet-grown,B,2026-07-15,promotion_eligible_reviewed,,Fields are selected by evidence grade; all underlying observations remain separately auditable.
AL-5D6ACB616F,Stegall Farms,stegall farms,farm,unique_source_name_reviewed,AL,Marshall,Arab,,,public_business_address_reviewed_for_future_reduced_precision,,,Beef; direct-to-consumer meat,Cattle farm; direct-sale beef,256-200-1726,,internal_until_public_use_review,,,,,True,False,False,False,False,False,False,1,alobs_7023714d4ab7f5d2c58b,Alabama Cattlemen’s Association — Bama Beef Sales Directory,https://www.bamabeef.org/p/about/bama-beef-sales-directory,D,2026-07-15,promotion_eligible_reviewed,,Fields are selected by evidence grade; all underlying observations remain separately auditable.
AL-8E94CDFE4C,Sumners Farm,sumners farm,farm,unique_source_name_reviewed,AL,Marshall,Albertville,35951,2706 Blessing Road,public_business_address_reviewed_for_future_reduced_precision,34.2572497,-86.1134481,Beef,Farm,(256) 486-7655,aksumners@yahoo.com,internal_until_public_use_review,http://sumnersfarm.com,https://www.facebook.com/SumnersFarm,,,False,False,False,False,False,False,False,1,alobs_6ae80b76fb385bb8fd1a,Sweet Grown Alabama — Farm members,https://www.sweetgrownalabama.org/find-sweet-grown,B,2026-07-15,promotion_eligible_reviewed,,Fields are selected by evidence grade; all underlying observations remain separately auditable.
AL-F510CFCEFB,THE BLUEBERRY PATCH,the blueberry patch,farm,merged_exact_name_reviewed,AL,Marshall,Grant,35747,231 Blueberry Lane,public_business_address_reviewed_for_future_reduced_precision,,,Farm products; direct-to-consumer sales; U-pick crops; agritourism,Farm stand; Agritourism; U-pick,256-244-4235,poppamd2020@gmail.com,internal_until_public_use_review,,,,,True,False,False,False,True,False,False,2,alobs_fa21545ebf8eebf7c68e | alobs_4cbfa705788c34262625,Alabama FMA — 2026 statewide farm-stand roster | Alabama Farmers Market Authority — u-pick map,https://agi.alabama.gov/farmersmarket/wp-content/uploads/sites/9/2023/02/2026-statewide-redemption-sites.pdf | https://agi.alabama.gov/farmersmarket/locations/u-pick-location-map/,B,2026-07-15,promotion_eligible_reviewed,,Fields are selected by evidence grade; all underlying observations remain separately auditable.
AL-8BAA85F39A,W FARM,w farm,farm,unique_source_name_reviewed,AL,Marshall,Guntersville,35976,187 Oak Place,public_business_address_reviewed_for_future_reduced_precision,,,U-pick crops; agritourism,Agritourism; U-pick,256-558-0663 | 256-571-9001,,internal_until_public_use_review,,,,,True,False,False,False,True,False,False,1,alobs_92b7aaf761e09206041c,Alabama Farmers Market Authority — u-pick map,https://agi.alabama.gov/farmersmarket/locations/u-pick-location-map/,B,2026-07-15,promotion_eligible_reviewed,,Fields are selected by evidence grade; all underlying observations remain separately auditable.
AL-A7568F50EE,WINFREY FARM,winfrey farm,farm,unique_source_name_reviewed,AL,Marshall,Boaz,35957,386 Winfrey Rd,public_business_address_reviewed_for_future_reduced_precision,,,Farm products; direct-to-consumer sales,Farm stand; direct-to-consumer,256-506-5398,,internal_until_public_use_review,,,,,True,False,False,False,False,False,False,1,alobs_33483a2fc074fcb531be,Alabama Farmers Market Authority — farm-stand map,https://agi.alabama.gov/farmersmarket/locations/farmers-stand-location-map/,B,2026-07-15,promotion_eligible_reviewed,,Fields are selected by evidence grade; all underlying observations remain separately auditable.
AL-4040E9A53D,Battiste Citrus and Pecan,battiste citrus and pecan,farm,unique_source_name_reviewed,AL,Mobile,Theodore,36582,9985 Old Pascagoula Road,public_business_address_reviewed_for_future_reduced_precision,30.537124,-88.277199,Sweet Corn; Squash; Satsumas; Pecans,Farm,(251) 622-8035,davidrbattiste@yahoo.com,internal_until_public_use_review,,,,,True,False,False,False,False,True,False,1,alobs_63c0bbf09e2ff0cb1d2e,Sweet Grown Alabama — Farm members,https://www.sweetgrownalabama.org/find-sweet-grown,B,2026-07-15,promotion_eligible_reviewed,,Fields are selected by evidence grade; all underlying observations remain separately auditable.
AL-1F71B767E8,Bayou Pecan Co LLC,bayou pecan co,farm,unique_source_name_reviewed,AL,Mobile,Irvington,36544,12240 Lloyd Road,public_business_address_reviewed_for_future_reduced_precision,30.4367577,-88.2636269,Hay; Pecans; Quail and Quail Eggs,Online Sales; Farm,(251) 423-0022,bayoupecanco@gmail.com,internal_until_public_use_review,http://www.bayoupecanco.com/,https://www.facebook.com/Bayou-Pecan-Company-104461058650517,,,True,False,False,False,False,True,False,1,alobs_207c1f8e4f2acbb50b62,Sweet Grown Alabama — Farm members,https://www.sweetgrownalabama.org/find-sweet-grown,B,2026-07-15,promotion_eligible_reviewed,,Fields are selected by evidence grade; all underlying observations remain separately auditable.
AL-DF68BBF388,BBB Brannan Blueberry Brae Farm,bbb brannan blueberry brae farm,farm,unique_source_name_reviewed,AL,Mobile,Mobile,36608,700 B Grandbay Wilmer Road N,public_business_address_reviewed_for_future_reduced_precision,,,"blueberries, porta-potties",U-pick; agritourism,(251) 327-6503,,internal_until_public_use_review,,https://www.facebook.com/bbbfarms,,,True,False,False,False,True,False,False,1,alobs_6ff5129ba3f10192cbb7,PickYourOwn — Southwest Alabama,https://www.pickyourown.org/ALmobile.htm,D,2026-07-15,promotion_eligible_reviewed,,Fields are selected by evidence grade; all underlying observations remain separately auditable.
AL-A23F1A9ED5,BETTY'S BERRY FARM,bettys berry farm,farm,merged_exact_name_reviewed,AL,Mobile,Wilmer,36587,3887 Driskell Loop Rd N,public_business_address_reviewed_for_future_reduced_precision,,,"Farm products; direct-to-consumer sales; U-pick crops; agritourism; Blueberries, Blackberries,",Farm stand; Agritourism; U-pick; agritourism,251-680-0684,BettyBerryfarm@aol.com,internal_until_public_use_review,,https://www.facebook.com/bettysberryfarm,,,True,False,False,False,True,False,False,3,alobs_565fee5c31dfa30ef9a2 | alobs_4c98b748ad31a40bbbbc | alobs_06b45bc15240036cf0d1,Alabama FMA — 2026 statewide farm-stand roster | Alabama Farmers Market Authority — u-pick map | PickYourOwn — Southwest Alabama,https://agi.alabama.gov/farmersmarket/wp-content/uploads/sites/9/2023/02/2026-statewide-redemption-sites.pdf | https://agi.alabama.gov/farmersmarket/locations/u-pick-location-map/ | https://www.pickyourown.org/ALmobile.htm,B; D,2026-07-15,promotion_eligible_reviewed,,Fields are selected by evidence grade; all underlying observations remain separately auditable.
AL-8CF5C4620D,Blue Moon Farm,blue moon farm,farm,unique_source_name_reviewed,AL,Mobile,Mobile,36695,13620 Tom Gaston Road,public_business_address_reviewed_for_future_reduced_precision,,,"Registered naturally grown , blueberries, flowers, picnic area you may bring your own food,",U-pick; agritourism,(251) 263-2008,BlueMoonFarm.GrandBay@gmail.com,internal_until_public_use_review,,https://www.facebook.com/bluemoonfarm36695/,,,True,False,False,False,True,False,False,1,alobs_857951be9bdfc7d7ec1e,PickYourOwn — Southwest Alabama,https://www.pickyourown.org/ALmobile.htm,D,2026-07-15,promotion_eligible_reviewed,,Fields are selected by evidence grade; all underlying observations remain separately auditable.
AL-6903C77BF3,"C-4 Cattle Co., LLC",c 4 cattle co,farm,merged_exact_name_reviewed,AL,Mobile,Grand Bay,36541,9001 Louis Tillman Road,public_business_address_reviewed_for_future_reduced_precision,30.5031793,-88.2929631,Beef; direct-to-consumer meat; Lamb; Pork,Cattle farm; direct-sale beef; Farm,(251) 375-4499,Info@bombassbeef.com,internal_until_public_use_review,https://bombassbeef.com,https://www.facebook.com/BombAssBeef/,https://www.instagram.com/bombassbeef,,True,False,False,True,False,True,False,2,alobs_fcea1fed64523f6f8853 | alobs_bed0ece9f852548928a4,Alabama Cattlemen’s Association — Bama Beef Sales Directory | Sweet Grown Alabama — Farm members,https://www.bamabeef.org/p/about/bama-beef-sales-directory | https://www.sweetgrownalabama.org/find-sweet-grown,B; D,2026-07-15,promotion_eligible_reviewed,,Fields are selected by evidence grade; all underlying observations remain separately auditable.
AL-95A6B1CD5F,Dees Pecan Company,dees pecan company,farm,unique_source_name_reviewed,AL,Mobile,Grand Bay,36541,5960 Dawes Road,public_business_address_reviewed_for_future_reduced_precision,30.5659533,-88.3429883,"Acidified Foods* (Pickles, Salsas, Relishes); Baked Goods; Candy/Confections; Dry Rubs/Spices; Honey; Jams/Jellies; Marinades/Dressings; Pecans",Farm; Specialty Store,(251) 865-6626,marilyn@threebeach.com,internal_until_public_use_review,https://deespecan.com,https://www.facebook.com/deespecan/,https://www.instagram.com/dees_pecan_company?igsh=anBhbXd3NTgwcDJl,,False,False,False,False,False,False,False,1,alobs_b2e290507ad740b8bcfc,Sweet Grown Alabama — Farm members,https://www.sweetgrownalabama.org/find-sweet-grown,B,2026-07-15,promotion_eligible_reviewed,,Fields are selected by evidence grade; all underlying observations remain separately auditable.
AL-D7BF3D9D78,DK Farms,dk farms,farm,unique_source_name_reviewed,AL,Mobile,Theodore,36582,3667 Laurendine Road,public_business_address_reviewed_for_future_reduced_precision,30.5017878,-88.1690143,Beans; Greens; Okra; Peppers; Squash; Sweet Corn; Tomatoes; Garlic; Onions; Eggplants,Farm,(251) 490-0495,george.koulianos@crmalabama.com,internal_until_public_use_review,https://dkfarmsmobile.com/,https://www.facebook.com/DK-Farms-1014808638591203/,,,True,True,False,False,False,False,False,1,alobs_8c0aa68c860aabd2d3c1,Sweet Grown Alabama — Farm members,https://www.sweetgrownalabama.org/find-sweet-grown,B,2026-07-15,promotion_eligible_reviewed,,Fields are selected by evidence grade; all underlying observations remain separately auditable.
AL-72BD24DA4D,Flat Creek Cattle Company,flat creek cattle company,farm,unique_source_name_reviewed,AL,Mobile,Wilmer,,,public_business_address_reviewed_for_future_reduced_precision,,,Beef; direct-to-consumer meat,Cattle farm; direct-sale beef,251-610-9550,,internal_until_public_use_review,,,,,True,False,False,False,False,False,False,1,alobs_db11a2230ba778beadeb,Alabama Cattlemen’s Association — Bama Beef Sales Directory,https://www.bamabeef.org/p/about/bama-beef-sales-directory,D,2026-07-15,promotion_eligible_reviewed,,Fields are selected by evidence grade; all underlying observations remain separately auditable.
AL-45C0975FA0,Fresh Off The Farm,fresh off the farm,producer_requires_type_review,restored_from_absence_based_exclusion,AL,Mobile,Theodore,36582,3201 Bay Road,public_business_address_reviewed_for_future_reduced_precision,,,U-pick crops; agritourism,U-pick; agritourism,(251) 623-1868,bprobertscbi@bellsouth.net,internal_until_public_use_review,,,,,True,,,,True,,,1,alobs_7a6b943104ffdcf7e8ca,PickYourOwn — Southwest Alabama,https://www.pickyourown.org/ALmobile.htm,E,2026-07-15,research_or_qa_queue,current operation requires corroboration; absence is not an exclusion,Retained under national policy: missing or conflicting data creates research work and never deletion.
AL-30E90A1C97,Gulf Coast Genetics,gulf coast genetics,farm,unique_source_name_reviewed,AL,Mobile,Mobile,36695,12134 Yancey Glenn Drive,public_business_address_reviewed_for_future_reduced_precision,30.6362498,-88.3294158,Pork,Farm,(251) 605-3073,rgclark1959@yahoo.com,internal_until_public_use_review,,,,,True,False,False,False,False,True,False,1,alobs_3e9e67a778696cfaf4fb,Sweet Grown Alabama — Farm members,https://www.sweetgrownalabama.org/find-sweet-grown,B,2026-07-15,promotion_eligible_reviewed,,Fields are selected by evidence grade; all underlying observations remain separately auditable.
AL-DC66DBB6FE,Harper Pecans,harper pecans,farm,unique_source_name_reviewed,AL,Mobile,Grand Bay,36541,12174 Pottertract Road,public_business_address_reviewed_for_future_reduced_precision,30.43751099999999,-88.345507,Pecans,Farm,(251) 423-1735,jharper@mchsi.com,internal_until_public_use_review,,https://www.facebook.com/HarperOrchards,https://www.instagram.com/harper_pecans/,,True,False,False,False,False,True,False,1,alobs_7f3849dd4a556fd8ac02,Sweet Grown Alabama — Farm members,https://www.sweetgrownalabama.org/find-sweet-grown,B,2026-07-15,promotion_eligible_reviewed,,Fields are selected by evidence grade; all underlying observations remain separately auditable.
AL-50F360D661,Ken Buck Farms,ken buck farms,farm,unique_source_name_reviewed,AL,Mobile,Irvington,36544,7701 Ken Buck Road,public_business_address_reviewed_for_future_reduced_precision,,,"Peaches, corn, purple hull peas, Satsumas",U-pick; agritourism,(251) 824-2838,,internal_until_public_use_review,,,,,True,False,False,False,True,False,False,1,alobs_84dedaca183b12643177,PickYourOwn — Southwest Alabama,https://www.pickyourown.org/ALmobile.htm,D,2026-07-15,promotion_eligible_reviewed,,Fields are selected by evidence grade; all underlying observations remain separately auditable.
AL-CB3D4F68D4,L&J Homestead,l and j homestead,farm,unique_source_name_reviewed,AL,Mobile,Wilmer,36587,14400 Driskell Loop Road S,public_business_address_reviewed_for_future_reduced_precision,30.756058,-88.382288,Fresh Cut Flowers; Flowers; Satsumas,Farm,(251) 583-5789,landjhomestead@yahoo.com,internal_until_public_use_review,,https://www.facebook.com/LandJHomestead,https://www.instagram.com/landjhomestead?fbclid=IwY2xjawJE-sBleHRuA2FlbQIxMAABHWktHU7MQQw0PpoPbA9Fc81-ITNsOU4TVEkekbg7vkwsei-u1kfdYca3QQ_aem_vty6VYDh9FIGnfEGbZOY8Q,,True,False,False,True,True,True,True,1,alobs_bca5aef5474030e4d706,Sweet Grown Alabama — Farm members,https://www.sweetgrownalabama.org/find-sweet-grown,B,2026-07-15,promotion_eligible_reviewed,,Fields are selected by evidence grade; all underlying observations remain separately auditable.
AL-AA077A2204,Legacy Farms and Nursery,legacy farms and nursery,farm,unique_source_name_reviewed,AL,Mobile,Citronelle,36522,14051 Boothtown Road,public_business_address_reviewed_for_future_reduced_precision,30.983688,-88.33005829999999,Beef; Container Plants/Greenhouse & Nursery Products/Shrubs/Etc.; Hay; Pecans,Farm,(251) 331-2132,walt.legacyfarms@gmail.com,internal_until_public_use_review,https://www.legacyfarmsandnursery.com/,https://www.facebook.com/profile.php?id=100084808846225,,,True,False,False,False,False,False,False,1,alobs_ab8de8916528a158b270,Sweet Grown Alabama — Farm members,https://www.sweetgrownalabama.org/find-sweet-grown,B,2026-07-15,promotion_eligible_reviewed,,Fields are selected by evidence grade; all underlying observations remain separately auditable.
AL-9C46F5573E,Mason Hills Farm and Processing Facility,mason hills farm and processing facility,farm,unique_source_name_reviewed,AL,Mobile,Grand Bay,,,public_business_address_reviewed_for_future_reduced_precision,,,Beef; direct-to-consumer meat,Cattle farm; direct-sale beef,(251) 865-7748,,internal_until_public_use_review,,,,,True,False,False,False,False,False,False,1,alobs_046212d16a784973563b,Alabama Cattlemen’s Association — Bama Beef Sales Directory,https://www.bamabeef.org/p/about/bama-beef-sales-directory,D,2026-07-15,promotion_eligible_reviewed,,Fields are selected by evidence grade; all underlying observations remain separately auditable.
AL-F4976F7816,Mimi & Poppy Place LLC,mimi and poppy place,farm,unique_source_name_reviewed,AL,Mobile,Semmes,36575,3895 Private Road 304,public_business_address_reviewed_for_future_reduced_precision,30.7722891,-88.3146306,Honey; Pork; Lamb,Farm,(251) 607-8807,mimiandpoppyplace@gmail.com,internal_until_public_use_review,https://mimiandpoppysplace.com/?fbclid=IwY2xjawF-AS1leHRuA2FlbQIxMAABHWwyM1MdhM5A_jWStzP4AUGCso940DAdMSI8B7dOeewMh-DGJ6xFKIau4g_aem_4iWKh1sPzNZsc5kGprTaFQ,https://www.facebook.com/profile.php?id=100040741193922&mibextid=ZbWKwL,,,False,True,False,False,False,False,False,1,alobs_7ed4cebd5b9f8df24290,Sweet Grown Alabama — Farm members,https://www.sweetgrownalabama.org/find-sweet-grown,B,2026-07-15,promotion_eligible_reviewed,,Fields are selected by evidence grade; all underlying observations remain separately auditable.
AL-7E433CCB4D,Oak Hill Produce,oak hill produce,farm,merged_exact_name_reviewed,AL,Mobile,Grand Bay,36541,7245 Grand Bay Wilmer Rd South,public_business_address_reviewed_for_future_reduced_precision,,,"Farm products; direct-to-consumer sales; U-pick crops; agritourism; blueberries, strawberries, broccoli, corn (sweet), cucumbers, eggplants, peas, peppers, summer squash, winter squash, tomatoes, other vegetables, picnic area",Farm stand; direct-to-consumer; Agritourism; U-pick; agritourism,251-751-2006,BRIAN@OAKHILLTREEFARM.COM,internal_until_public_use_review,https://www.oakhilltreefarm.com,,,,True,False,False,False,True,False,False,4,alobs_f75b5118c21a16a1eeda | alobs_7363490d2ba875b7e138 | alobs_21ffab5195094fd24be4 | alobs_699af4b68ac3541d50da,Alabama FMA — 2026 statewide farm-stand roster | Alabama Farmers Market Authority — farm-stand map | Alabama Farmers Market Authority — u-pick map | PickYourOwn — Southwest Alabama,https://agi.alabama.gov/farmersmarket/wp-content/uploads/sites/9/2023/02/2026-statewide-redemption-sites.pdf | https://agi.alabama.gov/farmersmarket/locations/farmers-stand-location-map/ | https://agi.alabama.gov/farmersmarket/locations/u-pick-location-map/ | https://www.pickyourown.org/ALmobile.htm,B; D,2026-07-15,promotion_eligible_reviewed,,Fields are selected by evidence grade; all underlying observations remain separately auditable.
AL-81FA33C5D8,Ole 43 Honey Co,ole 43 honey co,farm,unique_source_name_reviewed,AL,Mobile,Creola,36525,9540 Criswell Drive,public_business_address_reviewed_for_future_reduced_precision,30.8880559,-88.0514876,Honey; Beeswax Products,Farm,(251) 605-4493,ole43honeyco@yahoo.com,internal_until_public_use_review,,https://www.facebook.com/profile.php?id=61576543872441,,,True,True,False,False,False,False,False,1,alobs_288707c19a18c489a5b5,Sweet Grown Alabama — Farm members,https://www.sweetgrownalabama.org/find-sweet-grown,B,2026-07-15,promotion_eligible_reviewed,,Fields are selected by evidence grade; all underlying observations remain separately auditable.
AL-54B8759D5D,Powel Blueberry Farm,powel blueberry farm,farm,unique_source_name_reviewed,AL,Mobile,Mobile County service area,,,public_business_address_reviewed_for_future_reduced_precision,,,Farm products; direct-to-consumer sales,Farm stand,,,internal_until_public_use_review,,,,,True,False,False,False,False,False,False,1,alobs_bc2236391f9a9cc29a56,Alabama FMA — 2026 statewide farm-stand roster,https://agi.alabama.gov/farmersmarket/wp-content/uploads/sites/9/2023/02/2026-statewide-redemption-sites.pdf,B,2026-07-15,promotion_eligible_reviewed,,Fields are selected by evidence grade; all underlying observations remain separately auditable.
AL-C8666F35AC,Powell Blueberry Farm,powell blueberry farm,farm,merged_exact_name_reviewed,AL,Mobile,Citronelle,36522,11285 Beverly Jeffries Highway,public_business_address_reviewed_for_future_reduced_precision,31.080122,-88.30909299999999,U-pick crops; agritourism; blueberries; U-Pick Fruit; Blueberries,Agritourism; U-pick; agritourism; Farm,251-604-7372,DPBlueberry@gmail.com,internal_until_public_use_review,,https://www.facebook.com/Powell-Blueberry-Farm-323260286187/,,,True,False,False,False,True,True,False,3,alobs_6ab24ada2270eef2250e | alobs_f9757411deea337115f6 | alobs_002dd73a421e62a7b3c3,Alabama Farmers Market Authority — u-pick map | PickYourOwn — Southwest Alabama | Sweet Grown Alabama — Farm members,https://agi.alabama.gov/farmersmarket/locations/u-pick-location-map/ | https://www.pickyourown.org/ALmobile.htm | https://www.sweetgrownalabama.org/find-sweet-grown,B; D,2026-07-15,promotion_eligible_reviewed,,Fields are selected by evidence grade; all underlying observations remain separately auditable.
AL-3E0A372ED1,Sessions Farm Market,sessions farm market,farm,merged_exact_name_reviewed,AL,Mobile,Grand Bay,36541,8971 Grand Bay - Wilmer Road,public_business_address_reviewed_for_future_reduced_precision,30.503036,-88.33061099999999,Farm products; direct-to-consumer sales; Satsumas; Blueberries; Cantaloupe; Peas; Watermelon; Cucumbers; Okra; Sweet Corn; Plums; Eggs; Greens; Tomatoes; Peaches; Pecans; Squash; Strawberries,Farm stand; direct-to-consumer; Specialty Store; Farm,(251) 865-0455,sessionsfarm@att.net,internal_until_public_use_review,,https://www.facebook.com/sessionsproduce,,,True,False,False,False,False,True,False,2,alobs_2a2485c7c4b9bdd3aebe | alobs_e039992dffbdb4096f85,Alabama Farmers Market Authority — farm-stand map | Sweet Grown Alabama — Farm members,https://agi.alabama.gov/farmersmarket/locations/farmers-stand-location-map/ | https://www.sweetgrownalabama.org/find-sweet-grown,B,2026-07-15,promotion_eligible_reviewed,,Fields are selected by evidence grade; all underlying observations remain separately auditable.
AL-968D81CD97,SessionsFarm Market,sessionsfarm market,farm,unique_source_name_reviewed,AL,Mobile,Mobile County service area,,,public_business_address_reviewed_for_future_reduced_precision,,,Farm products; direct-to-consumer sales,Farm stand,,,internal_until_public_use_review,,,,,True,False,False,False,False,False,False,1,alobs_a5879324a9cf097b4013,Alabama FMA — 2026 statewide farm-stand roster,https://agi.alabama.gov/farmersmarket/wp-content/uploads/sites/9/2023/02/2026-statewide-redemption-sites.pdf,B,2026-07-15,promotion_eligible_reviewed,,Fields are selected by evidence grade; all underlying observations remain separately auditable.
AL-0673B8DBFB,Sims Woodland Farms,sims woodland farms,farm,unique_source_name_reviewed,AL,Mobile,Wilmer,36587,9610 Whitetail Lane,public_business_address_reviewed_for_future_reduced_precision,30.89659859999999,-88.2694169,Chicken; Eggs,Farm,(251) 423-6758,simswoodlandfarms@gmail.com,internal_until_public_use_review,,https://www.facebook.com/profile.php?id=100093962587501,https://www.instagram.com/simswoodlandfarms/,,True,True,False,False,False,False,False,1,alobs_b199a1626cb1fb102912,Sweet Grown Alabama — Farm members,https://www.sweetgrownalabama.org/find-sweet-grown,B,2026-07-15,promotion_eligible_reviewed,,Fields are selected by evidence grade; all underlying observations remain separately auditable.
AL-286794E318,Southern Orchards,southern orchards,farm,merged_exact_name_reviewed,AL,Mobile,Mobile,36608,11000 Calvert Road,public_business_address_reviewed_for_future_reduced_precision,30.662628,-88.30264199999999,U-pick crops; agritourism; satsumas; Satsumas; U-Pick Fruit,Agritourism; U-pick; agritourism; Farm,(251) 751-4714,southernorchards1@gmail.com,internal_until_public_use_review,https://www.southernorchards1.com,https://www.facebook.com/southernorchards1,,,True,False,True,False,True,False,False,3,alobs_0f081d5b9bb863396d11 | alobs_9910ac250d62da49f222 | alobs_c43cfc0b122684058d8a,Alabama Farmers Market Authority — u-pick map | PickYourOwn — Southwest Alabama | Sweet Grown Alabama — Farm members,https://agi.alabama.gov/farmersmarket/locations/u-pick-location-map/ | https://www.pickyourown.org/ALmobile.htm | https://www.sweetgrownalabama.org/find-sweet-grown,B; D,2026-07-15,promotion_eligible_reviewed,,Fields are selected by evidence grade; all underlying observations remain separately auditable.
AL-AB184D6485,Sweet Martha's Family Farmacy,sweet marthas family farmacy,farm,unique_source_name_reviewed,AL,Mobile,Prichard,36610-3811,221 Sinclair Ave,public_business_address_reviewed_for_future_reduced_precision,30.7370745,-88.0871628,"Herbs; Jams/Jellies; Marinades/Dressings; Okra; Peaches; Acidified Foods* (Pickles, Salsas, Relishes); Baked Goods; Container Plants/Greenhouse & Nursery Products/Shrubs/Etc.; Sweet Corn; Beans; Blackberries; Blueberries; Container Plants; Dry Rubs/Spices; Flowers; Greens; Lettuce; Sweet Potatoes",Farm,(475) 280-8897,smfamilyfarmacy@gmail.com,internal_until_public_use_review,https://www.sweetmarthafarmacy.com,,,,True,True,True,True,False,True,False,1,alobs_972b8cbd4e2febf99aad,Sweet Grown Alabama — Farm members,https://www.sweetgrownalabama.org/find-sweet-grown,B,2026-07-15,promotion_eligible_reviewed,,Fields are selected by evidence grade; all underlying observations remain separately auditable.
AL-6ED2BAC4D4,Veeebs Cluck & Crumb Porch Pantry,veeebs cluck and crumb porch pantry,farm,unique_source_name_reviewed,AL,Mobile,Saraland,36571,421 International Blvd,public_business_address_reviewed_for_future_reduced_precision,30.8155224,-88.09338699999999,"Acidified Foods* (Pickles, Salsas, Relishes); Beans; Blueberries; Jams/Jellies; Blackberries; Butter; Cheese; Dry Rubs/Spices; Herbs; Lettuce; Strawberries; Tomatoes; Candy/Confections; Microgreens; Peppers; Sauces/Condiments; Squash; Cucumbers; Eggs; Greens; Ice Cream; Marinades/Dressings; Okra; Watermelon",Farm,(251) 513-0723,vpowell@bluestreakllc.com,internal_until_public_use_review,,https://www.facebook.com/DefiningTheSouth,,,True,False,False,False,False,False,False,1,alobs_e56d01ad3b62023bdc86,Sweet Grown Alabama — Farm members,https://www.sweetgrownalabama.org/find-sweet-grown,B,2026-07-15,promotion_eligible_reviewed,,Fields are selected by evidence grade; all underlying observations remain separately auditable.
AL-6FAAE8BA3A,HICKORY HOLLOW VINEYARD,hickory hollow vineyard,farm,merged_exact_name_reviewed,AL,Monroe,Goodway,36445,471 Vineyard Ln,public_business_address_reviewed_for_future_reduced_precision,,,U-pick crops; agritourism; Muscadines,Agritourism; U-pick; agritourism,251-282-7639,AMJ1@FRONTIERNET.NET,internal_until_public_use_review,,https://www.facebook.com/groups/1012544788799833/about,,,True,False,False,False,True,False,False,2,alobs_50eb2f1e824ab9fd3aab | alobs_de4d48cdc363a504e79b,Alabama Farmers Market Authority — u-pick map | PickYourOwn — Southwest Alabama,https://agi.alabama.gov/farmersmarket/locations/u-pick-location-map/ | https://www.pickyourown.org/ALmobile.htm,B; D,2026-07-15,promotion_eligible_reviewed,,Fields are selected by evidence grade; all underlying observations remain separately auditable.
AL-0F9D8476BC,Hudson Hines Brangus,hudson hines brangus,farm,unique_source_name_reviewed,AL,Monroe,Beatrice,,,public_business_address_reviewed_for_future_reduced_precision,,,Beef; direct-to-consumer meat,Cattle farm; direct-sale beef,251-564-1457,,internal_until_public_use_review,,,,,True,False,False,False,False,False,False,1,alobs_70338c0bffaf1eecb29a,Alabama Cattlemen’s Association — Bama Beef Sales Directory,https://www.bamabeef.org/p/about/bama-beef-sales-directory,D,2026-07-15,promotion_eligible_reviewed,,Fields are selected by evidence grade; all underlying observations remain separately auditable.
AL-4E0C3E5BDD,Laurie Farms,laurie farms,farm,unique_source_name_reviewed,AL,Monroe,Uriah,36480,3331 Jeddo Road,public_business_address_reviewed_for_future_reduced_precision,31.3296859,-87.5220496,Peanuts; Roasted/Boiled Peanuts,Agritourism; Farm,(251) 593-8815,jennygeorgelaurie@gmail.com,internal_until_public_use_review,,https://www.facebook.com/profile.php?id=100013425761298,,,True,False,False,False,False,False,False,1,alobs_8e9156f796ff26ce2da6,Sweet Grown Alabama — Farm members,https://www.sweetgrownalabama.org/find-sweet-grown,B,2026-07-15,promotion_eligible_reviewed,,Fields are selected by evidence grade; all underlying observations remain separately auditable.
AL-7879EDD92A,Marshall Farms,marshall farms,farm,unique_source_name_reviewed,AL,Monroe,Uriah,36480,7030 Highway 59,public_business_address_reviewed_for_future_reduced_precision,31.300605,-87.60968199999999,Beef; Eggs; Chicken; Pork,Farm,(251) 593-5179,bemarshall99@gmail.com,internal_until_public_use_review,https://www.marshallfarmsal.com,,,,True,False,False,False,False,False,False,1,alobs_d0dcd651f95546a40893,Sweet Grown Alabama — Farm members,https://www.sweetgrownalabama.org/find-sweet-grown,B,2026-07-15,promotion_eligible_reviewed,,Fields are selected by evidence grade; all underlying observations remain separately auditable.
AL-95B9A16684,The Grove at Ward Farms,the grove at ward farms,farm,unique_source_name_reviewed,AL,Monroe,Frisco City,36445,1059 Raymond Road,public_business_address_reviewed_for_future_reduced_precision,31.403148,-87.447919,Beef,Farm,(251) 593-5177,thegroveatwardfarms@gmail.com,internal_until_public_use_review,https://app.barn2door.com/thegroveatwardfarms/all,https://www.facebook.com/ward.farms62,https://www.instagram.com/ward.farms/,,False,False,True,True,False,False,False,1,alobs_4ee224fc483d7e5ee0ff,Sweet Grown Alabama — Farm members,https://www.sweetgrownalabama.org/find-sweet-grown,B,2026-07-15,promotion_eligible_reviewed,,Fields are selected by evidence grade; all underlying observations remain separately auditable.
AL-67C6FAF3DF,The Sourdough Shop and Farm Stand,the sourdough shop and farm stand,farm,unique_source_name_reviewed,AL,Monroe,Uriah,36507,14048 Highway 21 South,public_business_address_reviewed_for_future_reduced_precision,31.31453,-87.478771,"Sauces/Condiments; Container Plants/Greenhouse & Nursery Products/Shrubs/Etc.; Gourds; Kale; Broccoli; Turnips; Carrots; Cabbage; Beans; Okra; Pecans; Squash; Baked Goods; Acidified Foods* (Pickles, Salsas, Relishes); Jams/Jellies; Marinades/Dressings; Peppers; Sweet Potatoes; Watermelon; Cantaloupe; Cucumbers; Herbs; Tomatoes",Farm,(251) 232-9861,cherrielivesrooted@gmail.com,internal_until_public_use_review,https://www.cherrielivesrooted.com,https://www.facebook.com/thesourdoughshopandfarmstand,https://www.instagram.com/cherrielivesrooted,,True,True,True,True,False,False,False,1,alobs_a1947a66221e1b3fa1f1,Sweet Grown Alabama — Farm members,https://www.sweetgrownalabama.org/find-sweet-grown,B,2026-07-15,promotion_eligible_reviewed,,Fields are selected by evidence grade; all underlying observations remain separately auditable.
AL-8FE99A5558,Tim Tucker Farms,tim tucker farms,farm,unique_source_name_reviewed,AL,Monroe,Uriah,,,public_business_address_reviewed_for_future_reduced_precision,,,Beef; direct-to-consumer meat,Cattle farm; direct-sale beef,251-282-6286,,internal_until_public_use_review,,,,,True,False,False,False,False,False,False,1,alobs_c19efd67bea2793e1bc2,Alabama Cattlemen’s Association — Bama Beef Sales Directory,https://www.bamabeef.org/p/about/bama-beef-sales-directory,D,2026-07-15,promotion_eligible_reviewed,,Fields are selected by evidence grade; all underlying observations remain separately auditable.
AL-0BF3AC03C9,Belcher Bees Honey,belcher bees honey,farm,unique_source_name_reviewed,AL,Montgomery,Hope Hull,36043,6054 Felder Road,public_business_address_reviewed_for_future_reduced_precision,32.263929,-86.399396,Honey,Farm,(334) 799-5051,michaelbelcher@live.com,internal_until_public_use_review,,,,,True,False,False,True,False,False,False,1,alobs_932b6bcf52f5d92bc01f,Sweet Grown Alabama — Farm members,https://www.sweetgrownalabama.org/find-sweet-grown,B,2026-07-15,promotion_eligible_reviewed,,Fields are selected by evidence grade; all underlying observations remain separately auditable.
AL-CE6969CE1D,Carla Williamson,carla williamson,farm,unique_source_name_reviewed,AL,Montgomery,Montgomery,,,public_business_address_reviewed_for_future_reduced_precision,,,Beef; direct-to-consumer meat,Cattle farm; direct-sale beef,(334) 265-1867,,internal_until_public_use_review,,,,,True,False,False,False,False,False,False,1,alobs_5dfde4ff960b53420d86,Alabama Cattlemen’s Association — Bama Beef Sales Directory,https://www.bamabeef.org/p/about/bama-beef-sales-directory,D,2026-07-15,promotion_eligible_reviewed,,Fields are selected by evidence grade; all underlying observations remain separately auditable.
AL-8FC524988D,Eddie's Bees,eddies bees,farm,unique_source_name_reviewed,AL,Montgomery,Montgomery County service area,,,public_business_address_reviewed_for_future_reduced_precision,,,Bees; apiary products,Apiary / bee seller,334-315-7114,,internal_until_public_use_review,,,,,False,False,False,False,False,False,False,1,alobs_7268c41beb4ef39cd79e,Alabama Plant Protection — Beekeepers Selling Bees,https://agi.alabama.gov/plantprotection/beeks-selling-bees/,B,2026-07-15,promotion_eligible_reviewed,,Fields are selected by evidence grade; all underlying observations remain separately auditable.
AL-F393F5A82D,Eng Land Honey,eng land honey,farm,unique_source_name_reviewed,AL,Montgomery,Pike Road,36064,P.O. Box 640284,public_business_address_reviewed_for_future_reduced_precision,32.3482445,-86.0956018,Candles- Beeswax; Honey,Farm,(334) 245-0825,EngLandHoneyBee@gmail.com,internal_until_public_use_review,https://englandhoney.net/,https://www.facebook.com/EngLandHoney/,https://www.instagram.com/eng_land_honey/,,False,False,False,False,False,False,False,1,alobs_2869012784c6a107a246,Sweet Grown Alabama — Farm members,https://www.sweetgrownalabama.org/find-sweet-grown,B,2026-07-15,promotion_eligible_reviewed,,Fields are selected by evidence grade; all underlying observations remain separately auditable.
AL-9D3A9CE406,FreshGreems Market,freshgreems market,farm,unique_source_name_reviewed,AL,Montgomery,Montgomery County service area,,,public_business_address_reviewed_for_future_reduced_precision,,,Farm products; direct-to-consumer sales,Farm stand,,,internal_until_public_use_review,,,,,True,False,False,False,False,False,False,1,alobs_ec52ec8b8195d259b02e,Alabama FMA — 2026 statewide farm-stand roster,https://agi.alabama.gov/farmersmarket/wp-content/uploads/sites/9/2023/02/2026-statewide-redemption-sites.pdf,B,2026-07-15,promotion_eligible_reviewed,,Fields are selected by evidence grade; all underlying observations remain separately auditable.
AL-DF5F9B7B1A,FreshGreens Market,freshgreens market,farm,unique_source_name_reviewed,AL,Montgomery,Montgomery,36104,427 E Jefferson St,public_business_address_reviewed_for_future_reduced_precision,,,Farm products; direct-to-consumer sales,Farm stand; direct-to-consumer,334-549-3531,hello@freshgreensmarket.com,internal_until_public_use_review,,,,,True,False,False,False,False,False,False,1,alobs_e1e867913dc35e3e1f87,Alabama Farmers Market Authority — farm-stand map,https://agi.alabama.gov/farmersmarket/locations/farmers-stand-location-map/,B,2026-07-15,promotion_eligible_reviewed,,Fields are selected by evidence grade; all underlying observations remain separately auditable.
AL-B43721E127,Handey's Farm and Nursery,handeys farm and nursery,farm,merged_exact_name_reviewed,AL,Montgomery,Montgomery,36117,254 Handey Farm Road,public_business_address_reviewed_for_future_reduced_precision,32.3630408,-86.0631362,"strawberries,; Pumpkins; U-Pick Fruit; Acidified Foods* (Pickles, Salsas, Relishes); Greens; Sauces/Condiments; Squash; Fresh Cut Flowers; Cucumbers; Jams/Jellies; Strawberries; Okra; Peppers; Peas; Cantaloupe; Sweet Potatoes; Sweet Corn; Container Plants/Greenhouse & Nursery Products/Shrubs/Etc.; Tomatoes; Watermelon; Baked Goods; Roasted/Boiled Peanuts; Broccoli",U-pick; agritourism; Farm; Agritourism,(334) 215-3782,notnomo@aol.com,internal_until_public_use_review,,https://www.facebook.com/Handeys-Farm-Nursery-233780913413773,,,True,False,False,False,True,False,False,2,alobs_d2655d85b2cfd65cfb0e | alobs_75ea33a6cb6e28282c9b,PickYourOwn — Southeast Alabama | Sweet Grown Alabama — Farm members,https://www.pickyourown.org/ALmontg.htm | https://www.sweetgrownalabama.org/find-sweet-grown,B; D,2026-07-15,promotion_eligible_reviewed,,Fields are selected by evidence grade; all underlying observations remain separately auditable.
AL-2E917FDE1B,House Of Menefee,house of menefee,farm,unique_source_name_reviewed,AL,Montgomery,Grady,36036,1198 Fannin Mill Road,public_business_address_reviewed_for_future_reduced_precision,31.9807207,-86.1753196,"Acidified Foods* (Pickles, Salsas, Relishes); Greens; Lettuce; Apples; Cucumbers; Pears; Peppers; Squash; Beans; Corn (Field); Okra; Sauces/Condiments; Tomatoes; Jams/Jellies",Farm,(214) 701-8282,margenmenefee@gmail.com,internal_until_public_use_review,,https://www.facebook.com/HouseOfMenefee,,,True,False,False,False,False,False,False,1,alobs_a094974a61d34f0e65dd,Sweet Grown Alabama — Farm members,https://www.sweetgrownalabama.org/find-sweet-grown,B,2026-07-15,promotion_eligible_reviewed,,Fields are selected by evidence grade; all underlying observations remain separately auditable.
AL-2D82DF2B42,Legacy Heritage,legacy heritage,farm,unique_source_name_reviewed,AL,Montgomery,Montgomery,36110,1716 Hale Street,public_business_address_reviewed_for_future_reduced_precision,32.3977133,-86.29656539999999,Squash; Lettuce; Okra; Strawberries; Sweet Corn; Sweet Potatoes; Tomatoes; Watermelon; Greens; Herbs; Beans; Cucumbers; Peas; Blackberries,Farm,(205) 947-7070,yourcovidcareful@gmail.com,internal_until_public_use_review,https://www.ourlegacyheritage.com,https://www.facebook.com/ournewlegacy,,,True,False,False,False,False,False,True,1,alobs_5d120a6d89059e5d4021,Sweet Grown Alabama — Farm members,https://www.sweetgrownalabama.org/find-sweet-grown,B,2026-07-15,promotion_eligible_reviewed,,Fields are selected by evidence grade; all underlying observations remain separately auditable.
AL-1483CC6971,Let's Geaux Farming,lets geaux farming,farm,unique_source_name_reviewed,AL,Montgomery,Ramer,36069,1089 Naftel Ramer Road,public_business_address_reviewed_for_future_reduced_precision,32.032913,-86.220354,"Squash; Acidified Foods* (Pickles, Salsas, Relishes); Honey; Watermelon; Cucumbers; Jams/Jellies; Tomatoes; Eggs; Peppers; Greens; Herbs; Milk",Farm,(251) 644-9676,Letsgeauxfarming@yahoo.com,internal_until_public_use_review,https://www.letsgeauxfarming.com,https://www.facebook.com/profile.php?id=100057061495437,,,True,True,False,True,False,False,False,1,alobs_5cf3d10866f23b115a6d,Sweet Grown Alabama — Farm members,https://www.sweetgrownalabama.org/find-sweet-grown,B,2026-07-15,promotion_eligible_reviewed,,Fields are selected by evidence grade; all underlying observations remain separately auditable.
AL-C873212795,Mid South Bee Supply,mid south bee supply,farm,unique_source_name_reviewed,AL,Montgomery,Montgomery County service area,,,public_business_address_reviewed_for_future_reduced_precision,,,Bees; apiary products,Apiary / bee seller,334-380-8909,,internal_until_public_use_review,,,,,False,False,False,False,False,False,False,1,alobs_a69bd8c699006d69e1b7,Alabama Plant Protection — Beekeepers Selling Bees,https://agi.alabama.gov/plantprotection/beeks-selling-bees/,B,2026-07-15,promotion_eligible_reviewed,,Fields are selected by evidence grade; all underlying observations remain separately auditable.
AL-BB1F45393D,Passions Farm,passions farm,farm,merged_exact_name_reviewed,AL,Montgomery,Ramer,36069,5789 East Hickory Grove Road,public_business_address_reviewed_for_future_reduced_precision,32.0353493,-86.2275202,Farm products; direct-to-consumer sales; Squash; Beans; Okra; Blackberries; Cantaloupe; Cucumbers; Fresh Cut Flowers; Peas; Lettuce; Tomatoes; Peppers; Sweet Corn; Watermelon,Farm stand; direct-to-consumer; Farm,(334) 235-0917,valenciafoster8@icloud.com,internal_until_public_use_review,https://www.passionsfarmfwp.com,https://www.facebook.com/passionsfarmlocalgrower,,,True,False,False,True,False,False,False,3,alobs_d61e6746aed222d4c11d | alobs_75380f3c51dac5325dd3 | alobs_4d9394ef8b3c70c7b4ba,Alabama FMA — 2026 statewide farm-stand roster | Alabama Farmers Market Authority — farm-stand map | Sweet Grown Alabama — Farm members,https://agi.alabama.gov/farmersmarket/wp-content/uploads/sites/9/2023/02/2026-statewide-redemption-sites.pdf | https://agi.alabama.gov/farmersmarket/locations/farmers-stand-location-map/ | https://www.sweetgrownalabama.org/find-sweet-grown,B,2026-07-15,promotion_eligible_reviewed,,Fields are selected by evidence grade; all underlying observations remain separately auditable.
AL-71E1FD8C95,Pounds Meat Wagon,pounds meat wagon,farm,merged_exact_name_reviewed,AL,Montgomery,Grady,36036,26200 Troy Highway,public_business_address_reviewed_for_future_reduced_precision,32.0118125,-86.0312909,Beef; direct-to-consumer meat,Cattle farm; direct-sale beef; Farm,(334) 322-5451,poundsmeatwagon@gmail.com,internal_until_public_use_review,https://poundsmeatwagon.com,https://www.facebook.com/@Pounds-Meat-Wagon-100087276357291/?_rdr,https://instagram.com/pounds_meat_wagon?igshid=YmMyMTA2M2Y=,,True,True,True,True,False,False,False,2,alobs_0555dfbf98ba44dee2c1 | alobs_f73179025d982c8c6208,Alabama Cattlemen’s Association — Bama Beef Sales Directory | Sweet Grown Alabama — Farm members,https://www.bamabeef.org/p/about/bama-beef-sales-directory | https://www.sweetgrownalabama.org/find-sweet-grown,B; D,2026-07-15,promotion_eligible_reviewed,,Fields are selected by evidence grade; all underlying observations remain separately auditable.
AL-EDA711193A,Southern Growers Nursery And Greenhouse,southern growers nursery and greenhouse,farm,unique_source_name_reviewed,AL,Montgomery,Montgomery,36109,3601 Wetumpka Hwy,public_business_address_reviewed_for_future_reduced_precision,,,"blueberries, blackberries",U-pick; agritourism,334-386-4054,sgsales@southerngrowers.com,internal_until_public_use_review,https://www.southerngrowers.com/,,,,True,False,False,False,True,False,False,1,alobs_7a2156aa6ced5e5c9db2,PickYourOwn — Southeast Alabama,https://www.pickyourown.org/ALmontg.htm,D,2026-07-15,promotion_eligible_reviewed,,Fields are selected by evidence grade; all underlying observations remain separately auditable.
AL-5F945E1385,Southern Sweet Bee,southern sweet bee,farm,merged_exact_name_reviewed,AL,Montgomery,Hope Hull,36043,667 Bush Drive,public_business_address_reviewed_for_future_reduced_precision,32.21837500000001,-86.34034199999999,Bees; apiary products; Honey; Candles- Beeswax,Apiary / bee seller; Online Sales; Farm,(334) 531-9852,southernsweetbee@yahoo.com,internal_until_public_use_review,https://southernsweetbee.com/,https://www.facebook.com/SouthernSweetBeeLLC,https://www.instagram.com/southernsweetbeehoney/,,False,True,True,False,False,True,False,2,alobs_224314427eaa0ec6d301 | alobs_551828892897622c1a6a,Alabama Plant Protection — Beekeepers Selling Bees | Sweet Grown Alabama — Farm members,https://agi.alabama.gov/plantprotection/beeks-selling-bees/ | https://www.sweetgrownalabama.org/find-sweet-grown,B,2026-07-15,promotion_eligible_reviewed,,Fields are selected by evidence grade; all underlying observations remain separately auditable.
AL-2A9DA54C2F,SweetCreek Farm Market,sweetcreek farm market,farm,merged_exact_name_reviewed,AL,Montgomery,Pike Road,36064,85 Meriwether Road,public_business_address_reviewed_for_future_reduced_precision,32.2751593,-86.17283139999999,"Farm products; direct-to-consumer sales; Acidified Foods* (Pickles, Salsas, Relishes); Pears; Blueberries; Ice Cream; Oats; Blackberries; Marinades/Dressings; Peaches; Tomatoes; Fresh Cut Flowers; Milk; Peppers; Greens; Jams/Jellies; Watermelon; Container Plants/Greenhouse & Nursery Products/Shrubs/Etc.; Pecans; Lettuce; Squash; Strawberries; Peas; Sweet Corn; Cantaloupe; Eggs; Animal Encounters; Cucumbers; Muscadine Grapes; Beans; Green Peanuts; Peanuts; Roasted/Boiled Peanuts; Farm Markets; Microgreens; Sauces/Condiments; Candy/Confections; Dry Rubs/Spices; Baked Goods; Herbs; Beef; Honey; Okra",Farm stand; direct-to-consumer; Agritourism; Restaurants; Farm; Specialty Store,(334) 280-3276,events@sweetcreekfarmmarket.com,internal_until_public_use_review,,https://www.facebook.com/sweetcreekfarmmarket,https://www.instagram.com/sweetcreek_farmmarket/,,True,False,False,False,False,False,False,3,alobs_23330fcaf3d4dd6243a5 | alobs_ae6453a24bdd4f12992a | alobs_1c4869c02f75d0994569,Alabama FMA — 2026 statewide farm-stand roster | Alabama Farmers Market Authority — farm-stand map | Sweet Grown Alabama — Farm members,https://agi.alabama.gov/farmersmarket/wp-content/uploads/sites/9/2023/02/2026-statewide-redemption-sites.pdf | https://agi.alabama.gov/farmersmarket/locations/farmers-stand-location-map/ | https://www.sweetgrownalabama.org/find-sweet-grown,B,2026-07-15,promotion_eligible_reviewed,,Fields are selected by evidence grade; all underlying observations remain separately auditable.
AL-C8831EE25D,Yarbrough Homestead,yarbrough homestead,farm,unique_source_name_reviewed,AL,Montgomery,Montgomery ,36105,693 Liberty Lane,public_business_address_reviewed_for_future_reduced_precision,,,Pastured livestock and/or farm products; see source profile,Pastured-product farm; direct sales,(334) 309-6514,travis@yarbroughhomestead.com,internal_until_public_use_review,http://www.yarbroughhomestead.com,https://www.facebook.com/Yarbrough-Homestead-520446957997460/,https://www.instagram.com/yarbroughhomestead/,,True,False,False,False,False,False,False,1,alobs_5fc7b995d1863be7583f,EatWild Alabama directory,https://www.eatwild.com/products/alabama.html,D,2026-07-15,promotion_eligible_reviewed,,Fields are selected by evidence grade; all underlying observations remain separately auditable.
AL-D5BD51148D,BJR Summerford Charolais/Angus,bjr summerford charolais angus,farm,unique_source_name_reviewed,AL,Morgan,Falkville,,,public_business_address_reviewed_for_future_reduced_precision,,,Beef; direct-to-consumer meat,Cattle farm; direct-sale beef,256-784-5255,,internal_until_public_use_review,,,,,True,False,False,False,False,False,False,1,alobs_d7fdf842cffd047e80f9,Alabama Cattlemen’s Association — Bama Beef Sales Directory,https://www.bamabeef.org/p/about/bama-beef-sales-directory,D,2026-07-15,promotion_eligible_reviewed,,Fields are selected by evidence grade; all underlying observations remain separately auditable.
AL-0FAFDE916B,Burden-Childers Beef,burden childers beef,farm,unique_source_name_reviewed,AL,Morgan,Somerville,,,public_business_address_reviewed_for_future_reduced_precision,,,Beef; direct-to-consumer meat,Cattle farm; direct-sale beef,,,internal_until_public_use_review,,,,,True,False,False,False,False,False,False,1,alobs_a69bf070ae78720c9ade,Alabama Cattlemen’s Association — Bama Beef Sales Directory,https://www.bamabeef.org/p/about/bama-beef-sales-directory,D,2026-07-15,promotion_eligible_reviewed,,Fields are selected by evidence grade; all underlying observations remain separately auditable.
AL-166CE30C11,Center Square Farm,center square farm,farm,unique_source_name_reviewed,AL,Morgan,Somerville,35670,4418 Highway 36 East,public_business_address_reviewed_for_future_reduced_precision,34.4459068,-86.745038,Beef; Chicken; Container Plants/Greenhouse & Nursery Products/Shrubs/Etc.; Pork,Farm,(256) 258-9270,dawn.pulliam@gmail.com,internal_until_public_use_review,https://center-square-farm.localline.ca/market-prices,https://www.facebook.com/centersquarefarm,https://www.instagram.com/centersquarefarm/,,True,True,True,True,False,True,False,1,alobs_3e7a3299adf8620bbd0a,Sweet Grown Alabama — Farm members,https://www.sweetgrownalabama.org/find-sweet-grown,B,2026-07-15,promotion_eligible_reviewed,,Fields are selected by evidence grade; all underlying observations remain separately auditable.
AL-01BAA463A5,Champion Farms,champion farms,farm,merged_exact_name_reviewed,AL,Morgan,Falkville,35622,310 South Strickland Road,public_business_address_reviewed_for_future_reduced_precision,34.3358703,-86.84578239999999,"Farm products; direct-to-consumer sales; U-pick crops; agritourism; strawberries,; U-Pick Fruit; Acidified Foods* (Pickles, Salsas, Relishes); Peaches; Peppers; Pumpkins; Beans; Pears; Sweet Corn; Blackberries; Honey; Blueberries; Strawberries; Cantaloupe; Greens; Cucumbers; Jams/Jellies; Lettuce; Okra; Peas; Squash; Tomatoes; Sweet Potatoes; Watermelon",Farm stand; direct-to-consumer; Agritourism; U-pick; agritourism; Farm,(256) 476-3742,marilynchampion@ymail.com,internal_until_public_use_review,,https://www.facebook.com/ChampionFarms,,,True,True,False,True,True,True,False,5,alobs_89216536351f56f308c9 | alobs_dde141781d6df565d4da | alobs_f5343c93c722eeb4b98d | alobs_a7339a795f29b98d9ad5 | alobs_769f002cae883629595c,Alabama FMA — 2026 statewide farm-stand roster | Alabama Farmers Market Authority — farm-stand map | Alabama Farmers Market Authority — u-pick map | PickYourOwn — North Alabama | Sweet Grown Alabama — Farm members,https://agi.alabama.gov/farmersmarket/wp-content/uploads/sites/9/2023/02/2026-statewide-redemption-sites.pdf | https://agi.alabama.gov/farmersmarket/locations/farmers-stand-location-map/ | https://agi.alabama.gov/farmersmarket/locations/u-pick-location-map/ | https://www.pickyourown.org/ALhuntsv.htm | https://www.sweetgrownalabama.org/find-sweet-grown,B; D,2026-07-15,promotion_eligible_reviewed,,Fields are selected by evidence grade; all underlying observations remain separately auditable.
AL-529DB5CFE0,Diamond JM Cattle,diamond jm cattle,farm,unique_source_name_reviewed,AL,Morgan,Lacey'S Spring,,,public_business_address_reviewed_for_future_reduced_precision,,,Beef; direct-to-consumer meat,Cattle farm; direct-sale beef,256-679-7287,,internal_until_public_use_review,,,,,True,False,False,False,False,False,False,1,alobs_01abe2113664a11a445d,Alabama Cattlemen’s Association — Bama Beef Sales Directory,https://www.bamabeef.org/p/about/bama-beef-sales-directory,D,2026-07-15,promotion_eligible_reviewed,,Fields are selected by evidence grade; all underlying observations remain separately auditable.
AL-BA5EA52F57,E & J Farms,e and j farms,farm,unique_source_name_reviewed,AL,Morgan,Lacey'S Spring,35754,63 Parks Chapel Rd,public_business_address_reviewed_for_future_reduced_precision,,,"peppers, summer squash, strawberries, tomatoes,",U-pick; agritourism,(256) 326-8610,edwardsmith1731@att.net,internal_until_public_use_review,,,,,True,False,False,False,True,False,False,1,alobs_69c1433857edbe3379b9,PickYourOwn — North Alabama,https://www.pickyourown.org/ALhuntsv.htm,D,2026-07-15,promotion_eligible_reviewed,,Fields are selected by evidence grade; all underlying observations remain separately auditable.
AL-12F1ACC951,Fagerman Farm,fagerman farm,farm,unique_source_name_reviewed,AL,Morgan,Somerville,35670,56 Gilchrist Road,public_business_address_reviewed_for_future_reduced_precision,,,"blueberries, lamb",U-pick; agritourism,256-654-5386,NANCY.FAGERMAN@GMAIL.COM,internal_until_public_use_review,https://www.fagermanfarm.com/,,,,True,False,False,False,True,False,False,1,alobs_67d3470fd52a363c7e06,PickYourOwn — North Alabama,https://www.pickyourown.org/ALhuntsv.htm,D,2026-07-15,promotion_eligible_reviewed,,Fields are selected by evidence grade; all underlying observations remain separately auditable.
AL-DDF3EE9CAF,Gin House Branch Farm,gin house branch farm,farm,unique_source_name_reviewed,AL,Morgan,Decatur,35603,1449 S. Bethel Road,public_business_address_reviewed_for_future_reduced_precision,,,"blueberries,",U-pick; agritourism,256-466-0655,upick@ghbf.com,internal_until_public_use_review,http://www.ghbf.com/,,,,True,False,False,False,True,False,False,1,alobs_031aa274052843ff4f94,PickYourOwn — North Alabama,https://www.pickyourown.org/ALhuntsv.htm,D,2026-07-15,promotion_eligible_reviewed,,Fields are selected by evidence grade; all underlying observations remain separately auditable.
AL-E011B13F87,Gore Farms,gore farms,farm,unique_source_name_reviewed,AL,Morgan,Laceys Spring,35754,3487 Union Hill Road,public_business_address_reviewed_for_future_reduced_precision,34.4709429,-86.5801714,Chicken; Eggs; Turkey,Farm,(256) 506-2238,gorefamilyfarms@gmail.com,internal_until_public_use_review,https://gorefamilyfarms.com,https://www.facebook.com/GoreFamilyFarms,,,True,True,False,False,False,False,False,1,alobs_cb6193e9f12e56dad293,Sweet Grown Alabama — Farm members,https://www.sweetgrownalabama.org/find-sweet-grown,B,2026-07-15,promotion_eligible_reviewed,,Fields are selected by evidence grade; all underlying observations remain separately auditable.
AL-16DF1F67A8,Gullion Farms Down on the Farm,gullion farms down on the farm,farm,unique_source_name_reviewed,AL,Morgan,Somerville,35670,701 Peck Hollow Road,public_business_address_reviewed_for_future_reduced_precision,,,"Horse Drawn Wagon Rides, Milking A Cow, Scare Crow Station, Gathering Eggs, Hay Slide, Hay Ride, Petting Zoo, Story Time, Pony Ride, Roping Station,",U-pick; agritourism,256-778-7506,tgullion@hughes.net,internal_until_public_use_review,https://www.gullionfarms.com,,,,True,False,False,False,True,False,False,1,alobs_6cdbdb047a6fd61b32b6,PickYourOwn — North Alabama,https://www.pickyourown.org/ALhuntsv.htm,D,2026-07-15,promotion_eligible_reviewed,,Fields are selected by evidence grade; all underlying observations remain separately auditable.
AL-F61AD9C218,MikeReeves–Reeves Farm,mikereeves reeves farm,farm,unique_source_name_reviewed,AL,Morgan,Morgan County service area,,,public_business_address_reviewed_for_future_reduced_precision,,,Farm products; direct-to-consumer sales,Farm stand,,,internal_until_public_use_review,,,,,True,False,False,False,False,False,False,1,alobs_b655fb7978fc2b475de4,Alabama FMA — 2026 statewide farm-stand roster,https://agi.alabama.gov/farmersmarket/wp-content/uploads/sites/9/2023/02/2026-statewide-redemption-sites.pdf,B,2026-07-15,promotion_eligible_reviewed,,Fields are selected by evidence grade; all underlying observations remain separately auditable.
AL-0C3205DCA5,Mims Blueberry Farm,mims blueberry farm,farm,unique_source_name_reviewed,AL,Morgan,Somerville,35670,540 Antioch Rd,public_business_address_reviewed_for_future_reduced_precision,,,"blueberries,",U-pick; agritourism,256-778-9486,Mimsfarm@outlook.com,internal_until_public_use_review,,https://www.facebook.com/Mims-Blueberry-Farm-190767181072210,,,True,False,False,False,True,False,False,1,alobs_41994b2fe64717eeb94e,PickYourOwn — North Alabama,https://www.pickyourown.org/ALhuntsv.htm,D,2026-07-15,promotion_eligible_reviewed,,Fields are selected by evidence grade; all underlying observations remain separately auditable.
AL-9DFAA456FD,Our Happy Place Blueberry Farm,our happy place blueberry farm,farm,unique_source_name_reviewed,AL,Morgan,Laceys Spring,35754,196 Wiljoy Road,public_business_address_reviewed_for_future_reduced_precision,,,"No pesticides are used blueberries,",U-pick; agritourism,(256) 261-8193,ourhappyplaceblueberryfarm@gmail.com,internal_until_public_use_review,,https://www.facebook.com/ourhappyplaceblueberryfarm,,,True,False,False,False,True,False,False,1,alobs_48b3ebfa0a6b579e148c,PickYourOwn — North Alabama,https://www.pickyourown.org/ALhuntsv.htm,D,2026-07-15,promotion_eligible_reviewed,,Fields are selected by evidence grade; all underlying observations remain separately auditable.
AL-AF8D5524C5,Reeves Farm,reeves peach farm,farm,merged_exact_name_reviewed,AL,Morgan,Hartselle,35640,346 Highway 36 E,public_business_address_reviewed_for_future_reduced_precision,,,"Farm products; direct-to-consumer sales; U-pick crops; agritourism; Strawberries, pumpkins, tomatoes",Farm stand; direct-to-consumer; Agritourism; U-pick; agritourism,256-227-5950 | 256-502-9760,dreeves8890@gmail.com,internal_until_public_use_review,https://reevespeaches.com,https://www.facebook.com/Reeves-Peach-Farm-211408912222707,,,True,False,False,False,True,False,False,3,alobs_8b73f5526d0b001cbf72 | alobs_e6268a7e9053a7b74d97 | alobs_0cd8d78c02662ff1a816,Alabama Farmers Market Authority — farm-stand map | Alabama Farmers Market Authority — u-pick map | PickYourOwn — North Alabama,https://agi.alabama.gov/farmersmarket/locations/farmers-stand-location-map/ | https://agi.alabama.gov/farmersmarket/locations/u-pick-location-map/ | https://www.pickyourown.org/ALhuntsv.htm,B; D,2026-07-15,promotion_eligible_reviewed,,Fields are selected by evidence grade; all underlying observations remain separately auditable.
AL-67EEBAD27F,Sanders Produce,sanders produce,farm,unique_source_name_reviewed,AL,Morgan,Falkville,35622,358 East Pike Road,public_business_address_reviewed_for_future_reduced_precision,,,Farm products; direct-to-consumer sales,Farm stand; direct-to-consumer,256-784-5266,ray@rbproperties@gmail.com,internal_until_public_use_review,,,,,True,False,False,False,False,False,False,1,alobs_570a5637b0526c052ed6,Alabama Farmers Market Authority — farm-stand map,https://agi.alabama.gov/farmersmarket/locations/farmers-stand-location-map/,B,2026-07-15,promotion_eligible_reviewed,,Fields are selected by evidence grade; all underlying observations remain separately auditable.
AL-0D4673D04C,Slaten U-Pick,slaten u pick,farm,unique_source_name_reviewed,AL,Morgan,Morgan County service area,,,public_business_address_reviewed_for_future_reduced_precision,,,Farm products; direct-to-consumer sales,Farm stand,,,internal_until_public_use_review,,,,,True,False,False,False,False,False,False,1,alobs_18425f0cec20f4e0963c,Alabama FMA — 2026 statewide farm-stand roster,https://agi.alabama.gov/farmersmarket/wp-content/uploads/sites/9/2023/02/2026-statewide-redemption-sites.pdf,B,2026-07-15,promotion_eligible_reviewed,,Fields are selected by evidence grade; all underlying observations remain separately auditable.
AL-03F16DB429,The Little Orchard Farm,the little orchard farm,farm,unique_source_name_reviewed,AL,Morgan,Somerville,35670,1086 Peck Hollow Road,public_business_address_reviewed_for_future_reduced_precision,34.4067376,-86.72596279999999,Chicken; Turkey; Wood Products,Farm,(615) 714-4784,tlof@thelittleorchard.farm,internal_until_public_use_review,https://www.thelittleorchard.farm,https://www.facebook.com/LittleOrchardFarm,https://www.instagram.com/thelittleorchardfarm/,,True,False,True,True,False,False,False,1,alobs_d4da066c2b5ecdc9d16a,Sweet Grown Alabama — Farm members,https://www.sweetgrownalabama.org/find-sweet-grown,B,2026-07-15,promotion_eligible_reviewed,,Fields are selected by evidence grade; all underlying observations remain separately auditable.
AL-82F92DD7EE,Vandiver Farms,vandiver farms,farm,unique_source_name_reviewed,AL,Morgan,Morgan County service area,,,public_business_address_reviewed_for_future_reduced_precision,,,Bees; apiary products,Apiary / bee seller,256-221-9741,,internal_until_public_use_review,,,,,False,False,False,False,False,False,False,1,alobs_652116e106ca1852cd46,Alabama Plant Protection — Beekeepers Selling Bees,https://agi.alabama.gov/plantprotection/beeks-selling-bees/,B,2026-07-15,promotion_eligible_reviewed,,Fields are selected by evidence grade; all underlying observations remain separately auditable.
AL-40D84E7C0C,Vest Farms,vest farms,farm,unique_source_name_reviewed,AL,Morgan,Eva,35621,172 Se Vest Rd,public_business_address_reviewed_for_future_reduced_precision,,,Farm products; direct-to-consumer sales,Farm stand; direct-to-consumer,256-339-9735,chrisevest15@gmail.com,internal_until_public_use_review,,,,,True,False,False,False,False,False,False,1,alobs_fc41e4daff6a62225488,Alabama Farmers Market Authority — farm-stand map,https://agi.alabama.gov/farmersmarket/locations/farmers-stand-location-map/,B,2026-07-15,promotion_eligible_reviewed,,Fields are selected by evidence grade; all underlying observations remain separately auditable.
AL-13E1A27169,VEST U-PICK,vest u pick,farm,unique_source_name_reviewed,AL,Morgan,Eva,35621,3181 Eva Road,public_business_address_reviewed_for_future_reduced_precision,,,U-pick crops; agritourism,Agritourism; U-pick,256-796-2070 | 256-303-9467,,internal_until_public_use_review,,,,,True,False,False,False,True,False,False,1,alobs_a8cf59f483d8c8a02b5a,Alabama Farmers Market Authority — u-pick map,https://agi.alabama.gov/farmersmarket/locations/u-pick-location-map/,B,2026-07-15,promotion_eligible_reviewed,,Fields are selected by evidence grade; all underlying observations remain separately auditable.
AL-9299ED7206,White Taylor Flock Farm,white taylor flock farm,farm,unique_source_name_reviewed,AL,Morgan,Hartselle,35640,246 Brenner Drive,public_business_address_reviewed_for_future_reduced_precision,34.4857177,-86.8685148,Peas; Pecans; Pumpkins; Squash; Sweet Corn; Baked Goods; Beans; Blackberries; Cucumbers; Lettuce; Microgreens; Okra; Tomatoes; Watermelon; Corn (Field); Container Plants/Greenhouse & Nursery Products/Shrubs/Etc.; Container Plants; Eggs; Herbs,Farm,(256) 502-4646,whitetaylorflockfarm@gmail.com,internal_until_public_use_review,,https://www.facebook.com/whitetaylorflockfarm,,https://www.tiktok.com/whitetaylorflockfarm,False,True,False,True,False,False,False,1,alobs_b72b596788b7fc13ad72,Sweet Grown Alabama — Farm members,https://www.sweetgrownalabama.org/find-sweet-grown,B,2026-07-15,promotion_eligible_reviewed,,Fields are selected by evidence grade; all underlying observations remain separately auditable.
AL-F4BFF17975,BDA Farm,bda farm,farm,unique_source_name_reviewed,AL,Perry,Uniontown,,,public_business_address_reviewed_for_future_reduced_precision,,,Beef; direct-to-consumer meat,Cattle farm; direct-sale beef,(334) 624-4660,,internal_until_public_use_review,,,,,True,False,False,False,False,False,False,1,alobs_e8428b7467ee9da7f8ad,Alabama Cattlemen’s Association — Bama Beef Sales Directory,https://www.bamabeef.org/p/about/bama-beef-sales-directory,D,2026-07-15,promotion_eligible_reviewed,,Fields are selected by evidence grade; all underlying observations remain separately auditable.
AL-EAF309F01B,C & J Farms,c and j farms,farm,merged_cross_county_identity_reviewed,AL,Perry,Lawley,36793,1617 Crowe Road,public_business_address_reviewed_for_future_reduced_precision,32.7965068,-87.0460236,"okra, corn, peas, tomatoes, peppers, squash, cucumbers, pole beans | Route 1, Box 159-A, Lawley, AL 36793.; Squash; Watermelon; Peaches; Strawberries; Sweet Corn; Tomatoes; Blueberries; Peas; Cucumbers",U-pick; agritourism; Farm,(334) 375-1486,joshjones17@hotmail.com,internal_until_public_use_review,,https://www.facebook.com/groups/1631036350664064/,,,True,False,False,False,True,True,True,2,alobs_e4997fa8d5cea8f820e4 | alobs_3ac0513b0cb4e7fc2a3b,PickYourOwn — Southeast Alabama | Sweet Grown Alabama — Farm members,https://www.pickyourown.org/ALmontg.htm | https://www.sweetgrownalabama.org/find-sweet-grown,B; D,2026-07-15,promotion_eligible_reviewed,,Fields are selected by evidence grade; all underlying observations remain separately auditable.
AL-AB3C6DDE76,Harvest Select Catfish,harvest select catfish,farm,unique_source_name_reviewed,AL,Perry,Uniontown,36786,1260 Washington Street East,public_business_address_reviewed_for_future_reduced_precision,32.4487984,-87.5017712,Catfish,Farm,(703) 774-4052,tom@harvestselect.com,internal_until_public_use_review,https://www.harvestselect.com,https://www.facebook.com/HarvestSelect,,,False,False,True,False,False,True,False,1,alobs_8026c9cf048c2b0a45d2,Sweet Grown Alabama — Farm members,https://www.sweetgrownalabama.org/find-sweet-grown,B,2026-07-15,promotion_eligible_reviewed,,Fields are selected by evidence grade; all underlying observations remain separately auditable.
AL-731CE4514D,JJ's Produce,jjs produce,farm,merged_cross_county_identity_reviewed,AL,Perry,Lawley,36793,225 Alabama Highway 183,public_business_address_reviewed_for_future_reduced_precision,32.8050329,-87.0244688,Farm products; direct-to-consumer sales; Strawberries; peaches; vegetables; Beans; Squash; Sweet Corn; Blueberries; Peaches; Peas; Peppers; Tomatoes; Cantaloupe; Greens; Jams/Jellies; Watermelon; Cucumbers,Farm stand; direct-to-consumer; Farm; roadside stand,(334) 868-5941,deborahdiannejones@gmail.com,internal_until_public_use_review,,https://www.facebook.com/profile.php?id=100057408851984,,,True,True,False,False,False,False,False,4,alobs_b1c8bd21a53299f6f0bd | alobs_4ccbe95c44dde6cfb215 | alobs_5d7b15dbc5509d97dd3e | alobs_d5a05b3993933d8001e0,Alabama FMA — 2026 statewide farm-stand roster | Alabama Farmers Market Authority — farm-stand map | FarmFinder curator verification — farm-owned or authoritative evidence | Sweet Grown Alabama — Farm members,https://agi.alabama.gov/farmersmarket/wp-content/uploads/sites/9/2023/02/2026-statewide-redemption-sites.pdf | https://agi.alabama.gov/farmersmarket/locations/farmers-stand-location-map/ | https://www.sweetgrownalabama.org/sga-members/2087 | https://www.sweetgrownalabama.org/find-sweet-grown,B; C,2026-07-15,promotion_eligible_reviewed,,Fields are selected by evidence grade; all underlying observations remain separately auditable.
AL-B0F0E0FC88,Moore-Webb-Holmes Plantation,moore webb holmes plantation,farm,unique_source_name_reviewed,AL,Perry,Marion,36756,1 Box 260,public_business_address_reviewed_for_future_reduced_precision,,,U-pick crops; agritourism,U-pick; agritourism,334-683-9955,,internal_until_public_use_review,https://www.holmesteadcompany.com,,,,True,False,False,False,True,False,False,1,alobs_3112daadfcd9e39133da,PickYourOwn — Central Alabama,https://www.pickyourown.org/ALbham.htm,D,2026-07-15,promotion_eligible_reviewed,,Fields are selected by evidence grade; all underlying observations remain separately auditable.
AL-CC08D77258,"Circle J Dairy, LLC",circle j dairy,farm,unique_source_name_reviewed,AL,Pickens,Gordo,35466,9344 Highway 159,public_business_address_reviewed_for_future_reduced_precision,33.4317659,-87.8744509,Butter; Ice Cream; Milk,Farm,(205) 534-7736,circlejdairy@gmail.com,internal_until_public_use_review,,https://www.facebook.com/Circle-J-Dairy-LLC-107936418214475,https://www.instagram.com/circlejdairy/,,True,False,False,False,False,True,False,1,alobs_f713537acddfb9d1d017,Sweet Grown Alabama — Farm members,https://www.sweetgrownalabama.org/find-sweet-grown,B,2026-07-15,promotion_eligible_reviewed,,Fields are selected by evidence grade; all underlying observations remain separately auditable.
AL-872687EE11,Evans Free Range Eggs,evans free range eggs,farm,unique_source_name_reviewed,AL,Pickens,Gordo,35466,2434 County Road 88,public_business_address_reviewed_for_future_reduced_precision,33.373999,-87.8662762,Eggs,Farm,(205) 861-5311,bryanevans76@yahoo.com,internal_until_public_use_review,,,,,True,True,True,True,False,False,True,1,alobs_669c83467e5a3dcd11e5,Sweet Grown Alabama — Farm members,https://www.sweetgrownalabama.org/find-sweet-grown,B,2026-07-15,promotion_eligible_reviewed,,Fields are selected by evidence grade; all underlying observations remain separately auditable.
AL-28259286B4,Fair Farms,fair farms,farm,unique_source_name_reviewed,AL,Pickens,Gordo,35466,7443 SR-159,public_business_address_reviewed_for_future_reduced_precision,33.4083391,-87.8775668,Baked Goods; Eggs; Flowers; Okra; Strawberries; Tomatoes; Blackberries; Blueberries; Candy/Confections; Cantaloupe; Container Plants; Container Plants/Greenhouse & Nursery Products/Shrubs/Etc.; Cucumbers; Jams/Jellies; Lettuce; Muscadine Grapes; Pumpkins; Watermelon; Dry Rubs/Spices; Peas; Pecans; Peppers; Sweet Corn,Farm,(205) 764-2795,fair.farms.al@gmail.com,internal_until_public_use_review,https://fairfarms.bigcartel.com/,https://www.facebook.com/profile.php?id=61560953769108,,,True,True,True,True,False,False,False,1,alobs_83c4cc0227123ec3cdcb,Sweet Grown Alabama — Farm members,https://www.sweetgrownalabama.org/find-sweet-grown,B,2026-07-15,promotion_eligible_reviewed,,Fields are selected by evidence grade; all underlying observations remain separately auditable.
AL-6861897D9C,Gilliam Farms,gilliam farms,farm,unique_source_name_reviewed,AL,Pickens,Gordo,,,public_business_address_reviewed_for_future_reduced_precision,,,Beef; direct-to-consumer meat,Cattle farm; direct-sale beef,205-242-9859,,internal_until_public_use_review,,,,,True,False,False,False,False,False,False,1,alobs_5444c1ae09a0da627618,Alabama Cattlemen’s Association — Bama Beef Sales Directory,https://www.bamabeef.org/p/about/bama-beef-sales-directory,D,2026-07-15,promotion_eligible_reviewed,,Fields are selected by evidence grade; all underlying observations remain separately auditable.
AL-66540FAC71,Gordo Tomato Farm,gordo tomato farm,farm,unique_source_name_reviewed,AL,Pickens,Gordo,35466,1055 Price Road,public_business_address_reviewed_for_future_reduced_precision,33.3606773,-87.92107,Apples; Blackberries; Blueberries; Peaches; Watermelon; Container Plants/Greenhouse & Nursery Products/Shrubs/Etc.; Cucumbers; Jams/Jellies; Strawberries; Sweet Corn; Eggs; Muscadine Grapes; Peppers; Tomatoes,Farm,(205) 463-2366,Alabamalivestock@gmail.com,internal_until_public_use_review,,https://www.facebook.com/profile.php?id=61576953205990,,,True,False,False,False,False,False,False,1,alobs_61cbbdb76ced78278d36,Sweet Grown Alabama — Farm members,https://www.sweetgrownalabama.org/find-sweet-grown,B,2026-07-15,promotion_eligible_reviewed,,Fields are selected by evidence grade; all underlying observations remain separately auditable.
AL-D5B4D272BB,Gray Farm,gray farm,farm,unique_source_name_reviewed,AL,Pickens,Gordo,35466,7796 Ray Bass Road,public_business_address_reviewed_for_future_reduced_precision,33.1942505,-87.9707055,"Acidified Foods* (Pickles, Salsas, Relishes); Pears; Apples; Muscadine Grapes; Blueberries; Jams/Jellies; Strawberries; Honey; Peppers; Tomatoes; Sauces/Condiments",Farm,(205) 454-8522,jefferylynngray@msn.com,internal_until_public_use_review,https://Gray-Farm.com,https://www.facebook.com/profile.php?id=61560709704350&mibextid=LQQJ4d&rdid=PXx5RDzQnbRVvOvB&share_url=https%3A%2F%2Fwww.facebook.com%2Fshare%2FzCMLoPstcbqVHgc5%2F%3Fmibextid%3DLQQJ4d,,,True,True,False,False,False,False,False,1,alobs_069994d2228a37f43fd1,Sweet Grown Alabama — Farm members,https://www.sweetgrownalabama.org/find-sweet-grown,B,2026-07-15,promotion_eligible_reviewed,,Fields are selected by evidence grade; all underlying observations remain separately auditable.
AL-3E7682CA3C,Magnolia-Brand Farm & Apiary,magnolia brand farm and apiary,farm,unique_source_name_reviewed,AL,Pickens,Gordo,35466,1335 County Road 57,public_business_address_reviewed_for_future_reduced_precision,33.3343053,-87.93816199999999,Baked Goods; Eggs; Wood Products; Goats Milk Soap and Lotions; Honey,Farm,(205) 310-3399,brandfarmfayette@gmail.com,internal_until_public_use_review,,https://www.facebook.com/brandfarmfayette,https://www.instagram.com/magnolia_brand_farm_and_apiary/,,False,True,False,True,False,False,False,1,alobs_82ee656096eb2574bedc,Sweet Grown Alabama — Farm members,https://www.sweetgrownalabama.org/find-sweet-grown,B,2026-07-15,promotion_eligible_reviewed,,Fields are selected by evidence grade; all underlying observations remain separately auditable.
AL-89B15CBC22,Crossroads Farms,crossroads farms,farm,unique_source_name_reviewed,AL,Pike,Brundidge,36010,885 U.S. Hwy. 231,public_business_address_reviewed_for_future_reduced_precision,31.7201615,-85.81605669999999,Apples; Beans; Cucumbers; Lettuce; Muscadine Grapes; Peppers; Greens; Peaches; Pecans; Sweet Corn; Microgreens; Mushrooms; Okra; Peas; Squash; Cantaloupe; Herbs; Sweet Potatoes; Tomatoes,Farm,(334) 372-5106,elaine.corbin@yahoo.com,internal_until_public_use_review,,,,,True,True,False,True,False,False,True,1,alobs_52365e7550b5dc9e33c7,Sweet Grown Alabama — Farm members,https://www.sweetgrownalabama.org/find-sweet-grown,B,2026-07-15,promotion_eligible_reviewed,,Fields are selected by evidence grade; all underlying observations remain separately auditable.
AL-9C782307B8,DHD Farms,dhd farms,farm,unique_source_name_reviewed,AL,Pike,Troy,,,public_business_address_reviewed_for_future_reduced_precision,,,Beef; direct-to-consumer meat,Cattle farm; direct-sale beef,334-672-2217,,internal_until_public_use_review,,,,,True,False,False,False,False,False,False,1,alobs_51ff8d220143ded46e38,Alabama Cattlemen’s Association — Bama Beef Sales Directory,https://www.bamabeef.org/p/about/bama-beef-sales-directory,D,2026-07-15,promotion_eligible_reviewed,,Fields are selected by evidence grade; all underlying observations remain separately auditable.
AL-72460EE766,Diamond D Ranch,diamond d ranch,farm,unique_source_name_reviewed,AL,Pike,Ramer,36069,242 County Road 7702,public_business_address_reviewed_for_future_reduced_precision,32.0295989,-85.9454024,Beef,Farm,(334) 922-1328,theranchers@diamonddranch.online,internal_until_public_use_review,https://diamonddranch.online,https://www.facebook.com/diamonddranch.online,https://www.instagram.com/diamond_d_ranch_beef/,,True,False,True,True,False,False,False,1,alobs_c88a89abc52763313c5a,Sweet Grown Alabama — Farm members,https://www.sweetgrownalabama.org/find-sweet-grown,B,2026-07-15,promotion_eligible_reviewed,,Fields are selected by evidence grade; all underlying observations remain separately auditable.
AL-7EB839D2B6,Flowers Farm,flowers farm,farm,unique_source_name_reviewed,AL,Pike,Brundidge,36010,5480 County Road 4421,public_business_address_reviewed_for_future_reduced_precision,31.661431,-85.7477775,Beef; Peppers; Sweet Potatoes; Cucumbers; Squash; Tomatoes,Farm,(334) 674-0569,mgflowers21@gmail.com,internal_until_public_use_review,,,,,True,False,False,True,False,False,False,1,alobs_9b12af31a5950c12d8ab,Sweet Grown Alabama — Farm members,https://www.sweetgrownalabama.org/find-sweet-grown,B,2026-07-15,promotion_eligible_reviewed,,Fields are selected by evidence grade; all underlying observations remain separately auditable.
AL-AA3E110791,Hiccup Farm,hiccup farm,farm,unique_source_name_reviewed,AL,Pike,Troy,36079,,public_business_address_reviewed_for_future_reduced_precision,31.692741,-85.951984,Lamb; Beef; Chicken,Farm,(334) 398-2027,hiccupfarmtroy@gmail.com,internal_until_public_use_review,https://www.hiccup-farm.com,https://www.facebook.com/profile.php?id=100093542898016&mibextid=LQQJ4d,https://www.instagram.com/hiccupfarm/,,True,True,True,False,False,False,False,1,alobs_5b0a79a3be20f46c0538,Sweet Grown Alabama — Farm members,https://www.sweetgrownalabama.org/find-sweet-grown,B,2026-07-15,promotion_eligible_reviewed,,Fields are selected by evidence grade; all underlying observations remain separately auditable.
AL-ADFEFACA0A,Hixon Farms,hixon farms,farm,unique_source_name_reviewed,AL,Pike,Banks,,,public_business_address_reviewed_for_future_reduced_precision,,,Beef; direct-to-consumer meat,Cattle farm; direct-sale beef,334-461-9332,,internal_until_public_use_review,,,,,True,False,False,False,False,False,False,1,alobs_61d1fdb3a0ba4bcd8828,Alabama Cattlemen’s Association — Bama Beef Sales Directory,https://www.bamabeef.org/p/about/bama-beef-sales-directory,D,2026-07-15,promotion_eligible_reviewed,,Fields are selected by evidence grade; all underlying observations remain separately auditable.
AL-A61A151C4D,Joe C Williams Pecans,joe c williams pecans,farm,unique_source_name_reviewed,AL,Pike,Troy,36081,1101 Brundidge Boulevard,public_business_address_reviewed_for_future_reduced_precision,31.7921452,-85.9664306,Farm Markets; Pecans,Agritourism; Online Sales; Farm,(334) 566-3504,melissaboatner25@gmail.com,internal_until_public_use_review,https://joecwilliams.com/,https://www.facebook.com/minipecanpie,https://www.instagram.com/joecwilliamspecans8/,,False,False,False,False,False,False,False,1,alobs_a103938b953787f5f78d,Sweet Grown Alabama — Farm members,https://www.sweetgrownalabama.org/find-sweet-grown,B,2026-07-15,promotion_eligible_reviewed,,Fields are selected by evidence grade; all underlying observations remain separately auditable.
AL-257694F940,Leatherwood Farms- Southern Craft Beef,leatherwood farms southern craft beef,farm,unique_source_name_reviewed,AL,Pike,Brundidge,,,public_business_address_reviewed_for_future_reduced_precision,,,Beef; direct-to-consumer meat,Cattle farm; direct-sale beef,334-268-2926,,internal_until_public_use_review,,,,,True,False,False,False,False,False,False,1,alobs_b86e985a2ee5f73c22e2,Alabama Cattlemen’s Association — Bama Beef Sales Directory,https://www.bamabeef.org/p/about/bama-beef-sales-directory,D,2026-07-15,promotion_eligible_reviewed,,Fields are selected by evidence grade; all underlying observations remain separately auditable.
AL-78F0BE3581,Miss BeeHaven,miss beehaven,farm,unique_source_name_reviewed,AL,Pike,Luverne,36049,371 County road 1171,public_business_address_reviewed_for_future_reduced_precision,31.8153118,-86.1728377,"Okra; Honey; Eggs; Acidified Foods* (Pickles, Salsas, Relishes); Greens; Squash; Lettuce; Pumpkins; Tomatoes",Farm,(334) 344-2544,pamsanders1964@gmail.com,internal_until_public_use_review,,,,,False,True,False,True,False,False,False,1,alobs_59083fb3748988655a70,Sweet Grown Alabama — Farm members,https://www.sweetgrownalabama.org/find-sweet-grown,B,2026-07-15,promotion_eligible_reviewed,,Fields are selected by evidence grade; all underlying observations remain separately auditable.
AL-87208B3D62,OAK GROVE PRODUCE,oak grove produce,farm,unique_source_name_reviewed,AL,Pike,Troy,36079,26 County Road 1150,public_business_address_reviewed_for_future_reduced_precision,,,Farm products; direct-to-consumer sales,Farm stand; direct-to-consumer,334-344-4769,mlittle669@gmail.com,internal_until_public_use_review,,,,,True,False,False,False,False,False,False,1,alobs_3a5748d4751def15afb0,Alabama Farmers Market Authority — farm-stand map,https://agi.alabama.gov/farmersmarket/locations/farmers-stand-location-map/,B,2026-07-15,promotion_eligible_reviewed,,Fields are selected by evidence grade; all underlying observations remain separately auditable.
AL-2B80B383BA,OakGroveProduce,oakgroveproduce,farm,unique_source_name_reviewed,AL,Pike,Pike County service area,,,public_business_address_reviewed_for_future_reduced_precision,,,Farm products; direct-to-consumer sales,Farm stand,,,internal_until_public_use_review,,,,,True,False,False,False,False,False,False,1,alobs_27432b19f6a19a8b84e7,Alabama FMA — 2026 statewide farm-stand roster,https://agi.alabama.gov/farmersmarket/wp-content/uploads/sites/9/2023/02/2026-statewide-redemption-sites.pdf,B,2026-07-15,promotion_eligible_reviewed,,Fields are selected by evidence grade; all underlying observations remain separately auditable.
AL-9A070A4728,Sweet Heavenly Honey - Walhalla Farms,sweet heavenly honey walhalla farms,farm,unique_source_name_reviewed,AL,Pike,Goshen,36035,761 County Road 2207,public_business_address_reviewed_for_future_reduced_precision,31.8055766,-86.0816268,Honey,Farm,(334) 268-6555,drdeb@troycable.net,internal_until_public_use_review,,,,,True,False,False,False,False,False,False,1,alobs_000996909b83eb2769ae,Sweet Grown Alabama — Farm members,https://www.sweetgrownalabama.org/find-sweet-grown,B,2026-07-15,promotion_eligible_reviewed,,Fields are selected by evidence grade; all underlying observations remain separately auditable.
AL-D7A482C45E,Three's Bees,threes bees,farm,unique_source_name_reviewed,AL,Pike,Troy,36081,PO Box 1162,public_business_address_reviewed_for_future_reduced_precision,31.8087678,-85.969951,Honey,Farm,(334) 434-0161,threesbees55@gmail.com,internal_until_public_use_review,,https://www.facebook.com/threesbees55,https://www.instagram.com/threesbees55/,,False,True,False,True,False,False,False,1,alobs_e5b3551940e8bcbbea0f,Sweet Grown Alabama — Farm members,https://www.sweetgrownalabama.org/find-sweet-grown,B,2026-07-15,promotion_eligible_reviewed,,Fields are selected by evidence grade; all underlying observations remain separately auditable.
AL-BAFDD8580B,"Urban Bees Beauty, LLC",urban bees beauty,farm,unique_source_name_reviewed,AL,Pike,Troy,36081,111 Pine Grove Drive,public_business_address_reviewed_for_future_reduced_precision,31.8156195,-85.9756434,Beeswax Products; Honey; Skincare Products,Farm,(334) 440-6022,urbanbees@outlook.com,internal_until_public_use_review,https://www.urbanbeesbeauty.com,https://www.facebook.com/profile.php?id=61587897704956,,,False,False,False,False,False,False,False,1,alobs_0a57ec47b15d09750145,Sweet Grown Alabama — Farm members,https://www.sweetgrownalabama.org/find-sweet-grown,B,2026-07-15,promotion_eligible_reviewed,,Fields are selected by evidence grade; all underlying observations remain separately auditable.
AL-37D071E842,Whitewater Creek Farm,whitewater creek farm,farm,unique_source_name_reviewed,AL,Pike,Troy,36081,803 County Road 5611,public_business_address_reviewed_for_future_reduced_precision,31.805949,-85.85094,Blueberries; Container Plants/Greenhouse & Nursery Products/Shrubs/Etc.; Eggs; Fresh Cut Flowers; Okra; Herbs; Peaches; Pumpkins; Tomatoes,Farm,(334) 799-9547,leverette.alicia@gmail.com,internal_until_public_use_review,https://www.whitewatercreekfarm.com,https://www.facebook.com/alicia.whitewatercreekfarm,https://www.instagram.com/whitewater_creek_farm/,,True,False,True,True,False,False,False,1,alobs_3b1be7415674a45517ff,Sweet Grown Alabama — Farm members,https://www.sweetgrownalabama.org/find-sweet-grown,B,2026-07-15,promotion_eligible_reviewed,,Fields are selected by evidence grade; all underlying observations remain separately auditable.
AL-C24A148847,Blue House Farm,blue house farm,farm,merged_exact_name_reviewed,AL,Randolph,Wadley,36276,2274 County Road 832,public_business_address_reviewed_for_future_reduced_precision,,,Farm products; direct-to-consumer sales,Farm stand; direct-to-consumer,205-305-6737 | 256-395-2619,mhouze47@gmail.com,internal_until_public_use_review,,,,,True,False,False,False,False,False,False,2,alobs_14c0c80d4750b8d92212 | alobs_694c02790a874d48a065,Alabama FMA — 2026 statewide farm-stand roster | Alabama Farmers Market Authority — farm-stand map,https://agi.alabama.gov/farmersmarket/wp-content/uploads/sites/9/2023/02/2026-statewide-redemption-sites.pdf | https://agi.alabama.gov/farmersmarket/locations/farmers-stand-location-map/,B,2026-07-15,promotion_eligible_reviewed,,Fields are selected by evidence grade; all underlying observations remain separately auditable.
AL-929A46FE85,EJ's Homegrown LLC,ejs homegrown,farm,unique_source_name_reviewed,AL,Randolph,Woodland,36280,1572 County Road 102,public_business_address_reviewed_for_future_reduced_precision,33.3731973,-85.4290396,"Acidified Foods* (Pickles, Salsas, Relishes)",Farm,(256) 610-3129,ejshomegrownllc@gmail.com,internal_until_public_use_review,,https://www.facebook.com/profile.php?id=61572529171853,,,True,False,False,False,False,False,False,1,alobs_c9fe6a6394df3b87c684,Sweet Grown Alabama — Farm members,https://www.sweetgrownalabama.org/find-sweet-grown,B,2026-07-15,promotion_eligible_reviewed,,Fields are selected by evidence grade; all underlying observations remain separately auditable.
AL-D25AC1BBAE,Futral Farms LLC,futral farms,farm,unique_source_name_reviewed,AL,Randolph,Woodland,36280,151 County Road 485,public_business_address_reviewed_for_future_reduced_precision,33.330177,-85.35434699999999,Muscadine Grapes; Pecans,Online Sales; Farm,(256) 449-9608,karla@futralfarms.com,internal_until_public_use_review,https://www.futralfarms.com/product-page/1-lb-shelled-pecans,https://www.facebook.com/FutralFarms/,https://www.instagram.com/kgfutral/,,True,False,False,False,False,False,False,1,alobs_ab3a1228c61c864896ca,Sweet Grown Alabama — Farm members,https://www.sweetgrownalabama.org/find-sweet-grown,B,2026-07-15,promotion_eligible_reviewed,,Fields are selected by evidence grade; all underlying observations remain separately auditable.
AL-BEA0B9B899,Payne Farms,payne farms,farm,unique_source_name_reviewed,AL,Randolph,Wedowee,36278,1015 County Road 32,public_business_address_reviewed_for_future_reduced_precision,33.3285039,-85.51703850000001,Hay; Peas; Pork; Strawberries; Sweet Corn; Watermelon; Beans; Cantaloupe; Cucumbers; Corn (Field); Cotton/Cotton Products; Greens; Squash; Tomatoes,Farm,,ericpayne82@icloud.com,internal_until_public_use_review,,,,,True,False,False,False,False,False,False,1,alobs_21cad8f76d6cf9fab275,Sweet Grown Alabama — Farm members,https://www.sweetgrownalabama.org/find-sweet-grown,B,2026-07-15,promotion_eligible_reviewed,,Fields are selected by evidence grade; all underlying observations remain separately auditable.
AL-D092A40876,Bama Bison,bama bison,farm,unique_source_name_reviewed,AL,Russell,Opelika,36804,201 Huguley Road,public_business_address_reviewed_for_future_reduced_precision,32.4313786,-85.2462712,Pork; Watermelon; Bison; Eggs,Farm,(334) 246-1437,amy@bamabison.com,internal_until_public_use_review,https://bamabison.com,https://www.facebook.com/profile.php?id=100087991017274,,,True,False,False,True,False,False,False,1,alobs_b0a00ddb54be9e98a399,Sweet Grown Alabama — Farm members,https://www.sweetgrownalabama.org/find-sweet-grown,B,2026-07-15,promotion_eligible_reviewed,,Fields are selected by evidence grade; all underlying observations remain separately auditable.
AL-46D0BBB04D,Country Living Farms,country living farms,farm,unique_source_name_reviewed,AL,Russell,Seale,36875,51 Thrash Road,public_business_address_reviewed_for_future_reduced_precision,,,"Blueberries, muscadines",U-pick; agritourism,334-855-4311,calthrash@aol.com,internal_until_public_use_review,,,,,True,False,False,False,True,False,False,1,alobs_e78ce38f1a3d569e9a9e,PickYourOwn — Southeast Alabama,https://www.pickyourown.org/ALmontg.htm,D,2026-07-15,promotion_eligible_reviewed,,Fields are selected by evidence grade; all underlying observations remain separately auditable.
AL-701C9CC141,Mahogany Homestead,mahogany homestead,farm,unique_source_name_reviewed,AL,Russell,Phenix City,36869,36 Peacock Drive,public_business_address_reviewed_for_future_reduced_precision,32.3715208,-85.0458601,Herbs; Dry Rubs/Spices; Marinades/Dressings; Peppers,Farm,(229) 291-7523,mhgyhomestead@gmail.com,internal_until_public_use_review,https://mahoganyhomestead.com,https://www.facebook.com/Mahogany.Homestead/,https://www.instagram.com/mahogany.homestead,,False,False,True,True,False,False,False,1,alobs_e99775655f491ce5f4e3,Sweet Grown Alabama — Farm members,https://www.sweetgrownalabama.org/find-sweet-grown,B,2026-07-15,promotion_eligible_reviewed,,Fields are selected by evidence grade; all underlying observations remain separately auditable.
AL-1B5D9C1A46,Our Watson Farmstead,our watson farmstead,farm,unique_source_name_reviewed,AL,Russell,Fort Mitchell,36856,140 Bradley Road,public_business_address_reviewed_for_future_reduced_precision,32.3100578,-85.0313824,Apples; Baked Goods; Blackberries; Blueberries; Dry Rubs/Spices; Sweet Potatoes; Chicken; Herbs; Jams/Jellies; Muscadine Grapes; Peaches; Peppers; Pumpkins; Sauces/Condiments; Strawberries,Farm,(334) 909-8327,farm@ourwatsonfarmstead.com,internal_until_public_use_review,https://www.ourwatsonfarmstead.com,,https://www.instagram.com/ourwatsonfarmstead/,,True,False,False,True,False,False,False,1,alobs_ec38f09078574e4df1af,Sweet Grown Alabama — Farm members,https://www.sweetgrownalabama.org/find-sweet-grown,B,2026-07-15,promotion_eligible_reviewed,,Fields are selected by evidence grade; all underlying observations remain separately auditable.
AL-180AD8B5CA,Alleluia Acres Heritage Farm,alleluia acres heritage farm,farm,unique_source_name_reviewed,AL,Shelby,Alabaster,35007,2070 Highway 26,public_business_address_reviewed_for_future_reduced_precision,33.2288218,-86.7919009,Chicken; Pork; Goats Milk Soap and Lotions; Eggs; Skincare Products,Farm,(205) 835-9500,alleluiaacres@gmail.com,internal_until_public_use_review,https://www.alleluiaacresheritagefarm.com/,https://www.facebook.com/alleluiaacres/,https://www.instagram.com/alleluia.acres/,,True,True,False,False,False,True,False,1,alobs_ee876af70bd8e16ab77c,Sweet Grown Alabama — Farm members,https://www.sweetgrownalabama.org/find-sweet-grown,B,2026-07-15,promotion_eligible_reviewed,,Fields are selected by evidence grade; all underlying observations remain separately auditable.
AL-436A53F019,Bryant Vineyards,bryant vineyards,farm,unique_source_name_reviewed,AL,Shelby,Tarrant City,35217,1265 portland Street,public_business_address_reviewed_for_future_reduced_precision,,,muscadines,U-pick; agritourism,256-268-2638,,internal_until_public_use_review,,https://www.facebook.com/BryantVineyard/,,,True,False,False,False,True,False,False,1,alobs_95905da0628422ad276c,PickYourOwn — Central Alabama,https://www.pickyourown.org/ALbham.htm,D,2026-07-15,promotion_eligible_reviewed,,Fields are selected by evidence grade; all underlying observations remain separately auditable.
AL-AB0A9C0896,Dry Valley Vineyard,dry valley vineyard,farm,unique_source_name_reviewed,AL,Shelby,Montevallo,35115,1280 Hwy 89,public_business_address_reviewed_for_future_reduced_precision,,,"No pesticides are used , Blackberries, Muscadines, grapes, blueberries, blackberries, pears, apples and Asian pears.",U-pick; agritourism,205-983-1123,BMCDEA0013@AOL.COM,internal_until_public_use_review,,https://www.facebook.com/p/Dry-Valley-Vineyard-100066633175514/,,,True,False,False,False,True,False,False,1,alobs_ba5f60c2074e2fcef95c,PickYourOwn — Central Alabama,https://www.pickyourown.org/ALbham.htm,D,2026-07-15,promotion_eligible_reviewed,,Fields are selected by evidence grade; all underlying observations remain separately auditable.
AL-1AB4A58C0E,Fourmile Farm,fourmile farm,farm,unique_source_name_reviewed,AL,Shelby,Wilsonville,35186,791 Hwy 443,public_business_address_reviewed_for_future_reduced_precision,33.234281,-86.4835916,Strawberries; U-Pick Fruit,Farm,(205) 312-1475,shawnballew0507@gmail.com,internal_until_public_use_review,,,,,True,False,False,True,True,True,False,1,alobs_cf5995e8501c80c065d2,Sweet Grown Alabama — Farm members,https://www.sweetgrownalabama.org/find-sweet-grown,B,2026-07-15,promotion_eligible_reviewed,,Fields are selected by evidence grade; all underlying observations remain separately auditable.
AL-E7E5E708A5,Heirbloom Flower Farm,heirbloom flower farm,farm,unique_source_name_reviewed,AL,Shelby,Calera,35040,370 Highway 202,public_business_address_reviewed_for_future_reduced_precision,33.1034486,-86.72151749999999,Flowers,Farm,(205) 401-8663,heirbloomflowerfarm@gmail.com,internal_until_public_use_review,https://www.heirbloomflowerfarm.com,https://www.facebook.com/heirbloomflowerfarm,https://www.instagram.com/heirbloomflowerfarm/,,True,True,False,True,False,True,False,1,alobs_2a374cd537e22c2d9c7e,Sweet Grown Alabama — Farm members,https://www.sweetgrownalabama.org/find-sweet-grown,B,2026-07-15,promotion_eligible_reviewed,,Fields are selected by evidence grade; all underlying observations remain separately auditable.
AL-EDBB838269,JimSuttle-U-pick,jimsuttle u pick,farm,unique_source_name_reviewed,AL,Shelby,Shelby County service area,,,public_business_address_reviewed_for_future_reduced_precision,,,Farm products; direct-to-consumer sales,Farm stand,,,internal_until_public_use_review,,,,,True,False,False,False,False,False,False,1,alobs_b42b436aaa764f99aa06,Alabama FMA — 2026 statewide farm-stand roster,https://agi.alabama.gov/farmersmarket/wp-content/uploads/sites/9/2023/02/2026-statewide-redemption-sites.pdf,B,2026-07-15,promotion_eligible_reviewed,,Fields are selected by evidence grade; all underlying observations remain separately auditable.
AL-8479DA3893,Kennedy Farms at Chelsea,kennedy farms at chelsea,farm,unique_source_name_reviewed,AL,Shelby,Chelsea,35043,1046 Griffin Road,public_business_address_reviewed_for_future_reduced_precision,33.2708077,-86.714731,Squash; Sweet Potatoes; Cantaloupe; Lettuce; Watermelon; Corn (Field); Cucumbers; Apples; Beans; Tomatoes; Peas; Sweet Corn; Blueberries; Greens; Eggs; Okra; Peaches; Pumpkins,Farm,(205) 369-0807,kennedysdlk@gmail.com,internal_until_public_use_review,,https://www.facebook.com/kennedyfarmsatchelsea,https://www.instagram.com/kennedyfarmsatchelsea/,,True,True,False,True,False,False,False,1,alobs_26ca65d3071149fc8284,Sweet Grown Alabama — Farm members,https://www.sweetgrownalabama.org/find-sweet-grown,B,2026-07-15,promotion_eligible_reviewed,,Fields are selected by evidence grade; all underlying observations remain separately auditable.
AL-1110113E73,LEA CALLAHAN,lea callahan,farm,unique_source_name_reviewed,AL,Shelby,Alabaster,35007,144 Tall Timber Rd,public_business_address_reviewed_for_future_reduced_precision,,,U-pick crops; agritourism,Agritourism; U-pick,205-637-3366,,internal_until_public_use_review,,,,,True,False,False,False,True,False,False,1,alobs_27ea66f4222c32c80aee,Alabama Farmers Market Authority — u-pick map,https://agi.alabama.gov/farmersmarket/locations/u-pick-location-map/,B,2026-07-15,promotion_eligible_reviewed,,Fields are selected by evidence grade; all underlying observations remain separately auditable.
AL-313114509A,LYON BLUEBERRY FARM,lyon blueberry farm,farm,merged_exact_name_reviewed,AL,Shelby,Wilsonville,35186,1700 Hwy 56,public_business_address_reviewed_for_future_reduced_precision,,,"U-pick crops; agritourism; No pesticides are used , blackberries, blueberries, muscadine grapes, tomatoes,",Agritourism; U-pick; agritourism,205-864-5701,johnlyon750@gmail.com,internal_until_public_use_review,https://LYONBLUEBERRY.BLOGSPOT.COM,,,,True,False,False,False,True,False,False,2,alobs_622bfc0ae131732eff9b | alobs_762f0e4fca4e34838f98,Alabama Farmers Market Authority — u-pick map | PickYourOwn — Central Alabama,https://agi.alabama.gov/farmersmarket/locations/u-pick-location-map/ | https://www.pickyourown.org/ALbham.htm,B; D,2026-07-15,promotion_eligible_reviewed,,Fields are selected by evidence grade; all underlying observations remain separately auditable.
AL-99D9362DFC,MORGAN CREEK VINEYARDS,morgan creek vineyards,farm,merged_exact_name_reviewed,AL,Shelby,Harpersville,35078,181 Morgan Creek Ln,public_business_address_reviewed_for_future_reduced_precision,,,U-pick crops; agritourism; Blueberries,Agritourism; U-pick; agritourism,205-672-2053,INFO@MORGANCREEKWINERY.COM,internal_until_public_use_review,https://WWW.MORGANCREEKWINERY.COM,,,,True,False,False,False,True,False,False,2,alobs_2586b766cc4d901e9cea | alobs_1ae7aa81565b9cbcbeb3,Alabama Farmers Market Authority — u-pick map | PickYourOwn — Central Alabama,https://agi.alabama.gov/farmersmarket/locations/u-pick-location-map/ | https://www.pickyourown.org/ALbham.htm,B; D,2026-07-15,promotion_eligible_reviewed,,Fields are selected by evidence grade; all underlying observations remain separately auditable.
AL-41A572B49A,MOUNTAIN MEADOW FARM,mountain meadow farm,farm,unique_source_name_reviewed,AL,Shelby,Columbiana,35051,1824 Highway 30,public_business_address_reviewed_for_future_reduced_precision,,,U-pick crops; agritourism,Agritourism; U-pick,205-260-3124,MOUNTAINMEADOWSFARMAL@GMAIL.COM,internal_until_public_use_review,https://WWW.MOUNTAINMEADOWSFARMAL.COM,,,,True,False,False,False,True,False,False,1,alobs_ea6cbb2fc5e7361ceef4,Alabama Farmers Market Authority — u-pick map,https://agi.alabama.gov/farmersmarket/locations/u-pick-location-map/,B,2026-07-15,promotion_eligible_reviewed,,Fields are selected by evidence grade; all underlying observations remain separately auditable.
AL-D909CB29D3,Old Baker Farm,old baker farm,farm,unique_source_name_reviewed,AL,Shelby,Harpersvile,35078,184 Furrow Lane,public_business_address_reviewed_for_future_reduced_precision,33.3342494,-86.459487,Christmas Trees; Cotton/Cotton Products; Pumpkin Patch; Pumpkins; Sweet Corn,Agritourism; Farm,(205) 672-7209,oldbakerfarm1899@gmail.com,internal_until_public_use_review,https://oldbakerfarm.com,https://www.facebook.com/oldbakerfarm,https://www.instagram.com/oldbakerfarm,,True,False,False,False,True,False,False,1,alobs_6055fcba8d9bd73246bf,Sweet Grown Alabama — Farm members,https://www.sweetgrownalabama.org/find-sweet-grown,B,2026-07-15,promotion_eligible_reviewed,,Fields are selected by evidence grade; all underlying observations remain separately auditable.
AL-2AA10CCABF,Smith Farn,smith farn,farm,unique_source_name_reviewed,AL,Shelby,Sterrett,35147,8939 Highway 51,public_business_address_reviewed_for_future_reduced_precision,,,"Minimizes chemical and pesticide use , blueberries, porta-potties, school tours",U-pick; agritourism,,jsmith@shelbyed.org,internal_until_public_use_review,,https://www.facebook.com/smithsupickblueberryfarm/,,,True,False,False,False,True,False,False,1,alobs_d27da0c14120586e0d7b,PickYourOwn — Central Alabama,https://www.pickyourown.org/ALbham.htm,D,2026-07-15,promotion_eligible_reviewed,,Fields are selected by evidence grade; all underlying observations remain separately auditable.
AL-A8E9DD3200,Sweet Magnolia Farms,sweet magnolia farms,farm,unique_source_name_reviewed,AL,Shelby,Shelby,35143,7605 Highway 47,public_business_address_reviewed_for_future_reduced_precision,33.0714469,-86.5667714,Beef; Chicken; Pork,Farm,(251) 609-1946,sweetmagnoliafarms.co@gmail.com,internal_until_public_use_review,https://sweetmagnoliafarmsal.com,https://www.facebook.com/sweetmagnoliafarms.co,https://www.instagram.com/oursweetmagnoliafarms/,,True,True,True,True,False,True,False,1,alobs_ea584da32a1c04ca5b35,Sweet Grown Alabama — Farm members,https://www.sweetgrownalabama.org/find-sweet-grown,B,2026-07-15,promotion_eligible_reviewed,,Fields are selected by evidence grade; all underlying observations remain separately auditable.
AL-C08C9FDFAA,Thousand Hills Cattle,thousand hills cattle,farm,unique_source_name_reviewed,AL,Shelby,Maylene,35114,114 Scarlet Oak Drive,public_business_address_reviewed_for_future_reduced_precision,33.2196524,-86.8563624,Beef,Farm,(205) 335-0991,michael@thousandhillscattle.org,internal_until_public_use_review,https://www.thousandhillscattle.org/,https://www.facebook.com/profile.php?id=100064546365377,,,False,False,False,False,False,False,False,1,alobs_bef8754c93532e69800e,Sweet Grown Alabama — Farm members,https://www.sweetgrownalabama.org/find-sweet-grown,B,2026-07-15,promotion_eligible_reviewed,,Fields are selected by evidence grade; all underlying observations remain separately auditable.
AL-7D694F21B7,"Boatwright Farms, LLC",boatwright farms,farm,unique_source_name_reviewed,AL,St. Clair,Steele,35987,1869 County Road 42,public_business_address_reviewed_for_future_reduced_precision,33.942238,-86.2558887,Tomatoes,Farm,(256) 504-7649,boatwrightred85@gmail.com,internal_until_public_use_review,,https://www.facebook.com/LLCBoatwrightFarms,,,True,False,False,False,False,True,True,1,alobs_63fa11c8c7a192e7e7d0,Sweet Grown Alabama — Farm members,https://www.sweetgrownalabama.org/find-sweet-grown,B,2026-07-15,promotion_eligible_reviewed,,Fields are selected by evidence grade; all underlying observations remain separately auditable.
AL-2CE57A4CD9,Brookefield South Beef,brookefield south beef,farm,unique_source_name_reviewed,AL,St. Clair,Springville,,,public_business_address_reviewed_for_future_reduced_precision,,,Beef; direct-to-consumer meat,Cattle farm; direct-sale beef,205-499-3494,,internal_until_public_use_review,,,,,True,False,False,False,False,False,False,1,alobs_24d1dc40aae6f220d0c9,Alabama Cattlemen’s Association — Bama Beef Sales Directory,https://www.bamabeef.org/p/about/bama-beef-sales-directory,D,2026-07-15,promotion_eligible_reviewed,,Fields are selected by evidence grade; all underlying observations remain separately auditable.
AL-591277C28C,Brown's Cut Flower Farm,browns cut flower farm,farm,unique_source_name_reviewed,AL,St. Clair,Pell City,35128,530 530 Mountain Top Loop,public_business_address_reviewed_for_future_reduced_precision,,,"Uses natural growing practices , flowers,",U-pick; agritourism,205 410-5330,rhender@centurytel.net%20,internal_until_public_use_review,,,,,True,False,False,False,True,False,False,1,alobs_b2a564a28eb856c7202f,PickYourOwn — Central Alabama,https://www.pickyourown.org/ALbham.htm,D,2026-07-15,promotion_eligible_reviewed,,Fields are selected by evidence grade; all underlying observations remain separately auditable.
AL-04B859EC93,Dixie Sod Farm INC,dixie sod farm,farm,unique_source_name_reviewed,AL,St. Clair,Pell City,35128,1310 Golf Course Road,public_business_address_reviewed_for_future_reduced_precision,33.5752378,-86.2366569,Turfgrass,Farm,(205) 338-3581,dixiesodfarminc@yahoo.com,internal_until_public_use_review,,https://www.facebook.com/p/Dixie-Sod-Farm-Inc-100054540785623/,,,True,False,False,True,False,True,False,1,alobs_aa62952212ffbdd3537d,Sweet Grown Alabama — Farm members,https://www.sweetgrownalabama.org/find-sweet-grown,B,2026-07-15,promotion_eligible_reviewed,,Fields are selected by evidence grade; all underlying observations remain separately auditable.
AL-C6D3C37688,Double H Farms Co. LLC,double h farms co,farm,unique_source_name_reviewed,AL,St. Clair,Ashville,35953,210 Belvedere Drive,public_business_address_reviewed_for_future_reduced_precision,33.8277166,-86.22876199999999,Chicken; Pork,Farm,(205) 602-3339,doublehfarms25@gmail.com,internal_until_public_use_review,,https://www.facebook.com/doublehfarmsco,,,True,True,True,True,False,True,False,1,alobs_08cf76b33c5fa0bb6568,Sweet Grown Alabama — Farm members,https://www.sweetgrownalabama.org/find-sweet-grown,B,2026-07-15,promotion_eligible_reviewed,,Fields are selected by evidence grade; all underlying observations remain separately auditable.
AL-607EB19218,Earnest Roots Farm,earnest roots farm,farm,merged_exact_name_reviewed,AL,St. Clair,Ashville,35953,240 Angle Way,public_business_address_reviewed_for_future_reduced_precision,33.8771714,-86.1464845,Beef; direct-to-consumer meat; Chicken; Eggs; Honey; Pork; Lamb; Beeswax Products; Rabbits; Beef Tallow; Candles- Beeswax; Pet Treats,Cattle farm; direct-sale beef; Online Sales; Farm; Local Delivery,(256) 504-5557,earnestrootsfarm@gmail.com,internal_until_public_use_review,https://earnestrootsfarm.com,https://www.facebook.com/earnestrootsfarm,https://www.instagram.com/earnestrootsfarm/,,True,False,True,False,False,True,False,2,alobs_7923932281ffa9364596 | alobs_1e9b71215668c28c0128,Alabama Cattlemen’s Association — Bama Beef Sales Directory | Sweet Grown Alabama — Farm members,https://www.bamabeef.org/p/about/bama-beef-sales-directory | https://www.sweetgrownalabama.org/find-sweet-grown,B; D,2026-07-15,promotion_eligible_reviewed,,Fields are selected by evidence grade; all underlying observations remain separately auditable.
AL-BA4B43D5F6,English Farm and Gardens,english farm and gardens,farm,unique_source_name_reviewed,AL,St. Clair,Odenville,35120,2298 Pleasant Valley Road,public_business_address_reviewed_for_future_reduced_precision,33.6923169,-86.352739,"Acidified Foods* (Pickles, Salsas, Relishes); Blueberries; Container Plants/Greenhouse & Nursery Products/Shrubs/Etc.; Cucumbers; Greens; Herbs; Lumber; Tomatoes; Dry Rubs/Spices; Okra; Sweet Potatoes; Fresh Cut Flowers; Honey; Persimmons- Oriental; Peppers; Peas; Pumpkins; Muscadine Grapes; Wood Products",Farm,(205) 643-4500,englishfarms@windstream.net,internal_until_public_use_review,https://englishfarmgardens.com,https://www.facebook.com/profile.php?id=61566389341106,,,True,True,True,False,False,True,False,1,alobs_2136ae144b0376f3bb3c,Sweet Grown Alabama — Farm members,https://www.sweetgrownalabama.org/find-sweet-grown,B,2026-07-15,promotion_eligible_reviewed,,Fields are selected by evidence grade; all underlying observations remain separately auditable.
AL-5E1F3AFB72,Grace Farms Ministries,grace farms ministries,farm,unique_source_name_reviewed,AL,St. Clair,Odenville,35120,315 Browning Road,public_business_address_reviewed_for_future_reduced_precision,33.6244293,-86.4454799,"Beans; Beef; Peas; Peppers; Sweet Corn; Acidified Foods* (Pickles, Salsas, Relishes); Baked Goods; Blueberries; Corn (Field); Eggs; Greens; Chicken; Squash; Cucumbers; Jams/Jellies; Lettuce; Okra",Farm,(205) 473-9123,gracefarmsministries@gmail.com,internal_until_public_use_review,https://www.gracefarmsministries.com,https://www.facebook.com/GraceFarmsMinistries,,,True,True,False,False,False,False,False,1,alobs_866a01ad74fad82f88da,Sweet Grown Alabama — Farm members,https://www.sweetgrownalabama.org/find-sweet-grown,B,2026-07-15,promotion_eligible_reviewed,,Fields are selected by evidence grade; all underlying observations remain separately auditable.
AL-87B5BDD35C,Howard Family Holiday Farm,howard family holiday farm,farm,merged_exact_name_reviewed,AL,St. Clair,Moody,35004,3706 Moody Parkway,public_business_address_reviewed_for_future_reduced_precision,33.6074361,-86.4708776,"Farm products; direct-to-consumer sales; Acidified Foods* (Pickles, Salsas, Relishes); Blackberries; Cucumbers; Eggs; Beef; Beans; Baked Goods; Blueberries; Candy/Confections; Greens; Green Peanuts; Herbs; Okra; Cantaloupe; Container Plants/Greenhouse & Nursery Products/Shrubs/Etc.; Container Plants; Dry Rubs/Spices; Ice Cream; Marinades/Dressings; Strawberries; Tomatoes; Watermelon; Flowers; Pecans; Honey; Sweet Corn; Jams/Jellies; Milk; Muscadine Grapes; Peaches; Peanuts; Peas; Sauces/Condiments; Pears; Peppers; Roasted/Boiled Peanuts; Squash; Pumpkin Patch; Pumpkins; Christmas Trees",Farm stand; direct-to-consumer; Agritourism; Farm,(205) 821-5212,howardfamilyholidayfarm@gmail.com,internal_until_public_use_review,,https://www.facebook.com/profile.php?id=61557238202130,https://www.instagram.com/howardfamilyholiday?fbclid=IwZXh0bgNhZW0CMTAAAR1SJYl51NSVx5_CuRO3dfaAt9aQltpTPmt2ZBssklmyJxCpQASaZWmR3Ik_aem_RmQSDRh_CFzoQZwZFVqcbw,,True,False,False,False,True,False,False,2,alobs_a52fbef5250ca089075d | alobs_8a4663ff1759e216e3e5,Alabama Farmers Market Authority — farm-stand map | Sweet Grown Alabama — Farm members,https://agi.alabama.gov/farmersmarket/locations/farmers-stand-location-map/ | https://www.sweetgrownalabama.org/find-sweet-grown,B,2026-07-15,promotion_eligible_reviewed,,Fields are selected by evidence grade; all underlying observations remain separately auditable.
AL-4013A8E84C,Howard FamilyHoliday,howard familyholiday,farm,unique_source_name_reviewed,AL,St. Clair,St. Clair County service area,,,public_business_address_reviewed_for_future_reduced_precision,,,Farm products; direct-to-consumer sales,Farm stand,,,internal_until_public_use_review,,,,,True,False,False,False,False,False,False,1,alobs_415f72496306cf72186f,Alabama FMA — 2026 statewide farm-stand roster,https://agi.alabama.gov/farmersmarket/wp-content/uploads/sites/9/2023/02/2026-statewide-redemption-sites.pdf,B,2026-07-15,promotion_eligible_reviewed,,Fields are selected by evidence grade; all underlying observations remain separately auditable.
AL-D5AAD41099,Hubert Brand,hubert brand,farm,unique_source_name_reviewed,AL,St. Clair,Moody,35004,3165 Carl Morgan Road,public_business_address_reviewed_for_future_reduced_precision,,,Muscadines and scuppernong grapes,U-pick; agritourism,(205) 640-5971,,internal_until_public_use_review,,,,,True,False,False,False,True,False,False,1,alobs_118c701c1a29e86495c7,PickYourOwn — Central Alabama,https://www.pickyourown.org/ALbham.htm,D,2026-07-15,promotion_eligible_reviewed,,Fields are selected by evidence grade; all underlying observations remain separately auditable.
AL-2C9BAE116E,Kelly Downs Farm,kelly downs farm,farm,unique_source_name_reviewed,AL,St. Clair,Odenville,35120,215 Lauren Lane,public_business_address_reviewed_for_future_reduced_precision,33.628432,-86.4394088,Apples; Blueberries; Container Plants/Greenhouse & Nursery Products/Shrubs/Etc.; Okra; Baked Goods; Peas; Peppers; Beans; Collards; Blackberries; Onions; Spinach; Cantaloupe; Herbs; Corn (Field); Cucumbers; Pears; Tomatoes; Swiss Chard; Eggs; Squash; Lettuce; Peaches; Strawberries; Watermelon; Kale,Farm,(619) 519-0263,kajack99@gmail.com,internal_until_public_use_review,,https://www.facebook.com/profile.php?id=61575238160690&mibextid=wwXIfr&rdid=dKeTiTmt34iwMDah&share_url=https%3A%2F%2Fwww.facebook.com%2Fshare%2F15cWzHDs6r%2F%3Fmibextid%3DwwXIfr,,,True,True,False,False,False,True,True,1,alobs_a983fda4b23f31261712,Sweet Grown Alabama — Farm members,https://www.sweetgrownalabama.org/find-sweet-grown,B,2026-07-15,promotion_eligible_reviewed,,Fields are selected by evidence grade; all underlying observations remain separately auditable.
AL-567A47F0EF,Mountain Top Bees,mountain top bees,farm,unique_source_name_reviewed,AL,St. Clair,St. Clair County service area,,,public_business_address_reviewed_for_future_reduced_precision,,,Bees; apiary products,Apiary / bee seller,205-837-5397,,internal_until_public_use_review,,,,,False,False,False,False,False,False,False,1,alobs_1e218cb150baf6f3b243,Alabama Plant Protection — Beekeepers Selling Bees,https://agi.alabama.gov/plantprotection/beeks-selling-bees/,B,2026-07-15,promotion_eligible_reviewed,,Fields are selected by evidence grade; all underlying observations remain separately auditable.
AL-C813F3EDA9,Scratch Made Farm,scratch made farm,farm,unique_source_name_reviewed,AL,St. Clair,Trussville,35173,917 Weems Road,public_business_address_reviewed_for_future_reduced_precision,33.7218105,-86.51988109999999,Chicken; Eggs,Farm,(205) 568-8222,jhmorgan44@gmail.com,internal_until_public_use_review,https://scratchmadefarm.com/,https://www.facebook.com/scratchmadefarm,https://www.instagram.com/scratchmadefarms?fbclid=IwY2xjawQxYB9leHRuA2FlbQIxMABicmlkETE1bG1nYjlsS0k1M05DckxYc3J0YwZhcHBfaWQQMjIyMDM5MTc4ODIwMDg5MgABHqFqZC9LqdCghap-Lcfto1g36zp6UgL7emL7o_RG6lYuW6ZJVGfsnzcdscuR_aem_P0gzFe5B9a198SnW4Q5thA,,True,False,True,True,False,False,False,1,alobs_32393f703a4f8c469850,Sweet Grown Alabama — Farm members,https://www.sweetgrownalabama.org/find-sweet-grown,B,2026-07-15,promotion_eligible_reviewed,,Fields are selected by evidence grade; all underlying observations remain separately auditable.
AL-6A2EB46CC5,Seed and Sun Blooms,seed and sun blooms,farm,unique_source_name_reviewed,AL,St. Clair,Pell City,35128,6340 Mays Bend Road,public_business_address_reviewed_for_future_reduced_precision,33.545295,-86.212818,Eggs; Fresh Cut Flowers,Farm,(205) 368-3851,seedandsunblooms@gmail.com,internal_until_public_use_review,https://www.seedandsunblooms.com/?fbclid=IwY2xjawHpR_xleHRuA2FlbQIxMAABHVg_cutr5sno2EnDlLn4-6FUFeLAODb-ImlNgnRD1iY17JGfR2cqyvC98A_aem_oJTCtS7dpphaaU7TV-kowQ,https://www.facebook.com/seedandsunblooms,https://www.instagram.com/seedandsunblooms?fbclid=IwY2xjawHpR-xleHRuA2FlbQIxMAABHSx8naZZqF6DxYBTGpCwmIvnAeLU8bTuF4tIKASrHMr5uV-MHfRbN6Z83g_aem_QwRMWqUz_6r-6flVMTTzmQ,,True,False,True,True,False,False,False,1,alobs_70b1e4693f56bf59fcae,Sweet Grown Alabama — Farm members,https://www.sweetgrownalabama.org/find-sweet-grown,B,2026-07-15,promotion_eligible_reviewed,,Fields are selected by evidence grade; all underlying observations remain separately auditable.
AL-C6307D8FBC,Slasham Valley Farms,slasham valley farms,farm,unique_source_name_reviewed,AL,St. Clair,Ashville,,,public_business_address_reviewed_for_future_reduced_precision,,,Beef; direct-to-consumer meat,Cattle farm; direct-sale beef,256-677-8277,,internal_until_public_use_review,,,,,True,False,False,False,False,False,False,1,alobs_b914bfd8ec63c9179ee8,Alabama Cattlemen’s Association — Bama Beef Sales Directory,https://www.bamabeef.org/p/about/bama-beef-sales-directory,D,2026-07-15,promotion_eligible_reviewed,,Fields are selected by evidence grade; all underlying observations remain separately auditable.
AL-619CC9E360,"Smith Tomato, LLC",smith tomato,farm,merged_exact_name_reviewed,AL,St. Clair,Steele,35987,4575 Loop Road,public_business_address_reviewed_for_future_reduced_precision,33.9184808,-86.2982626,Farm products; direct-to-consumer sales; Tomatoes,Farm stand; direct-to-consumer; Farm,(256) 538-3116,Smithtomatollc@yahoo.com,internal_until_public_use_review,,https://www.facebook.com/smithtomatollc/,,,True,False,False,False,False,False,False,2,alobs_b3ddd6a34bca8cbfbde3 | alobs_f36945ba7295270ea3af,Alabama Farmers Market Authority — farm-stand map | Sweet Grown Alabama — Farm members,https://agi.alabama.gov/farmersmarket/locations/farmers-stand-location-map/ | https://www.sweetgrownalabama.org/find-sweet-grown,B,2026-07-15,promotion_eligible_reviewed,,Fields are selected by evidence grade; all underlying observations remain separately auditable.
AL-BA065B9E55,Smith TomatoLLC,smith tomatollc,farm,unique_source_name_reviewed,AL,St. Clair,St. Clair County service area,,,public_business_address_reviewed_for_future_reduced_precision,,,Farm products; direct-to-consumer sales,Farm stand,,,internal_until_public_use_review,,,,,True,False,False,False,False,False,False,1,alobs_e641058f29f63d876922,Alabama FMA — 2026 statewide farm-stand roster,https://agi.alabama.gov/farmersmarket/wp-content/uploads/sites/9/2023/02/2026-statewide-redemption-sites.pdf,B,2026-07-15,promotion_eligible_reviewed,,Fields are selected by evidence grade; all underlying observations remain separately auditable.
AL-5B631EAF17,Unnamed bee seller — Donald Harper,unnamed bee seller donald harper,farm,unique_source_name_reviewed,AL,St. Clair,St. Clair County service area,,,public_business_address_reviewed_for_future_reduced_precision,,,Bees; apiary products,Apiary / bee seller,205-4050062,,internal_until_public_use_review,,,,,False,False,False,False,False,False,False,1,alobs_53bb2041732e5ea19259,Alabama Plant Protection — Beekeepers Selling Bees,https://agi.alabama.gov/plantprotection/beeks-selling-bees/,B,2026-07-15,promotion_eligible_reviewed,,Fields are selected by evidence grade; all underlying observations remain separately auditable.
AL-3AF5AF5126,WADSWORTH BLUEBERRIES,wadsworth blueberries,farm,merged_exact_name_reviewed,AL,St. Clair,Cropwell,35654,330 Wadsworth Rd,public_business_address_reviewed_for_future_reduced_precision,,,"U-pick crops; agritourism; blueberries,",Agritourism; U-pick; agritourism,205-525-4708,JMW6803@YAHOO.COM,internal_until_public_use_review,https://WADSWORTHBLUEBERRIES.COM,,,,True,False,False,False,True,False,False,2,alobs_7b0c408b602374399b5a | alobs_7ba39973800e5c7ac558,Alabama Farmers Market Authority — u-pick map | PickYourOwn — Central Alabama,https://agi.alabama.gov/farmersmarket/locations/u-pick-location-map/ | https://www.pickyourown.org/ALbham.htm,B; D,2026-07-15,promotion_eligible_reviewed,,Fields are selected by evidence grade; all underlying observations remain separately auditable.
AL-AEE8FDADAE,Milfred Lee Unruh,milfred lee unruh,farm,unique_source_name_reviewed,AL,Sumter,Aliceville,35442,5875 Panola Pkwy 34,public_business_address_reviewed_for_future_reduced_precision,,,"Peas, green beans, tomatoes, watermelons, okra, cantaloupes",U-pick; agritourism,(205) 455-2839,,internal_until_public_use_review,,,,,True,False,False,False,True,False,False,1,alobs_cec998c0d489dba70a3e,PickYourOwn — Southwest Alabama,https://www.pickyourown.org/ALmobile.htm,D,2026-07-15,promotion_eligible_reviewed,,Fields are selected by evidence grade; all underlying observations remain separately auditable.
AL-30900468B7,Trapps Blueberry Farm,trapps blueberry farm,farm,unique_source_name_reviewed,AL,Sumter,Aliceville,35442,15131 AL-14,public_business_address_reviewed_for_future_reduced_precision,,,blueberries,U-pick; agritourism,(205) 373-6179,,internal_until_public_use_review,,,,,True,False,False,False,True,False,False,1,alobs_0a848ebd7892dd124a0b,PickYourOwn — Southwest Alabama,https://www.pickyourown.org/ALmobile.htm,D,2026-07-15,promotion_eligible_reviewed,,Fields are selected by evidence grade; all underlying observations remain separately auditable.
AL-038C08D759,Alldredge Farm Services,alldredge farm services,farm,unique_source_name_reviewed,AL,Talladega,Munford,,,public_business_address_reviewed_for_future_reduced_precision,,,Beef; direct-to-consumer meat,Cattle farm; direct-sale beef,,,internal_until_public_use_review,,,,,True,False,False,False,False,False,False,1,alobs_e26f5545fc1bca0f2f47,Alabama Cattlemen’s Association — Bama Beef Sales Directory,https://www.bamabeef.org/p/about/bama-beef-sales-directory,D,2026-07-15,promotion_eligible_reviewed,,Fields are selected by evidence grade; all underlying observations remain separately auditable.
AL-E8BCB21041,C Watts Farm,c watts farm,farm,merged_exact_name_reviewed,AL,Talladega,Munford,36268,41 Oak Grove Rd,public_business_address_reviewed_for_future_reduced_precision,,,"Farm products; direct-to-consumer sales; strawberries, gift shop, porta-potties are available, picnic area, picnic area you may bring your own food, mining for gems, birthday parties, weddings and wedding parties",Farm stand; direct-to-consumer; U-pick; agritourism,256-493-0916 | 256-493-1473,curtpat351@att.net,internal_until_public_use_review,,https://www.facebook.com/curtpat351/,,,True,False,False,False,True,False,False,3,alobs_3232c60e345d77a6c8aa | alobs_803ce43aa91fdf3113f7 | alobs_0fa8760f0706b127cf51,Alabama FMA — 2026 statewide farm-stand roster | Alabama Farmers Market Authority — farm-stand map | PickYourOwn — Central Alabama,https://agi.alabama.gov/farmersmarket/wp-content/uploads/sites/9/2023/02/2026-statewide-redemption-sites.pdf | https://agi.alabama.gov/farmersmarket/locations/farmers-stand-location-map/ | https://www.pickyourown.org/ALbham.htm,B; D,2026-07-15,promotion_eligible_reviewed,,Fields are selected by evidence grade; all underlying observations remain separately auditable.
AL-CD0B0481B0,Cedar Roost Ranch,cedar roost ranch,farm,unique_source_name_reviewed,AL,Talladega,Alpine,35014,355 Meadow Creek Road,public_business_address_reviewed_for_future_reduced_precision,33.2593451,-86.2358134,Beef; Hay; Pork,Farm,(334) 399-4225,amandawilliams544@gmail.com,internal_until_public_use_review,,https://www.facebook.com/profile.php?id=100057596223298,https://www.instagram.com/cedar_roost_ranch/,,True,True,False,False,False,True,False,1,alobs_b0ab8429acd3cb329479,Sweet Grown Alabama — Farm members,https://www.sweetgrownalabama.org/find-sweet-grown,B,2026-07-15,promotion_eligible_reviewed,,Fields are selected by evidence grade; all underlying observations remain separately auditable.
AL-EC13286E17,COMET GROVE COMMUNITY GARDEN,comet grove community garden,farm,unique_source_name_reviewed,AL,Talladega,Sylacauga,35150,1475 Odens Mill Road,public_business_address_reviewed_for_future_reduced_precision,,,U-pick crops; agritourism,Agritourism; U-pick,256-245-5674,,internal_until_public_use_review,,,,,True,False,False,False,True,False,False,1,alobs_91a0b1dc41840aaf0f6e,Alabama Farmers Market Authority — u-pick map,https://agi.alabama.gov/farmersmarket/locations/u-pick-location-map/,B,2026-07-15,promotion_eligible_reviewed,,Fields are selected by evidence grade; all underlying observations remain separately auditable.
AL-F4F8BAC01F,CRAFT'S BLUEBERRY FARM,crafts blueberry farm,farm,merged_exact_name_reviewed,AL,Talladega,Talladega,35160,4060 Eastaboga Road,public_business_address_reviewed_for_future_reduced_precision,,,"U-pick crops; agritourism; blueberries, U-pick and already-picked",Agritourism; U-pick; agritourism,256-362-7350,randalldcraft@aol.com,internal_until_public_use_review,,https://www.facebook.com/CraftsBlueberryFarm,,,True,False,False,False,True,False,False,2,alobs_ba4119ce9916d987a745 | alobs_ad00c07213cfa4a91f1b,Alabama Farmers Market Authority — u-pick map | PickYourOwn — Central Alabama,https://agi.alabama.gov/farmersmarket/locations/u-pick-location-map/ | https://www.pickyourown.org/ALbham.htm,B; D,2026-07-15,promotion_eligible_reviewed,,Fields are selected by evidence grade; all underlying observations remain separately auditable.
AL-F8E662BC80,Four Mile Farms Produce,four mile farms produce,farm,merged_exact_name_reviewed,AL,Talladega,Sylacauga,35150,560 Brannen Road,public_business_address_reviewed_for_future_reduced_precision,,,Farm products; direct-to-consumer sales; U-pick crops; agritourism,Farm stand; direct-to-consumer; Agritourism; U-pick,256-267-5550,builder560@hotmail.com,internal_until_public_use_review,,,,,True,False,False,False,True,False,False,3,alobs_709546e4735add9257d3 | alobs_c92fe0ad2a4667f106b9 | alobs_c47deb5fb602e12986d3,Alabama FMA — 2026 statewide farm-stand roster | Alabama Farmers Market Authority — farm-stand map | Alabama Farmers Market Authority — u-pick map,https://agi.alabama.gov/farmersmarket/wp-content/uploads/sites/9/2023/02/2026-statewide-redemption-sites.pdf | https://agi.alabama.gov/farmersmarket/locations/farmers-stand-location-map/ | https://agi.alabama.gov/farmersmarket/locations/u-pick-location-map/,B,2026-07-15,promotion_eligible_reviewed,,Fields are selected by evidence grade; all underlying observations remain separately auditable.
AL-ACCC285DA8,HD Farm,hd farm,farm,unique_source_name_reviewed,AL,Talladega,Eastaboga,36260,1160 Brickstore Road,public_business_address_reviewed_for_future_reduced_precision,33.558892,-86.020439,Herbs; Lamb,Farm,(256) 239-0500,henry@hdfarm.com,internal_until_public_use_review,http://hdfarm.com/?fbclid=IwAR358NJgrtG680blGLjUHygdZYOdrysd-t_vjcTOUFVeppNHkn3P-PabqWA,https://www.facebook.com/hdfarmlamb/,https://www.instagram.com/hdfarmlamb/,,True,True,False,False,False,False,False,1,alobs_b784dfd8667d42a44696,Sweet Grown Alabama — Farm members,https://www.sweetgrownalabama.org/find-sweet-grown,B,2026-07-15,promotion_eligible_reviewed,,Fields are selected by evidence grade; all underlying observations remain separately auditable.
AL-F3C03E697B,Huckleberry Hills Farms,huckleberry hills farms,farm,unique_source_name_reviewed,AL,Talladega,Alpine,35014,660 Pb Bryant Rd,public_business_address_reviewed_for_future_reduced_precision,,,Farm products; direct-to-consumer sales,Farm stand; direct-to-consumer,256-268-1379,gardensofhuckleberryhill@hotmail.com,internal_until_public_use_review,,,,,True,False,False,False,False,False,False,1,alobs_c853299929cf53c7f493,Alabama Farmers Market Authority — farm-stand map,https://agi.alabama.gov/farmersmarket/locations/farmers-stand-location-map/,B,2026-07-15,promotion_eligible_reviewed,,Fields are selected by evidence grade; all underlying observations remain separately auditable.
AL-B7B1AB9AAA,Ireland Farms,ireland farms,farm,unique_source_name_reviewed,AL,Talladega,Alpine,35014,4265 Grist Mill Road,public_business_address_reviewed_for_future_reduced_precision,33.3455577,-86.2501917,Microgreens; Tomatoes; Beans; Greens; Peppers; Squash; Herbs; Lettuce; Okra; Sweet Potatoes; Watermelon,Farm,(205) 757-6029,scott@ireland-farms.com,internal_until_public_use_review,http://www.ireland-farms.com,https://www.facebook.com/Ireland-Farms-1601327773493469,https://www.instagram.com/irelandfarms/,,False,True,True,False,False,False,False,1,alobs_e0d25d4dcd932d4ec61d,Sweet Grown Alabama — Farm members,https://www.sweetgrownalabama.org/find-sweet-grown,B,2026-07-15,promotion_eligible_reviewed,,Fields are selected by evidence grade; all underlying observations remain separately auditable.
AL-77D8873B9F,Kelly Ranch,kelly ranch,farm,unique_source_name_reviewed,AL,Talladega,Sylacauga,35150,2500 Talladega Hwy,public_business_address_reviewed_for_future_reduced_precision,33.200727,-86.23325160000002,Lamb,Farm,(205) 365-4672,wendy@kellyranchalabama.com,internal_until_public_use_review,,https://www.facebook.com/wendy.m.kelly.58,https://www.instagram.com/wendykelly2500/,,True,False,False,False,False,False,False,1,alobs_34627c1b596845e0d9fb,Sweet Grown Alabama — Farm members,https://www.sweetgrownalabama.org/find-sweet-grown,B,2026-07-15,promotion_eligible_reviewed,,Fields are selected by evidence grade; all underlying observations remain separately auditable.
AL-CE110023CA,Stockdale Beef Company,stockdale beef company,farm,unique_source_name_reviewed,AL,Talladega,Munford,36268,4462 Stockdale Road,public_business_address_reviewed_for_future_reduced_precision,33.410537,-86.029208,Beef; Corn (Field); Hay; Soybeans; Wheat,Farm; Online Sales,(256) 362-8824,Erin@stockdalefarms.com,internal_until_public_use_review,https://app.barn2door.com/eatstockdalebeef/all,https://www.facebook.com/Stockdale-Beef-Company-107198558607916,,,True,False,True,True,False,False,False,1,alobs_57dea6fee89f7e829ed8,Sweet Grown Alabama — Farm members,https://www.sweetgrownalabama.org/find-sweet-grown,B,2026-07-15,promotion_eligible_reviewed,,Fields are selected by evidence grade; all underlying observations remain separately auditable.
AL-C6A09B3AFD,Twin Springs Farm LLC,twin springs farm,farm,unique_source_name_reviewed,AL,Talladega,Talladega,35160,535 Twin Springs Road,public_business_address_reviewed_for_future_reduced_precision,33.3163405,-86.17841519999999,Beef; Pork,Farm,(256) 375-3500,johnrobbs76@gmail.com,internal_until_public_use_review,https://www.twin-springs-farm.com/,https://www.facebook.com/Twin-Springs-Farm-LLC-631079513635154,https://www.instagram.com/twin.springs.farm/,,False,True,False,False,False,False,False,1,alobs_809e47cf7b9a5fc7562e,Sweet Grown Alabama — Farm members,https://www.sweetgrownalabama.org/find-sweet-grown,B,2026-07-15,promotion_eligible_reviewed,,Fields are selected by evidence grade; all underlying observations remain separately auditable.
AL-ECFDC3B214,Williams Farm Store,williams farm store,farm,unique_source_name_reviewed,AL,Talladega,Childersburg,35044,575 Cliett Farm Road,public_business_address_reviewed_for_future_reduced_precision,33.2494087,-86.4141358,"Farm Markets; Peanuts; Acidified Foods* (Pickles, Salsas, Relishes); Sweet Corn; Beef; Honey; Butter; Corn (Field); Milk; Cotton/Cotton Products; Squash; Jams/Jellies; Tomatoes; Okra",Specialty Store; Farm,(205) 966-0297,williamsfarmstore@gmail.com,internal_until_public_use_review,https://williamsfarmstore.square.site,https://www.facebook.com/williamsfarmstoreandmarket,https://www.instagram.com/wandcfarms/,,True,False,False,False,False,False,False,1,alobs_4ba735d79ac2d7c697e6,Sweet Grown Alabama — Farm members,https://www.sweetgrownalabama.org/find-sweet-grown,B,2026-07-15,promotion_eligible_reviewed,,Fields are selected by evidence grade; all underlying observations remain separately auditable.
AL-689CFE9707,"A Gust of Sun Apiary and Herbal Products, LLC",a gust of sun apiary and herbal products,farm,unique_source_name_reviewed,AL,Tallapoosa,Tallassee,36078,2514 Lovelady Road,public_business_address_reviewed_for_future_reduced_precision,32.6200665,-85.83879639999999,Baked Goods; Candy/Confections; Container Plants/Greenhouse & Nursery Products/Shrubs/Etc.; Container Plants; Herbs; Honey; Sauces/Condiments,Farm,(724) 312-9943,kgus629@gmail.com,internal_until_public_use_review,,https://www.facebook.com/profile.php?id=61578501719885,,,True,False,False,False,False,False,False,1,alobs_d5503da62a0758211fd0,Sweet Grown Alabama — Farm members,https://www.sweetgrownalabama.org/find-sweet-grown,B,2026-07-15,promotion_eligible_reviewed,,Fields are selected by evidence grade; all underlying observations remain separately auditable.
AL-80F043B9B9,BLUEBERRY HAVENS,blueberry havens,farm,merged_exact_name_reviewed,AL,Tallapoosa,Camp Hill,36850,1612 Rainbow Dr,public_business_address_reviewed_for_future_reduced_precision,,,Farm products; direct-to-consumer sales; U-pick crops; agritourism; blueberries,Farm stand; Agritourism; U-pick; agritourism,334-707-4707 | 334-257-4322,ROD@RODHAVENS.COM,internal_until_public_use_review,https://WWW.BLUEBERRYHAVENS.COM,,,,True,False,False,False,True,False,False,3,alobs_5a5a45a93d6a32bde135 | alobs_42fe658d21da6ebe5da2 | alobs_95c48bd8ce07e5b5db61,Alabama FMA — 2026 statewide farm-stand roster | Alabama Farmers Market Authority — u-pick map | PickYourOwn — Southeast Alabama,https://agi.alabama.gov/farmersmarket/wp-content/uploads/sites/9/2023/02/2026-statewide-redemption-sites.pdf | https://agi.alabama.gov/farmersmarket/locations/u-pick-location-map/ | https://www.pickyourown.org/ALmontg.htm,B; D,2026-07-15,promotion_eligible_reviewed,,Fields are selected by evidence grade; all underlying observations remain separately auditable.
AL-0DF05851D9,Camp Hill Marketplace Farmers Market,camp hill marketplace farmers market,farm,unique_source_name_reviewed,AL,Tallapoosa,Camp Hill,36850,21900 Sen Claude Pepper Drive,public_business_address_reviewed_for_future_reduced_precision,32.8067243,-85.6488425,Baked Goods; Jams/Jellies; Peas; Greens; Squash; Cantaloupe; Muscadine Grapes; Peaches; Pears; Blueberries; Honey; Pecans; Sweet Corn; Watermelon; Eggs; Persimmons- Oriental; Tomatoes; Peppers; Okra,Farm,(334) 332-5970,bofeprofessionalnetwork@outlook.com,internal_until_public_use_review,,https://www.facebook.com/HWY50MLBC,,,True,False,False,False,False,False,False,1,alobs_c752be61424361103601,Sweet Grown Alabama — Farm members,https://www.sweetgrownalabama.org/find-sweet-grown,B,2026-07-15,promotion_eligible_reviewed,,Fields are selected by evidence grade; all underlying observations remain separately auditable.
AL-877859E767,"FINLEY FAMILY FARM, LLC",finley family farm,farm,merged_exact_name_reviewed,AL,Tallapoosa,Camphill,36850,1239 Finley Rd,public_business_address_reviewed_for_future_reduced_precision,,,Farm products; direct-to-consumer sales,Farm stand; direct-to-consumer,334-332-5970 | 334-740-4730,finleyjoanne8@gmail.com,internal_until_public_use_review,,,,,True,False,False,False,False,False,False,2,alobs_ac7bb78f8055b84b8b92 | alobs_b5ed19a719e752bb849b,Alabama FMA — 2026 statewide farm-stand roster | Alabama Farmers Market Authority — farm-stand map,https://agi.alabama.gov/farmersmarket/wp-content/uploads/sites/9/2023/02/2026-statewide-redemption-sites.pdf | https://agi.alabama.gov/farmersmarket/locations/farmers-stand-location-map/,B,2026-07-15,promotion_eligible_reviewed,,Fields are selected by evidence grade; all underlying observations remain separately auditable.
AL-BD54417A04,Fungi Farm,fungi farm,farm,unique_source_name_reviewed,AL,Tallapoosa,Dadeville,36853,"10003 County Road 34, Suite 4",public_business_address_reviewed_for_future_reduced_precision,32.7675073,-85.815123,Mushrooms,Online Sales; Farm,(256) 307-1852,info@fungifarmllc.com,internal_until_public_use_review,https://www.fungifarmllc.com/,https://www.facebook.com/FungiFarmAL,https://www.instagram.com/fungi.farm/?hl=en,,True,False,True,False,False,False,False,1,alobs_918aee52e551c45e4ef5,Sweet Grown Alabama — Farm members,https://www.sweetgrownalabama.org/find-sweet-grown,B,2026-07-15,promotion_eligible_reviewed,,Fields are selected by evidence grade; all underlying observations remain separately auditable.
AL-C6693E72D9,George R. Carlton,george r carlton,producer_requires_type_review,restored_from_absence_based_exclusion,AL,Tallapoosa,Alexander City,35010,835 Pinecrest Drive,public_business_address_reviewed_for_future_reduced_precision,,,Blueberries,U-pick; agritourism,(256) 234-2486,,internal_until_public_use_review,,,,,True,,,,True,,,1,alobs_e8caa718a4245c952b94,PickYourOwn — Southeast Alabama,https://www.pickyourown.org/ALmontg.htm,E,2026-07-15,research_or_qa_queue,current operation requires corroboration; absence is not an exclusion,Retained under national policy: missing or conflicting data creates research work and never deletion.
AL-C5571826FA,Pa-Pa’sProduce,pa pasproduce,farm,unique_source_name_reviewed,AL,Tallapoosa,Tallapoosa County service area,,,public_business_address_reviewed_for_future_reduced_precision,,,Farm products; direct-to-consumer sales,Farm stand,,,internal_until_public_use_review,,,,,True,False,False,False,False,False,False,1,alobs_66f108e366b8cccf3dad,Alabama FMA — 2026 statewide farm-stand roster,https://agi.alabama.gov/farmersmarket/wp-content/uploads/sites/9/2023/02/2026-statewide-redemption-sites.pdf,B,2026-07-15,promotion_eligible_reviewed,,Fields are selected by evidence grade; all underlying observations remain separately auditable.
AL-4655157ED5,Papa's Produce,papas produce,farm,unique_source_name_reviewed,AL,Tallapoosa,Alexander City,35010,6764 Highway 280 E,public_business_address_reviewed_for_future_reduced_precision,,,Farm products; direct-to-consumer sales,Farm stand; direct-to-consumer,256-786-0443 | 256-786-0050,KEELJIMMY2@GMAIL.COM,internal_until_public_use_review,,,,,True,False,False,False,False,False,False,1,alobs_3669a61d39ae785d60a7,Alabama Farmers Market Authority — farm-stand map,https://agi.alabama.gov/farmersmarket/locations/farmers-stand-location-map/,B,2026-07-15,promotion_eligible_reviewed,,Fields are selected by evidence grade; all underlying observations remain separately auditable.
AL-FF86FD43C3,River Cade Farms,river cade farms,farm,unique_source_name_reviewed,AL,Tallapoosa,Tallassee,36078,162 Cleghorn Drive,public_business_address_reviewed_for_future_reduced_precision,32.5075265,-85.84321229999999,Beef; Pork,Farm,(205) 440-6513,mike@blackmarketcattle.com,internal_until_public_use_review,https://rivercadefarms.com,https://www.facebook.com/profile.php?id=100088304139033,https://www.instagram.com/blackmarketcattlecompany?fbclid=IwY2xjawSyDKFleHRuA2FlbQIxMABzcnRjBmFwcF9pZBAyMjIwMzkxNzg4MjAwODkyAAEeg44qLOa2ypNigsEaGdRXqCQ73HYajxohS2bqDvg2qcm5B2vzvg_8dMvH0rs_aem_o3l1iaph3pYMhmESLmUteg,,True,False,False,False,False,False,False,1,alobs_975d1b2dc872be502c75,Sweet Grown Alabama — Farm members,https://www.sweetgrownalabama.org/find-sweet-grown,B,2026-07-15,promotion_eligible_reviewed,,Fields are selected by evidence grade; all underlying observations remain separately auditable.
AL-A6FD1E6E10,SWEET PICK'INS FARM,sweet pickins farm,farm,merged_exact_name_reviewed,AL,Tallapoosa,Dadeville,36853,847 Old Millers Ferry Rd,public_business_address_reviewed_for_future_reduced_precision,,,"Farm products; direct-to-consumer sales; U-pick crops; agritourism; strawberries, U-pick and already picked",Farm stand; Agritourism; U-pick; agritourism,334-707-8220,TAPLELL@AUBURN.EDU,internal_until_public_use_review,https://www.sweetpickinsfarm.com,https://www.facebook.com/p/Sweet-Pickins-Farm-100064393911681/,,,True,False,False,False,True,False,False,3,alobs_53ddc3db4c1d2499e8a6 | alobs_8b205f4a8d0d63a7baaf | alobs_70682e4fe2a86d1fb515,Alabama FMA — 2026 statewide farm-stand roster | Alabama Farmers Market Authority — u-pick map | PickYourOwn — Southeast Alabama,https://agi.alabama.gov/farmersmarket/wp-content/uploads/sites/9/2023/02/2026-statewide-redemption-sites.pdf | https://agi.alabama.gov/farmersmarket/locations/u-pick-location-map/ | https://www.pickyourown.org/ALmontg.htm,B; D,2026-07-15,promotion_eligible_reviewed,,Fields are selected by evidence grade; all underlying observations remain separately auditable.
AL-7F930B36B3,"Sweet Shack Honey, LLC",sweet shack honey,farm,unique_source_name_reviewed,AL,Tallapoosa,Tallassee,36078,560 Gilmore Circle,public_business_address_reviewed_for_future_reduced_precision,32.5798261,-85.8222028,Jams/Jellies; Peppers; Blackberries; Blueberries; Cucumbers; Dry Rubs/Spices; Beans; Candy/Confections; Herbs; Baked Goods; Strawberries; Tomatoes; Honey,Farm,(989) 475-2759,Dlandrews09@gmail.com,internal_until_public_use_review,,https://www.facebook.com/profile.php?id=61577955967607,,,True,True,False,False,False,False,False,1,alobs_775dcd1e74ff9bcdb92d,Sweet Grown Alabama — Farm members,https://www.sweetgrownalabama.org/find-sweet-grown,B,2026-07-15,promotion_eligible_reviewed,,Fields are selected by evidence grade; all underlying observations remain separately auditable.
AL-C0AC2AB44A,Taylor's Blueberry Farm,taylors blueberry farm,farm,unique_source_name_reviewed,AL,Tallapoosa,Alexander,35010,6725 Sanford Road,public_business_address_reviewed_for_future_reduced_precision,,,"blueberries,",U-pick; agritourism,256-215-3885,darinc@dishmail.net,internal_until_public_use_review,,,,,True,False,False,False,True,False,False,1,alobs_04740469f4b4ecd724a9,PickYourOwn — Southeast Alabama,https://www.pickyourown.org/ALmontg.htm,D,2026-07-15,promotion_eligible_reviewed,,Fields are selected by evidence grade; all underlying observations remain separately auditable.
AL-B548759508,Abrams Farm,abrams farm,farm,unique_source_name_reviewed,AL,Tuscaloosa,Tuscaloosa County service area,,,public_business_address_reviewed_for_future_reduced_precision,,,Farm products; direct-to-consumer sales,Farm stand,,,internal_until_public_use_review,,,,,True,False,False,False,False,False,False,1,alobs_c013106ad899754d144e,Alabama FMA — 2026 statewide farm-stand roster,https://agi.alabama.gov/farmersmarket/wp-content/uploads/sites/9/2023/02/2026-statewide-redemption-sites.pdf,B,2026-07-15,promotion_eligible_reviewed,,Fields are selected by evidence grade; all underlying observations remain separately auditable.
AL-8C691841C7,Back 2 The Land Produce,back 2 the land produce,farm,unique_source_name_reviewed,AL,Tuscaloosa,Moundville,35474,14851 Hwy 69 S,public_business_address_reviewed_for_future_reduced_precision,,,Farm products; direct-to-consumer sales,Farm stand; direct-to-consumer,205-391-8093,arzox1@yahoo.com,internal_until_public_use_review,,,,,True,False,False,False,False,False,False,1,alobs_4aa37d21f4bc19f1d58f,Alabama Farmers Market Authority — farm-stand map,https://agi.alabama.gov/farmersmarket/locations/farmers-stand-location-map/,B,2026-07-15,promotion_eligible_reviewed,,Fields are selected by evidence grade; all underlying observations remain separately auditable.
AL-91917D65FA,Circle V Farm & Lumber,circle v farm and lumber,farm,unique_source_name_reviewed,AL,Tuscaloosa,Fosters,35463,15439 Sylvan Loop Road,public_business_address_reviewed_for_future_reduced_precision,33.0661278,-87.7068511,Forestry Products; Wood Products; Lumber,Farm,(334) 422-1110,circlevfarmal@gmail.com,internal_until_public_use_review,https://landrevivalllc.com/index.php/circle-v-farm-lumber/,https://www.facebook.com/circlevfarmal,,,True,False,False,False,False,False,False,1,alobs_c4ccfb94e4c0db0cf17c,Sweet Grown Alabama — Farm members,https://www.sweetgrownalabama.org/find-sweet-grown,B,2026-07-15,promotion_eligible_reviewed,,Fields are selected by evidence grade; all underlying observations remain separately auditable.
AL-7087187CA9,Clyde&Sally Leavelle-Leavelle Farms,clyde and sally leavelle leavelle farms,farm,unique_source_name_reviewed,AL,Tuscaloosa,Tuscaloosa County service area,,,public_business_address_reviewed_for_future_reduced_precision,,,Farm products; direct-to-consumer sales,Farm stand,,,internal_until_public_use_review,,,,,True,False,False,False,False,False,False,1,alobs_dd25bc9274915f7b3c4b,Alabama FMA — 2026 statewide farm-stand roster,https://agi.alabama.gov/farmersmarket/wp-content/uploads/sites/9/2023/02/2026-statewide-redemption-sites.pdf,B,2026-07-15,promotion_eligible_reviewed,,Fields are selected by evidence grade; all underlying observations remain separately auditable.
AL-789B6158BB,Cripple Creek Farm,cripple creek farm,farm,unique_source_name_reviewed,AL,Tuscaloosa,Samantha,,,public_business_address_reviewed_for_future_reduced_precision,,,Beef; direct-to-consumer meat,Cattle farm; direct-sale beef,205-394-3197,,internal_until_public_use_review,,,,,True,False,False,False,False,False,False,1,alobs_764740596614aa5947f8,Alabama Cattlemen’s Association — Bama Beef Sales Directory,https://www.bamabeef.org/p/about/bama-beef-sales-directory,D,2026-07-15,promotion_eligible_reviewed,,Fields are selected by evidence grade; all underlying observations remain separately auditable.
AL-EBE2B1BCE0,Fountain Martin Farm,fountain martin farm,farm,unique_source_name_reviewed,AL,Tuscaloosa,Vance,35490,11690 Vance Blocton Road,public_business_address_reviewed_for_future_reduced_precision,33.1421229,-87.2292189,Fresh Cut Flowers; Strawberries,Farm,(205) 454-5465,fountainmartinfarm@gmail.com,internal_until_public_use_review,,https://www.facebook.com/profile.php?id=61552172195173,,,True,False,False,False,False,False,False,1,alobs_4da14a840948c4f4cfd8,Sweet Grown Alabama — Farm members,https://www.sweetgrownalabama.org/find-sweet-grown,B,2026-07-15,promotion_eligible_reviewed,,Fields are selected by evidence grade; all underlying observations remain separately auditable.
AL-129E130D8C,JK Farms,jk farms,farm,unique_source_name_reviewed,AL,Tuscaloosa,Berry,35546,13435 Shiver De Freeze,public_business_address_reviewed_for_future_reduced_precision,33.5570658,-87.6453171,"Peas; Lettuce; Tomatoes; Watermelon; Acidified Foods* (Pickles, Salsas, Relishes); Apples; Dry Rubs/Spices; Peppers; Beans; Blueberries; Cantaloupe; Corn (Field); Cucumbers; Greens; Blackberries; Container Plants/Greenhouse & Nursery Products/Shrubs/Etc.; Container Plants; Okra; Muscadine Grapes; Squash; Roasted/Boiled Peanuts; Sweet Corn; Sweet Potatoes",Farm,(205) 393-6809,joeykturner2@yahoo.com,internal_until_public_use_review,,,,,False,True,False,False,False,False,False,1,alobs_4c18658af979ab2d6d49,Sweet Grown Alabama — Farm members,https://www.sweetgrownalabama.org/find-sweet-grown,B,2026-07-15,promotion_eligible_reviewed,,Fields are selected by evidence grade; all underlying observations remain separately auditable.
AL-A3FB31D5ED,Lang's u-pick Blueberries,langs u pick blueberries,farm,unique_source_name_reviewed,AL,Tuscaloosa,Coker,35452,14727 Bel Aire Estates,public_business_address_reviewed_for_future_reduced_precision,,,"Blueberries,",U-pick; agritourism,(205) 339-7814,louiselang48@charter.net,internal_until_public_use_review,,https://facebook.com/LangsBlueberryFarm,,,True,False,False,False,True,False,False,1,alobs_307cbaec6a4f221290f9,PickYourOwn — Central Alabama,https://www.pickyourown.org/ALbham.htm,D,2026-07-15,promotion_eligible_reviewed,,Fields are selected by evidence grade; all underlying observations remain separately auditable.
AL-EBF29421FE,LEAVELLE FARMS,leavelle farms,farm,merged_exact_name_reviewed,AL,Tuscaloosa,Buhl,35446,17952 Foxfire Rd,public_business_address_reviewed_for_future_reduced_precision,,,"U-pick crops; agritourism; blueberries, restrooms, picnic area",Agritourism; U-pick; agritourism,205-339-7723,LEAVELLEFARMS@GMAIL.COM,internal_until_public_use_review,https://WWW.LEAVELLEFARMS.COM,https://www.facebook.com/Leavelle-Farms-Blueberries-141214395893352,,,True,False,False,False,True,False,False,2,alobs_8231f04489723d1759b0 | alobs_d1ee7902e8b2609ce43b,Alabama Farmers Market Authority — u-pick map | PickYourOwn — Central Alabama,https://agi.alabama.gov/farmersmarket/locations/u-pick-location-map/ | https://www.pickyourown.org/ALbham.htm,B; D,2026-07-15,promotion_eligible_reviewed,,Fields are selected by evidence grade; all underlying observations remain separately auditable.
AL-057383F859,Northfork Farm,northfork farm,farm,unique_source_name_reviewed,AL,Tuscaloosa,Northport,35475,16700 Northfork Drive,public_business_address_reviewed_for_future_reduced_precision,33.3957207,-87.5882702,Blueberries; U-Pick Fruit,Agritourism; Farm,(205) 331-9126,northforkfarm755@gmail.com,internal_until_public_use_review,,https://www.facebook.com/northfork.farm.9/,,,True,False,False,False,True,False,False,1,alobs_fcd81cfdc32ebd5439e7,Sweet Grown Alabama — Farm members,https://www.sweetgrownalabama.org/find-sweet-grown,B,2026-07-15,promotion_eligible_reviewed,,Fields are selected by evidence grade; all underlying observations remain separately auditable.
AL-9627B7D51A,Park Farm Produce,park farm produce,farm,unique_source_name_reviewed,AL,Tuscaloosa,Tuscaloosa County service area,,,public_business_address_reviewed_for_future_reduced_precision,,,Farm products; direct-to-consumer sales,Farm stand,,,internal_until_public_use_review,,,,,True,False,False,False,False,False,False,1,alobs_584fd468bd0b1c20cf67,Alabama FMA — 2026 statewide farm-stand roster,https://agi.alabama.gov/farmersmarket/wp-content/uploads/sites/9/2023/02/2026-statewide-redemption-sites.pdf,B,2026-07-15,promotion_eligible_reviewed,,Fields are selected by evidence grade; all underlying observations remain separately auditable.
AL-CEF8F6E68F,Parker Farm Produce,parker farm produce,farm,unique_source_name_reviewed,AL,Tuscaloosa,Northport,35475,12912 Bone Camp Road,public_business_address_reviewed_for_future_reduced_precision,,,Farm products; direct-to-consumer sales,Farm stand; direct-to-consumer,205-393-9945,scarderdog@gmail.com,internal_until_public_use_review,,,,,True,False,False,False,False,False,False,1,alobs_a8aa0d3299a280bac8f3,Alabama Farmers Market Authority — farm-stand map,https://agi.alabama.gov/farmersmarket/locations/farmers-stand-location-map/,B,2026-07-15,promotion_eligible_reviewed,,Fields are selected by evidence grade; all underlying observations remain separately auditable.
AL-C4A43EF567,Tuscan Pointe Farm,tuscan pointe farm,farm,unique_source_name_reviewed,AL,Tuscaloosa,Cottondale,35453,12170 Rivervista Drive,public_business_address_reviewed_for_future_reduced_precision,,,"No pesticides are used blueberries, Honey from hives on the farm, weddings,",U-pick; agritourism,(205) 887-1812,dcarden@acacademy.com,internal_until_public_use_review,,https://www.facebook.com/tuscanpointefarm/,,,True,False,False,False,True,False,False,1,alobs_d6affe06b2c06a04ace8,PickYourOwn — Central Alabama,https://www.pickyourown.org/ALbham.htm,D,2026-07-15,promotion_eligible_reviewed,,Fields are selected by evidence grade; all underlying observations remain separately auditable.
AL-9D2BACA919,Twisted Pine Goat Ranch,twisted pine goat ranch,farm,unique_source_name_reviewed,AL,Tuscaloosa,Berry,35546,20425 Walter Shirley Road,public_business_address_reviewed_for_future_reduced_precision,33.5033908,-87.6113881,"Acidified Foods* (Pickles, Salsas, Relishes); Blackberries; Blueberries; Cheese; Eggs; Okra; Peppers; Apples; Cucumbers; Jams/Jellies; Muscadine Grapes; Peaches; Milk; Pears; Squash; Tomatoes; Goats Milk Soap and Lotions",Farm,(256) 714-3034,welovegoats@twistedpinegoatranch.com,internal_until_public_use_review,https://twistedpinegoatranch.com,,https://www.instagram.com/twistedpinegoatranch/,,True,False,False,False,False,False,False,1,alobs_bddfc3b305e5465bf83f,Sweet Grown Alabama — Farm members,https://www.sweetgrownalabama.org/find-sweet-grown,B,2026-07-15,promotion_eligible_reviewed,,Fields are selected by evidence grade; all underlying observations remain separately auditable.
AL-82071F6E90,Underground Forest,underground forest,farm,unique_source_name_reviewed,AL,Tuscaloosa,Tuscaloosa,35401,2212 University Boulevard,public_business_address_reviewed_for_future_reduced_precision,33.2107596,-87.56617659999999,Herbs; Compost; Honey; Worms; Microgreens; Mushrooms,Farm,(205) 650-1844,info@UndergroundForest.net,internal_until_public_use_review,https://undergroundforest.net,https://www.facebook.com/UndergroundForestLLC,,,True,True,True,True,False,True,True,1,alobs_793cb05b55e3e607de67,Sweet Grown Alabama — Farm members,https://www.sweetgrownalabama.org/find-sweet-grown,B,2026-07-15,promotion_eligible_reviewed,,Fields are selected by evidence grade; all underlying observations remain separately auditable.
AL-0988B7E2CC,Unnamed bee seller — Charlie Sanders,unnamed bee seller charlie sanders,farm,unique_source_name_reviewed,AL,Tuscaloosa,Tuscaloosa County service area,,,public_business_address_reviewed_for_future_reduced_precision,,,Bees; apiary products,Apiary / bee seller,205-454-0131,,internal_until_public_use_review,,,,,False,False,False,False,False,False,False,1,alobs_3127a281297c1689bdba,Alabama Plant Protection — Beekeepers Selling Bees,https://agi.alabama.gov/plantprotection/beeks-selling-bees/,B,2026-07-15,promotion_eligible_reviewed,,Fields are selected by evidence grade; all underlying observations remain separately auditable.
AL-A14D23DB89,William Kendrick,william kendrick,farm,unique_source_name_reviewed,AL,Tuscaloosa,Berry,,,public_business_address_reviewed_for_future_reduced_precision,,,Beef; direct-to-consumer meat,Cattle farm; direct-sale beef,205-534-6500,,internal_until_public_use_review,,,,,True,False,False,False,False,False,False,1,alobs_89347ce2394145a1cfcf,Alabama Cattlemen’s Association — Bama Beef Sales Directory,https://www.bamabeef.org/p/about/bama-beef-sales-directory,D,2026-07-15,promotion_eligible_reviewed,,Fields are selected by evidence grade; all underlying observations remain separately auditable.
AL-3945B5534C,Ford Greenhouse &,ford greenhouse and,farm,unique_source_name_reviewed,AL,Walker,Walker County service area,,,public_business_address_reviewed_for_future_reduced_precision,,,Farm products; direct-to-consumer sales,Farm stand,,,internal_until_public_use_review,,,,,True,False,False,False,False,False,False,1,alobs_fef92dd71e45df4ab05d,Alabama FMA — 2026 statewide farm-stand roster,https://agi.alabama.gov/farmersmarket/wp-content/uploads/sites/9/2023/02/2026-statewide-redemption-sites.pdf,B,2026-07-15,promotion_eligible_reviewed,,Fields are selected by evidence grade; all underlying observations remain separately auditable.
AL-82610A737F,Ford Greenhouse & Horticultural,ford greenhouse and horticultural,farm,unique_source_name_reviewed,AL,Walker,Parrish,35580,8114 Old Tuscaloosa Rd,public_business_address_reviewed_for_future_reduced_precision,,,Farm products; direct-to-consumer sales,Farm stand; direct-to-consumer,205-275-5335,ford5335@gmail.com,internal_until_public_use_review,,,,,True,False,False,False,False,False,False,1,alobs_f708aefde01119044ff1,Alabama Farmers Market Authority — farm-stand map,https://agi.alabama.gov/farmersmarket/locations/farmers-stand-location-map/,B,2026-07-15,promotion_eligible_reviewed,,Fields are selected by evidence grade; all underlying observations remain separately auditable.
AL-9269873C79,Kalyx Flower Co,kalyx flower co,farm,unique_source_name_reviewed,AL,Walker,Jasper,35501,410 S Skyline Drive,public_business_address_reviewed_for_future_reduced_precision,33.85076670000001,-87.3158816,Flowers; Pumpkins; Fresh Cut Flowers; Pumpkin Patch; Eggs; Muscadine Grapes,Agritourism; Farm,(205) 412-0462,hannah@kalyxflowerco.com,internal_until_public_use_review,https://www.kalyxflowerco.com,,https://www.instagram.com/kalyxflowerco,,True,False,True,True,True,True,False,1,alobs_813c3fdd2ccceacb1e99,Sweet Grown Alabama — Farm members,https://www.sweetgrownalabama.org/find-sweet-grown,B,2026-07-15,promotion_eligible_reviewed,,Fields are selected by evidence grade; all underlying observations remain separately auditable.
AL-7EF723753F,N&N Cattle Co,n and n cattle co,farm,unique_source_name_reviewed,AL,Walker,Nauvoo,,,public_business_address_reviewed_for_future_reduced_precision,,,Beef; direct-to-consumer meat,Cattle farm; direct-sale beef,205-522-7137,,internal_until_public_use_review,,,,,True,False,False,False,False,False,False,1,alobs_fb681962d5e9453940e8,Alabama Cattlemen’s Association — Bama Beef Sales Directory,https://www.bamabeef.org/p/about/bama-beef-sales-directory,D,2026-07-15,promotion_eligible_reviewed,,Fields are selected by evidence grade; all underlying observations remain separately auditable.
AL-D0A6CDB84A,QUACKY FEET FARM,quacky feet farm,farm,unique_source_name_reviewed,AL,Walker,Nauvoo,35578,3733 Rose Hill Rd,public_business_address_reviewed_for_future_reduced_precision,,,Farm products; direct-to-consumer sales,Farm stand; direct-to-consumer,205-202-1088 | 256-599-9789,quackyfeetfarm@gmail.com,internal_until_public_use_review,,,,,True,False,False,False,False,False,False,1,alobs_dac8e0e2343981a68ee1,Alabama Farmers Market Authority — farm-stand map,https://agi.alabama.gov/farmersmarket/locations/farmers-stand-location-map/,B,2026-07-15,promotion_eligible_reviewed,,Fields are selected by evidence grade; all underlying observations remain separately auditable.
AL-124572185D,Quacky Feet Farm - FS,quacky feet farm fs,farm,unique_source_name_reviewed,AL,Walker,Walker County service area,,,public_business_address_reviewed_for_future_reduced_precision,,,Farm products; direct-to-consumer sales,Farm stand,,,internal_until_public_use_review,,,,,True,False,False,False,False,False,False,1,alobs_6bec035e65b31d485b26,Alabama FMA — 2026 statewide farm-stand roster,https://agi.alabama.gov/farmersmarket/wp-content/uploads/sites/9/2023/02/2026-statewide-redemption-sites.pdf,B,2026-07-15,promotion_eligible_reviewed,,Fields are selected by evidence grade; all underlying observations remain separately auditable.
AL-10E6277630,Ferguson Farms LLC,ferguson farms,farm,unique_source_name_reviewed,AL,Washington,Chatom,36518,189 Ferguson Road,public_business_address_reviewed_for_future_reduced_precision,31.531651,-88.269903,Blueberries,Farm,(251) 242-0691,fergusonfarms1@outlook.com,internal_until_public_use_review,,,,,False,False,False,False,False,True,False,1,alobs_b8677729b4a32070904f,Sweet Grown Alabama — Farm members,https://www.sweetgrownalabama.org/find-sweet-grown,B,2026-07-15,promotion_eligible_reviewed,,Fields are selected by evidence grade; all underlying observations remain separately auditable.
AL-30309913F4,Harris Farms,harris farms,farm,unique_source_name_reviewed,AL,Wilcox,Camden,36726,1300 Highway 10 W,public_business_address_reviewed_for_future_reduced_precision,,,Farm products; direct-to-consumer sales,Farm stand; direct-to-consumer,334-682-4410,harris1@frontiernet.net,internal_until_public_use_review,,,,,True,False,False,False,False,False,False,1,alobs_a32488cbfbe069940cb6,Alabama Farmers Market Authority — farm-stand map,https://agi.alabama.gov/farmersmarket/locations/farmers-stand-location-map/,B,2026-07-15,promotion_eligible_reviewed,,Fields are selected by evidence grade; all underlying observations remain separately auditable.
AL-11230E0D98,Parker&LareaHarris–Harris Farms,parker and lareaharris harris farms,farm,unique_source_name_reviewed,AL,Wilcox,Wilcox County service area,,,public_business_address_reviewed_for_future_reduced_precision,,,Farm products; direct-to-consumer sales,Farm stand,,,internal_until_public_use_review,,,,,True,False,False,False,False,False,False,1,alobs_66ba45a44d06b3281723,Alabama FMA — 2026 statewide farm-stand roster,https://agi.alabama.gov/farmersmarket/wp-content/uploads/sites/9/2023/02/2026-statewide-redemption-sites.pdf,B,2026-07-15,promotion_eligible_reviewed,,Fields are selected by evidence grade; all underlying observations remain separately auditable.
AL-6F320CCBE7,Unnamed bee seller — David Hamm,unnamed bee seller david hamm,farm,unique_source_name_reviewed,AL,Wilcox,Wilcox County service area,,,public_business_address_reviewed_for_future_reduced_precision,,,Bees; apiary products,Apiary / bee seller,205-440-0291,,internal_until_public_use_review,,,,,False,False,False,False,False,False,False,1,alobs_435339f993cf490029ea,Alabama Plant Protection — Beekeepers Selling Bees,https://agi.alabama.gov/plantprotection/beeks-selling-bees/,B,2026-07-15,promotion_eligible_reviewed,,Fields are selected by evidence grade; all underlying observations remain separately auditable.
AL-F12312272B,Ashley Farm,ashley farm,farm,unique_source_name_reviewed,AL,Winston,Haleyville,35565,850 County Road 71,public_business_address_reviewed_for_future_reduced_precision,34.2961025,-87.6319182,Beef; Eggs; Hay,Farm,(205) 269-0231,pineknot2004@yahoo.com,internal_until_public_use_review,,https://www.facebook.com/ashley.farms.10,,,True,False,False,True,False,False,True,1,alobs_825e75de663b3eacc582,Sweet Grown Alabama — Farm members,https://www.sweetgrownalabama.org/find-sweet-grown,B,2026-07-15,promotion_eligible_reviewed,,Fields are selected by evidence grade; all underlying observations remain separately auditable.
AL-69B2CBE928,Brannon Farms,brannon farms,farm,unique_source_name_reviewed,AL,Winston,Addison,35540,20302 County Road 41,public_business_address_reviewed_for_future_reduced_precision,,,Farm products; direct-to-consumer sales,Farm stand; direct-to-consumer,256-595-7358,branfarms@yahoo.com,internal_until_public_use_review,,,,,True,False,False,False,False,False,False,1,alobs_1becc4c69651a45bfa07,Alabama Farmers Market Authority — farm-stand map,https://agi.alabama.gov/farmersmarket/locations/farmers-stand-location-map/,B,2026-07-15,promotion_eligible_reviewed,,Fields are selected by evidence grade; all underlying observations remain separately auditable.
AL-A90288F8CD,Pecan Cattle Co.,pecan cattle co,farm,unique_source_name_reviewed,AL,Winston,Arley,35541,9899 Helicon Road,public_business_address_reviewed_for_future_reduced_precision,34.169082,-87.1186,"Acidified Foods* (Pickles, Salsas, Relishes); Blueberries; Greens; Honey; Jams/Jellies; Muscadine Grapes; Beans; Cantaloupe; Peanuts; Peaches; Pecans; Peppers; Sweet Potatoes; Watermelon; Blackberries; Cheese; Corn (Field); Container Plants/Greenhouse & Nursery Products/Shrubs/Etc.; Cucumbers; Peas; Squash; Sweet Corn; Candy/Confections; Dry Rubs/Spices; Fresh Cut Flowers; Hay; Marinades/Dressings; Lettuce; Okra; Strawberries; Tomatoes",Farm,(256) 531-5233,karaseymore@yahoo.com,internal_until_public_use_review,,https://www.facebook.com/PecanCattleCo,,,True,False,False,False,False,False,False,1,alobs_38d889534c14695da0a8,Sweet Grown Alabama — Farm members,https://www.sweetgrownalabama.org/find-sweet-grown,B,2026-07-15,promotion_eligible_reviewed,,Fields are selected by evidence grade; all underlying observations remain separately auditable.
AL-E79EFB432F,Sipsey Creek Farm,sipsey creek farm,farm,unique_source_name_reviewed,AL,Winston,Double Springs,35553,3816 County Road 78,public_business_address_reviewed_for_future_reduced_precision,34.2011106,-87.38738459999999,Microgreens; Flowers; Honey; Okra; Fresh Cut Flowers,Farm,(205) 275-7587,aingram.wsg@gmail.com,internal_until_public_use_review,https://www.sipseycreekfarm.com,,https://www.instagram.com/sipseycreekfarms/?fbclid=IwY2xjawKB1D1leHRuA2FlbQIxMABicmlkETBUemNMbHZFMkFHV01TbFp6AR6bNeYbAeg4fWjgawohgDlSGjuYAfNLVhOLaa--QNvEKb5rzYO96EBHi_YZqg_aem_4KVXGWxxu1v3vynNvNJznA,,True,False,False,False,True,False,False,1,alobs_eab09a7b5329cac822c6,Sweet Grown Alabama — Farm members,https://www.sweetgrownalabama.org/find-sweet-grown,B,2026-07-15,promotion_eligible_reviewed,,Fields are selected by evidence grade; all underlying observations remain separately auditable.
AL-754364CAE2,Southern Yankees Farm,southern yankees farm,farm,unique_source_name_reviewed,AL,Winston,Arley,35541,9003 Helicon Road,public_business_address_reviewed_for_future_reduced_precision,,,"apples, chestnuts, grapes, other berries, peaches, peppers, plums, winter squash, tomatoes, Other fruit or veg, Honey from hives on the farm",U-pick; agritourism,256-747-6967,southernyankeesfarm@yahoo.com,internal_until_public_use_review,,https://www.facebook.com/southernyankees.farm,,,True,False,False,False,True,False,False,1,alobs_c32f45a9461b426388df,PickYourOwn — Central Alabama,https://www.pickyourown.org/ALbham.htm,D,2026-07-15,promotion_eligible_reviewed,,Fields are selected by evidence grade; all underlying observations remain separately auditable.
AL-0697AD1808,Youngblood Ranch,youngblood ranch,farm,merged_cross_county_identity_reviewed,AL,Winston,Haleyville,35565,192 Highway 134,public_business_address_reviewed_for_future_reduced_precision,34.226488,-87.6214133,Beef; direct-to-consumer meat; Baked Goods; Dry Rubs/Spices; Eggs,Cattle farm; direct-sale beef; Farm,(713) 469-2623,Ranchyoungblood@gmail.com,internal_until_public_use_review,https://youngbloodranch.com,https://www.facebook.com/YoungbloodRanch,https://www.instagram.com/youngbloodranch/,,True,False,True,True,False,False,False,2,alobs_d771187f035ce3272ecd | alobs_bd37d27189baf7688125,Alabama Cattlemen’s Association — Bama Beef Sales Directory | Sweet Grown Alabama — Farm members,https://www.bamabeef.org/p/about/bama-beef-sales-directory | https://www.sweetgrownalabama.org/find-sweet-grown,B; D,2026-07-15,promotion_eligible_reviewed,,Fields are selected by evidence grade; all underlying observations remain separately auditable.
