entity_id,farm_name,normalized_name,entity_type,identity_decision,state,county_equivalent,city,postal_code,address_internal,public_location_classification,latitude,longitude,products,business_types,phone_internal,email_internal,contact_visibility,website_url,facebook_url,instagram_url,tiktok_url,on_farm_sales,farmers_market_sales,online_sales,local_delivery,u_pick,wholesale,farm_to_school,source_observation_count,source_observation_ids,source_names,source_urls,evidence_grades,last_retrieved,canonical_record_ids,canonical_match_status,promotion_status,promotion_blockers,notes
MS-90568D9A37,5D Natural Farms,5d natural farms,farm,unique_source_name_reviewed,MS,,,,2629 Neil Collins,public_business_address_reviewed_for_future_reduced_precision,,,"Tomatos, Bellpeppers, Lettuce, Okra, Cucumbers",Mississippi Farmers Market agricultural vendor,,5DNaturalFarm@gmaill.com,internal_until_public_use_review,,,,,False,True,False,False,False,False,False,1,msobs_70a0c130c5e3f6fa770b,MDAC Mississippi Farmers Market agricultural vendors,https://agnet.mdac.ms.gov/Website/FarmerMarket_VendorView.aspx?PassedID=238,B,2026-07-15,,new_state_candidate,research_or_qa_queue,county missing; city or safe public service area missing,Fields selected by evidence grade; every source observation remains separately auditable.
MS-AD8DD23B5F,Amorphous Gardens,amorphous gardens,farm,unique_source_name_reviewed,MS,,,,506 Pat Luckett Rd,public_business_address_reviewed_for_future_reduced_precision,,,"We sell natural no-spray seasonal vegetables & herbs. Brassicas, Alliums, Tomatoes, Herbs, Potatoes, Sweet Potatoes, Beans, Carrots, Radishes, Zucchini, Cucumbers, Peppers, Eggplant,",Mississippi Farmers Market agricultural vendor,(601) 454-9713,AmorphousGardens@hotmail.com,internal_until_public_use_review,,,,,False,True,False,False,False,False,False,1,msobs_9257cb0215fa04346221,MDAC Mississippi Farmers Market agricultural vendors,https://agnet.mdac.ms.gov/Website/FarmerMarket_VendorView.aspx?PassedID=1,B,2026-07-15,,new_state_candidate,research_or_qa_queue,county missing; city or safe public service area missing,Fields selected by evidence grade; every source observation remains separately auditable.
MS-62ED3F56E8,Anthiriam Farms,anthiriam farms,farm,unique_source_name_reviewed,MS,,Harrisville,,,public_business_address_reviewed_for_future_reduced_precision,,,chicken; eggs,LocalHarvest Family Farm,(601) 724-4532,,internal_until_public_use_review,,,,,True,False,False,False,False,False,False,1,msobs_11bb1cdd5f5a02263de1,LocalHarvest — Mississippi county-seat gap search,https://www.localharvest.org/anthiriam-farms-M58786,D,2026-07-15,,new_state_candidate,research_or_qa_queue,county missing,Fields selected by evidence grade; every source observation remains separately auditable.
MS-90C76EE9F6,Artillery Ridge Growers,artillery ridge growers,farm,unique_source_name_reviewed,MS,,,,16355 HWY 18 WEST,public_business_address_reviewed_for_future_reduced_precision,,,"Herbs and Vegetable Plants, Roses, Hosta, Danilies, Iris, Assorted Trees and Shrubs, and other assorted perannials",Mississippi Farmers Market agricultural vendor,,MHOLC@BELLSOUTH.NET,internal_until_public_use_review,,,,,False,True,False,False,False,False,False,1,msobs_7ccc3f6966f1df1cd4a9,MDAC Mississippi Farmers Market agricultural vendors,https://agnet.mdac.ms.gov/Website/FarmerMarket_VendorView.aspx?PassedID=50,B,2026-07-15,,new_state_candidate,research_or_qa_queue,county missing; city or safe public service area missing,Fields selected by evidence grade; every source observation remains separately auditable.
MS-6BCEE29FFF,Baba's Oasis,babas oasis,farm,unique_source_name_reviewed,MS,,,,,public_business_address_reviewed_for_future_reduced_precision,,,arugula; beets; broccoli; brussels sprouts; cabbage; carrots; cauliflower; celery; chinese greens; collards; dry beans; edamame soybeans; kale; kohlrabi; leeks; lettuce; mushrooms; onions; parsnips; peas; potatoes; radishes; salad greens; salad mix; spinach; swiss chard; turnips; winter-squash; apples; bananas; cherries; dates; guavas; lemons; limes; mangos; nectarines; olives; oranges; papayas; peaches; pears; persimmons; plums; rhubarb; tangerines; tropicals; eggs; preserves; medicinal herbs; luffa; seeds; sweet corn; cucumber; garlic; green beans; green onions; eggplant; hot peppers; mustard greens; okra; shallots; summer squash; sweet peppers; sweet potatoes; tomatillos; tomatoes; zucchini; blackberries; blueberries; cantaloupes; figs; grapes; melons; raspberries; strawberries; watermelons; honey; Meyer Lemon of California's Central Coast; Moon & Stars Watermelon; Pawpaw; Puebla Avocado; Yellow-Meated Watermelon; Plymouth Rock Chicken; Amish Paste Tomato; Bull Nose Large Bell pepper; Cherokee Purple Tomato; Fish Pepper; German Pink Tomato; Radiator Charlie's Mortgage Lifter Tomato,LocalHarvest Family Farm,(901) 601-2239,,internal_until_public_use_review,https://babasoasis.org,http://www.facebook.com/BabasOasisMphs,,,True,False,False,False,False,False,False,1,msobs_f523e1b8e2083045250a,LocalHarvest — Mississippi county-seat gap search,https://www.localharvest.org/babas-oasis-M65475,D,2026-07-15,,new_state_candidate,research_or_qa_queue,county missing; city or safe public service area missing,Fields selected by evidence grade; every source observation remains separately auditable.
MS-4FAB25C04C,Bluff City CSA,bluff city csa,farm,unique_source_name_reviewed,MS,,,,,public_business_address_reviewed_for_future_reduced_precision,,,arugula; beets; broccoli; brussels sprouts; cabbage; carrots; cauliflower; chinese greens; collards; eggplant; garlic; green beans; green onions; hot peppers; kale; kohlrabi; leeks; lettuce; mustard greens; onions; peas; potatoes; radishes; salad greens; salad mix; shallots; spinach; sweet peppers; sweet potatoes; swiss chard; tomatoes; turnips; winter-squash; strawberries; artichokes; asparagus; celery; sweet corn; cucumber; okra; summer squash; tomatillos; zucchini; blueberries; watermelons; fresh flowers; Aunt Ruby's German Green Tomato; Cherokee Purple Tomato; Chiltepin Pepper; Speckled Lettuce,LocalHarvest Family Farm,,,internal_until_public_use_review,https://bluffcitycsa.farm,http://www.facebook.com/bluffcitycsa,https://instagram.com/bluffcitycsa,,True,False,False,False,False,False,False,1,msobs_6c452c1b7ff4952abc55,LocalHarvest — Mississippi county-seat gap search,https://www.localharvest.org/bluff-city-csa-M84763,D,2026-07-15,,new_state_candidate,research_or_qa_queue,county missing; city or safe public service area missing,Fields selected by evidence grade; every source observation remains separately auditable.
MS-BB0C984A19,Broadhead Farms,broadhead farms,farm,unique_source_name_reviewed,MS,,Central Ms,,,public_business_address_reviewed_for_future_reduced_precision,32.29876,-90.18481,"Beef, cattle",Meat,,,internal_until_public_use_review,,,,,True,False,False,False,False,False,False,1,msobs_7253cbcc269d9b179157,FarmFinder current canonical baseline — identity anchor only,,E,2026-07-15,FF-0279,canonical_baseline_only,research_or_qa_queue,county missing; single grade-E discovery listing needs corroboration; canonical baseline farm not rediscovered in current three-pass sources,Fields selected by evidence grade; every source observation remains separately auditable.
MS-62EEDE53D4,Circle L Enterprises,circle l enterprises,farm,merged_exact_name_reviewed,MS,,Coila,38923,"15426 Ms. Hwy 17 , Coila, Mississippi 38923",public_business_address_reviewed_for_future_reduced_precision,,,"Greens; Pies and Cakes; Jellies and Jams; Fresh Squeezed Lemonade; Herbs; Tomatoes; Peppers; Okra; Squash; Cucumbers; Crafted Seasonings; Eggs; HERDS: basil, thyme, oregano, mints, sage, lemon grass, lemon balm, and other herbs.; Pork skins and Pork cracklins and Uncooked pork skins/cracklins",Genuine MS Grown; Genuine MS Raised,(662) 385-6223,circlelenterprise76@gmail.com,internal_until_public_use_review,,https://www.facebook.com/circlelenterprises/,,,False,False,False,False,False,False,False,2,msobs_31b16829b29cc6c63503 | msobs_f4174c8603247ac4dfbb,Genuine MS — Grown | Genuine MS — Raised,https://genuinems.com/directory/circle-l-enterprises/,B,2026-07-15,,new_state_candidate,research_or_qa_queue,county missing,Fields selected by evidence grade; every source observation remains separately auditable.
MS-8974EEDC24,DONNA CORKERN,donna corkern,farm,unique_source_name_reviewed,MS,,,,102 Lisi Lane,public_business_address_reviewed_for_future_reduced_precision,,,"Peas, Beans, Tomatoes, Cucumbers, Peppers, Lettus, Eggplant, Squash, Figs, Pecans, Okra, Green Onions, Blueberries, and Vegetable, Flower and Herb Plants.",Mississippi Farmers Market agricultural vendor,,craftygal60@aol.com,internal_until_public_use_review,,,,,False,True,False,False,False,False,False,1,msobs_a063497aa8422a9e927d,MDAC Mississippi Farmers Market agricultural vendors,https://agnet.mdac.ms.gov/Website/FarmerMarket_VendorView.aspx?PassedID=90,B,2026-07-15,,new_state_candidate,research_or_qa_queue,county missing; city or safe public service area missing,Fields selected by evidence grade; every source observation remains separately auditable.
MS-180796A914,Dutch Creek Goat Farm,dutch creek goat farm,farm,unique_source_name_reviewed,MS,,,,,public_business_address_reviewed_for_future_reduced_precision,,,Goat cheese,Mississippi Farmers Market agricultural vendor,(601) 526-1127,dutchcreekgoatfarm@gmail.com,internal_until_public_use_review,,,,,False,True,False,False,False,False,False,1,msobs_b402177d210df329743c,MDAC Mississippi Farmers Market agricultural vendors,https://agnet.mdac.ms.gov/Website/FarmerMarket_VendorView.aspx?PassedID=255,B,2026-07-15,,new_state_candidate,research_or_qa_queue,county missing; city or safe public service area missing,Fields selected by evidence grade; every source observation remains separately auditable.
MS-7389C6F3C0,Ellis Farms,ellis farms,farm,unique_source_name_reviewed,MS,,,,1071 MILLER ROAD,public_business_address_reviewed_for_future_reduced_precision,,,"FRUITS: BLUEBERRIES, BLACKBERRIES, STRAWBERRIES, PLUMS, MUSCADINES, MELONS. VEGGIES: BEANS, TOMATOES, PEPPERS, CORN, LETTUCE, POTATOES, OKRA.",Mississippi Farmers Market agricultural vendor,(601) 506-9222,,internal_until_public_use_review,,,,,False,True,False,False,False,False,False,1,msobs_69b61f966114fadc2023,MDAC Mississippi Farmers Market agricultural vendors,https://agnet.mdac.ms.gov/Website/FarmerMarket_VendorView.aspx?PassedID=34,B,2026-07-15,,new_state_candidate,research_or_qa_queue,county missing; city or safe public service area missing,Fields selected by evidence grade; every source observation remains separately auditable.
MS-F38F1BA0FD,Glory 7 Farm & Ranch,glory 7 farm and ranch,farm,unique_source_name_reviewed,MS,,,,,public_business_address_reviewed_for_future_reduced_precision,,,beef; raw milk,LocalHarvest Family Farm,(210) 429-3276,,internal_until_public_use_review,https://www.glory7farmandranch.com,http://www.facebook.com/m.glory7farmandranch,,,True,False,False,False,False,False,False,1,msobs_8002ca928d0f0eab4f73,LocalHarvest — Mississippi county-seat gap search,https://www.localharvest.org/glory-7-farm-amp-ranch-M83340,D,2026-07-15,,new_state_candidate,research_or_qa_queue,county missing; city or safe public service area missing,Fields selected by evidence grade; every source observation remains separately auditable.
MS-C9AC1FE382,Good Earth Eats,good earth eats,farm,unique_source_name_reviewed,MS,,Coxburg,39095,"Ebenezer Coxburg Road, Coxburg, MS 39095",public_business_address_reviewed_for_future_reduced_precision,,,Bacon; Sausage; Ham; Ribs; Boston Butt; Pork Chop; Lard,Genuine MS Raised,,goodeartheatsllc@gmail.com,internal_until_public_use_review,,,,,False,False,False,False,False,False,False,1,msobs_88445b8fa89aac88ff2a,Genuine MS — Raised,https://genuinems.com/directory/good-earth-eats/,B,2026-07-15,,new_state_candidate,research_or_qa_queue,county missing,Fields selected by evidence grade; every source observation remains separately auditable.
MS-DE6CD67C9A,High Heeled Hippie,high heeled hippie,farm,unique_source_name_reviewed,MS,,,,209 Reynolds Rd.,public_business_address_reviewed_for_future_reduced_precision,,,"Lots of heirloom & historical Southern varieties of tomatoes, watermelons, muskmelons & cantaloupe, lettuce, tradictional Southernns & various specialty greens. NEW: Easter Egg Radishes.",Mississippi Farmers Market agricultural vendor,(601) 813-7288,thehighheeledhippie@hotmail.com,internal_until_public_use_review,,,,,False,True,False,False,False,False,False,1,msobs_42598bec838ebd7753b3,MDAC Mississippi Farmers Market agricultural vendors,https://agnet.mdac.ms.gov/Website/FarmerMarket_VendorView.aspx?PassedID=4,B,2026-07-15,,new_state_candidate,research_or_qa_queue,county missing; city or safe public service area missing,Fields selected by evidence grade; every source observation remains separately auditable.
MS-A5701447BD,Homestead Farms,homestead farms,farm,unique_source_name_reviewed,MS,,,,1155 Walker Road,public_business_address_reviewed_for_future_reduced_precision,,,Farm Fresh Eggs,Mississippi Farmers Market agricultural vendor,(601) 878-9320,k.summerlin59@gmail.com,internal_until_public_use_review,,,,,False,True,False,False,False,False,False,1,msobs_76066d07c633052c84a6,MDAC Mississippi Farmers Market agricultural vendors,https://agnet.mdac.ms.gov/Website/FarmerMarket_VendorView.aspx?PassedID=111,B,2026-07-15,,new_state_candidate,research_or_qa_queue,county missing; city or safe public service area missing,Fields selected by evidence grade; every source observation remains separately auditable.
MS-810E09AB59,Iron Heart Ranch,iron heart ranch,farm,unique_source_name_reviewed,MS,,,,,public_business_address_reviewed_for_future_reduced_precision,,,wool; lamb; sheepskins,LocalHarvest Family Farm,(409) 789-8314,,internal_until_public_use_review,,https://www.facebook.com/groups/417655966774725,,,True,False,False,False,False,False,False,1,msobs_1b51146cb77ab661d012,LocalHarvest — Mississippi county-seat gap search,https://www.localharvest.org/iron-heart-ranch-M81246,D,2026-07-15,,new_state_candidate,research_or_qa_queue,county missing; city or safe public service area missing,Fields selected by evidence grade; every source observation remains separately auditable.
MS-99DF76EC6E,Ladner Livestock,ladner livestock,farm,unique_source_name_reviewed,MS,,Sebastopol,39359,Hays Road,public_business_address_reviewed_for_future_reduced_precision,,,beef; pork,LocalHarvest Family Farm,(662) 418-2624,,internal_until_public_use_review,,,,,True,False,False,False,False,False,False,1,msobs_d4e77888ced19189515b,LocalHarvest — Mississippi county-seat gap search,https://www.localharvest.org/ladner-livestock-M36067,D,2026-07-15,,new_state_candidate,research_or_qa_queue,county missing,Fields selected by evidence grade; every source observation remains separately auditable.
MS-9CE69A9B98,Larkfield Farms,larkfield farms,farm,unique_source_name_reviewed,MS,,Central Ms,,,public_business_address_reviewed_for_future_reduced_precision,32.29876,-90.18481,Beef,Meat,,,internal_until_public_use_review,,,,,True,False,False,False,False,False,False,1,msobs_9c61e18c14ece966c609,FarmFinder current canonical baseline — identity anchor only,,E,2026-07-15,FF-0284,canonical_baseline_only,research_or_qa_queue,county missing; single grade-E discovery listing needs corroboration; canonical baseline farm not rediscovered in current three-pass sources,Fields selected by evidence grade; every source observation remains separately auditable.
MS-A1F831B616,Little Bluestem Farm,little bluestem farm,farm,unique_source_name_reviewed,MS,,,,5476 Forest Grove Rd,public_business_address_reviewed_for_future_reduced_precision,,,"Cut Flowers: zinnias, sunflowers, cosmos, dahlias, gladiolas, calla lilies, canna lilies.",Mississippi Farmers Market agricultural vendor,(662) 571-3413,littlebluestemfarmms@gmail.com,internal_until_public_use_review,,,,,False,True,False,False,False,False,False,1,msobs_b5cb11414e55801ec0fa,MDAC Mississippi Farmers Market agricultural vendors,https://agnet.mdac.ms.gov/Website/FarmerMarket_VendorView.aspx?PassedID=146,B,2026-07-15,,new_state_candidate,research_or_qa_queue,county missing; city or safe public service area missing,Fields selected by evidence grade; every source observation remains separately auditable.
MS-A45D5432A0,Mothering Herbs,mothering herbs,farm,unique_source_name_reviewed,MS,,,,,public_business_address_reviewed_for_future_reduced_precision,,,soap; medicinal herbs; seeds; fresh flowers,LocalHarvest Family Farm,,,internal_until_public_use_review,https://www.motheringherbs.link,http://www.facebook.com/pages/Mothering-Herbs/28501588078?ref=bookmarks,,,True,False,False,False,False,False,False,1,msobs_a225e63d5d4ac8bc54f4,LocalHarvest — Mississippi county-seat gap search,https://www.localharvest.org/mothering-herbs-M24440,D,2026-07-15,,new_state_candidate,research_or_qa_queue,county missing; city or safe public service area missing,Fields selected by evidence grade; every source observation remains separately auditable.
MS-E4594EE283,Nine Pines Farm,nine pines farm,farm,unique_source_name_reviewed,MS,,Jackson,,,public_business_address_reviewed_for_future_reduced_precision,,,eggs; soap; preserves; llama,LocalHarvest Family Farm,,,internal_until_public_use_review,,,,,True,False,False,False,False,False,False,1,msobs_290ee6b50e3212c1bc76,LocalHarvest — Mississippi county-seat gap search,https://www.localharvest.org/nine-pines-farm-M39672,D,2026-07-15,,new_state_candidate,research_or_qa_queue,county missing,Fields selected by evidence grade; every source observation remains separately auditable.
MS-4F3507CD28,Ol' Cappy's Bees,ol cappys bees,farm,unique_source_name_reviewed,MS,,N. Ms Hill Country,,,public_business_address_reviewed_for_future_reduced_precision,31.31573,-89.97786,Raw honey,Honey/Specialty,,,internal_until_public_use_review,,,,,True,False,False,False,False,False,False,1,msobs_b2174255af6db944e195,FarmFinder current canonical baseline — identity anchor only,,E,2026-07-15,FF-0108,canonical_baseline_only,research_or_qa_queue,county missing; single grade-E discovery listing needs corroboration; canonical baseline farm not rediscovered in current three-pass sources,Fields selected by evidence grade; every source observation remains separately auditable.
MS-F2A90D4ADE,Pig & Leaf Farm,pig and leaf farm,farm,unique_source_name_reviewed,MS,,,,,public_business_address_reviewed_for_future_reduced_precision,,,carrots; chinese greens; collards; green onions; kale; lettuce; mushrooms; mustard greens; radishes; salad greens; spinach; turnips; pork; wreaths; arugula; beets; cabbage; peas; swiss chard; eggs; fresh flowers; cucumber; eggplant; garlic; green beans; hot peppers; okra; summer squash; sweet peppers; tomatoes; zucchini; daikon; winter-squash,LocalHarvest Family Farm,(931) 231-4099,,internal_until_public_use_review,https://www.pigandleaf.com,http://www.facebook.com/pigandleaf,https://instagram.com/pigandleaf,,True,False,False,False,False,False,False,1,msobs_327f5a820f3b02871fec,LocalHarvest — Mississippi county-seat gap search,https://www.localharvest.org/pig-leaf-farm-M77949,D,2026-07-15,,new_state_candidate,research_or_qa_queue,county missing; city or safe public service area missing,Fields selected by evidence grade; every source observation remains separately auditable.
MS-F8F319FA99,Qwatra Gardens,qwatra gardens,farm,unique_source_name_reviewed,MS,,Maben,,,public_business_address_reviewed_for_future_reduced_precision,,,"Hello all! I grew up right here on this farm, but moved away for a 25 year journey that took me around the world and taught me many things. Fate returned me to my home with everything I learned and now I am planning to apply it to my parents farm and garden. Organic, sustainable practices. Heirloom, non-hybrid seeds. Old-fashioned, man-powered (or woman powered) tools and machines whenever possible. (I'm hoping for a solar-powered tractor someday!) It is my joy and pleasure to help provide healthy choices in fresh produce in today's crazy world. I have no certifications yet as I am just starting. But I will be working towards totally organic fruit and veggies and extremely happy free organic",LocalHarvest Family Farm,(662) 242-3788,,internal_until_public_use_review,https://qwatra.com,,,,True,False,False,False,False,False,False,1,msobs_9b31bceb371bd4838d6b,LocalHarvest — Mississippi county-seat gap search,https://www.localharvest.org/qwatra-gardens-M60187,D,2026-07-15,,new_state_candidate,research_or_qa_queue,county missing,Fields selected by evidence grade; every source observation remains separately auditable.
MS-7AA238EB4A,"Reaper's Suburban Homestead, LLC",reapers suburban homestead,farm,unique_source_name_reviewed,MS,,,,104 Avery Court,public_business_address_reviewed_for_future_reduced_precision,,,Tomatoes Cabbage Brussels Sprouts Broccoli Collards Chocolate Mint Peppers Basil Squash Zucchini Dill Parsley Cilantro Kale Swiss Chard Beets,Mississippi Farmers Market agricultural vendor,,reapersh.ms@gmail.com,internal_until_public_use_review,,,,,False,True,False,False,False,False,False,1,msobs_e989d9d4731a4be99b1c,MDAC Mississippi Farmers Market agricultural vendors,https://agnet.mdac.ms.gov/Website/FarmerMarket_VendorView.aspx?PassedID=277,B,2026-07-15,,new_state_candidate,research_or_qa_queue,county missing; city or safe public service area missing,Fields selected by evidence grade; every source observation remains separately auditable.
MS-8B019A2919,SARAH'S FARM,sarahs farm,farm,unique_source_name_reviewed,MS,,,,175 Horseshoe Lane,public_business_address_reviewed_for_future_reduced_precision,,,"WATERMEOLNS, TOMATOES, SQUASH, CUCUMBERS, PEPPERS, and OKRA",Mississippi Farmers Market agricultural vendor,(601) 299-4325,shortonrn2@aol.com,internal_until_public_use_review,,,,,False,True,False,False,False,False,False,1,msobs_160e71372c93da52bc2e,MDAC Mississippi Farmers Market agricultural vendors,https://agnet.mdac.ms.gov/Website/FarmerMarket_VendorView.aspx?PassedID=181,B,2026-07-15,,new_state_candidate,research_or_qa_queue,county missing; city or safe public service area missing,Fields selected by evidence grade; every source observation remains separately auditable.
MS-8D023FF577,Shook Creek Farm,shook creek farm,farm,unique_source_name_reviewed,MS,,Cascilla,38920,"8090 MS Hwy 35 S, Cascilla , MS 38920",public_business_address_reviewed_for_future_reduced_precision,,,"Sweet Corn; Green beans; Southern peas; Lima\butter beans; Watermelon; Cantaloupe; Honeydew; Pumpkin; Garlic- hard neck, soft neck and purple stripe varieties; Lettuce - Bibb, Butter, Romaine, Salanova; Cherry Tomatoes; Tomatoes; Cucumbers - slicing and pickling; Summer and winter squash; Radishes; Basil; Other herbs; Sunflowers; Giant Zinnias",Genuine MS Grown,(601) 818-0256,shookcreekfarm@gmail.com,internal_until_public_use_review,https://www.shookcreekfarm.com,,,,False,False,False,False,False,False,False,1,msobs_9b33f85dc1bbf0453d5a,Genuine MS — Grown,https://genuinems.com/directory/shook-creek-farm/,B,2026-07-15,,new_state_candidate,research_or_qa_queue,county missing,Fields selected by evidence grade; every source observation remains separately auditable.
MS-8625EB126B,Six Mile Farms LLC,six mile farms,farm,unique_source_name_reviewed,MS,,"Leland, Mississisppi",,"3194 Tribbett Rd., Leland, Mississisppi 38756",public_business_address_reviewed_for_future_reduced_precision,,,Crop to Pop Butterfly Popcorn,Genuine MS Grown,(662) 820-3192,sixmilefarmsllc@gmail.com,internal_until_public_use_review,https://www.sixmilefarmsllc.com/,https://www.facebook.com/sixmilefarmsllc/,http://instagram.com/sixmilefarmsllc,,False,False,False,False,False,False,False,1,msobs_55acf598bc3d7b031766,Genuine MS — Grown,https://genuinems.com/directory/six-mile-farms-llc/,B,2026-07-15,,new_state_candidate,research_or_qa_queue,county missing,Fields selected by evidence grade; every source observation remains separately auditable.
MS-1C193AAB5A,Southern Char Seasonings,southern char seasonings,producer_requires_type_review,unique_source_name_reviewed,MS,,S. Mississippi,,,public_business_address_reviewed_for_future_reduced_precision,31.32712,-89.29034,"Seasonings, BBQ",Value-Added,,,internal_until_public_use_review,,,,,False,False,False,False,False,False,False,1,msobs_0606807e33ab94d59130,FarmFinder current canonical baseline — identity anchor only,,E,2026-07-15,FF-0302,canonical_baseline_only,research_or_qa_queue,county missing; single grade-E discovery listing needs corroboration; directory candidate needs independent farm-operation evidence; canonical baseline farm not rediscovered in current three-pass sources,Fields selected by evidence grade; every source observation remains separately auditable.
MS-BC610CA9BE,Sumrall Farms,sumrall farms,farm,unique_source_name_reviewed,MS,,,,928 Way Rd,public_business_address_reviewed_for_future_reduced_precision,,,"Sweet Corn, Cabbage, Tomatoes, Okra, Watermelons, Cantaloupes",Mississippi Farmers Market agricultural vendor,(601) 842-3025,jeffsumrall11@yahoo.com,internal_until_public_use_review,,,,,False,True,False,False,False,False,False,1,msobs_ddc6bfd60ae997f803b6,MDAC Mississippi Farmers Market agricultural vendors,https://agnet.mdac.ms.gov/Website/FarmerMarket_VendorView.aspx?PassedID=154,B,2026-07-15,,new_state_candidate,research_or_qa_queue,county missing; city or safe public service area missing,Fields selected by evidence grade; every source observation remains separately auditable.
MS-62A76B474E,The Five Cent Farm,the five cent farm,farm,unique_source_name_reviewed,MS,,Central Ms,,,public_business_address_reviewed_for_future_reduced_precision,32.29876,-90.18481,"Cattle, farm products",Mixed,,,internal_until_public_use_review,,,,,True,False,False,False,False,False,False,1,msobs_89bf321fe829f3d6815e,FarmFinder current canonical baseline — identity anchor only,,E,2026-07-15,FF-0288,canonical_baseline_only,research_or_qa_queue,county missing; single grade-E discovery listing needs corroboration; canonical baseline farm not rediscovered in current three-pass sources,Fields selected by evidence grade; every source observation remains separately auditable.
MS-577D135D80,TPF-Tates Poultry Farm,tpf tates poultry farm,farm,unique_source_name_reviewed,MS,,,,,public_business_address_reviewed_for_future_reduced_precision,,,eggs,LocalHarvest Family Farm,,,internal_until_public_use_review,,,,,True,False,False,False,False,False,False,1,msobs_a55eb842f65907074125,LocalHarvest — Mississippi county-seat gap search,https://www.localharvest.org/tpf-tates-poultry-farm-M86300,D,2026-07-15,,new_state_candidate,research_or_qa_queue,county missing; city or safe public service area missing,Fields selected by evidence grade; every source observation remains separately auditable.
MS-25365E2CF0,Two Brooks Rice,two brooks rice,producer_requires_type_review,unique_source_name_reviewed,MS,,N. Mississippi,,,public_business_address_reviewed_for_future_reduced_precision,34.257607,-88.703386,Rice,Rice,,,internal_until_public_use_review,,,,,True,False,False,False,False,False,False,1,msobs_86a44a1ee890ae274a83,FarmFinder current canonical baseline — identity anchor only,,E,2026-07-15,FF-0295,canonical_baseline_only,research_or_qa_queue,county missing; single grade-E discovery listing needs corroboration; directory candidate needs independent farm-operation evidence; canonical baseline farm not rediscovered in current three-pass sources,Fields selected by evidence grade; every source observation remains separately auditable.
MS-EEA56C63F6,Viking Honey®,viking honey,producer_requires_type_review,unique_source_name_reviewed,MS,,,,173 Pear Lane,public_business_address_reviewed_for_future_reduced_precision,,,"We offer the nectar of myth and legend, the nectar of Norse healing and health, scarce and rare the world over.",Mississippi Farmers Market agricultural vendor,,Viking@vikinghoney.com,internal_until_public_use_review,,,,,False,True,False,False,False,False,False,1,msobs_0747a07ca1d72a9c182f,MDAC Mississippi Farmers Market agricultural vendors,https://agnet.mdac.ms.gov/Website/FarmerMarket_VendorView.aspx?PassedID=17,B,2026-07-15,,new_state_candidate,research_or_qa_queue,county missing; city or safe public service area missing; directory candidate needs independent farm-operation evidence,Fields selected by evidence grade; every source observation remains separately auditable.
MS-3EF35C14D6,Willowbrook Farm and Sheep Dairy,willowbrook farm and sheep dairy,farm,unique_source_name_reviewed,MS,,,,,public_business_address_reviewed_for_future_reduced_precision,,,geese; lamb; cheese; soap; wool,LocalHarvest Family Farm,(501) 827-9989,,internal_until_public_use_review,,http://www.facebook.com/Willowbrook-Farm-1175221902549096/,,,True,False,False,False,False,False,False,1,msobs_12bf79a82ce45523a44f,LocalHarvest — Mississippi county-seat gap search,https://www.localharvest.org/willowbrook-farm-and-sheep-dairy-M62823,D,2026-07-15,,new_state_candidate,research_or_qa_queue,county missing; city or safe public service area missing,Fields selected by evidence grade; every source observation remains separately auditable.
MS-20227EFA38,Bluff Farm Supply,bluff farm supply,producer_requires_type_review,unique_source_name_reviewed,MS,Adams,Natchez,39120,"2531 Guedon Rd, Natchez, MS 39120",public_business_address_reviewed_for_future_reduced_precision,,,Bluff's Blend; Buck Plus; Super 13; Bagged Corn,Genuine MS Grown,(601) 571-7244,blufffarmsupply@gmail.com,internal_until_public_use_review,,,http://instagram.com/blufffarmsupply,,False,False,False,False,False,False,False,1,msobs_379ca0ca7cb7a33a2a99,Genuine MS — Grown,https://genuinems.com/directory/bluff-farm-supply/,B,2026-07-15,,new_state_candidate,research_or_qa_queue,directory candidate needs independent farm-operation evidence,Fields selected by evidence grade; every source observation remains separately auditable.
MS-6C64DF412B,Second Creek Blueberry Farm,second creek blueberry farm,farm,unique_source_name_reviewed,MS,Adams,Natchez,39120,,public_business_address_reviewed_for_future_reduced_precision,,,U-pick crops; agritourism,U-pick; agritourism,601-807-3369,secondcreekblueberries@gmail.com,internal_until_public_use_review,,https://www.facebook.com/events-209231735784020,,,True,False,False,False,True,False,False,1,msobs_adc3088ee11aaaeda49d,PickYourOwn — Southwest Mississippi,https://www.pickyourown.org/MSsw.htm,E,2026-07-15,,new_state_candidate,research_or_qa_queue,single grade-E discovery listing needs corroboration; source reports closure and requires affirmative curator decision,Fields selected by evidence grade; every source observation remains separately auditable.
MS-9439D7C169,Pine Mountain Christmas Tree Farm,pine mountain christmas tree farm,farm,unique_source_name_reviewed,MS,Alcorn,Walnut,38683,,public_business_address_reviewed_for_future_reduced_precision,,,Agritourism and farm activities; see MDAC venue description,Registered agritourism,(662) 284-9183,debramarolt@gmail.com,internal_until_public_use_review,https://pinemountaintreefarm.com/,,,,False,False,False,False,True,False,False,1,msobs_0819724350c65680a700,MDAC registered agritourism venues,https://agnet.mdac.ms.gov/website/AgTourism/Venues_Single?id=2,B,2026-07-15,,new_state_candidate,promotion_eligible_reviewed,,Fields selected by evidence grade; every source observation remains separately auditable.
MS-D98481A782,Warrior Rendezvous Farm Stay,warrior rendezvous farm stay,farm,unique_source_name_reviewed,MS,Alcorn,Glen,38846,,public_business_address_reviewed_for_future_reduced_precision,,,Agritourism and farm activities; see MDAC venue description,Registered agritourism,915-491-5521,warriorrendezvousfarmstay@gmail.com,internal_until_public_use_review,,https://l.facebook.com/l.php?u=https%3A%2F%2Fwarri,,,False,False,False,False,True,False,False,1,msobs_9765c208ab781f0d48e3,MDAC registered agritourism venues,https://agnet.mdac.ms.gov/website/AgTourism/Venues_Single?id=153,B,2026-07-15,,new_state_candidate,promotion_eligible_reviewed,,Fields selected by evidence grade; every source observation remains separately auditable.
MS-D688503E41,Henderson Farms,henderson farms,farm,unique_source_name_reviewed,MS,Amite,Liberty,39645,"4706 Austin Ln, Liberty, Mississippi 39645",public_business_address_reviewed_for_future_reduced_precision,,,Quart (44oz) glass jar honey; Pint (22oz) glass jar honey; 24 oz Bear (plastic) honey; 12 oz Bear (plastic) honey; Seasonal-Honeycomb,Genuine MS Raised,(601) 248-7394,tonihenderson2@msn.com,internal_until_public_use_review,,https://www.facebook.com/henderbeefarmshoney/,,,False,False,False,False,False,False,False,1,msobs_d872f80afb34565301af,Genuine MS — Raised,https://genuinems.com/directory/henderson-farms/,B,2026-07-15,,new_state_candidate,promotion_eligible_reviewed,,Fields selected by evidence grade; every source observation remains separately auditable.
MS-4A7F68EB6E,"Hilltop Breeze Farm, LLC",hilltop breeze farm,farm,unique_source_name_reviewed,MS,Amite,Summit,39666,,public_business_address_reviewed_for_future_reduced_precision,,,Agritourism and farm activities; see MDAC venue description,Registered agritourism,225-933-9164,lowens1107@att.net,internal_until_public_use_review,,,,,False,False,False,False,True,False,False,1,msobs_9ae0068d2050c6ee4c86,MDAC registered agritourism venues,https://agnet.mdac.ms.gov/website/AgTourism/Venues_Single?id=147,B,2026-07-15,,new_state_candidate,promotion_eligible_reviewed,,Fields selected by evidence grade; every source observation remains separately auditable.
MS-F3D5E5D362,T & R Dairy,t and r dairy farm,farm,merged_exact_name_reviewed,MS,Amite,Liberty,39645,"2296 River Road , Liberty, MS 39645",public_business_address_reviewed_for_future_reduced_precision,30.50463,-90.46293,"Milk; cheese; yogurt; eggs; beef; produce; Cheese; Yogurt; Eggs; Produce; milk, cream, Beef, and Pork.",Dairy; Genuine MS Grown; Genuine MS Raised; Mississippi Farmers Market agricultural vendor,(601) 248-3600,dairyfarmer19@gmail.com,internal_until_public_use_review,,https://www.facebook.com/TandRDairyFarm,,,True,True,False,False,False,False,False,4,msobs_4a9f7834a81eb83ca2f2 | msobs_44db56a9068100040b9d | msobs_11eee73d92d040a12e94 | msobs_72f85286ab7f8e6343b8,FarmFinder current canonical baseline — identity anchor only | Genuine MS — Grown | Genuine MS — Raised | MDAC Mississippi Farmers Market agricultural vendors,https://genuinems.com/directory/t-r-dairy/ | https://agnet.mdac.ms.gov/Website/FarmerMarket_VendorView.aspx?PassedID=15,B; C,2026-07-15,FF-0023,rediscovered_current_source,promotion_eligible_reviewed,,Fields selected by evidence grade; every source observation remains separately auditable.
MS-D5BA3C7A2E,Currie Farms,currie farms,farm,unique_source_name_reviewed,MS,Attala,Kosciusko,39090,,public_business_address_reviewed_for_future_reduced_precision,,,U-pick crops; agritourism,U-pick; agritourism,601-932-0367,Boo4dei@aol.com,internal_until_public_use_review,,,,,True,False,False,False,True,False,False,1,msobs_492d22eec72f1fbdece6,PickYourOwn — East-central Mississippi,https://www.pickyourown.org/MSeast.htm,E,2026-07-15,,new_state_candidate,research_or_qa_queue,single grade-E discovery listing needs corroboration; source reports closure and requires affirmative curator decision,Fields selected by evidence grade; every source observation remains separately auditable.
MS-D91424DDEF,"Red Bird Farms, LLC",red bird farms,farm,merged_cross_county_identity_reviewed,MS,Attala,Kosciusko,39090,"460 Massey Road, Kosciusko, Mississippi 39090",public_business_address_reviewed_for_future_reduced_precision,,,Christmas Trees; Agritourism and farm activities; see MDAC venue description,Genuine MS Grown; Registered agritourism,(601) 562-9545,redbirdfarmsms@gmail.com,internal_until_public_use_review,,https://www.facebook.com/RedBirdFarmsMS/,,,False,False,False,False,True,False,False,2,msobs_8a1e7667441e140a3ee7 | msobs_3367a57bb2c8928d2894,Genuine MS — Grown | MDAC registered agritourism venues,https://genuinems.com/directory/red-bird-farms-llc/ | https://agnet.mdac.ms.gov/website/AgTourism/Venues_Single?id=114,B,2026-07-15,,new_state_candidate,promotion_eligible_reviewed,,Fields selected by evidence grade; every source observation remains separately auditable.
MS-ECB14E8B8A,Cherokee Valley Ranch,cherokee valley ranch,farm,unique_source_name_reviewed,MS,Benton,Michigan City,38647,473 Wilburn Rd,public_business_address_reviewed_for_future_reduced_precision,,,pork,LocalHarvest Family Farm,(901) 486-5616,,internal_until_public_use_review,,,,,True,False,False,False,False,False,False,1,msobs_1d8c39a8e32009e6e9c1,LocalHarvest — Mississippi county-seat gap search,https://www.localharvest.org/cherokee-valley-ranch-M66034,D,2026-07-15,,new_state_candidate,promotion_eligible_reviewed,,Fields selected by evidence grade; every source observation remains separately auditable.
MS-F05B1F24B6,Tatum Farm,tatum farm,farm,unique_source_name_reviewed,MS,Benton,Hickory Flat,,,public_business_address_reviewed_for_future_reduced_precision,,,eggs,LocalHarvest Family Farm,(662) 224-4678,,internal_until_public_use_review,,,,,True,False,False,False,False,False,False,1,msobs_5ec493c322a79d53b5e0,LocalHarvest — Mississippi county-seat gap search,https://www.localharvest.org/tatum-farm-M72407,D,2026-07-15,,new_state_candidate,promotion_eligible_reviewed,,Fields selected by evidence grade; every source observation remains separately auditable.
MS-79A29A21AE,Tubby Creek Farm,tubby creek farm,farm,unique_source_name_reviewed,MS,Benton,Ashland,38603,1394 Gray Academy Rd,public_business_address_reviewed_for_future_reduced_precision,,,winter-squash; arugula; beets; broccoli; cabbage; carrots; chinese greens; collards; green onions; kale; kohlrabi; leeks; lettuce; mustard greens; peas; potatoes; radishes; rutabagas; salad greens; salad mix; shallots; spinach; swiss chard; turnips; eggs; sweet corn; cucumber; eggplant; garlic; green beans; hot peppers; okra; onions; summer squash; sweet peppers; sweet potatoes; tomatoes; zucchini; blackberries; blueberries; cantaloupes; melons; watermelons; pumpkins; wreaths; Cherokee Purple Tomato,LocalHarvest Family Farm,(901) 359-4982,,internal_until_public_use_review,https://tubbycreekfarm.com,http://www.facebook.com/pages/Tubby-Creek-Farm/246081198743530,,,True,False,False,False,False,False,False,1,msobs_3dfe7ff1a0df46fe7464,LocalHarvest — Mississippi county-seat gap search,https://www.localharvest.org/tubby-creek-farm-M45393,D,2026-07-15,,new_state_candidate,promotion_eligible_reviewed,,Fields selected by evidence grade; every source observation remains separately auditable.
MS-7E32012879,Morris Watermelon Farm LLC,morris watermelon farm,farm,unique_source_name_reviewed,MS,Bolivar,Mound Bayou,38762,"309 West Lampton, Mound Bayou, MS 38762",public_business_address_reviewed_for_future_reduced_precision,,,Watermelon; Cantaloupe,Genuine MS Grown,(323) 788-6837,morrishodges@yahoo.com,internal_until_public_use_review,https://bigmanfarm.com/,,,,False,False,False,False,False,False,False,1,msobs_376f1863e6401cb504df,Genuine MS — Grown,https://genuinems.com/directory/morris-watermelon-farm-llc/,B,2026-07-15,,new_state_candidate,promotion_eligible_reviewed,,Fields selected by evidence grade; every source observation remains separately auditable.
MS-C034A89312,River Road Pecans,river road pecans,farm,merged_cross_county_identity_reviewed,MS,Bolivar,Benoit,38725,"77 Burrus Rd. , Benoit, Mississippi 38725",public_business_address_reviewed_for_future_reduced_precision,33.501781,-91.05844,Pecans,Honey/Specialty; Genuine MS Grown,(662) 822-6711,rrpecans@gmail.com,internal_until_public_use_review,,,,,True,False,False,False,False,False,False,2,msobs_3668bd86555bd5322ac6 | msobs_037cfca036e13fbd7e37,FarmFinder current canonical baseline — identity anchor only | Genuine MS — Grown,https://genuinems.com/directory/river-road-pecans/,B; C,2026-07-15,FF-0298,rediscovered_current_source,promotion_eligible_reviewed,,Fields selected by evidence grade; every source observation remains separately auditable.
MS-BA8D61EBBC,Bruce Sweet Potato,bruce sweet potato,producer_requires_type_review,unique_source_name_reviewed,MS,Calhoun,Bruce,38915,"124 Jimmy Beckley Drive , Bruce, MS 38915",public_business_address_reviewed_for_future_reduced_precision,,,Sweet Potatoes,Genuine MS Grown,(662) 983-2400,marshall@brucesweetpotato.com,internal_until_public_use_review,https://www.brucesweetpotato.com,https://www.facebook.com/people/Bruce-Sweet-Potato/100068379800267/,,,False,False,False,False,False,False,False,1,msobs_1a70e354335ee146018d,Genuine MS — Grown,https://genuinems.com/directory/bruce-sweet-potato/,B,2026-07-15,,new_state_candidate,research_or_qa_queue,directory candidate needs independent farm-operation evidence,Fields selected by evidence grade; every source observation remains separately auditable.
MS-B171A6D17D,Murphree Orchards,murphree orchards,farm,unique_source_name_reviewed,MS,Calhoun,Pittsboro,38951,,public_business_address_reviewed_for_future_reduced_precision,,,U-pick crops; agritourism,U-pick; agritourism,(662) 414-1107,valda.murphree@gmail.com,internal_until_public_use_review,,https://www.facebook.com/Murphree-Orchards-140822509325282/,,,True,False,False,False,True,False,False,1,msobs_37f0473a929369415611,PickYourOwn — North Mississippi,https://www.pickyourown.org/MSnorth.htm,E,2026-07-15,,new_state_candidate,research_or_qa_queue,single grade-E discovery listing needs corroboration,Fields selected by evidence grade; every source observation remains separately auditable.
MS-6973C397B0,N & W Farms Produce Inc.,n and w farms produce,farm,unique_source_name_reviewed,MS,Calhoun,Vardaman,38878,"222 Hwy 341 South, Vardaman, MS 38878",public_business_address_reviewed_for_future_reduced_precision,,,Sweet Potato; Peas; Butter beans,Genuine MS Grown,(662) 682-7961,nwfarms@nandwfarms.com,internal_until_public_use_review,,https://www.facebook.com/nandwfarms/?ref=page_internal,,,False,False,False,False,False,False,False,1,msobs_b4c3a1c9435b083250e6,Genuine MS — Grown,https://genuinems.com/directory/n-w-farms-produce-inc/,B,2026-07-15,,new_state_candidate,promotion_eligible_reviewed,,Fields selected by evidence grade; every source observation remains separately auditable.
MS-C4733F0D5E,Rusty Acres Produce,rusty acres produce,producer_requires_type_review,unique_source_name_reviewed,MS,Chickasaw,Houston,38851,"1318 County Road 416, Houston, Mississippi 38851",public_business_address_reviewed_for_future_reduced_precision,,,Tomatoes; Watermelons; Cantaloupe; Squash; Sweet Corn,Genuine MS Grown,(662) 542-1105,eddie.wiggs@netzero.com,internal_until_public_use_review,,,,,False,False,False,False,False,False,False,1,msobs_5dc0f43c6e97c331f4f6,Genuine MS — Grown,https://genuinems.com/directory/rusty-acres-produce/,B,2026-07-15,,new_state_candidate,research_or_qa_queue,directory candidate needs independent farm-operation evidence,Fields selected by evidence grade; every source observation remains separately auditable.
MS-6AE59A779E,Dry Bottom Farms and Nursery,dry bottom farms and nursery,farm,unique_source_name_reviewed,MS,Choctaw,Weir,39772,"379 West Harris Road , Weir , Mississippi 39772",public_business_address_reviewed_for_future_reduced_precision,,,Pumpkins; Seasonal flowers; Variety of produce; Tomatoes,Genuine MS Grown,(662) 552-6781,Drybottompumpkinpatch2018@gmail.com,internal_until_public_use_review,,https://www.facebook.com/DryBottom/,,,False,False,False,False,False,False,False,1,msobs_2dae51488f964e05f72d,Genuine MS — Grown,https://genuinems.com/directory/dry-bottom-farms-and-nursery/,B,2026-07-15,,new_state_candidate,promotion_eligible_reviewed,,Fields selected by evidence grade; every source observation remains separately auditable.
MS-7A8C401C12,"Breckenridge Farms, LLC",breckenridge farms,farm,merged_exact_name_reviewed,MS,Clarke,Shubuta,39360,"181 Americana Drive, Shubuta, Mississippi 39360",public_business_address_reviewed_for_future_reduced_precision,,,Muscadines; Muscadine Juice; Produce; Agritourism and farm activities; see MDAC venue description,Genuine MS Grown; Registered agritourism,(601) 776-7477,breckenridgefarms@yahoo.com,internal_until_public_use_review,https://breckenridgefarms.net/,https://www.facebook.com/muscadinevineyard/,,,True,False,False,False,True,False,False,2,msobs_3f2ae286c262eacb8f66 | msobs_15667508f8ae0548fb67,Genuine MS — Grown | MDAC registered agritourism venues,https://genuinems.com/directory/breckenridge-farms/ | https://agnet.mdac.ms.gov/website/AgTourism/Venues_Single?id=116,B,2026-07-15,,new_state_candidate,promotion_eligible_reviewed,,Fields selected by evidence grade; every source observation remains separately auditable.
MS-87580DA9C7,Kary Graham,kary graham,farm,unique_source_name_reviewed,MS,Clarke,Shubuta,39360,,public_business_address_reviewed_for_future_reduced_precision,,,U-pick crops; agritourism,U-pick; agritourism,601-687-1365,,internal_until_public_use_review,,,,,True,False,False,False,True,False,False,1,msobs_7acfbdfc5ddab86025ed,PickYourOwn — East-central Mississippi,https://www.pickyourown.org/MSeast.htm,E,2026-07-15,,new_state_candidate,research_or_qa_queue,single grade-E discovery listing needs corroboration; source reports closure and requires affirmative curator decision,Fields selected by evidence grade; every source observation remains separately auditable.
MS-7E15EF3BF9,CM Farms And Services LLC,cm farms and services,farm,unique_source_name_reviewed,MS,Clay,West Point,39773,"611 Lone Oak Rd , West Point , MS 39773",public_business_address_reviewed_for_future_reduced_precision,,,Strawberries; Tomatoes; Pecans; Tomato plants; Peas; Squash; Onions,Genuine MS Grown,(662) 295-3135,chad.mccomic@gmail.com,internal_until_public_use_review,,https://www.facebook.com/CMFarmsandServices,,,False,False,False,False,False,False,False,1,msobs_cab17e095b071c6cc5e6,Genuine MS — Grown,https://genuinems.com/directory/cm-farms-and-services-llc/,B,2026-07-15,,new_state_candidate,promotion_eligible_reviewed,,Fields selected by evidence grade; every source observation remains separately auditable.
MS-08C960C5E0,Heaven's Jubilee Farm,heavens jubilee farm,farm,unique_source_name_reviewed,MS,Clay,Pheba,39755,209 Harrell Rd,public_business_address_reviewed_for_future_reduced_precision,,,goat; rabbit; soap,LocalHarvest Family Farm,(662) 263-4006,,internal_until_public_use_review,https://www.heavensjubileefarm.com,,,,True,False,False,False,False,False,False,1,msobs_2cebd5980f46b83cfddd,LocalHarvest — Mississippi county-seat gap search,https://www.localharvest.org/heavens-jubilee-farm-M44236,D,2026-07-15,,new_state_candidate,promotion_eligible_reviewed,,Fields selected by evidence grade; every source observation remains separately auditable.
MS-60EB787BF0,High Hope Farm,high hope farm,farm,unique_source_name_reviewed,MS,Clay,Cedar Bluff,39741,"731 Milam Road, Cedar Bluff, MS 39741",public_business_address_reviewed_for_future_reduced_precision,,,Grass-fed Beef and Lamb,Genuine MS Raised,(662) 295-3986,johnnywray17@gmail.com,internal_until_public_use_review,http://highhopefarm.com/,https://www.facebook.com/High-Hope-Farm-267376876644645,,,False,False,False,False,False,False,False,1,msobs_0110ecf80b9fe3fb44b4,Genuine MS — Raised,https://genuinems.com/directory/high-hope-farm/,B,2026-07-15,,new_state_candidate,promotion_eligible_reviewed,,Fields selected by evidence grade; every source observation remains separately auditable.
MS-7DB1858D1B,Lindy’s Pecans,lindys pecans,farm,unique_source_name_reviewed,MS,Clay,West Point,39773,"One mile south of John's Grocery on highway 45 Alt, West Point, MS 39773",public_business_address_reviewed_for_future_reduced_precision,,,Pecans,Genuine MS Grown,(312) 203-0888,sanders_611@yahoo.com,internal_until_public_use_review,,,,,False,False,False,False,False,False,False,1,msobs_b0ba12236a7e1be5377c,Genuine MS — Grown,https://genuinems.com/directory/lindys-pecans/,B,2026-07-15,,new_state_candidate,promotion_eligible_reviewed,,Fields selected by evidence grade; every source observation remains separately auditable.
MS-39DCD36C30,Shady Acres Farm,shady acres farm,farm,unique_source_name_reviewed,MS,Clay,West Point,39773,"633 Decker Road, West Point , Mississippi 39773",public_business_address_reviewed_for_future_reduced_precision,,,beef,Genuine MS Raised,(662) 205-6188,shadyacresms.info@gmail.com,internal_until_public_use_review,https://www.shadyacresms.com,https://www.facebook.com/shadyacresfarmms,,,False,False,False,False,False,False,False,1,msobs_877bbaf326097fed198d,Genuine MS — Raised,https://genuinems.com/directory/shady-acres-farm/,B,2026-07-15,,new_state_candidate,promotion_eligible_reviewed,,Fields selected by evidence grade; every source observation remains separately auditable.
MS-4E3164473F,Crystal Springs Farm Market,crystal springs farm market,farm,unique_source_name_reviewed,MS,Copiah,Crystal Springs,39059,,public_business_address_reviewed_for_future_reduced_precision,,,U-pick crops; agritourism,U-pick; agritourism,(601) 835-7305,wesfitzpatrickiii@gmail.com,internal_until_public_use_review,https://crystalspringsfarmmarket.com,,,,True,False,False,False,True,False,False,1,msobs_b8d57e05ec52ae6db35f,PickYourOwn — Jackson and west-central Mississippi,https://www.pickyourown.org/MSjackson.htm,E,2026-07-15,,new_state_candidate,research_or_qa_queue,single grade-E discovery listing needs corroboration; source reports closure and requires affirmative curator decision,Fields selected by evidence grade; every source observation remains separately auditable.
MS-E1514B4EA5,Eden Organics,eden organics,farm,unique_source_name_reviewed,MS,Copiah,Hazlehurst,39083,5107 Lilly Rd,public_business_address_reviewed_for_future_reduced_precision,,,beets; broccoli; cauliflower; chinese greens; collards; kale; lettuce; mustard greens; salad greens; swiss chard; winter-squash; chicken; goat; rabbit; eggs; pecans; dried fruits; seeds; brussels sprouts; cabbage; carrots; celery; sweet corn; cucumber; salad mix; spinach; zucchini; figs; raw milk; artichokes; eggplant; garlic; pumpkins; summer squash; sweet peppers; tomatoes; apples; asian-pears; bananas; blueberries; cantaloupes; grapes; melons; pears; persimmons; plums; watermelons; hazelnuts; walnuts; fresh flowers; asparagus,LocalHarvest Family Farm,(601) 892-1341,,internal_until_public_use_review,,http://www.facebook.com/LinParsons,,,True,False,False,False,False,False,False,1,msobs_eb94a63e2921bda9f2c9,LocalHarvest — Mississippi county-seat gap search,https://www.localharvest.org/eden-organics-M18544,D,2026-07-15,,new_state_candidate,promotion_eligible_reviewed,,Fields selected by evidence grade; every source observation remains separately auditable.
MS-BDCB8791E9,Blue River Farms,blue river farms,farm,unique_source_name_reviewed,MS,Covington,Mount Olive,39119,,public_business_address_reviewed_for_future_reduced_precision,,,U-pick crops; agritourism,U-pick; agritourism,601-797-3922,info@blueriverfarmsms.com,internal_until_public_use_review,,,,,True,False,False,False,True,False,False,1,msobs_7a733ff5d9a3443e98eb,PickYourOwn — Southeast Mississippi,https://www.pickyourown.org/MSse.htm,E,2026-07-15,,new_state_candidate,research_or_qa_queue,single grade-E discovery listing needs corroboration; source reports closure and requires affirmative curator decision,Fields selected by evidence grade; every source observation remains separately auditable.
MS-2C1170AE79,Emma Wilder Farm,emma wilder farm,farm,unique_source_name_reviewed,MS,Covington,Seminary,39479,"315 Louie Bullock Road, Seminary, Mississippi 39479",public_business_address_reviewed_for_future_reduced_precision,,,Goat milk soap; Goat milk lotion; All natural candles; Raw honey; Beeswax lotion; Beeswax lip balm,Genuine MS Raised,(601) 255-3746,kimberly@emmawilderfarm.com,internal_until_public_use_review,https://www.emmawilderfarm.com,https://www.facebook.com/emmawilderfarm/,http://instagram.com/emmawilderfarm,,False,False,False,False,False,False,False,1,msobs_964dfcc5bce8a66c14af,Genuine MS — Raised,https://genuinems.com/directory/emma-wilder-farm/,B,2026-07-15,,new_state_candidate,promotion_eligible_reviewed,,Fields selected by evidence grade; every source observation remains separately auditable.
MS-F84846C06C,Humphrey Farms,humphrey farms,farm,unique_source_name_reviewed,MS,Covington,Seminary,39479,,public_business_address_reviewed_for_future_reduced_precision,,,U-pick crops; agritourism,U-pick; agritourism,(601) 641-0909,dmh2698@gmail.com,internal_until_public_use_review,,https://www.facebook.com/humphreyfarms189,,,True,False,False,False,True,False,False,1,msobs_a7b241f0285ea7acfbd2,PickYourOwn — Southeast Mississippi,https://www.pickyourown.org/MSse.htm,E,2026-07-15,,new_state_candidate,research_or_qa_queue,single grade-E discovery listing needs corroboration,Fields selected by evidence grade; every source observation remains separately auditable.
MS-BD0B3841CC,"Mitchell Family Farms, LLC",mitchell family farms,farm,merged_exact_name_reviewed,MS,Covington,Collins,39428,"626 Leaf River Church Road, Collins, MS 39428",public_business_address_reviewed_for_future_reduced_precision,31.64544,-89.55535,"Vegetables, peanuts, agritourism; Green/Dry Peanuts; Pumpkins; Sweet Potatoes; Honey; Jams/Jellies; Kettle Corn; Agritourism and farm activities; see MDAC venue description",Mixed; Genuine MS Grown; Registered agritourism,(601) 606-0762,Info@visitmitchellfarms.com,internal_until_public_use_review,http://www.mitchellfarms-ms.com/,https://www.facebook.com/Mitchell-Farms-324457531849/,http://instagram.com/mitchellfamfun,,True,False,False,False,True,False,False,3,msobs_03638ecd29b19b5a7bcc | msobs_d8340d49da81dd8f2bd3 | msobs_8cf5c1814bd5ab8679bd,FarmFinder current canonical baseline — identity anchor only | Genuine MS — Grown | MDAC registered agritourism venues,https://mitchellfamilyfarms.com | https://genuinems.com/directory/mitchell-family-farms-llc/ | https://agnet.mdac.ms.gov/website/AgTourism/Venues_Single?id=9,B; C,2026-07-15,FF-0099,rediscovered_current_source,promotion_eligible_reviewed,,Fields selected by evidence grade; every source observation remains separately auditable.
MS-1AEAE22333,Mitchell Farms,mitchell farms,farm,unique_source_name_reviewed,MS,Covington,Collins,39428,,public_business_address_reviewed_for_future_reduced_precision,,,U-pick crops; agritourism,U-pick; agritourism,601-765-8609,Info@visitmitchellfarms.com,internal_until_public_use_review,https://visitmitchellfarms.com/,https://www.facebook.com/@mitchellfarmllc/,,,True,False,False,False,True,False,False,1,msobs_8bccd575480bbe4cc1dc,PickYourOwn — Southeast Mississippi,https://www.pickyourown.org/MSse.htm,E,2026-07-15,,new_state_candidate,research_or_qa_queue,single grade-E discovery listing needs corroboration,Fields selected by evidence grade; every source observation remains separately auditable.
MS-74110B6E29,Morning Dew Pastures llc,morning dew pastures,farm,merged_exact_name_reviewed,MS,Covington,Seminary,39479,"43 Peach Tree Lane, Seminary, MS 39479",public_business_address_reviewed_for_future_reduced_precision,,,Pastured Poultry; Beef; Pork; Eggs; beef; chicken; pork; bread; turkey,Genuine MS Raised; LocalHarvest Family Farm,(601) 466-7377,greg@morningdewpastures.com,internal_until_public_use_review,https://www.morningdewpastures.com,https://www.facebook.com/Morningdewpastures/,,,True,False,False,False,False,False,False,2,msobs_3b3352a8a7fb5a6a81a2 | msobs_54166ce6bb7c83c6e5c6,Genuine MS — Raised | LocalHarvest — Mississippi county-seat gap search,https://genuinems.com/directory/morning-dew-pastures-llc/ | https://www.localharvest.org/morning-dew-pastures-M82343,B; D,2026-07-15,,new_state_candidate,promotion_eligible_reviewed,,Fields selected by evidence grade; every source observation remains separately auditable.
MS-E3DB75E495,Seeds of Hope,seeds of hope,farm,unique_source_name_reviewed,MS,Covington,Seminary,39479,,public_business_address_reviewed_for_future_reduced_precision,,,Agritourism and farm activities; see MDAC venue description,Registered agritourism,601-517-8404,info@seedsofhopems.org,internal_until_public_use_review,https://seedsofhopems.org/,https://www.facebook.com/profile.php?id=100091560936094,,,False,False,False,False,False,False,False,1,msobs_ff62716af245ff394743,MDAC registered agritourism venues,https://agnet.mdac.ms.gov/website/AgTourism/Venues_Single?id=202,B,2026-07-15,,new_state_candidate,promotion_eligible_reviewed,,Fields selected by evidence grade; every source observation remains separately auditable.
MS-58289DEBFC,Shareef Family Pastured Poultry,shareef family pastured poultry,farm,merged_exact_name_reviewed,MS,Covington,Sumrall,39482,,public_business_address_reviewed_for_future_reduced_precision,31.41739,-89.54229,"Pastured livestock and/or farm products; see source listing; Pastured poultry, sheep, eggs, ground chicken sausage",Pastured-product farm; direct sales; Mixed,(601) 736-0136,,internal_until_public_use_review,,,,,True,False,False,False,False,False,False,2,msobs_5cd27fef702726b3e5e5 | msobs_4fed19a2cd12653ab536,EatWild Mississippi directory | FarmFinder current canonical baseline — identity anchor only,https://www.eatwild.com/products/mississippi.html | ,D; E,2026-07-15,FF-0264,rediscovered_current_source,promotion_eligible_reviewed,,Fields selected by evidence grade; every source observation remains separately auditable.
MS-B171476589,Aisling Farm,aisling farm,farm,unique_source_name_reviewed,MS,DeSoto,Olive Branch,38654,,public_business_address_reviewed_for_future_reduced_precision,,,Agritourism and farm activities; see MDAC venue description,Registered agritourism,901-490-6651,musicmeadowarts@gmail.com,internal_until_public_use_review,https://musicmeadowarts.com,https://www.facebook.com/musicmeadowarts,,,False,False,False,False,False,False,False,1,msobs_d674cbe9f44335cfed61,MDAC registered agritourism venues,https://agnet.mdac.ms.gov/website/AgTourism/Venues_Single?id=164,B,2026-07-15,,new_state_candidate,promotion_eligible_reviewed,,Fields selected by evidence grade; every source observation remains separately auditable.
MS-6028B0DB01,"Blue Haze Farms, LLC",blue haze farms,farm,unique_source_name_reviewed,MS,DeSoto,Nesbit,38651,,public_business_address_reviewed_for_future_reduced_precision,,,Agritourism and farm activities; see MDAC venue description,Registered agritourism,901-326-4742,cheryl@livesafenow.com,internal_until_public_use_review,https://bluehazefarms.com/,https://www.facebook.com/profile.php?id=100086458272367,,,False,False,False,False,False,False,False,1,msobs_442166e802c542731a8f,MDAC registered agritourism venues,https://agnet.mdac.ms.gov/website/AgTourism/Venues_Single?id=160,B,2026-07-15,,new_state_candidate,promotion_eligible_reviewed,,Fields selected by evidence grade; every source observation remains separately auditable.
MS-ECB74CB328,Bolin Grove Farms,bolin grove farms,farm,unique_source_name_reviewed,MS,DeSoto,Hernando,38632,,public_business_address_reviewed_for_future_reduced_precision,,,Agritourism and farm activities; see MDAC venue description,Registered agritourism,901-831-6074,info@bolinplantation.com,internal_until_public_use_review,http://bolingrovefarms.com/,,,,False,False,False,False,False,False,False,1,msobs_5540be56442aff68620e,MDAC registered agritourism venues,https://agnet.mdac.ms.gov/website/AgTourism/Venues_Single?id=152,B,2026-07-15,,new_state_candidate,promotion_eligible_reviewed,,Fields selected by evidence grade; every source observation remains separately auditable.
MS-4F0F645DFB,Cedar Hill Farm & Cedar Hill’s Haunted Farm,cedar hill farm and cedar hills haunted farm,farm,merged_exact_name_reviewed,MS,DeSoto,Hernando,38632,"008 Love Rd, Hernando, MS 38632",public_business_address_reviewed_for_future_reduced_precision,,,Blueberries; Blackberries; Peaches; Plums; Honey; Eggs; Christmas Trees,Genuine MS Grown; Genuine MS Raised,(662) 429-2540,cedarhfarm@yahoo.com,internal_until_public_use_review,https://gocedarhillfarm.com/,https://www.facebook.com/gocedarhillfarm,http://instagram.com/gocedarhillfarm,,False,False,False,False,False,False,False,2,msobs_d06048a8cccf04871907 | msobs_c66f4199158e3a01c6d4,Genuine MS — Grown | Genuine MS — Raised,https://genuinems.com/directory/cedar-hill-farm-cedar-hills-haunted-farm/,B,2026-07-15,,new_state_candidate,promotion_eligible_reviewed,,Fields selected by evidence grade; every source observation remains separately auditable.
MS-77742D857F,"Cedar Hill Farm, Inc.",cedar hill farm,farm,merged_exact_name_reviewed,MS,DeSoto,Hernando,38632,,public_business_address_reviewed_for_future_reduced_precision,,,Agritourism and farm activities; see MDAC venue description; U-pick crops; agritourism,Registered agritourism; U-pick; agritourism,(662) 429-2540,cedarhfarm@yahoo.com,internal_until_public_use_review,http://www.gocedarhillfarm.com/,https://www.facebook.com/gocedarhillfarm,,,True,False,False,False,True,False,False,2,msobs_9c3b19cde25145863f46 | msobs_2d7cd0dde90a60c8fca7,MDAC registered agritourism venues | PickYourOwn — North Mississippi,https://agnet.mdac.ms.gov/website/AgTourism/Venues_Single?id=46 | https://www.pickyourown.org/MSnorth.htm,B; E,2026-07-15,,new_state_candidate,promotion_eligible_reviewed,,Fields selected by evidence grade; every source observation remains separately auditable.
MS-2A052B7ECE,Circle T Farms,circle t farms,farm,unique_source_name_reviewed,MS,DeSoto,Coldwater,38618,,public_business_address_reviewed_for_future_reduced_precision,,,Agritourism and farm activities; see MDAC venue description,Registered agritourism,901-834-4259,chasetodd2015@gmail.com,internal_until_public_use_review,,https://www.facebook.com/profile.php?id=100092539931518,,,True,False,False,False,True,False,False,1,msobs_427fa5a0f3e4f2a2e0da,MDAC registered agritourism venues,https://agnet.mdac.ms.gov/website/AgTourism/Venues_Single?id=199,B,2026-07-15,,new_state_candidate,promotion_eligible_reviewed,,Fields selected by evidence grade; every source observation remains separately auditable.
MS-7104FB1B8B,Dixon Acres,dixon acres,farm,unique_source_name_reviewed,MS,DeSoto,Lake Cormorant,38641,,public_business_address_reviewed_for_future_reduced_precision,,,Agritourism and farm activities; see MDAC venue description,Registered agritourism,901-217-0394,dusty@dixonacres.com,internal_until_public_use_review,https://www.dixonacres.com,https://www.facebook.com/thedixonacres,,,False,False,False,False,True,False,False,1,msobs_dd374a6833ee1d132238,MDAC registered agritourism venues,https://agnet.mdac.ms.gov/website/AgTourism/Venues_Single?id=183,B,2026-07-15,,new_state_candidate,promotion_eligible_reviewed,,Fields selected by evidence grade; every source observation remains separately auditable.
MS-3AD79048ED,Gnarled Oak Farm,gnarled oak farm,farm,merged_exact_name_reviewed,MS,DeSoto,Hernando,38632,,public_business_address_reviewed_for_future_reduced_precision,,,beef; chicken; lamb; pork; Agritourism and farm activities; see MDAC venue description,LocalHarvest Family Farm; Registered agritourism,541-556-6330,gnarledoakfarm@gmail.com,internal_until_public_use_review,https://www.gnarledoakfarm.com/,http://www.facebook.com/gnarledoakfarm,https://instagram.com/Gnarledoakfarm,,True,False,False,False,False,False,False,2,msobs_8e14d9b1af311d7ac06b | msobs_029fd92bc76bc3a16e08,LocalHarvest — Mississippi county-seat gap search | MDAC registered agritourism venues,https://www.localharvest.org/gnarled-oak-farm-M72985 | https://agnet.mdac.ms.gov/website/AgTourism/Venues_Single?id=131,B; D,2026-07-15,,new_state_candidate,promotion_eligible_reviewed,,Fields selected by evidence grade; every source observation remains separately auditable.
MS-37550BD1FF,Merry Christmas Tree Farm,merry christmas tree farm,farm,unique_source_name_reviewed,MS,DeSoto,Nesbit,38651,,public_business_address_reviewed_for_future_reduced_precision,,,Agritourism and farm activities; see MDAC venue description,Registered agritourism,(662) 429-9462,naomitrees@aol.com,internal_until_public_use_review,https://www.merrychristmastreefarm.com,https://www.facebook.com/merrychristmastreefarm,,,False,False,False,False,True,False,False,1,msobs_a045cdb22fc217e20cce,MDAC registered agritourism venues,https://agnet.mdac.ms.gov/website/AgTourism/Venues_Single?id=8,B,2026-07-15,,new_state_candidate,promotion_eligible_reviewed,,Fields selected by evidence grade; every source observation remains separately auditable.
MS-701BBCDFF8,Nesbit Blueberry Plantation,nesbit blueberry plantation,farm,unique_source_name_reviewed,MS,DeSoto,Hernando,38632,,public_business_address_reviewed_for_future_reduced_precision,,,U-pick crops; agritourism,U-pick; agritourism,662-429-3778,traicoff5489@aol.com,internal_until_public_use_review,https://www.nesbitblueberry.com/,https://www.facebook.com/nesbitblueberry/,,,True,False,False,False,True,False,False,1,msobs_8554db2ce4d676741059,PickYourOwn — North Mississippi,https://www.pickyourown.org/MSnorth.htm,E,2026-07-15,,new_state_candidate,research_or_qa_queue,single grade-E discovery listing needs corroboration,Fields selected by evidence grade; every source observation remains separately auditable.
MS-D00C5BE70C,Ol’ Cappy’s Bee Products,ol cappys bee products,farm,unique_source_name_reviewed,MS,DeSoto,Hernando,38632,"1786 Cotton Drive , Hernando, MS 38632",public_business_address_reviewed_for_future_reduced_precision,,,"Pure, Raw Honey; Creamed Honey; Lip balm; Salve/Moisturizer; Bee Pollen; Bee Wax",Genuine MS Raised,(901) 219-9944,patrick@olcappy.com,internal_until_public_use_review,https://www.olcappy.com,HTTPS://www.facebook.com/olcappysbeeproducts,http://instagram.com/https://www.instagram.com/olcappy/,,False,False,False,False,False,False,False,1,msobs_c9b89c5857a7108487dd,Genuine MS — Raised,https://genuinems.com/directory/ol-cappys-bee-products/,B,2026-07-15,,new_state_candidate,promotion_eligible_reviewed,,Fields selected by evidence grade; every source observation remains separately auditable.
MS-C60BFE4336,"Wildflower Honey Bee Company, LLC",wildflower honey bee,farm,unique_source_name_reviewed,MS,DeSoto,Hernando,38632,"1914 Cotton Drive, Hernando, MS 38632",public_business_address_reviewed_for_future_reduced_precision,,,Honey,Genuine MS Raised,(662) 812-1840,joel@wildflowerhoneybee.com,internal_until_public_use_review,https://wildflowerhoneybee.com,https://www.facebook.com/wildflowerhoneybeeco,,,False,False,False,False,False,False,False,1,msobs_56c958094a1cb130f465,Genuine MS — Raised,https://genuinems.com/directory/wildflower-honey-bee-company-llc/,B,2026-07-15,,new_state_candidate,promotion_eligible_reviewed,,Fields selected by evidence grade; every source observation remains separately auditable.
MS-AA45964058,Arden Farms,arden farms,farm,unique_source_name_reviewed,MS,Forrest,Hattiesburg,39401,270 MONROE RD,public_business_address_reviewed_for_future_reduced_precision,,,lamb; honey,LocalHarvest Family Farm,(601) 582-7028,,internal_until_public_use_review,,http://www.facebook.com/LEAFRIVERHONEY,,,True,False,False,False,False,False,False,1,msobs_06797d1bda24cda2913a,LocalHarvest — Mississippi county-seat gap search,https://www.localharvest.org/arden-farms-M62691,D,2026-07-15,,new_state_candidate,promotion_eligible_reviewed,,Fields selected by evidence grade; every source observation remains separately auditable.
MS-960B5383F0,Creekland Farms,creekland farms,farm,unique_source_name_reviewed,MS,Forrest,Hattisburg,39401,,public_business_address_reviewed_for_future_reduced_precision,,,Agritourism and farm activities; see MDAC venue description,Registered agritourism,662-934-2957,creekland05@gmail.com,internal_until_public_use_review,https://airbnb.com/h/creeklandfarms-hattiesburg-area-count,,,,False,False,False,False,False,False,False,1,msobs_87a234ec897c0f1aca43,MDAC registered agritourism venues,https://agnet.mdac.ms.gov/website/AgTourism/Venues_Single?id=148,B,2026-07-15,,new_state_candidate,promotion_eligible_reviewed,,Fields selected by evidence grade; every source observation remains separately auditable.
MS-44554261EE,Indian Springs Farmers Assoc.,indian springs farmers assoc,farm,unique_source_name_reviewed,MS,Forrest,Petal,,,public_business_address_reviewed_for_future_reduced_precision,31.34656,-89.26006,Cooperative produce (45 farmers),Produce,,,internal_until_public_use_review,,,,,True,True,False,True,False,False,False,1,msobs_71bbae02da460c9a678c,FarmFinder current canonical baseline — identity anchor only,,E,2026-07-15,FF-0045,canonical_baseline_only,research_or_qa_queue,single grade-E discovery listing needs corroboration; canonical baseline farm not rediscovered in current three-pass sources,Fields selected by evidence grade; every source observation remains separately auditable.
MS-BDE45AA789,Indian Springs Farmers Association,indian springs farmers association,producer_requires_type_review,unique_source_name_reviewed,MS,Forrest,Petal,39465,"131 Sheeplo Loop , Petal, Mississippi 39465",public_business_address_reviewed_for_future_reduced_precision,,,Collards; Mustards; Kale; Turnips; Watermelon; Sweet Potatoes; Okra; Eggplants; Sweet Corn; Butter beans; Pink Eyed purple hull peas; Jalapeños; Red Beans; Black Beans; Green Onions; Tomatoes,Genuine MS Grown,(601) 543-0900,isfa39465@gmail.com,internal_until_public_use_review,,,,,False,False,False,False,False,False,False,1,msobs_a956b46faa59d790263f,Genuine MS — Grown,https://genuinems.com/directory/indian-springs-farmers-association/,B,2026-07-15,,new_state_candidate,research_or_qa_queue,directory candidate needs independent farm-operation evidence,Fields selected by evidence grade; every source observation remains separately auditable.
MS-0DB4A868E0,Nature’s Gourmet Farm,natures gourmet,farm,merged_cross_county_identity_reviewed,MS,Forrest,Petal,39465,"367 McKenzie Rd, Petal, Mississippi 39465-5724",public_business_address_reviewed_for_future_reduced_precision,31.32712,-89.29034,"Pastured livestock and/or farm products; see source listing; Beef, pork, chicken, eggs; Grass Fed to Finish Beef (no grains); Pastured Pork (GMO Free); Pastured Chicken (GMO Free); Pastured Eggs (GMO Free)",Pastured-product farm; direct sales; Mixed; Genuine MS Raised,(601) 434-9081,bensimmons@ftcweb.net,internal_until_public_use_review,https://naturesgourmetfarm.com/,https://www.facebook.com/naturesgourmetfarm/,,,True,False,True,False,False,False,False,3,msobs_234395766f77cae65208 | msobs_e285c81e27688a12d52a | msobs_01605daafa6e1499905c,EatWild Mississippi directory | FarmFinder current canonical baseline — identity anchor only | Genuine MS — Raised,https://www.eatwild.com/products/mississippi.html | https://naturesgourmetfarm.com/ | https://genuinems.com/directory/natures-gourmet-farm/,B; C; D,2026-07-15,FF-0090,rediscovered_current_source,promotion_eligible_reviewed,,Fields selected by evidence grade; every source observation remains separately auditable.
MS-91BE70747F,Sims Farms LLC,sims farms,farm,merged_exact_name_reviewed,MS,Forrest,Hattiesburg,39401,"908 Broadway Drive, Hattiesburg, MS 39401",public_business_address_reviewed_for_future_reduced_precision,,,cattle; vegetables,Genuine MS Grown; Genuine MS Raised,(601) 310-2259,willie@williesimscpa.com,internal_until_public_use_review,,,,,False,False,False,False,False,False,False,2,msobs_654af9da7160a1f78a44 | msobs_84905fa60768006e416d,Genuine MS — Grown | Genuine MS — Raised,https://genuinems.com/directory/sims-farms-llc/,B,2026-07-15,,new_state_candidate,promotion_eligible_reviewed,,Fields selected by evidence grade; every source observation remains separately auditable.
MS-FE8838D353,Smith’s Honey Farm LLC,smiths honey farm,farm,unique_source_name_reviewed,MS,Forrest,Petal,39465,"18 Honey Farm Lane, Petal, MS 39465",public_business_address_reviewed_for_future_reduced_precision,,,Honey; Russian Queens; Russian 5-frame Nucs; Beeswax; Candles; Russian Queen Cells,Genuine MS Raised,(601) 583-3521,smithhoneyfarm@gmail.com,internal_until_public_use_review,https://www.smithhoneyfarm.com/,https://www.facebook.com/smithhoneyfarm/,,,False,False,False,False,False,False,False,1,msobs_6f47b656578edfe071eb,Genuine MS — Raised,https://genuinems.com/directory/smiths-honey-farm-llc/,B,2026-07-15,,new_state_candidate,promotion_eligible_reviewed,,Fields selected by evidence grade; every source observation remains separately auditable.
MS-7E44759C17,Sunrise Honey,sunrise honey,farm,unique_source_name_reviewed,MS,Forrest,Petal,39465,"P O Box 1004, Petal , MS 39465",public_business_address_reviewed_for_future_reduced_precision,,,Honey; Nucs; Pollenation; Wax; Christmas Tree Ornament (Angels),Genuine MS Raised,(601) 307-7188,sunrisehoney1@yahoo.com,internal_until_public_use_review,https://sunrisebeeandhoney.com/,https://www.facebook.com/profile.php?id=100080936801819,,,False,False,False,False,False,False,False,1,msobs_751d5b84d98694215a79,Genuine MS — Raised,https://genuinems.com/directory/sunrise-honey/,B,2026-07-15,,new_state_candidate,promotion_eligible_reviewed,,Fields selected by evidence grade; every source observation remains separately auditable.
MS-010A89A950,Tallahala Creek Farms,tallahala creek farms,farm,unique_source_name_reviewed,MS,Forrest,Petal,39465,,public_business_address_reviewed_for_future_reduced_precision,,,U-pick crops; agritourism,U-pick; agritourism,601-325-8170,tallahalacreek@yahoo.com,internal_until_public_use_review,,https://www.facebook.com/TallahalaCreekFarm,,,True,False,False,False,True,False,False,1,msobs_e13363dac7aa5cd7ea6e,PickYourOwn — Southeast Mississippi,https://www.pickyourown.org/MSse.htm,E,2026-07-15,,new_state_candidate,research_or_qa_queue,single grade-E discovery listing needs corroboration; source reports closure and requires affirmative curator decision,Fields selected by evidence grade; every source observation remains separately auditable.
MS-21C11EF973,"Three Sisters Farm, LLC",three sisters farm,farm,unique_source_name_reviewed,MS,Forrest,Petal,39465,,public_business_address_reviewed_for_future_reduced_precision,,,Agritourism and farm activities; see MDAC venue description,Registered agritourism,601-408-8434,sistersfarm3@gmail.com,internal_until_public_use_review,https://www.threesisfarm.com,https://www.facebook.com/profile.php?id=61550623104449,,,False,False,False,False,True,False,False,1,msobs_4419716ede8a7803ce6a,MDAC registered agritourism venues,https://agnet.mdac.ms.gov/website/AgTourism/Venues_Single?id=190,B,2026-07-15,,new_state_candidate,promotion_eligible_reviewed,,Fields selected by evidence grade; every source observation remains separately auditable.
MS-B0C662C635,Blossom and Bur Chestnut Farm,blossom and bur chestnut farm,farm,unique_source_name_reviewed,MS,Franklin,Smithdale,39664,,public_business_address_reviewed_for_future_reduced_precision,,,Agritourism and farm activities; see MDAC venue description,Registered agritourism,225-939-5751,jacmurnane@gmail.com,internal_until_public_use_review,,,,,True,False,False,False,True,False,False,1,msobs_e076cd35fb481188a00f,MDAC registered agritourism venues,https://agnet.mdac.ms.gov/website/AgTourism/Venues_Single?id=204,B,2026-07-15,,new_state_candidate,promotion_eligible_reviewed,,Fields selected by evidence grade; every source observation remains separately auditable.
MS-352159D11C,Homochitto River Park Inc.,homochitto river park,farm,unique_source_name_reviewed,MS,Franklin,Meadville,39653,,public_business_address_reviewed_for_future_reduced_precision,,,Agritourism and farm activities; see MDAC venue description,Registered agritourism,(601) 532-7159,howard@ridge-point.com,internal_until_public_use_review,http://www.campridgepoint.com/home.html,https://www.facebook.com/Camp-Ridge-Point-103475526401312/,,,False,False,False,False,False,False,False,1,msobs_30a204d571056f8d6257,MDAC registered agritourism venues,https://agnet.mdac.ms.gov/website/AgTourism/Venues_Single?id=22,B,2026-07-15,,new_state_candidate,promotion_eligible_reviewed,,Fields selected by evidence grade; every source observation remains separately auditable.
MS-12D98DB731,Stubborn Heifer Cattle Co.,stubborn heifer cattle,farm,unique_source_name_reviewed,MS,Franklin,Smithdale,39664,,public_business_address_reviewed_for_future_reduced_precision,,,Agritourism and farm activities; see MDAC venue description,Registered agritourism,601-684-8686,cindi@gatorsigncompany.com,internal_until_public_use_review,https://www.stubbornheifercattleco.com/,,,,False,False,False,False,False,False,False,1,msobs_199a83e867f370a98394,MDAC registered agritourism venues,https://agnet.mdac.ms.gov/website/AgTourism/Venues_Single?id=142,B,2026-07-15,,new_state_candidate,promotion_eligible_reviewed,,Fields selected by evidence grade; every source observation remains separately auditable.
MS-601FD9FD21,Wright's Campground,wrights campground,farm,unique_source_name_reviewed,MS,Franklin,Mccall Creek,39647,,public_business_address_reviewed_for_future_reduced_precision,,,Agritourism and farm activities; see MDAC venue description,Registered agritourism,601-384-7600,wimpyw@hotmail.com,internal_until_public_use_review,,,,,False,False,False,False,False,False,False,1,msobs_791dca6e390435c6dc0e,MDAC registered agritourism venues,https://agnet.mdac.ms.gov/website/AgTourism/Venues_Single?id=175,B,2026-07-15,,new_state_candidate,promotion_eligible_reviewed,,Fields selected by evidence grade; every source observation remains separately auditable.
MS-C990F59FCE,Arrowhead Hill Farm,arrowhead hill farm,farm,unique_source_name_reviewed,MS,George,Lucedale,39452,"211 Mary Cochran Rd., Lucedale , Mississippi 39452",public_business_address_reviewed_for_future_reduced_precision,,,Boer goats,Genuine MS Raised,(228) 990-5090,lindakowen@yahoo.com,internal_until_public_use_review,,https://www.facebook.com/ArrowheadHillFarmBoerGoats,,,False,False,False,False,False,False,False,1,msobs_dc444b6c1c5ec2b82932,Genuine MS — Raised,https://genuinems.com/directory/arrowhead-hill-farm/,B,2026-07-15,,new_state_candidate,promotion_eligible_reviewed,,Fields selected by evidence grade; every source observation remains separately auditable.
MS-A0F1BB133B,Blue Barn Farms,blue barn farms,farm,unique_source_name_reviewed,MS,George,Lucedale,39452,,public_business_address_reviewed_for_future_reduced_precision,,,U-pick crops; agritourism,U-pick; agritourism,601-508-6825,kmlgrl06@gmail.com,internal_until_public_use_review,,https://www.facebook.com/BlueBarnFarms,,,True,False,False,False,True,False,False,1,msobs_fc61394136ad59eb134d,PickYourOwn — Southeast Mississippi,https://www.pickyourown.org/MSse.htm,E,2026-07-15,,new_state_candidate,research_or_qa_queue,single grade-E discovery listing needs corroboration,Fields selected by evidence grade; every source observation remains separately auditable.
MS-343B0FA7F1,Boots to Roots Farm,boots to roots farm,farm,unique_source_name_reviewed,MS,George,Lucedale,39452,"2129 Crenshaw rd, Lucedale, MS 39452",public_business_address_reviewed_for_future_reduced_precision,,,"Pork cuts; Whole roaster pigs; Whole and half, slaughtered; Smoked products; Guanciale",Genuine MS Raised,(907) 942-7593,duskindeichl@gmail.com,internal_until_public_use_review,https://www.bootstorootsfarm.com,https://www.facebook.com/profile.php?id=100063574863021,http://instagram.com/https://www.instagram.com/boots_to_roots_farm?utm_source=ig_web_button_share_sheet&igsh=ZDNlZDc0MzIxNw==,,False,False,False,False,False,False,False,1,msobs_f224efd32cdee2c2dc7a,Genuine MS — Raised,https://genuinems.com/directory/boots-to-roots-farm/,B,2026-07-15,,new_state_candidate,promotion_eligible_reviewed,,Fields selected by evidence grade; every source observation remains separately auditable.
MS-737913C2CD,Brown Hill Farm,brown hill farm,farm,unique_source_name_reviewed,MS,George,Lucedale,39452,,public_business_address_reviewed_for_future_reduced_precision,,,Agritourism and farm activities; see MDAC venue description,Registered agritourism,(601) 770-0239,rbrown1956@gmail.com,internal_until_public_use_review,http://www.brownhillfarm.net/,https://www.facebook.com/Brown-Hill-Farm-546216555485150/?ref=page_internal,,,False,False,False,False,True,False,False,1,msobs_ef8cf306e669d174ca0e,MDAC registered agritourism venues,https://agnet.mdac.ms.gov/website/AgTourism/Venues_Single?id=75,B,2026-07-15,,new_state_candidate,promotion_eligible_reviewed,,Fields selected by evidence grade; every source observation remains separately auditable.
MS-CBD9B67047,Charlie’s U-Pik,charlies u pik,farm,merged_exact_name_reviewed,MS,George,Lucedale,39452,"257 Charlie's Lane, Lucedale 39452 OR 3787 MS-26, Wiggins 39577, Lucedale, MS 39452",public_business_address_reviewed_for_future_reduced_precision,,,Tomatoes; Peas & Butter Beans; Cucumbers; Bell & Hot Peppers; Squash/Zucchini; Sweet Corn; Watermelon; Okra; Eggplant; Cantaloupe; U-pick crops; agritourism,Genuine MS Grown; U-pick; agritourism,(601) 530-0548,info@charliesupik.com,internal_until_public_use_review,http://charliesupik.com/,https://www.facebook.com/charliesupiklucedale,,,True,False,False,False,True,False,False,2,msobs_e20b8b93c5fcbe096827 | msobs_ff52ae8e525c1c069f71,Genuine MS — Grown | PickYourOwn — Southeast Mississippi,https://genuinems.com/directory/charlies-u-pik/ | https://www.pickyourown.org/MSse.htm,B; E,2026-07-15,,new_state_candidate,promotion_eligible_reviewed,,Fields selected by evidence grade; every source observation remains separately auditable.
MS-97775E014D,"Coach's Cedar Creek Farm, Inc.",coachs cedar creek farm,farm,unique_source_name_reviewed,MS,George,Lucedale,39452,,public_business_address_reviewed_for_future_reduced_precision,,,Agritourism and farm activities; see MDAC venue description,Registered agritourism,(601) 947-7235,C3farm@yahoo.com,internal_until_public_use_review,http://www.coachsnursery.com/contact.html,https://www.facebook.com/profile.php?id=100054242631369,,,False,False,False,False,False,False,False,1,msobs_fad12f3093004eff444c,MDAC registered agritourism venues,https://agnet.mdac.ms.gov/website/AgTourism/Venues_Single?id=45,B,2026-07-15,,new_state_candidate,promotion_eligible_reviewed,,Fields selected by evidence grade; every source observation remains separately auditable.
MS-B178A5CD7B,Courtney Farms,courtney farms,farm,unique_source_name_reviewed,MS,George,Lucedale,39452,,public_business_address_reviewed_for_future_reduced_precision,,,Agritourism and farm activities; see MDAC venue description,Registered agritourism,601-947-4208,office@courtneyfamilyfarms.com,internal_until_public_use_review,,https://www.facebook.com/profile.php?id=100063558761366,,,False,False,False,False,False,False,False,1,msobs_1ac97e0f0e7f76b3cb16,MDAC registered agritourism venues,https://agnet.mdac.ms.gov/website/AgTourism/Venues_Single?id=200,B,2026-07-15,,new_state_candidate,promotion_eligible_reviewed,,Fields selected by evidence grade; every source observation remains separately auditable.
MS-08CB02A1E7,Croom Farms,croom farms,farm,merged_exact_name_reviewed,MS,George,Lucedale,39452,"4146 Old Hwy 63N, Lucedale, MS 39452",public_business_address_reviewed_for_future_reduced_precision,,,Winter Squash; Summer Squash; Cabbage; Broccoli; Okra; Sweet Corn; Peas; Snap Beans; Cantaloupe; Watermelons; Banana Peppers; Jalapeños; Bell Peppers; Tomatoes; Sweet Potatoes; Potatoes; Cucumbers; Agritourism and farm activities; see MDAC venue description,Genuine MS Grown; Registered agritourism,(601) 508-8730,croomfarms@gmail.com,internal_until_public_use_review,https://www.croomfarms.com/,https://www.facebook.com/croomfarms/,http://instagram.com/croomfarms,,False,False,False,False,True,False,False,2,msobs_0d8e3b5752600ece9d64 | msobs_c171d528b9b2b6afebeb,Genuine MS — Grown | MDAC registered agritourism venues,https://genuinems.com/directory/croom-farms/ | https://agnet.mdac.ms.gov/website/AgTourism/Venues_Single?id=170,B,2026-07-15,,new_state_candidate,promotion_eligible_reviewed,,Fields selected by evidence grade; every source observation remains separately auditable.
MS-B52C967EC6,Eubanks Produce,eubanks produce,farm,merged_exact_name_reviewed,MS,George,Lucedale,39452,"331 Produce Road, Lucedale, MS 39452",public_business_address_reviewed_for_future_reduced_precision,30.92519,-88.59002,Fresh fruits and vegetables; Watermelon; Cantaloupe; Squash; Bell Pepper; Cucumbers; Eggplant; Tomatoes; Zucchini,Produce; Genuine MS Grown,(601) 947-9661,info@eubanksproduce.com,internal_until_public_use_review,http://www.eubanksproduce.com/,https://www.facebook.com/EubanksProduce/,,,True,False,False,False,False,False,False,2,msobs_71f701d7255fb8630339 | msobs_26770f912f478b630d28,FarmFinder current canonical baseline — identity anchor only | Genuine MS — Grown,https://genuinems.com/directory/eubanks-produce/,B; C,2026-07-15,FF-0100,rediscovered_current_source,promotion_eligible_reviewed,,Fields selected by evidence grade; every source observation remains separately auditable.
MS-4800DE7CF9,Seward Farms Maze,seward farms maze,farm,unique_source_name_reviewed,MS,George,Lucedale,39452,,public_business_address_reviewed_for_future_reduced_precision,,,Agritourism and farm activities; see MDAC venue description,Registered agritourism,(228) 641-3933,office@sewardfarms.com,internal_until_public_use_review,http://www.sewardfarms.com/,https://www.facebook.com/profile.php?id=100064282555598,,,False,False,False,False,False,False,False,1,msobs_2ca5c92bc14e155d932d,MDAC registered agritourism venues,https://agnet.mdac.ms.gov/website/AgTourism/Venues_Single?id=16,B,2026-07-15,,new_state_candidate,promotion_eligible_reviewed,,Fields selected by evidence grade; every source observation remains separately auditable.
MS-5ED07CC978,The Five Cent™,the five cent,farm,merged_exact_name_reviewed,MS,George,Lucedale,39452,"167 Stellas Dr, Lucedale, MS 39452",public_business_address_reviewed_for_future_reduced_precision,,,Farm Raised Beef; Farm Raised Pork; Farm Fresh Eggs; Seasonal Produce; Culinary Herbs,Genuine MS Grown; Genuine MS Raised,(601) 213-9359,info@thefivecent.com,internal_until_public_use_review,https://www.thefivecent.com,https://www.facebook.com/thefivecentranch,http://instagram.com/thefivecentranch,,False,False,False,False,False,False,False,2,msobs_293e3567839eae54aae8 | msobs_f34e619afbdad1ce38c0,Genuine MS — Grown | Genuine MS — Raised,https://genuinems.com/directory/the-five-cent/,B,2026-07-15,,new_state_candidate,promotion_eligible_reviewed,,Fields selected by evidence grade; every source observation remains separately auditable.
MS-51CDFDBC20,Blueberry Pines Farm,blueberry pines farm,farm,merged_exact_name_reviewed,MS,Greene,Mclain,39456,"12101 Highway 57, McLain, MS 39456",public_business_address_reviewed_for_future_reduced_precision,,,Eggs; Bread; Seasonal Vegetables; Honey,Genuine MS Grown; Genuine MS Raised,(601) 394-7368,blueberrypinesfarm@gmail.com,internal_until_public_use_review,https://www.blueberrypinesfarm.com/,https://www.facebook.com/blueberrypinesfarm/,,,False,False,False,False,False,False,False,2,msobs_cfcadb6a430637974d5f | msobs_ba4c7e4538900c2bd790,Genuine MS — Grown | Genuine MS — Raised,https://genuinems.com/directory/blueberry-pines-farm/,B,2026-07-15,,new_state_candidate,promotion_eligible_reviewed,,Fields selected by evidence grade; every source observation remains separately auditable.
MS-BE8BCB2B23,Charlie's Upik,charlies upik,farm,unique_source_name_reviewed,MS,Greene,Lucedale,39452,,public_business_address_reviewed_for_future_reduced_precision,,,Agritourism and farm activities; see MDAC venue description,Registered agritourism,(601) 530-0548,info@charliesupik.com,internal_until_public_use_review,https://charliesupik.com/,https://www.instagram.com/charliesupik/?hl=en,,,False,False,False,False,True,False,False,1,msobs_ccb9a3522ff3dc27483c,MDAC registered agritourism venues,https://agnet.mdac.ms.gov/website/AgTourism/Venues_Single?id=39,B,2026-07-15,,new_state_candidate,promotion_eligible_reviewed,,Fields selected by evidence grade; every source observation remains separately auditable.
MS-48A755D354,Dixie Hill Farms,dixie hill farms,farm,unique_source_name_reviewed,MS,Greene,Leakesville,39451,,public_business_address_reviewed_for_future_reduced_precision,,,U-pick crops; agritourism,U-pick; agritourism,601-525-3820,dixiehillfarms@yahoo.com,internal_until_public_use_review,,https://www.facebook.com/profile.php?id=100002216762484,,,True,False,False,False,True,False,False,1,msobs_e594a1cff67c8c0916e2,PickYourOwn — Southeast Mississippi,https://www.pickyourown.org/MSse.htm,E,2026-07-15,,new_state_candidate,research_or_qa_queue,single grade-E discovery listing needs corroboration; source reports closure and requires affirmative curator decision,Fields selected by evidence grade; every source observation remains separately auditable.
MS-280EF7CF80,Down Home Milling Co.,down home milling,producer_requires_type_review,merged_exact_name_reviewed,MS,Grenada,Holcomb,38940,"10560 highway 8 West, Holcomb, MS 38940",public_business_address_reviewed_for_future_reduced_precision,32.29876,-90.18481,Milled grain products; Grits; Cornmeal,Value-Added; Genuine MS Grown,(662) 299-8238,downhomemillingco@yahoo.com,internal_until_public_use_review,,https://www.facebook.com/profile.php?id=100087297144442,http://instagram.com/downhomemillingco,,True,False,False,False,False,False,False,2,msobs_2efbb4a1fa2deaaa6a41 | msobs_261796514b3b0cb571c4,FarmFinder current canonical baseline — identity anchor only | Genuine MS — Grown,https://genuinems.com/directory/down-home-milling-co/,B; C,2026-07-15,FF-0301,rediscovered_current_source,research_or_qa_queue,directory candidate needs independent farm-operation evidence,Fields selected by evidence grade; every source observation remains separately auditable.
MS-2B4F8CFB82,James Farm,james farm,farm,merged_exact_name_reviewed,MS,Grenada,Gore Springs,38929,"860 James Rd 855 James Rd, Gore Springs, Mississippi 38929",public_business_address_reviewed_for_future_reduced_precision,,,Pink-Eye Purple Hull Peas; Speckled Purple Hull Pea; Sweet Corn; Field Corn; Squash; Seasonal Veggies,Genuine MS Grown; Genuine MS Raised,662-229-5985,tangejames@yahoo.com,internal_until_public_use_review,,,,,False,False,False,False,False,False,False,2,msobs_e1d94158ec7451748aa1 | msobs_f95160ae0d4b36e345be,Genuine MS — Grown | Genuine MS — Raised,https://genuinems.com/directory/james-farm/,B,2026-07-15,,new_state_candidate,promotion_eligible_reviewed,,Fields selected by evidence grade; every source observation remains separately auditable.
MS-E218488489,Nobile Family Farms,nobile family farms,farm,merged_exact_name_reviewed,MS,Grenada,Holcomb,38940,"10560 Hwy 8 west, Holcomb, Mississippi 38940",public_business_address_reviewed_for_future_reduced_precision,31.32712,-89.29034,Produce; Pork; Beef; Lamb; Vegetables,Produce; Genuine MS Grown; Genuine MS Raised,(662) 809-9805,nobilefamilyfarms@yahoo.com,internal_until_public_use_review,,https://www.facebook.com/nobilefamilyfarms,http://instagram.com/nobilefamilyfarms,,True,False,False,False,False,False,False,3,msobs_194e6cf06ec7f335c3e2 | msobs_85d2a6e1122de549e181 | msobs_d725b872389266d6944d,FarmFinder current canonical baseline — identity anchor only | Genuine MS — Grown | Genuine MS — Raised,https://genuinems.com/directory/nobile-family-farms/,B; C,2026-07-15,FF-0293,rediscovered_current_source,promotion_eligible_reviewed,,Fields selected by evidence grade; every source observation remains separately auditable.
MS-246E4F9E93,White Farms Pure Honey,white farms pure honey,farm,unique_source_name_reviewed,MS,Grenada,Holcomb,38940,"3694 Sparta Rd 3694 Sparta Road, Holcomb, MS 38940",public_business_address_reviewed_for_future_reduced_precision,,,Nucs; Bulk Honey; Beeswax; Comb Honey; Beekeeping Classes,Genuine MS Raised,662-417-5081,kmckay12@gmail.com,internal_until_public_use_review,,https://www.facebook.com/whitefarmshoney,,,False,False,False,False,False,False,False,1,msobs_9c22458f82d10456489b,Genuine MS — Raised,https://genuinems.com/directory/white-farms-pure-honey/,B,2026-07-15,,new_state_candidate,promotion_eligible_reviewed,,Fields selected by evidence grade; every source observation remains separately auditable.
MS-BCB5C53A86,"A Cut Above Processing and Meat Market, LLC",a cut above processing,producer_requires_type_review,merged_exact_name_reviewed,MS,Hancock,Perkinston,39573,"6295 Caesar Necaise Rd. 6295 Caesar Necaise Rd, Perkinston, MS 39573",public_business_address_reviewed_for_future_reduced_precision,30.36742,-89.09282,USDA slaughter + processing; Beef; Pork; Providing Beef; Lamb; Goat,Meat; Genuine MS Raised; Farm Marketplace; direct-to-consumer,(228) 365-9291,cutaboveprocessing@gmail.com,internal_until_public_use_review,https://www.cutaboveprocessing.com,https://www.facebook.com/cutaboveprocessing,,,True,False,False,False,False,False,False,3,msobs_2b361304b3b1758249fa | msobs_072a3efe10f270a48964 | msobs_79a0f7959695adefaf3a,FarmFinder current canonical baseline — identity anchor only | Genuine MS — Raised | MDAC Mississippi Farm Marketplace,https://www.cutaboveprocessing.com/about-us | https://genuinems.com/directory/a-cut-above-processing-meat-market-llc/ | https://agnet.mdac.ms.gov/MarketPortal/MarketPortal?farm=A+Cut+Above+Processing+and+Meat+Market%2c+LLC,B; C,2026-07-15,FF-0111,rediscovered_current_source,research_or_qa_queue,directory candidate needs independent farm-operation evidence,Fields selected by evidence grade; every source observation remains separately auditable.
MS-8FEBBBF243,Blueberry Bluephoria at Toft Farms,blueberry bluephoria at toft farms,farm,unique_source_name_reviewed,MS,Hancock,Carriere,39426,,public_business_address_reviewed_for_future_reduced_precision,,,U-pick crops; agritourism,U-pick; agritourism,985-788-8254,sales@toftfarms.com,internal_until_public_use_review,https://www.toftfarms.com,https://www.facebook.com/blueberrybluephoria/,,,True,False,False,False,True,False,False,1,msobs_e816607cf1f248acf23a,PickYourOwn — Southeast Mississippi,https://www.pickyourown.org/MSse.htm,E,2026-07-15,,new_state_candidate,research_or_qa_queue,single grade-E discovery listing needs corroboration,Fields selected by evidence grade; every source observation remains separately auditable.
MS-D3E068F40D,"Coastal Ridge Farm, LLC",coastal ridge farm,farm,unique_source_name_reviewed,MS,Hancock,Picayune,39466,,public_business_address_reviewed_for_future_reduced_precision,,,Agritourism and farm activities; see MDAC venue description,Registered agritourism,(601) 918-3770,doylescoastalridge@gmail.com,internal_until_public_use_review,http://www.coastalridgefarm.com/,https://www.facebook.com/CoastalRidgeFarm,,,False,False,False,False,True,False,False,1,msobs_88fa480ff9254c55901e,MDAC registered agritourism venues,https://agnet.mdac.ms.gov/website/AgTourism/Venues_Single?id=97,B,2026-07-15,,new_state_candidate,promotion_eligible_reviewed,,Fields selected by evidence grade; every source observation remains separately auditable.
MS-D1A2F3FB0B,"Dannemann Farm, LLC",dannemann farm,farm,unique_source_name_reviewed,MS,Hancock,Kiln,39556,,public_business_address_reviewed_for_future_reduced_precision,,,U-pick crops; agritourism,U-pick; agritourism,228-255-5979,blueberriesms@gmail.com,internal_until_public_use_review,https://dannemannms.net/,,,,True,False,False,False,True,False,False,1,msobs_1fd11355da3a7338a1ad,PickYourOwn — Southeast Mississippi,https://www.pickyourown.org/MSse.htm,E,2026-07-15,,new_state_candidate,research_or_qa_queue,single grade-E discovery listing needs corroboration,Fields selected by evidence grade; every source observation remains separately auditable.
MS-A9B567FF1B,"Heavenly Grace Farm, LLC",heavenly grace farm,farm,unique_source_name_reviewed,MS,Hancock,Kiln,39556,,public_business_address_reviewed_for_future_reduced_precision,,,Agritourism and farm activities; see MDAC venue description,Registered agritourism,570-220-4874,ericak713@gmail.com,internal_until_public_use_review,,,,,False,False,False,False,False,False,False,1,msobs_0880b8f3df3435812160,MDAC registered agritourism venues,https://agnet.mdac.ms.gov/website/AgTourism/Venues_Single?id=136,B,2026-07-15,,new_state_candidate,promotion_eligible_reviewed,,Fields selected by evidence grade; every source observation remains separately auditable.
MS-8ABE411FD8,La Terre Farms,la terre farms,farm,merged_exact_name_reviewed,MS,Hancock,Kiln,39556,"11095 Road 514, Kiln, MS 39556",public_business_address_reviewed_for_future_reduced_precision,,,Wedding garland; Seasonal wreaths and garlands; Sunflowers; Farm fresh flowers; Seasonal farm accessories; Mardi Gras wreaths garlands accessories; Agritourism and farm activities; see MDAC venue description,Genuine MS Grown; Registered agritourism,(228) 369-4438,teri.wyly@gmail.com,internal_until_public_use_review,https://www.laterrefarms.com/,https://www.facebook.com/laterrefarms/,http://instagram.com/Laterrefarms,,True,False,False,False,True,False,False,2,msobs_cdd339252f72b386c3b1 | msobs_daeda8d9359cbcc1e185,Genuine MS — Grown | MDAC registered agritourism venues,https://genuinems.com/directory/la-terre-farms/ | https://agnet.mdac.ms.gov/website/AgTourism/Venues_Single?id=113,B,2026-07-15,,new_state_candidate,promotion_eligible_reviewed,,Fields selected by evidence grade; every source observation remains separately auditable.
MS-0857F5F892,Southern Promiseland Farm,southern promiseland farm,farm,unique_source_name_reviewed,MS,Hancock,Kiln,39556,,public_business_address_reviewed_for_future_reduced_precision,,,Agritourism and farm activities; see MDAC venue description,Registered agritourism,(228) 255-4866,snecaise2@gmail.com,internal_until_public_use_review,http://www.southernpromiseland.com/,https://www.facebook.com/Southern-Promiseland-Farm-114195388599215/,,,False,False,False,False,True,False,False,1,msobs_94028def4ba270cec620,MDAC registered agritourism venues,https://agnet.mdac.ms.gov/website/AgTourism/Venues_Single?id=36,B,2026-07-15,,new_state_candidate,promotion_eligible_reviewed,,Fields selected by evidence grade; every source observation remains separately auditable.
MS-9F5B9CB151,3R Cattle Company,3r cattle,farm,unique_source_name_reviewed,MS,Harrison,Gulfport,,,public_business_address_reviewed_for_future_reduced_precision,30.36742,-89.09282,Grass-fed and grain-fed beef,Meat,,,internal_until_public_use_review,,,,,True,False,False,False,False,False,False,1,msobs_477480bceddc572b2ac6,FarmFinder current canonical baseline — identity anchor only,,E,2026-07-15,FF-0084,canonical_baseline_only,research_or_qa_queue,single grade-E discovery listing needs corroboration; canonical baseline farm not rediscovered in current three-pass sources,Fields selected by evidence grade; every source observation remains separately auditable.
MS-99AE62EF3C,3R Land & Livestock LLC,3r land and livestock,farm,unique_source_name_reviewed,MS,Harrison,Gulfport,39503,"100 N Turner Rd, Gulfport, MS 39503",public_business_address_reviewed_for_future_reduced_precision,,,Beef; Pork,Genuine MS Raised,(601) 325-1093,3rcattlecompany@gmail.com,internal_until_public_use_review,https://www.farmraisedcattle.com,https://www.facebook.com/3rcattleco/?ref=page_internal,,,False,False,False,False,False,False,False,1,msobs_0a55a0c806a7bdaecfd1,Genuine MS — Raised,https://genuinems.com/directory/3r-land-livestock-llc/,B,2026-07-15,,new_state_candidate,promotion_eligible_reviewed,,Fields selected by evidence grade; every source observation remains separately auditable.
MS-C4A3BAE286,Brickwall Farms,brickwall farms,farm,unique_source_name_reviewed,MS,Harrison,Pass Christian,,,public_business_address_reviewed_for_future_reduced_precision,29.95465,-90.07507,Produce,Produce,(228) 343-6455,tanizarbsb@gmail.com,internal_until_public_use_review,,,,,False,True,False,False,False,False,False,1,msobs_4aec71b9d60ee7611496,FarmFinder current canonical baseline — identity anchor only,https://marketumbrella.org/news/20/42/Brickwall-Farms,C,2026-07-15,FF-0007,canonical_baseline_only,research_or_qa_queue,canonical baseline farm not rediscovered in current three-pass sources,Fields selected by evidence grade; every source observation remains separately auditable.
MS-C57F88F3DB,Dabbs Farm,dabbs farm,farm,unique_source_name_reviewed,MS,Harrison,Saucier,39574,,public_business_address_reviewed_for_future_reduced_precision,,,U-pick crops; agritourism,U-pick; agritourism,228-669-0029,,internal_until_public_use_review,https://www.dabbsfarm.com/blueberries.php,,,,True,False,False,False,True,False,False,1,msobs_68c7dac385624ad6c583,PickYourOwn — Southeast Mississippi,https://www.pickyourown.org/MSse.htm,E,2026-07-15,,new_state_candidate,research_or_qa_queue,single grade-E discovery listing needs corroboration,Fields selected by evidence grade; every source observation remains separately auditable.
MS-2616004F55,Double S Farms,double s farms,farm,unique_source_name_reviewed,MS,Harrison,Gulfport,39503,,public_business_address_reviewed_for_future_reduced_precision,,,U-pick crops; agritourism,U-pick; agritourism,228-234-9845,mrystok1@att.net,internal_until_public_use_review,,,,,True,False,False,False,True,False,False,1,msobs_8b2ce74110b496dbf104,PickYourOwn — Southeast Mississippi,https://www.pickyourown.org/MSse.htm,E,2026-07-15,,new_state_candidate,research_or_qa_queue,single grade-E discovery listing needs corroboration; source reports closure and requires affirmative curator decision,Fields selected by evidence grade; every source observation remains separately auditable.
MS-437CE45DF6,Farmer Browns Southern Farm,farmer browns southern farm,farm,merged_exact_name_reviewed,MS,Harrison,Saucier,39574,"19162 Borzik Rd, Saucier, MS 39574",public_business_address_reviewed_for_future_reduced_precision,,,produce; culinary herbs; Pork pastured; Poultry pastured; Eggs pastured; Turkey; Rabbit,Genuine MS Grown; Genuine MS Raised,(228) 365-2789,eabfrmr@gmail.com,internal_until_public_use_review,,https://www.facebook.com/farmerbrownssouthernfarm/,,,False,False,False,False,False,False,False,2,msobs_6979b54c224b9f0ce470 | msobs_0fd188514b6fe236c6d0,Genuine MS — Grown | Genuine MS — Raised,https://genuinems.com/directory/farmer-browns-southern-farm/,B,2026-07-15,,new_state_candidate,promotion_eligible_reviewed,,Fields selected by evidence grade; every source observation remains separately auditable.
MS-EA3B6C286B,"Green Acres Creamery, LLC",green acres creamery,farm,merged_exact_name_reviewed,MS,Harrison,Saucier,39574,"25119 Hwy 53, Saucier , MS 39574",public_business_address_reviewed_for_future_reduced_precision,,,Whole Cream Line milk; Ice cream; Ice Cream Pies; Jams; Meats; Agritourism and farm activities; see MDAC venue description,Genuine MS Raised; Registered agritourism,(228) 860-2479,Aprilbond88@yahoo.com,internal_until_public_use_review,https://www.greenacrescreamery.net/,https://www.facebook.com/greenacrescreamery/,,,False,False,False,False,False,False,False,2,msobs_63192e8ec1fbecc1663d | msobs_de35a34d16efbe9b38af,Genuine MS — Raised | MDAC registered agritourism venues,https://genuinems.com/directory/green-acres-creamery-llc/ | https://agnet.mdac.ms.gov/website/AgTourism/Venues_Single?id=165,B,2026-07-15,,new_state_candidate,promotion_eligible_reviewed,,Fields selected by evidence grade; every source observation remains separately auditable.
MS-395E7D7427,Griffins Gardens,griffins gardens,farm,unique_source_name_reviewed,MS,Harrison,Gulfport,39503,,public_business_address_reviewed_for_future_reduced_precision,,,U-pick crops; agritourism,U-pick; agritourism,228-831-4645,,internal_until_public_use_review,,,,,True,False,False,False,True,False,False,1,msobs_ade26075dfeec13b4233,PickYourOwn — Southeast Mississippi,https://www.pickyourown.org/MSse.htm,E,2026-07-15,,new_state_candidate,research_or_qa_queue,single grade-E discovery listing needs corroboration; source reports closure and requires affirmative curator decision,Fields selected by evidence grade; every source observation remains separately auditable.
MS-B154EBE4D3,Holly Berry Hills Christmas Tree Farm,holly berry hills christmas tree farm,farm,unique_source_name_reviewed,MS,Harrison,Saucier,39574,,public_business_address_reviewed_for_future_reduced_precision,,,Agritourism and farm activities; see MDAC venue description,Registered agritourism,(228) 539-9518,hollyberryhillstreefarm@gmail.com,internal_until_public_use_review,,https://www.facebook.com/HollyBerryHillsChristmasTreeFarm/,,,False,False,False,False,True,False,False,1,msobs_cb7ce0608b7f1afd3855,MDAC registered agritourism venues,https://agnet.mdac.ms.gov/website/AgTourism/Venues_Single?id=54,B,2026-07-15,,new_state_candidate,promotion_eligible_reviewed,,Fields selected by evidence grade; every source observation remains separately auditable.
MS-2562C9D5C4,Joe and Madison's Blueberries,joe and madisons blueberries,farm,unique_source_name_reviewed,MS,Harrison,Saucier,39574,,public_business_address_reviewed_for_future_reduced_precision,,,U-pick crops; agritourism,U-pick; agritourism,228-206-4526,leeclaire59@yahoo.com,internal_until_public_use_review,,https://www.facebook.com/Joe-and-Madisons-Blueberries-1560778147556021,,,True,False,False,False,True,False,False,1,msobs_03c0ada40b8c816e6029,PickYourOwn — Southeast Mississippi,https://www.pickyourown.org/MSse.htm,E,2026-07-15,,new_state_candidate,research_or_qa_queue,single grade-E discovery listing needs corroboration; source reports closure and requires affirmative curator decision,Fields selected by evidence grade; every source observation remains separately auditable.
MS-E6DACF036F,Live Oaks Farm,live oaks farm,farm,unique_source_name_reviewed,MS,Harrison,Pass Christian,39571,,public_business_address_reviewed_for_future_reduced_precision,,,U-pick crops; agritourism,U-pick; agritourism,228-263-1004,hlp5959@yahoo.com,internal_until_public_use_review,https://live-oaks-farm.business.site/,,,,True,False,False,False,True,False,False,1,msobs_5228a2a8adeda55b6d0f,PickYourOwn — Southeast Mississippi,https://www.pickyourown.org/MSse.htm,E,2026-07-15,,new_state_candidate,research_or_qa_queue,single grade-E discovery listing needs corroboration; source reports closure and requires affirmative curator decision,Fields selected by evidence grade; every source observation remains separately auditable.
MS-ECE2C96C1A,Mert’s Satsumas,merts satsumas,farm,merged_exact_name_reviewed,MS,Harrison,Gulfport,39503,"14380 Duckworth Road, Gulfport, MS 39503",public_business_address_reviewed_for_future_reduced_precision,,,Satsuma Jelly; Grapefruit; Cuties; Sumos; Kumquats; Naval Oranges; Lemons; Mandrine (all types); Clementines; Agritourism and farm activities; see MDAC venue description,Genuine MS Grown; Registered agritourism,(228) 831-2936,mertssatsumas@yahoo.com,internal_until_public_use_review,,https://www.facebook.com/Merts-Satsumas-176798569041316/,,,False,False,False,False,False,False,False,2,msobs_85ff98085d2bad328954 | msobs_b2a7b6920615325fb414,Genuine MS — Grown | MDAC registered agritourism venues,https://genuinems.com/directory/merts-satsumas/ | https://agnet.mdac.ms.gov/website/AgTourism/Venues_Single?id=70,B,2026-07-15,,new_state_candidate,promotion_eligible_reviewed,,Fields selected by evidence grade; every source observation remains separately auditable.
MS-A595876A00,Sea Alis Seafood Company,sea alis seafood,producer_requires_type_review,unique_source_name_reviewed,MS,Harrison,Long Beach,39560,"PO Box 150, Long Beach, MS 39560",public_business_address_reviewed_for_future_reduced_precision,,,Whole fish (fresh/ frozen); Fish fillet w/ skin-on (fresh/ frozen); Fish fillet w/ skin-off (fresh/ frozen); Fish collars (throats); Wild shimp; Wild oysters; Wild blue crabs (live),Genuine MS Raised,(222) 341-7719,Sales@SeaAlis.com,internal_until_public_use_review,https://www.SeaAlis.com,https://www.facebook.com/SeaAlisSeafoodCo,http://instagram.com/sea.alis.seafood,,False,False,False,False,False,False,False,1,msobs_3d8cc504c4717aefed4b,Genuine MS — Raised,https://genuinems.com/directory/sea-alis-seafood-company/,B,2026-07-15,,new_state_candidate,research_or_qa_queue,directory candidate needs independent farm-operation evidence,Fields selected by evidence grade; every source observation remains separately auditable.
MS-4DAAEC6997,Second Chance Brangus,second chance brangus,producer_requires_type_review,unique_source_name_reviewed,MS,Harrison,Gulfport,39503,"16241 Northrup Cuevas Rd., Gulfport, MS 39503",public_business_address_reviewed_for_future_reduced_precision,,,"Registered bulls, heifers, cows",Genuine MS Raised,(228) 234-1779,drake111@aol.com,internal_until_public_use_review,,https://www.facebook.com/profile.php?id=100069393916031,,,False,False,False,False,False,False,False,1,msobs_d2ac28af57ebc3f4e3ba,Genuine MS — Raised,https://genuinems.com/directory/second-chance-brangus/,B,2026-07-15,,new_state_candidate,research_or_qa_queue,directory candidate needs independent farm-operation evidence,Fields selected by evidence grade; every source observation remains separately auditable.
MS-E6EA3F0530,The Blueberry Patch,the blueberry patch,farm,split_due_county_conflict,MS,Harrison,Long Beach,39560,,public_business_address_reviewed_for_future_reduced_precision,,,U-pick crops; agritourism,U-pick; agritourism,228 863-0616,,internal_until_public_use_review,,,,,True,False,False,False,True,False,False,1,msobs_ccb23206d30a86d4e7ac,PickYourOwn — Southeast Mississippi,https://www.pickyourown.org/MSse.htm,E,2026-07-15,,new_state_candidate,research_or_qa_queue,same normalized name appears in multiple counties; single grade-E discovery listing needs corroboration; source reports closure and requires affirmative curator decision,Fields selected by evidence grade; every source observation remains separately auditable.
MS-94E8E11DE3,5D Natural Farm,5d natural farm,farm,merged_exact_name_reviewed,MS,Hinds,Raymond,39154,"2629 Neil Collins Rd. , Raymond , Mississippi 39154",public_business_address_reviewed_for_future_reduced_precision,30.50463,-90.46293,Fresh pasture-raised poultry and eggs; peppers; okra; cucumbers; tomatoes; lettuce; salsa; Fresh Poultry; Fresh Pasture Raised Brown Eggs; Peppers; Okra; English Cucumbers; Tomatoes; Salsas; Variety of different Lettuces,Mixed; Genuine MS Grown; Genuine MS Raised,(601) 906-8763,5dnaturalfarm@gmail.com,internal_until_public_use_review,https://www.5dnaturalfarm.com/,https://www.facebook.com/5Dnaturalfarm,,,False,True,False,False,False,False,False,3,msobs_07f63b1d111250950f1b | msobs_52cf227e8ae3893b889d | msobs_00469305f0ad820cc526,FarmFinder current canonical baseline — identity anchor only | Genuine MS — Grown | Genuine MS — Raised,https://genuinems.com/directory/5d-natural-farm/,B; C,2026-07-15,FF-0008,rediscovered_current_source,promotion_eligible_reviewed,,Fields selected by evidence grade; every source observation remains separately auditable.
MS-6CB1FCD4FD,7-Gen Pastures,7 gen pastures,farm,merged_exact_name_reviewed,MS,Hinds,Clinton,39056,"2913 Kickapoo Rd., Clinton, MS 39056",public_business_address_reviewed_for_future_reduced_precision,32.34153,-90.32176,Grass-finished beef; BEEF,Meat; Genuine MS Raised,,sswhit76@gmail.com,internal_until_public_use_review,,,,,True,False,False,False,False,False,False,2,msobs_ee4405d9770f16df724d | msobs_f708b87795d613b9bd5d,FarmFinder current canonical baseline — identity anchor only | Genuine MS — Raised,https://genuinems.com/directory/7-gen-pastures/,B; C,2026-07-15,FF-0286,rediscovered_current_source,promotion_eligible_reviewed,,Fields selected by evidence grade; every source observation remains separately auditable.
MS-8B8724B9B9,Abiding Vines,abiding vines,farm,unique_source_name_reviewed,MS,Hinds,Clinton,,,public_business_address_reviewed_for_future_reduced_precision,,,"Welcome to Abiding Vines Urban Farm. We grow Non-GMO fruits and vegetables using organic and regenerative farming techniques to replenish the soil. We believe in working in harmony with God to serve our communities with nourishment for mind, body, and soul. We offer an 8 lb CSA box and have a family food assistance program as well. No matter what your circumstance you are able to get fresh produce for your family from Abiding Vines.",LocalHarvest Family Farm,(601) 454-1078,,internal_until_public_use_review,https://www.abidingvines.com,http://www.facebook.com/abidingviness,https://instagram.com/abidingvines,,True,False,False,False,False,False,False,1,msobs_be4e6a152f71906d1728,LocalHarvest — Mississippi county-seat gap search,https://www.localharvest.org/abiding-vines-M84562,D,2026-07-15,,new_state_candidate,promotion_eligible_reviewed,,Fields selected by evidence grade; every source observation remains separately auditable.
MS-5E575B2FBE,Bass Pecan Company,bass pecan,farm,merged_exact_name_reviewed,MS,Hinds,Raymond,39154,"19470 Highway 18, Raymond, Mississippi 39154",public_business_address_reviewed_for_future_reduced_precision,31.32712,-89.29034,"Pecans, pecan trees; Pecans; Shelled Pecans; InShell Pecans; Farm Shelled Pecans; Pecan Trees; Honey Locust Trees; Fruit Trees",Honey/Specialty; Genuine MS Grown,(601) 857-6177,cservice@basspecan.com,internal_until_public_use_review,https://basspecantrees.com/,https://www.facebook.com/basspecantrees,,,True,False,False,False,False,False,False,2,msobs_bb667c159b1e1734fd30 | msobs_7566bc6723d469637d9d,FarmFinder current canonical baseline — identity anchor only | Genuine MS — Grown,https://genuinems.com/directory/bass-pecan-company/,B; C,2026-07-15,FF-0297,rediscovered_current_source,promotion_eligible_reviewed,,Fields selected by evidence grade; every source observation remains separately auditable.
MS-CA56EFCA61,Cedar Oak Nubian Goat Farm,cedar oak nubian goat farm,farm,unique_source_name_reviewed,MS,Hinds,Edwards,39066,5384 hwy 22,public_business_address_reviewed_for_future_reduced_precision,,,eggs; soap; butter; buttermilk; cheese; milk; raw milk,LocalHarvest Family Farm,(769) 203-1225,,internal_until_public_use_review,https://msgoatfarm.weebly.com,http://www.facebook.com/m.cedaroakgoatfarm/?ref=bookmarks,,,True,False,False,False,False,False,False,1,msobs_e51f9839de33a838acd5,LocalHarvest — Mississippi county-seat gap search,https://www.localharvest.org/cedar-oak-nubian-goat-farm-M70762,D,2026-07-15,,new_state_candidate,promotion_eligible_reviewed,,Fields selected by evidence grade; every source observation remains separately auditable.
MS-75D3899752,Eight Acre Porch and Poultry LLC,eight acre porch and poultry,farm,unique_source_name_reviewed,MS,Hinds,Terry,39170,"1869 Flowers Road, Terry, Ms 39170",public_business_address_reviewed_for_future_reduced_precision,,,Eggs,Genuine MS Raised,,megan.alexandria@ymail.com,internal_until_public_use_review,,,,,False,False,False,False,False,False,False,1,msobs_2e67c53d8d59c23a273f,Genuine MS — Raised,https://genuinems.com/directory/eight-acre-porch-and-poultry-llc/,B,2026-07-15,,new_state_candidate,promotion_eligible_reviewed,,Fields selected by evidence grade; every source observation remains separately auditable.
MS-32E47D0420,Flower Farm and Cottage & Flower Growers Of MS,flower farm and cottage and flower growers of ms,farm,unique_source_name_reviewed,MS,Hinds,Bolton,39140,,public_business_address_reviewed_for_future_reduced_precision,,,Agritourism and farm activities; see MDAC venue description,Registered agritourism,601-672-0755,dyowell@aol.com,internal_until_public_use_review,,https://www.facebook.com/groups/397449753953232/,,,False,False,False,False,False,False,False,1,msobs_af52c882526d74d756c5,MDAC registered agritourism venues,https://agnet.mdac.ms.gov/website/AgTourism/Venues_Single?id=166,B,2026-07-15,,new_state_candidate,promotion_eligible_reviewed,,Fields selected by evidence grade; every source observation remains separately auditable.
MS-5022BA637F,Foot Print Farms,foot print farms,farm,merged_exact_name_reviewed,MS,Hinds,Jackson,39209,"4945 South Dr., Jackson, MS 39209",public_business_address_reviewed_for_future_reduced_precision,,,"Strawberries; Cantaloupe; Watermelon; Basil; Parsley; Cilantro; Zucchini; Squash; Cucumber; Tomatoes; Okra; Onions; Garlic; Collards; Mustard Greens; Cabbage; Eggplant; Hot and Mild Peppers; Green Peppers; Turnips; Kohlrabi; Beets; Callaloo; Mizuna, mustard greens, turnip greens & bottoms, peppers, squash, tomatoes, kale, arugula, beets, spinach, kohlrabi, and more.",Genuine MS Grown; Genuine MS Raised; Mississippi Farmers Market agricultural vendor,(601) 668-5583,footprintfarmsms@gmail.com,internal_until_public_use_review,https://footprintfarmsms.com/,https://www.facebook.com/footprintfarmsms/,http://instagram.com/footprintfarms,,False,True,False,False,False,False,False,3,msobs_c24f32e10949351598ab | msobs_5e34b3dd006a088c4430 | msobs_478cb6324c8c868a110a,Genuine MS — Grown | Genuine MS — Raised | MDAC Mississippi Farmers Market agricultural vendors,https://genuinems.com/directory/foot-print-farms/ | https://agnet.mdac.ms.gov/Website/FarmerMarket_VendorView.aspx?PassedID=125,B,2026-07-15,,new_state_candidate,promotion_eligible_reviewed,,Fields selected by evidence grade; every source observation remains separately auditable.
MS-7801C98268,Fresh Grown Farm,fresh grown farm,farm,merged_exact_name_reviewed,MS,Hinds,Jackson,39209,"1489 South McRaven Road,, Jackson, MS 39209",public_business_address_reviewed_for_future_reduced_precision,32.34153,-90.32176,"Vegetables, fruits, flowers year-round; Salad Mix; Tomatoes; Sweet corn; Spinach; Brocolini; Cabbage; Kale; Turnips; Radishes; Carrots; Onions; Peppers; Herbs; Beets; Eggplant; Blueberries; Watermelon; Bok Choy; Arugula; Lettuce Kale Radishes Turnips Bok Choy",Produce; Genuine MS Grown; Mississippi Farmers Market agricultural vendor,(601) 966-6011,msfarmer@outlook.com,internal_until_public_use_review,https://www.freshgrownfarm.com,https://www.facebook.com/freshgrownfarm,http://instagram.com/fresh_grown_farm,,True,True,False,False,False,False,False,3,msobs_ea47c5e18b0b9ddbd12f | msobs_ad4a4252e740a3c645fb | msobs_d68d4e8d268b2286142c,FarmFinder current canonical baseline — identity anchor only | Genuine MS — Grown | MDAC Mississippi Farmers Market agricultural vendors,https://agnet.mdac.ms.gov/Website/FarmerMarket_VendorView.aspx?PassedID=272 | https://genuinems.com/directory/freshgrown-farm/,B; C,2026-07-15,FF-0112,rediscovered_current_source,promotion_eligible_reviewed,,Fields selected by evidence grade; every source observation remains separately auditable.
MS-8550DB2683,Hixson Farms,hixson farms,farm,unique_source_name_reviewed,MS,Hinds,Edwards,39066,Moved to bovina,public_business_address_reviewed_for_future_reduced_precision,,,broccoli; collards; salad greens; turnips; preserves; medicinal herbs; cabbage; carrots; cucumber; eggplant; hot peppers; kale; lettuce; mustard greens; onions; peas; radishes; summer squash; sweet peppers; sweet potatoes; tomatoes; winter-squash; cantaloupes; melons; watermelons; baked goods; bread; fresh flowers; luffa; figs; sunflower seeds; wreaths,LocalHarvest Family Farm,(601) 473-5715,,internal_until_public_use_review,,http://www.facebook.com/alissadeamonti,,,True,False,False,False,False,False,False,1,msobs_1899587bfc45fb5ef00b,LocalHarvest — Mississippi county-seat gap search,https://www.localharvest.org/hixson-farms-M14468,D,2026-07-15,,new_state_candidate,promotion_eligible_reviewed,,Fields selected by evidence grade; every source observation remains separately auditable.
MS-C398DB573A,Jackson Inner-city Gardeners (JIG),jackson inner city gardeners jig,farm,unique_source_name_reviewed,MS,Hinds,Jackson,39213,Corner of Northside and Medgar Evers BLVD,public_business_address_reviewed_for_future_reduced_precision,,,broccoli; brussels sprouts; cabbage; carrots; cauliflower; collards; green onions; kale; kohlrabi; lettuce; mustard greens; onions; radishes; rutabagas; salad mix; spinach; swiss chard; turnips; eggs; cucumber; eggplant; green beans; hot peppers; okra; peas; potatoes; summer squash; sweet peppers; tomatoes; zucchini; blackberries; blueberries; cantaloupes; melons; watermelons; gourds; sweet corn; dry beans; pumpkins; sweet potatoes; winter-squash; grapes; peanuts; honey; pickles; preserves; leeks; persimmons,LocalHarvest Family Farm,(601) 924-3539,,internal_until_public_use_review,,,,,True,False,False,False,False,False,False,1,msobs_64df38ddf09b568e7801,LocalHarvest — Mississippi county-seat gap search,https://www.localharvest.org/jackson-inner-city-gardeners-jig-M42163,D,2026-07-15,,new_state_candidate,promotion_eligible_reviewed,,Fields selected by evidence grade; every source observation remains separately auditable.
MS-146958532A,Kazery Farm,kazery farm,farm,unique_source_name_reviewed,MS,Hinds,Jackson,39209,,public_business_address_reviewed_for_future_reduced_precision,,,Agritourism and farm activities; see MDAC venue description,Registered agritourism,(601) 922-6767,terrikazery@att.net,internal_until_public_use_review,,https://www.facebook.com/Kazery-Farm-126265814229994/,,,False,False,False,False,True,False,False,1,msobs_7cc7c8a0bf56859a38b7,MDAC registered agritourism venues,https://agnet.mdac.ms.gov/website/AgTourism/Venues_Single?id=58,B,2026-07-15,,new_state_candidate,promotion_eligible_reviewed,,Fields selected by evidence grade; every source observation remains separately auditable.
MS-670D9B8C8E,LaRose Freshest Produce,larose freshest produce,farm,unique_source_name_reviewed,MS,Hinds,Byram,39212,4711 S. Siwell Rd,public_business_address_reviewed_for_future_reduced_precision,,,collards; winter-squash; cabbage; cauliflower; cucumber; eggplant; green beans; green onions; hot peppers; kale; mustard greens; onions; peas; summer squash; sweet peppers; sweet potatoes; swiss chard; tomatoes; turnips; zucchini; okra; potatoes; watermelons,LocalHarvest Family Farm,(850) 259-6638,,internal_until_public_use_review,https://www.LaRoseFP.com,,,,True,False,False,False,False,False,False,1,msobs_a07f8d98878280566f6e,LocalHarvest — Mississippi county-seat gap search,https://www.localharvest.org/larose-freshest-produce-M59768,D,2026-07-15,,new_state_candidate,promotion_eligible_reviewed,,Fields selected by evidence grade; every source observation remains separately auditable.
MS-48D7623EDE,Livingston Springs Farm,livingston springs farm,farm,merged_cross_county_identity_reviewed,MS,Hinds,Jackson,39209,"1400 Carsley Road, Jackson, Mississippi 39209",public_business_address_reviewed_for_future_reduced_precision,32.29876,-90.18481,"Beef, pork, lamb; Beef; Lamb; Pork; eggs; beef; lamb",Meat; Genuine MS Raised; LocalHarvest Family Farm,(601) 259-5613,lisa.kuiper@livingstonspringsfarm.com,internal_until_public_use_review,http://www.livingstonspringsfarm.com/,Https://www.facebook.com/livingstonspringsfarm/,,,True,True,False,False,False,False,False,3,msobs_ed7c6b7dd51bc53e6317 | msobs_79500bea1ca512c9da66 | msobs_5568e857b7b1db27dba7,FarmFinder current canonical baseline — identity anchor only | Genuine MS — Raised | LocalHarvest — Mississippi county-seat gap search,https://genuinems.com/directory/livingston-springs-farm/ | https://www.localharvest.org/livingston-springs-farm-M33762,B; C; D,2026-07-15,FF-0092,rediscovered_current_source,promotion_eligible_reviewed,,Fields selected by evidence grade; every source observation remains separately auditable.
MS-57D73B6E69,Locust Grove Berry Farm,locust grove berry farm,farm,unique_source_name_reviewed,MS,Hinds,Jackson,39213,,public_business_address_reviewed_for_future_reduced_precision,,,U-pick crops; agritourism,U-pick; agritourism,(601) 362-8769,,internal_until_public_use_review,,,,,True,False,False,False,True,False,False,1,msobs_7a67a4e42d494bfee077,PickYourOwn — Jackson and west-central Mississippi,https://www.pickyourown.org/MSjackson.htm,E,2026-07-15,,new_state_candidate,research_or_qa_queue,single grade-E discovery listing needs corroboration; source reports closure and requires affirmative curator decision,Fields selected by evidence grade; every source observation remains separately auditable.
MS-E541695F1B,Mississippi Agriculture & Forestry Museum,mississippi agriculture and forestry museum,producer_requires_type_review,unique_source_name_reviewed,MS,Hinds,Jackson,39216,,public_business_address_reviewed_for_future_reduced_precision,,,Agritourism and farm activities; see MDAC venue description,Registered agritourism,(601) 432-4500,theresa@mdac.ms.gov,internal_until_public_use_review,https://www.msagmuseum.org/,https://www.facebook.com/msagmuseum,,,False,False,False,False,False,False,False,1,msobs_91f62a1b0fc838206d95,MDAC registered agritourism venues,https://agnet.mdac.ms.gov/website/AgTourism/Venues_Single?id=20,B,2026-07-15,,new_state_candidate,research_or_qa_queue,directory candidate needs independent farm-operation evidence,Fields selected by evidence grade; every source observation remains separately auditable.
MS-D7E644ABFB,Patch of Heaven Farm,patch of heaven farm,farm,unique_source_name_reviewed,MS,Hinds,Raymond,39154,Old Port Gibson Road,public_business_address_reviewed_for_future_reduced_precision,,,beef; pork; eggs; blueberries,LocalHarvest Family Farm,(678) 296-7190,,internal_until_public_use_review,,,,,True,False,False,False,False,False,False,1,msobs_22e58cb201a53aaa6a9a,LocalHarvest — Mississippi county-seat gap search,https://www.localharvest.org/patch-of-heaven-farm-M71755,D,2026-07-15,,new_state_candidate,promotion_eligible_reviewed,,Fields selected by evidence grade; every source observation remains separately auditable.
MS-29DFBDE864,Pecan Hill Farms,pecan hill farms,farm,merged_exact_name_reviewed,MS,Hinds,Raymond,39154,19470 MS-18,public_business_address_reviewed_for_future_reduced_precision,,,blackberries; blueberries; fresh flowers; U-pick crops; agritourism,LocalHarvest Family Farm; U-pick; agritourism,(601) 594-2012,susandraughn@comcast.net,internal_until_public_use_review,,https://www.facebook.com/UPickPecanHillFarms/,https://instagram.com/pecanhillfarms_upickberries,,True,False,False,False,True,False,False,2,msobs_4912778f6feb9d8d4ef8 | msobs_0b2ec17515c9e438b218,LocalHarvest — Mississippi county-seat gap search | PickYourOwn — Jackson and west-central Mississippi,https://www.localharvest.org/pecan-hill-farms-M85661 | https://www.pickyourown.org/MSjackson.htm,D; E,2026-07-15,,new_state_candidate,promotion_eligible_reviewed,,Fields selected by evidence grade; every source observation remains separately auditable.
MS-63DF4B579E,The High Heeled Hippie,the high heeled hippie,farm,unique_source_name_reviewed,MS,Hinds,Clinton,39056,"6655 Jimmy Williams Rd, Clinton, Mississippi 39056",public_business_address_reviewed_for_future_reduced_precision,,,Lettuce; Tomatoes; Melons; Specialty Greens; ie. arugala; Chicories; Peppers; Southern Greens; Herbs; Carrots; Potatoes; Radishes,Genuine MS Grown,601-813-7288,thehighheeledhippie@hotmail.com,internal_until_public_use_review,,https://www.facebook.com/TheHighHeeledHippie/,,,False,False,False,False,False,False,False,1,msobs_c17ca8e4bdc5f75b6852,Genuine MS — Grown,https://genuinems.com/directory/the-high-heeled-hippie/,B,2026-07-15,,new_state_candidate,promotion_eligible_reviewed,,Fields selected by evidence grade; every source observation remains separately auditable.
MS-BE09A0D3CE,TSAC Farms,tsac farms,farm,unique_source_name_reviewed,MS,Hinds,Edwards,39066,6068 Adams station road,public_business_address_reviewed_for_future_reduced_precision,,,eggs,LocalHarvest Family Farm,(601) 985-9403,,internal_until_public_use_review,,,,,True,False,False,False,False,False,False,1,msobs_c725e70a73b8b1b1ec6c,LocalHarvest — Mississippi county-seat gap search,https://www.localharvest.org/tsac-farms-M68403,D,2026-07-15,,new_state_candidate,promotion_eligible_reviewed,,Fields selected by evidence grade; every source observation remains separately auditable.
MS-E388A7DC99,Uncle Bubba's Farm,uncle bubbas farm,farm,unique_source_name_reviewed,MS,Hinds,Utica,39175,2050 Adams Station Road,public_business_address_reviewed_for_future_reduced_precision,,,arugula; cabbage; collards; daikon; green onions; kale; mustard greens; radishes; beets; broccoli; carrots; cauliflower; turnips; sweet corn; cucumber; eggplant; garlic; green beans; hot peppers; okra; onions; peas; potatoes; summer squash; sweet peppers; sweet potatoes; tomatoes; zucchini,LocalHarvest Family Farm,(601) 473-9183,,internal_until_public_use_review,https://www.unclebubbasfarm.com,http://www.facebook.com/UncleBubbasFarm,,,True,False,False,False,False,False,False,1,msobs_ec7c4dc32eb5e0a24d9f,LocalHarvest — Mississippi county-seat gap search,https://www.localharvest.org/uncle-bubbas-farm-M58336,D,2026-07-15,,new_state_candidate,promotion_eligible_reviewed,,Fields selected by evidence grade; every source observation remains separately auditable.
MS-3A460AFA4B,wurmworks,wurmworks,producer_requires_type_review,merged_exact_name_reviewed,MS,Hinds,Jackson,39213,"3213 Forest Ave Ext, Jackson, Ms 39213",public_business_address_reviewed_for_future_reduced_precision,,,Vermicompost; Potting Mix,Genuine MS Grown; Genuine MS Raised,,wurmworksms@gmail.com,internal_until_public_use_review,https://www.wurmworks.com/,https://www.facebook.com/share/199J8p2o5j/?mibextid=wwXIfr,http://instagram.com/@wurmworks,,False,False,False,False,False,False,False,2,msobs_bb5e6498c59e5843696b | msobs_4ef474afb48d22f07586,Genuine MS — Grown | Genuine MS — Raised,https://genuinems.com/directory/wurmworks/,B,2026-07-15,,new_state_candidate,research_or_qa_queue,directory candidate needs independent farm-operation evidence,Fields selected by evidence grade; every source observation remains separately auditable.
MS-64A8364ECF,4P Beef,4p beef,farm,unique_source_name_reviewed,MS,Holmes,Lexington,39095,"1565 Brozville Road , Lexington, MS 39095",public_business_address_reviewed_for_future_reduced_precision,,,"Steaks; Brisket; Ribs; Ground Beef; Roasts; Whole, Half, Quarter Beef; Tamales; Beef Tips, Broth Bones, Liver, Osso Bucco, Oxtail, Stew Meat, Stir Fry, & Tenderized Steak",Genuine MS Raised,(662) 834-3888,4pbeef@gmail.com,internal_until_public_use_review,,https://www.facebook.com/4PBEEF,,,False,False,False,False,False,False,False,1,msobs_38a482e4c2bc18548a36,Genuine MS — Raised,https://genuinems.com/directory/4p-beef/,B,2026-07-15,,new_state_candidate,promotion_eligible_reviewed,,Fields selected by evidence grade; every source observation remains separately auditable.
MS-6DA4CF5C76,Burwell Farms LLC,burwell farms,farm,merged_exact_name_reviewed,MS,Holmes,Lexington,39095,"2485 Ebenezer Rd. 2485 Ebenezer Rd., Lexington, MS 39095",public_business_address_reviewed_for_future_reduced_precision,,,Produce; Pork; Beef,Genuine MS Grown; Genuine MS Raised,601-624-7238,burwellw@gmail.com,internal_until_public_use_review,https://www.burwellfarmllc.com,https://www.facebook.com/profile.php?id=61560311237933,http://instagram.com/burwell_farms,,False,False,False,False,False,False,False,2,msobs_3ec82c79579b077de966 | msobs_c4f27947faae8220a98a,Genuine MS — Grown | Genuine MS — Raised,https://genuinems.com/directory/burwell-farms-llc/,B,2026-07-15,,new_state_candidate,promotion_eligible_reviewed,,Fields selected by evidence grade; every source observation remains separately auditable.
MS-0736A2CA1C,Colemans Farm LLC,colemans farm,farm,unique_source_name_reviewed,MS,Holmes,Lexington,39095,"2547 CR75, Lexington, MS 39095",public_business_address_reviewed_for_future_reduced_precision,,,Tomatoes; Tumeric; Lemon grass; Ginger; cucumber; Luffa; Comfrey; Squash,Genuine MS Grown,(703) 309-6226,colemansfarm18@gmail.com,internal_until_public_use_review,https://www.colemansfarmproject.com/,https://www.facebook.com/COLEMANSFARM,,,False,False,False,False,False,False,False,1,msobs_1ab3ef6537936d3e037a,Genuine MS — Grown,https://genuinems.com/directory/colemans-farm-llc/,B,2026-07-15,,new_state_candidate,promotion_eligible_reviewed,,Fields selected by evidence grade; every source observation remains separately auditable.
MS-46755A34AF,Geneva Springs Farm,geneva springs farm,farm,unique_source_name_reviewed,MS,Holmes,Pickens,39146,"278 Dinkins Road, Pickens, MS 39146",public_business_address_reviewed_for_future_reduced_precision,,,Aji Mango Pepper Sauce (mild); Aji Lemon Pepper Sauce (medium); Ethiopian Brown Berbere Pepper Sauce (mild); Trinidad 7 Pod Pink Pepper Sauce (hot); Great White Habanero Pepper Sauce (hot); Mariachi Pepper Sauce (mild); Aji Crystal Pepper Flakes (hot); Hot Portugal Pepper Flakes (medium); Tabasco Pepper Sauce (hot); Chile de Agua Pepper Flakes (mild); Orange Jalapeno Pepper Flakes (mild); Gorria Pepper Flakes (mild); Elephant Ears Pepper Flakes (sweet); Ethiopian Brown Berbere Pepper Flakes (medium); Mariachi Pepper Flakes (mild); Tequila Pepper Flakes (sweet); Sugar Rush Peach Pepper Sauce (hot); Aji Fantasy White Pepper Flakes (sweet with mild heat); Senise Pepper Flakes (mild); Ancho Magnifica Pepper Flakes (medium),Genuine MS Grown,(601) 672-7274,oldmcgarner@yahoo.com,internal_until_public_use_review,https://genevaspringsfarm.org,,,,False,False,False,False,False,False,False,1,msobs_9838ab00c097249814a8,Genuine MS — Grown,https://genuinems.com/directory/geneva-springs-farm/,B,2026-07-15,,new_state_candidate,promotion_eligible_reviewed,,Fields selected by evidence grade; every source observation remains separately auditable.
MS-E5B265F9AF,The Food System,the food system,farm,unique_source_name_reviewed,MS,Holmes,Lexington,39095,"208 Court Square, Lexington, MS 39095",public_business_address_reviewed_for_future_reduced_precision,,,Watermelon; Summer Squash; Cantaloupe; Cut Flowers,Genuine MS Grown,(662) 391-4091,info@thefoodsystem.org,internal_until_public_use_review,,,,,False,False,False,False,False,False,False,1,msobs_8b80193c0ee4ce88965b,Genuine MS — Grown,https://genuinems.com/directory/the-food-system/,B,2026-07-15,,new_state_candidate,promotion_eligible_reviewed,,Fields selected by evidence grade; every source observation remains separately auditable.
MS-E4D7A80D3A,Deadbroke Ranch,deadbroke ranch,farm,unique_source_name_reviewed,MS,Humphreys,Louise,39097,4349 Five Mile Rd,public_business_address_reviewed_for_future_reduced_precision,,,carrots; lettuce; mustard greens; radishes; spinach; chicken; duck; fish / seafood; goat; rabbit; turkey; raw milk; eggs,LocalHarvest Family Farm,(662) 571-1484,,internal_until_public_use_review,,,,,True,False,False,False,False,False,False,1,msobs_2c53d63dedee02a17c26,LocalHarvest — Mississippi county-seat gap search,https://www.localharvest.org/deadbroke-ranch-M56323,D,2026-07-15,,new_state_candidate,promotion_eligible_reviewed,,Fields selected by evidence grade; every source observation remains separately auditable.
MS-B673D57C36,Delta Pride Catfish,delta pride catfish,producer_requires_type_review,unique_source_name_reviewed,MS,Humphreys,Isola,38754,"299 South Street, Isola, Mississippi 38754",public_business_address_reviewed_for_future_reduced_precision,,,Delta Pride farm-raised catfish fillets; Delta Pride farm-raised catfish whole fish; Delta Pride farm-raised catfish strips; Delta Pride farm-raised catfish steaks; Delta Pride farm-raised catfish breaded items; Delta Pride farm-raised catfish nuggets; Delta Pride farm-raised marinated catfish,Genuine MS Raised,662.962.3101,sales@countryselect.com,internal_until_public_use_review,http://www.deltapride.com/,https://www.facebook.com/DeltaPrideCatfish/,http://instagram.com/deltapridecatfish,,False,False,False,False,False,False,False,1,msobs_f39532fda9595b714295,Genuine MS — Raised,https://genuinems.com/directory/delta-pride-catfish/,B,2026-07-15,,new_state_candidate,research_or_qa_queue,directory candidate needs independent farm-operation evidence,Fields selected by evidence grade; every source observation remains separately auditable.
MS-40CF26B5CB,Mississippi Crawfish Company,mississippi crawfish,producer_requires_type_review,unique_source_name_reviewed,MS,Humphreys,Belzoni,39038,"15986 Highway 49, Belzoni, MS 39038",public_business_address_reviewed_for_future_reduced_precision,,,Seasoning; Crawfish,Genuine MS Raised,(601) 613-2655,jason@rhettholding.com,internal_until_public_use_review,https://mscrawfishco.com/,https://www.facebook.com/profile.php?id=100081529220383,http://instagram.com/mscrawfishcompany,,False,False,False,False,False,False,False,1,msobs_2d738ac18970d8bf2833,Genuine MS — Raised,https://genuinems.com/directory/mississippi-crawfish-company/,B,2026-07-15,,new_state_candidate,research_or_qa_queue,directory candidate needs independent farm-operation evidence,Fields selected by evidence grade; every source observation remains separately auditable.
MS-6F86B2860E,Barlow Quarter Horses,barlow quarter horses,farm,unique_source_name_reviewed,MS,Issaquena,Valley Park,39117,,public_business_address_reviewed_for_future_reduced_precision,,,Agritourism and farm activities; see MDAC venue description,Registered agritourism,662-588-9484,paulbarlow196@gmail.com,internal_until_public_use_review,,,,,False,False,False,False,False,False,False,1,msobs_629593f14bfa20207c1c,MDAC registered agritourism venues,https://agnet.mdac.ms.gov/website/AgTourism/Venues_Single?id=211,B,2026-07-15,,new_state_candidate,promotion_eligible_reviewed,,Fields selected by evidence grade; every source observation remains separately auditable.
MS-BC9747FACD,Briar Creek Vineyards,briar creek vineyards,farm,unique_source_name_reviewed,MS,Itawamba,Tremont,38876,,public_business_address_reviewed_for_future_reduced_precision,,,U-pick crops; agritourism,U-pick; agritourism,662-652-3446,mascadine@yahoo.com,internal_until_public_use_review,,,,,True,False,False,False,True,False,False,1,msobs_d5dd40f06c8b47d2ee1b,PickYourOwn — North Mississippi,https://www.pickyourown.org/MSnorth.htm,E,2026-07-15,,new_state_candidate,research_or_qa_queue,single grade-E discovery listing needs corroboration; source reports closure and requires affirmative curator decision,Fields selected by evidence grade; every source observation remains separately auditable.
MS-127296019F,Mary’s Berries,marys berries,farm,merged_exact_name_reviewed,MS,Itawamba,Fulton,38843,"5 Turner Road, Fulton, MS 38843",public_business_address_reviewed_for_future_reduced_precision,,,Vegetable Plants for the homeowner and Bobby gardener; Domestic chickens; Blueberries; Blackberries; Quail; Fertile and Infertile Eggs,Genuine MS Grown; Genuine MS Raised,(662) 862-3790,sheep@jesusanswers.com,internal_until_public_use_review,,https://www.facebook.com/Marys-Berries-1695344294014795/,,,False,False,False,False,False,False,False,2,msobs_ea02c2106100f7e2289a | msobs_c68a1785794fcc5bb08b,Genuine MS — Grown | Genuine MS — Raised,https://genuinems.com/directory/marys-berries/,B,2026-07-15,,new_state_candidate,promotion_eligible_reviewed,,Fields selected by evidence grade; every source observation remains separately auditable.
MS-8F18C98739,A & W Christmas Tree Farm,a and w christmas tree farm,farm,unique_source_name_reviewed,MS,Jackson,Moss Point,39562,,public_business_address_reviewed_for_future_reduced_precision,,,Agritourism and farm activities; see MDAC venue description,Registered agritourism,(251) 751-2596,clarkwanda1957@gmail.com,internal_until_public_use_review,,https://www.facebook.com/livechristmastrees,,,False,False,False,False,True,False,False,1,msobs_1732b9131ab374a1936d,MDAC registered agritourism venues,https://agnet.mdac.ms.gov/website/AgTourism/Venues_Single?id=64,B,2026-07-15,,new_state_candidate,promotion_eligible_reviewed,,Fields selected by evidence grade; every source observation remains separately auditable.
MS-D208A13AC1,Blueberry Heaven,blueberry heaven,farm,unique_source_name_reviewed,MS,Jackson,Vancleave,39565,,public_business_address_reviewed_for_future_reduced_precision,,,U-pick crops; agritourism,U-pick; agritourism,(228) 826-5321,info@blueberryheaven.net,internal_until_public_use_review,https://www.blueberryheaven.net/,https://www.facebook.com/vancleaveblueberryheaven/,,,True,False,False,False,True,False,False,1,msobs_b947e3cc5ee7e039b55c,PickYourOwn — Southeast Mississippi,https://www.pickyourown.org/MSse.htm,E,2026-07-15,,new_state_candidate,research_or_qa_queue,single grade-E discovery listing needs corroboration,Fields selected by evidence grade; every source observation remains separately auditable.
MS-08376D3994,Coastal Beef Co.,coastal beef,farm,merged_cross_county_identity_reviewed,MS,Jackson,Moss Point,39562,"6036 King Rd, Moss Point, MS 39562",public_business_address_reviewed_for_future_reduced_precision,30.36742,-89.09282,Premium beef; Whole Beef (Actual Product) 400lbs Approximately 400 lbs of beef; Half Beef (Actual Product) Approximately 200 lbs of beef; Quarter Beef (Actual Product) Approximately 100 lbs of beef; 50lb Family Box; 15lb Coastal Beef Sampler; 10lb Ground Beef; Assorted Sample Boxes; Custom Orders Available; Brand Merchandise,Meat; Genuine MS Raised,(228) 760-0502,sales@coastalbeefco.com,internal_until_public_use_review,https://www.coastalbeefco.com,https://www.facebook.com/share/1BLnBqAdwR/?mibextid=wwXIfr,http://instagram.com/@COASTALBEEFCO,,False,False,False,False,False,False,False,2,msobs_3b1a50c62c189dcb3238 | msobs_12ac2f1b4babd50fb66b,FarmFinder current canonical baseline — identity anchor only | Genuine MS — Raised,https://genuinems.com/directory/coastal-beef-co/,B; C,2026-07-15,FF-0085,rediscovered_current_source,promotion_eligible_reviewed,,Fields selected by evidence grade; every source observation remains separately auditable.
MS-4F61E6FA13,Dunsfield Heidrun Farm,dunsfield heidrun farm,farm,merged_exact_name_reviewed,MS,Jackson,Moss Point,39562,"16201 Lily Orchard Rd, Moss Point, Mississippi 39562",public_business_address_reviewed_for_future_reduced_precision,30.58686,-88.48196,"Veteran-owned, mixed farm; Goat Milk Soap; Lotion and Tallow; Beard Products; Shampoo and Conditioner; Bath Bombs; Laundry Detergent",Mixed; Genuine MS Raised,228-990-1024,dunsfieldheidrunfarm@yahoo.com,internal_until_public_use_review,https://dunsfieldheidrunfarm.square.site/,https://www.facebook.com/dunsfieldheidrunfarm/,,,True,False,False,False,False,False,False,2,msobs_ac92cbbb49eb819eb4c0 | msobs_648454b0667694a7f3da,FarmFinder current canonical baseline — identity anchor only | Genuine MS — Raised,https://genuinems.com/directory/dunsfield-heidrun-farm/,B; C,2026-07-15,FF-0088,rediscovered_current_source,promotion_eligible_reviewed,,Fields selected by evidence grade; every source observation remains separately auditable.
MS-460ED6B719,Glenn Young Blueberries,glenn young blueberries,farm,unique_source_name_reviewed,MS,Jackson,Ocean Springs,39564,,public_business_address_reviewed_for_future_reduced_precision,,,U-pick crops; agritourism,U-pick; agritourism,228-826-9479,,internal_until_public_use_review,,,,,True,False,False,False,True,False,False,1,msobs_f98f2b87164ec5e5efa7,PickYourOwn — Southeast Mississippi,https://www.pickyourown.org/MSse.htm,E,2026-07-15,,new_state_candidate,research_or_qa_queue,single grade-E discovery listing needs corroboration; source reports closure and requires affirmative curator decision,Fields selected by evidence grade; every source observation remains separately auditable.
MS-A2ECD5D08B,Kuska Paku Alpaca Farm - South Mississippi Alpacas,kuska paku alpaca farm south mississippi alpacas,farm,unique_source_name_reviewed,MS,Jackson,Moss Point,39562,,public_business_address_reviewed_for_future_reduced_precision,,,U-pick crops; agritourism,U-pick; agritourism,228-326-4599,KUSKA@BELLSOUTH.NET,internal_until_public_use_review,,https://www.facebook.com/ALPACAZ/,,,True,False,False,False,True,False,False,1,msobs_5dff0686f8b6a746a7fd,PickYourOwn — Southeast Mississippi,https://www.pickyourown.org/MSse.htm,E,2026-07-15,,new_state_candidate,research_or_qa_queue,single grade-E discovery listing needs corroboration,Fields selected by evidence grade; every source observation remains separately auditable.
MS-4E34083382,MS Coastal Seafood,ms coastal seafood,producer_requires_type_review,unique_source_name_reviewed,MS,Jackson,Ocean Springs,39564,"6945 Pinehurst Drive, Ocean Springs, Mississippi 39564",public_business_address_reviewed_for_future_reduced_precision,,,Shrimp; Crab Claws; Lump Crab Meat; Oysters,Genuine MS Raised,,mbridges1414@yahoo.com,internal_until_public_use_review,,,,,False,False,False,False,False,False,False,1,msobs_f780fd40316f56bb7292,Genuine MS — Raised,https://genuinems.com/directory/ms-coastal-seafood/,B,2026-07-15,,new_state_candidate,research_or_qa_queue,directory candidate needs independent farm-operation evidence,Fields selected by evidence grade; every source observation remains separately auditable.
MS-6E5BD65C82,Spring Lake Berry Farm,spring lake berry farm,farm,unique_source_name_reviewed,MS,Jackson,Vancleave,39564,,public_business_address_reviewed_for_future_reduced_precision,,,U-pick crops; agritourism,U-pick; agritourism,228-826-4682,springlakeberryfarm@hotmail.com,internal_until_public_use_review,,https://www.facebook.com/Spring-Lake-Berry-Farm-176364915752044,,,True,False,False,False,True,False,False,1,msobs_686adbadc139f73ca7e2,PickYourOwn — Southeast Mississippi,https://www.pickyourown.org/MSse.htm,E,2026-07-15,,new_state_candidate,research_or_qa_queue,single grade-E discovery listing needs corroboration,Fields selected by evidence grade; every source observation remains separately auditable.
MS-AA9132F2D8,Two Crackers Oyster Company,two crackers oyster,producer_requires_type_review,unique_source_name_reviewed,MS,Jackson,Vancleave,39565,"10692 Clearwater Rd, Vancleave, MS 39565",public_business_address_reviewed_for_future_reduced_precision,,,oysters,Genuine MS Raised,(228) 218-4562,Saltyair2000@yahoo.com,internal_until_public_use_review,,,,,False,False,False,False,False,False,False,1,msobs_90812b6f4c179bd867c4,Genuine MS — Raised,https://genuinems.com/directory/two-crackers-oyster-company/,B,2026-07-15,,new_state_candidate,research_or_qa_queue,directory candidate needs independent farm-operation evidence,Fields selected by evidence grade; every source observation remains separately auditable.
MS-4B7458F4D7,Young's Greenhouse,youngs greenhouse,farm,unique_source_name_reviewed,MS,Jackson,Ocean Springs,39564,,public_business_address_reviewed_for_future_reduced_precision,,,U-pick crops; agritourism,U-pick; agritourism,228-826-4682,hwturner1@bellsouth.net,internal_until_public_use_review,,,,,True,False,False,False,True,False,False,1,msobs_ee0b81f0dfee90e8c2d4,PickYourOwn — Southeast Mississippi,https://www.pickyourown.org/MSse.htm,E,2026-07-15,,new_state_candidate,research_or_qa_queue,single grade-E discovery listing needs corroboration; source reports closure and requires affirmative curator decision,Fields selected by evidence grade; every source observation remains separately auditable.
MS-6458750502,A Stroka Gene-Us Alpacas,a stroka gene us alpacas,farm,unique_source_name_reviewed,MS,Jasper,Stringer,39481,383 County Road 155,public_business_address_reviewed_for_future_reduced_precision,,,eggs; alpaca,LocalHarvest Family Farm,(716) 863-4366,,internal_until_public_use_review,https://www.astrokageneusalpacas.com,http://www.facebook.com/astrokageneusalpacas,,,True,False,False,False,False,False,False,1,msobs_630a2656f6fbee027cc3,LocalHarvest — Mississippi county-seat gap search,https://www.localharvest.org/a-stroka-gene-us-alpacas-M51849,D,2026-07-15,,new_state_candidate,promotion_eligible_reviewed,,Fields selected by evidence grade; every source observation remains separately auditable.
MS-497E7A475B,B and L Farms,b and l farms,farm,unique_source_name_reviewed,MS,Jasper,Heidelberg,39439,"158 CR 31, Heidelberg, MS 39439",public_business_address_reviewed_for_future_reduced_precision,,,Registered Angus Bulls; Registered Angus Cows; Registered Angus Heifers,Genuine MS Raised,(601) 470-9637,brad@bandlfarms.com,internal_until_public_use_review,,,http://instagram.com/B_and_L_Farms,,False,False,False,False,False,False,False,1,msobs_7578e36ab8170c340d69,Genuine MS — Raised,https://genuinems.com/directory/b-and-l-farms/,B,2026-07-15,,new_state_candidate,promotion_eligible_reviewed,,Fields selected by evidence grade; every source observation remains separately auditable.
MS-8C1F29F875,Big Creek Farm LLC,big creek farm,farm,unique_source_name_reviewed,MS,Jasper,Louin,39338,"12801 SCR 504, Louin, MS 39338",public_business_address_reviewed_for_future_reduced_precision,,,Goats; Chickens; Goat Milk Soap; Goat Milk Lotion; Goat Milk; Cheese,Genuine MS Raised,601-720-8929,bigcreekfarmms@gmail.com,internal_until_public_use_review,,https://www.facebook.com/profile.php?id=100083538756071,,,False,False,False,False,False,False,False,1,msobs_cbe9a14709213cbd2ee9,Genuine MS — Raised,https://genuinems.com/directory/big-creek-farm-llc/,B,2026-07-15,,new_state_candidate,promotion_eligible_reviewed,,Fields selected by evidence grade; every source observation remains separately auditable.
MS-BD33BA75F2,Rowell Farms,rowell farms,farm,unique_source_name_reviewed,MS,Jasper,Heidelberg,39439,,public_business_address_reviewed_for_future_reduced_precision,,,U-pick crops; agritourism,U-pick; agritourism,(601) 685-0421,contact@rowellfarms.com,internal_until_public_use_review,,https://www.facebook.com/rowellfarmsclarkecountyms/,,,True,False,False,False,True,False,False,1,msobs_fb5c97a5388698467562,PickYourOwn — East-central Mississippi,https://www.pickyourown.org/MSeast.htm,E,2026-07-15,,new_state_candidate,research_or_qa_queue,single grade-E discovery listing needs corroboration,Fields selected by evidence grade; every source observation remains separately auditable.
MS-9B60FC95A1,Sugarhill Blueberry Farm,sugarhill blueberry farm,farm,unique_source_name_reviewed,MS,Jasper,Heidelberg,39439,,public_business_address_reviewed_for_future_reduced_precision,,,U-pick crops; agritourism,U-pick; agritourism,985-395-2768,,internal_until_public_use_review,,,,,True,False,False,False,True,False,False,1,msobs_d3173020c6938f0b8e4c,PickYourOwn — East-central Mississippi,https://www.pickyourown.org/MSeast.htm,E,2026-07-15,,new_state_candidate,research_or_qa_queue,single grade-E discovery listing needs corroboration; source reports closure and requires affirmative curator decision,Fields selected by evidence grade; every source observation remains separately auditable.
MS-7C414B6AB1,Beaver Creek Distillery,beaver creek distillery,farm,unique_source_name_reviewed,MS,Jefferson Davis,Bassfield,39421,,public_business_address_reviewed_for_future_reduced_precision,,,Agritourism and farm activities; see MDAC venue description,Registered agritourism,601-943-8000,beavercreekbotanicals@gmail.com,internal_until_public_use_review,https://beavercreek-distillery.com,,,,False,False,False,False,False,False,False,1,msobs_6bbffb886906317026a7,MDAC registered agritourism venues,https://agnet.mdac.ms.gov/website/AgTourism/Venues_Single?id=163,B,2026-07-15,,new_state_candidate,promotion_eligible_reviewed,,Fields selected by evidence grade; every source observation remains separately auditable.
MS-5AB73AC4D0,George (Sonny) Magee,george sonny magee,farm,unique_source_name_reviewed,MS,Jefferson Davis,"Oak Vale, Ms.",39656,"559 Park Fortenberry Rd. , Oak Vale, Ms. 39656",public_business_address_reviewed_for_future_reduced_precision,,,Farm Raised grain feed Natural Beef,Genuine MS Raised,(601) 259-9860,smageefarms@gmail.com,internal_until_public_use_review,,https://www.facebook.com/Magee-Farms-Oakvale-Mississippi-108164994253819/,,,False,False,False,False,False,False,False,1,msobs_78aed311d6777c927369,Genuine MS — Raised,https://genuinems.com/directory/george-sonny-magee/,B,2026-07-15,,new_state_candidate,promotion_eligible_reviewed,,Fields selected by evidence grade; every source observation remains separately auditable.
MS-857D448543,Grazing Way Farm,grazing way farm,farm,merged_exact_name_reviewed,MS,Jones,Ellisville,39437,"1837 Hwy 588, Ellisville, MS 39437",public_business_address_reviewed_for_future_reduced_precision,,,"Corn meal; Grits; Lamb; Vegetables; Tomatoes; Free Range, Cage Free Eggs; Wood Crafts; Baked Goods; Canned Goods",Genuine MS Grown; Genuine MS Raised,,grazingwayfarm@gmail.com,internal_until_public_use_review,https://app.barn2door.com/grazingwayfarm/all,https://www.facebook.com/grazingwayfarm,,,False,False,False,False,False,False,False,2,msobs_dc77bfb3e00ea7c0dfae | msobs_bb62f265f2713fa3b605,Genuine MS — Grown | Genuine MS — Raised,https://genuinems.com/directory/grazing-way-farm/,B,2026-07-15,,new_state_candidate,promotion_eligible_reviewed,,Fields selected by evidence grade; every source observation remains separately auditable.
MS-99FDA4FCC2,JP Show Cattle,jp show cattle,farm,unique_source_name_reviewed,MS,Jones,Laurel,39443,"149 Sellers Cooley Drive, Laurel, MS 39443",public_business_address_reviewed_for_future_reduced_precision,,,Mississippi-grown or -raised farm products,Genuine MS Raised,,jphillipsperfolog@yahoo.com,internal_until_public_use_review,,https://ww.facebook.com/jpshowcattle/,,,False,False,False,False,False,False,False,1,msobs_43b21ea0ef3e9e81d16f,Genuine MS — Raised,https://genuinems.com/directory/jp-show-cattle/,B,2026-07-15,,new_state_candidate,promotion_eligible_reviewed,,Fields selected by evidence grade; every source observation remains separately auditable.
MS-F0C770EE6D,Landrum's Homestead & Village,landrums homestead and village,farm,unique_source_name_reviewed,MS,Jones,Laurel,39443,,public_business_address_reviewed_for_future_reduced_precision,,,Agritourism and farm activities; see MDAC venue description,Registered agritourism,(601) 649-2546,info@landrums.com,internal_until_public_use_review,http://www.landrums.com/,https://www.facebook.com/landrumshomestead/,,,False,False,False,False,False,False,False,1,msobs_801665eb7acc4210f880,MDAC registered agritourism venues,https://agnet.mdac.ms.gov/website/AgTourism/Venues_Single?id=10,B,2026-07-15,,new_state_candidate,promotion_eligible_reviewed,,Fields selected by evidence grade; every source observation remains separately auditable.
MS-5F869E6C00,McDonald Blueberry Farm,mcdonald blueberry farm,farm,unique_source_name_reviewed,MS,Jones,Sandersville,39477,,public_business_address_reviewed_for_future_reduced_precision,,,U-pick crops; agritourism,U-pick; agritourism,601-428-1920,,internal_until_public_use_review,,,,,True,False,False,False,True,False,False,1,msobs_80453bab43cb21f5b0c8,PickYourOwn — Southeast Mississippi,https://www.pickyourown.org/MSse.htm,E,2026-07-15,,new_state_candidate,research_or_qa_queue,single grade-E discovery listing needs corroboration; source reports closure and requires affirmative curator decision,Fields selected by evidence grade; every source observation remains separately auditable.
MS-2FD92E3D33,Pine Valley Farms,pine valley farms,farm,unique_source_name_reviewed,MS,Jones,Laurel,39443,,public_business_address_reviewed_for_future_reduced_precision,,,U-pick crops; agritourism,U-pick; agritourism,410-795-8314,info@pvf.opgtest.com,internal_until_public_use_review,http://www.pinevalleyfarms.com/,,,,True,False,False,False,True,False,False,1,msobs_308b4fa3770505c9dcb3,PickYourOwn — Southeast Mississippi,https://www.pickyourown.org/MSse.htm,E,2026-07-15,,new_state_candidate,research_or_qa_queue,single grade-E discovery listing needs corroboration,Fields selected by evidence grade; every source observation remains separately auditable.
MS-0464E41D8C,Talson Farms,talson farms,farm,merged_exact_name_reviewed,MS,Jones,Laurel,39443,"155 Charlie Green Rd., Laurel, MS 39443",public_business_address_reviewed_for_future_reduced_precision,,,Christmas Trees; Hand-made Wreaths (from tree trimming); Cookies; Cupcakes; Agritourism and farm activities; see MDAC venue description,Genuine MS Grown; Registered agritourism,(601) 433-4794,talsonoutdoors@hotmail.com,internal_until_public_use_review,https://talsonfarms.com/?fbclid=IwAR1BCK2mrAdVwdOh,https://www.facebook.com/talsonfarms,http://instagram.com/talsonfarms,,False,False,False,False,True,False,False,2,msobs_0fba63c631be45a20a5b | msobs_1e8ab9632a23396c9ff1,Genuine MS — Grown | MDAC registered agritourism venues,https://genuinems.com/directory/talson-farms/ | https://agnet.mdac.ms.gov/website/AgTourism/Venues_Single?id=106,B,2026-07-15,,new_state_candidate,promotion_eligible_reviewed,,Fields selected by evidence grade; every source observation remains separately auditable.
MS-F7C1C425BF,Taylor Farms,taylor farms,farm,unique_source_name_reviewed,MS,Jones,Ellisville,39437,,public_business_address_reviewed_for_future_reduced_precision,,,U-pick crops; agritourism,U-pick; agritourism,601-583-1448,,internal_until_public_use_review,,,,,True,False,False,False,True,False,False,1,msobs_6d0a8d6dbe8b78dbf16c,PickYourOwn — Southeast Mississippi,https://www.pickyourown.org/MSse.htm,E,2026-07-15,,new_state_candidate,research_or_qa_queue,single grade-E discovery listing needs corroboration; source reports closure and requires affirmative curator decision,Fields selected by evidence grade; every source observation remains separately auditable.
MS-E7C1EAFD04,Family Farm,family farm,farm,unique_source_name_reviewed,MS,Kemper,De Kalb,39328,48 Hodge Eldridge Road,public_business_address_reviewed_for_future_reduced_precision,,,eggs,LocalHarvest Family Farm,(601) 678-2770,,internal_until_public_use_review,,,,,True,False,False,False,False,False,False,1,msobs_7887ebd2d0f1fe904844,LocalHarvest — Mississippi county-seat gap search,https://www.localharvest.org/family-farm-M67394,D,2026-07-15,,new_state_candidate,promotion_eligible_reviewed,,Fields selected by evidence grade; every source observation remains separately auditable.
MS-39B80257B9,Pasture & Pine,pasture and pine,farm,unique_source_name_reviewed,MS,Kemper,Dekalb,39328,"6776 Highway 39 South, DeKalb, MS 39328",public_business_address_reviewed_for_future_reduced_precision,,,Grassfed and grass-finished beef; Grassfed and grass-finished lamb; Farm-fresh pork,Genuine MS Raised,(601) 938-8999,maryellenwaters@gmail.com,internal_until_public_use_review,,https://www.facebook.com/profile.php?id=100093181752721&mibextid=LQQJ4d,,,False,False,False,False,False,False,False,1,msobs_4d8b118068ee14abc5e3,Genuine MS — Raised,https://genuinems.com/directory/pasture-pine/,B,2026-07-15,,new_state_candidate,promotion_eligible_reviewed,,Fields selected by evidence grade; every source observation remains separately auditable.
MS-8379E012B5,Broken Magnolia Farm,broken magnolia farm,farm,unique_source_name_reviewed,MS,Lafayette,Taylor,38673,#86 Road 3065,public_business_address_reviewed_for_future_reduced_precision,,,green onions; chicken; goat; arugula; lettuce; salad greens; shallots; eggs; cucumber; eggplant; garlic; green beans; hot peppers; okra; peas; summer squash; sweet peppers; tomatoes,LocalHarvest Family Farm,(662) 801-6654,,internal_until_public_use_review,https://www.brokenmagnoliafarm.com,,,,True,False,False,False,False,False,False,1,msobs_e342bc985a538fe27cfd,LocalHarvest — Mississippi county-seat gap search,https://www.localharvest.org/broken-magnolia-farm-M38179,D,2026-07-15,,new_state_candidate,promotion_eligible_reviewed,,Fields selected by evidence grade; every source observation remains separately auditable.
MS-305BDFD489,Chadwick Farm,chadwick farm,farm,unique_source_name_reviewed,MS,Lafayette,Oxford,38655,,public_business_address_reviewed_for_future_reduced_precision,,,Agritourism and farm activities; see MDAC venue description,Registered agritourism,601-594-8917,alli@chadwick.farm,internal_until_public_use_review,,https://www.facebook.com/profile.php?id=61564988424401,,,False,False,False,False,True,False,False,1,msobs_fd73f4d34cac309b2c4b,MDAC registered agritourism venues,https://agnet.mdac.ms.gov/website/AgTourism/Venues_Single?id=192,B,2026-07-15,,new_state_candidate,promotion_eligible_reviewed,,Fields selected by evidence grade; every source observation remains separately auditable.
MS-E370893C65,"Etta Hills Farm, LLC",etta hills farm,farm,merged_cross_county_identity_reviewed,MS,Lafayette,Etta,38627,"90 County Road 253, Etta, MS 38627",public_business_address_reviewed_for_future_reduced_precision,34.470381,-89.227572,"100% grass-finished beef; Grass Fed and Grass-finished Beef; Grass Fed and Finished Lamb; Pastured Pork; Pastured Poultry; Non-GMO, Non-Soy Pastured Eggs; Agritourism and farm activities; see MDAC venue description",Meat; Genuine MS Raised; Registered agritourism,(662) 484-4147,tabithafulgham@protonmail.com,internal_until_public_use_review,https://www.ettahillsfarm.com/,https://www.facebook.com/ettahillsfarm,http://instagram.com/https://www.instagram.com/ettahillsfarmofficial/,,True,False,False,False,False,False,False,3,msobs_4432e4f8a58a27222372 | msobs_58b1f2aa3216685670d8 | msobs_27cb31aa16c29edf74a3,FarmFinder current canonical baseline — identity anchor only | Genuine MS — Raised | MDAC registered agritourism venues, | https://genuinems.com/directory/etta-hills-farm-llc/ | https://agnet.mdac.ms.gov/website/AgTourism/Venues_Single?id=209,B; E,2026-07-15,FF-0307,rediscovered_current_source,promotion_eligible_reviewed,,Fields selected by evidence grade; every source observation remains separately auditable.
MS-251870A7A9,Falkner Farms,falkner farms,farm,merged_cross_county_identity_reviewed,MS,Lafayette,Oxford,38655,"76 Highway 328, Oxford, MS 38655",public_business_address_reviewed_for_future_reduced_precision,34.842038,-88.934228,"Grass-fed beef, pasture-raised chickens; Grass Fed and Grass Finished Beef; Pasture Raised Chicken Eggs",Meat; Genuine MS Raised,(662) 832-2874,falknerfarmsms@gmail.com,internal_until_public_use_review,https://www.falknerfarms.com/,https://www.facebook.com/FalknerFarms,http://instagram.com/falknerfarms,,True,False,False,False,False,False,False,2,msobs_a54f2778ee25d1ffebbb | msobs_51fff95c03a172e13dbe,FarmFinder current canonical baseline — identity anchor only | Genuine MS — Raised,https://genuinems.com/directory/falkner-farms/,B; C,2026-07-15,FF-0281,rediscovered_current_source,promotion_eligible_reviewed,,Fields selected by evidence grade; every source observation remains separately auditable.
MS-99004D51BE,Fudgetown Farm,fudgetown farm,farm,merged_exact_name_reviewed,MS,Lafayette,Oxford,38655,148 County Road 418,public_business_address_reviewed_for_future_reduced_precision,,,"Fudgetown Farm is a small, regenerative farm in Oxford, MS specializing in heirloom vegetables and specialty flowers.; Agritourism and farm activities; see MDAC venue description",LocalHarvest Family Farm; Registered agritourism,662-380-1119,fudgetownfarm@gmail.com,internal_until_public_use_review,https://fudgetownfarm.com/,https://www.facebook.com/fudgetownfarm,https://instagram.com/fudgetownfarm,,True,False,False,False,True,False,False,2,msobs_0d47e985f39cddda4d33 | msobs_a03636de98346ca94e0c,LocalHarvest — Mississippi county-seat gap search | MDAC registered agritourism venues,https://www.localharvest.org/fudgetown-farm-M82904 | https://agnet.mdac.ms.gov/website/AgTourism/Venues_Single?id=187,B; D,2026-07-15,,new_state_candidate,promotion_eligible_reviewed,,Fields selected by evidence grade; every source observation remains separately auditable.
MS-2741EAB0D7,Old Thyme Farms,old thyme farms,farm,unique_source_name_reviewed,MS,Lafayette,Oxford,38655,,public_business_address_reviewed_for_future_reduced_precision,,,U-pick crops; agritourism,U-pick; agritourism,662-202-5776,oldthymefarms@gmail.com,internal_until_public_use_review,https://www.oldthymefarms.com,,,,True,False,False,False,True,False,False,1,msobs_ef3e0fd57a646ba71ad6,PickYourOwn — North Mississippi,https://www.pickyourown.org/MSnorth.htm,E,2026-07-15,,new_state_candidate,research_or_qa_queue,single grade-E discovery listing needs corroboration; source reports closure and requires affirmative curator decision,Fields selected by evidence grade; every source observation remains separately auditable.
MS-4C1B548C67,Sunset Oaks Farm,sunset oaks farm,farm,merged_cross_county_identity_reviewed,MS,Lafayette,Picayune,39466,"19 Wanna Be Lane, Picayune, Mississippi 39466",public_business_address_reviewed_for_future_reduced_precision,31.32712,-89.29034,"Pasture-raised meats, eggs; Pasture-raised Chicken; Pasture-raised eggs; Pasture and forest raised Pork; Grass-fed and finished Beef; goat; eggs; baked goods; soap; fresh flowers",Mixed; Genuine MS Raised; LocalHarvest Family Farm,(662) 715-8494,robert.m.harrison20@gmail.com,internal_until_public_use_review,https://sunsetoaksfarm.com,https://www.facebook.com/Sunset-Oaks-Farm-241062859302598,http://instagram.com/sunsetoaksfarm,,True,False,False,False,False,False,False,3,msobs_a03cdfb6c73f0185c461 | msobs_37cf0e45442f8c55e1f3 | msobs_1c8e8c8c29afd32dcc1e,FarmFinder current canonical baseline — identity anchor only | Genuine MS — Raised | LocalHarvest — Mississippi county-seat gap search,https://genuinems.com/directory/sunset-oaks-farm/ | https://www.localharvest.org/sunset-oaks-farm-M49326,B; C; D,2026-07-15,FF-0287,rediscovered_current_source,promotion_eligible_reviewed,,Fields selected by evidence grade; every source observation remains separately auditable.
MS-2453563208,Taylor Flower Patch,taylor flower patch,farm,unique_source_name_reviewed,MS,Lafayette,Taylor,38673,"88 County Road 332, Taylor, MS 38673",public_business_address_reviewed_for_future_reduced_precision,,,"Fresh cut flowers by arrangement of stem; Bulb flowers: daffodils, tulips, gladiolas, cana lilies, cala lilies, etc.; Potted plants: shamrocks, Christmas cactus, aloe vera, etc.; Herbs and herb bouquets",Genuine MS Grown,(901) 233-7180,TaylorFlowerPatch@gmail.com,internal_until_public_use_review,https://taylorflowerpatch.com/,https://www.facebook.com/jennicampbell1127/,http://instagram.com/taylorflowerpatch2022,,False,False,False,False,False,False,False,1,msobs_54981626f6e0360289c4,Genuine MS — Grown,https://genuinems.com/directory/taylor-flower-patch/,B,2026-07-15,,new_state_candidate,promotion_eligible_reviewed,,Fields selected by evidence grade; every source observation remains separately auditable.
MS-3AE1794108,Yokna Bottoms Farm,yokna bottoms farm,farm,unique_source_name_reviewed,MS,Lafayette,Oxford,38655,26 CR 471,public_business_address_reviewed_for_future_reduced_precision,,,arugula; beets; broccoli; cabbage; carrots; cauliflower; chinese greens; collards; garlic; green onions; kale; lettuce; onions; peas; potatoes; radishes; salad greens; spinach; edamame soybeans; green beans; hot peppers; okra; summer squash; sweet peppers; tomatoes; melons; strawberries; sunchokes; sweet potatoes; preserves,LocalHarvest Family Farm,(662) 380-2367,,internal_until_public_use_review,,http://www.facebook.com/yoknabottomsfarm,,,True,False,False,False,False,False,False,1,msobs_63a2e75dac22b2b61047,LocalHarvest — Mississippi county-seat gap search,https://www.localharvest.org/yokna-bottoms-farm-M40842,D,2026-07-15,,new_state_candidate,promotion_eligible_reviewed,,Fields selected by evidence grade; every source observation remains separately auditable.
MS-51FE574FDB,Fruit of the Vine,fruit of the vine,farm,unique_source_name_reviewed,MS,Lamar,Ellisville,39473,,public_business_address_reviewed_for_future_reduced_precision,,,Agritourism and farm activities; see MDAC venue description,Registered agritourism,,chriswestervelt@mac.com,internal_until_public_use_review,,https://www.facebook.com/profile.php?id=100069965853902,,,False,False,False,False,False,False,False,1,msobs_30c21861372bdf12535f,MDAC registered agritourism venues,https://agnet.mdac.ms.gov/website/AgTourism/Venues_Single?id=201,B,2026-07-15,,new_state_candidate,promotion_eligible_reviewed,,Fields selected by evidence grade; every source observation remains separately auditable.
MS-ABAAC889DE,Little Creek Landing,little creek landing,farm,unique_source_name_reviewed,MS,Lamar,Sumrall,39482,,public_business_address_reviewed_for_future_reduced_precision,,,Agritourism and farm activities; see MDAC venue description,Registered agritourism,601-270-8512,christhurman129@yahoo.com,internal_until_public_use_review,https://littlecreeklanding.com,https://www.facebook.com/littlecreeklanding,,,False,False,False,False,True,False,False,1,msobs_aa9915a55742d7d79802,MDAC registered agritourism venues,https://agnet.mdac.ms.gov/website/AgTourism/Venues_Single?id=189,B,2026-07-15,,new_state_candidate,promotion_eligible_reviewed,,Fields selected by evidence grade; every source observation remains separately auditable.
MS-A9E74CD086,Morgan Farms Custom Beef,morgan farms custom beef,farm,unique_source_name_reviewed,MS,Lamar,Sumrall,39482,"8874 US Highway 98, Sumrall, MS 39482",public_business_address_reviewed_for_future_reduced_precision,,,"Processed, Aged, & Packaged Whole Cow; Processed, Aged, & Packaged Half Cow; Processed, Aged, & Packaged Quarter Cow; Live Finished Cows; Replacement Heifers",Genuine MS Raised,(601) 408-1053,amanda@morganfarms22.com,internal_until_public_use_review,https://www.morganfarms22.com,https://www.facebook.com/Morganfarms22/,,,False,False,False,False,False,False,False,1,msobs_446c3e5f984caca67f6f,Genuine MS — Raised,https://genuinems.com/directory/morgan-farms-custom-beef/,B,2026-07-15,,new_state_candidate,promotion_eligible_reviewed,,Fields selected by evidence grade; every source observation remains separately auditable.
MS-43F516D0EC,Sandy Run Farm,sandy run farm,farm,unique_source_name_reviewed,MS,Lamar,,,,public_business_address_reviewed_for_future_reduced_precision,,,U-pick crops; agritourism,U-pick; agritourism,601-296-0630,sandyrunfarms@gmail.com,internal_until_public_use_review,,https://www.facebook.com/sandyrunfarm1,,,True,False,False,False,True,False,False,1,msobs_9d6f97eedb27260fc880,PickYourOwn — Southeast Mississippi,https://www.pickyourown.org/MSse.htm,E,2026-07-15,,new_state_candidate,research_or_qa_queue,city or safe public service area missing; single grade-E discovery listing needs corroboration,Fields selected by evidence grade; every source observation remains separately auditable.
MS-0908A67764,Sandy Run Farm & Nursery LLC,sandy run farm and nursery,farm,merged_exact_name_reviewed,MS,Lamar,Purvis,39475,"1092 Brooks Rd, Purvis, MS 39475",public_business_address_reviewed_for_future_reduced_precision,,,Blueberries; Blackberries; Peaches; Persimmons; Pumpkins; Jams and Jellies; Blueberry Lemonade; Agritourism and farm activities; see MDAC venue description,Genuine MS Grown; Registered agritourism,(601) 296-0630,sandyrunfarms@gmail.com,internal_until_public_use_review,,https://www.facebook.com/sandyrunfarm1/,,,False,False,False,False,True,False,False,2,msobs_987fc0e9ec19bc59728c | msobs_776e67617a5a805ab095,Genuine MS — Grown | MDAC registered agritourism venues,https://genuinems.com/directory/sandy-run-farm-nursery-llc/ | https://agnet.mdac.ms.gov/website/AgTourism/Venues_Single?id=78,B,2026-07-15,,new_state_candidate,promotion_eligible_reviewed,,Fields selected by evidence grade; every source observation remains separately auditable.
MS-ABA59A4309,Sawyer Farms,sawyer farms,farm,unique_source_name_reviewed,MS,Lamar,Lumberton,39455,,public_business_address_reviewed_for_future_reduced_precision,,,U-pick crops; agritourism,U-pick; agritourism,(504) 388-5422,events@sawyer-farms.com,internal_until_public_use_review,https://www.sawyerfarmsms.com/upcoming-events,,,,True,False,False,False,True,False,False,1,msobs_8cc5f3d0c9111b50078c,PickYourOwn — Southeast Mississippi,https://www.pickyourown.org/MSse.htm,E,2026-07-15,,new_state_candidate,research_or_qa_queue,single grade-E discovery listing needs corroboration,Fields selected by evidence grade; every source observation remains separately auditable.
MS-1A2CC5914F,Simply Dunn Honey,simply dunn honey,farm,unique_source_name_reviewed,MS,Lamar,Hattiesburg,39402,"1051 Parker Rd, Hattiesburg, MS 39402",public_business_address_reviewed_for_future_reduced_precision,,,Honey; Creamed Honey; Bees wax; Bee Hives/nucs,Genuine MS Raised,(601) 408-9869,grdunn1@yahoo.com,internal_until_public_use_review,,https://www.facebook.com/profile.php?id=100086982062905,,,False,False,False,False,False,False,False,1,msobs_a7e6a2950608125f10b1,Genuine MS — Raised,https://genuinems.com/directory/simply-dunn-honey/,B,2026-07-15,,new_state_candidate,promotion_eligible_reviewed,,Fields selected by evidence grade; every source observation remains separately auditable.
MS-09ABD6FE16,The Country Schoolhouse at Beaver Creek Farm,the country schoolhouse at beaver creek farm,farm,unique_source_name_reviewed,MS,Lamar,Purvis,39475,,public_business_address_reviewed_for_future_reduced_precision,,,Agritourism and farm activities; see MDAC venue description,Registered agritourism,(769) 456-5008,thecountryschoolhouse@gmail.com,internal_until_public_use_review,https://www.schoolhouseMS.org,https://www.facebook.com/thecountryschoolhouse/,,,False,False,False,False,False,False,False,1,msobs_876523e9178010c5ab5e,MDAC registered agritourism venues,https://agnet.mdac.ms.gov/website/AgTourism/Venues_Single?id=102,B,2026-07-15,,new_state_candidate,promotion_eligible_reviewed,,Fields selected by evidence grade; every source observation remains separately auditable.
MS-D301519AAA,"Tick Creek Farm, LLC",tick creek farm,farm,merged_cross_county_identity_reviewed,MS,Lamar,Sumrall,39482,"834 Lott Town Rd, Sumrall, MS 39482",public_business_address_reviewed_for_future_reduced_precision,31.41739,-89.54229,"Gulf Coast sheep, wool, wool products; Raw Wool; Wool Batts; Wool Roving; Drop Spindles; Dizes; Diz Threaders; Spinning Wheel Orifice Hook; Wool Bracelets; Shepherd’s Slings; Rabbits; Sheep; Pigs",Mixed; Genuine MS Raised,(601) 394-8454,jacob@tickcreekfarm.com,internal_until_public_use_review,https://tickcreekfarm.com,http://www.facebook.com/TickCreekFarm,http://instagram.com/https://www.instagram.com/tickcreekfarmllc,,True,False,False,False,False,False,False,2,msobs_b0460f67102dd60c8975 | msobs_fa40ef033443550ee98a,FarmFinder current canonical baseline — identity anchor only | Genuine MS — Raised, | https://genuinems.com/directory/tick-creek-farm-llc/,B; E,2026-07-15,FF-0087,rediscovered_current_source,promotion_eligible_reviewed,,Fields selected by evidence grade; every source observation remains separately auditable.
MS-FE6D3D39E3,Triple R Farms,triple r farms,farm,unique_source_name_reviewed,MS,Lamar,Hattiesburg,39402,,public_business_address_reviewed_for_future_reduced_precision,,,Agritourism and farm activities; see MDAC venue description,Registered agritourism,601-746-2069,TripleRFarmsHattiesburg@gmail.com,internal_until_public_use_review,https://www.triplerfarmshattiesburg.com/,,,,False,False,False,False,False,False,False,1,msobs_65f9ee57f3b19b27be64,MDAC registered agritourism venues,https://agnet.mdac.ms.gov/website/AgTourism/Venues_Single?id=118,B,2026-07-15,,new_state_candidate,promotion_eligible_reviewed,,Fields selected by evidence grade; every source observation remains separately auditable.
MS-26BEB91D91,Vesely's Nursery,veselys nursery,farm,unique_source_name_reviewed,MS,Lamar,Sumrall,39482,,public_business_address_reviewed_for_future_reduced_precision,,,Agritourism and farm activities; see MDAC venue description,Registered agritourism,(601) 264-9518,veselys@bellsouth.net,internal_until_public_use_review,,https://www.facebook.com/veselysnursery/,,,False,False,False,False,False,False,False,1,msobs_b36c017a1c3d50c36b0a,MDAC registered agritourism venues,https://agnet.mdac.ms.gov/website/AgTourism/Venues_Single?id=57,B,2026-07-15,,new_state_candidate,promotion_eligible_reviewed,,Fields selected by evidence grade; every source observation remains separately auditable.
MS-641066D11E,B & W Orchard,b and w orchard,farm,unique_source_name_reviewed,MS,Lauderdale,Meridian,39301,,public_business_address_reviewed_for_future_reduced_precision,,,U-pick crops; agritourism,U-pick; agritourism,601-659-7357,giftmakersplus@bellsouth.net,internal_until_public_use_review,,,,,True,False,False,False,True,False,False,1,msobs_6e5bc04715a7c0805b79,PickYourOwn — East-central Mississippi,https://www.pickyourown.org/MSeast.htm,E,2026-07-15,,new_state_candidate,research_or_qa_queue,single grade-E discovery listing needs corroboration,Fields selected by evidence grade; every source observation remains separately auditable.
MS-5413931C38,Gourd Gracious Farm,gourd gracious farm,farm,unique_source_name_reviewed,MS,Lauderdale,Collinsville,39325,,public_business_address_reviewed_for_future_reduced_precision,,,U-pick crops; agritourism,U-pick; agritourism,601-737-5333,gourdgracious@comcast.net,internal_until_public_use_review,,https://www.facebook.com/dollyzimm1/,,,True,False,False,False,True,False,False,1,msobs_5f9da3cf3292e613450f,PickYourOwn — East-central Mississippi,https://www.pickyourown.org/MSeast.htm,E,2026-07-15,,new_state_candidate,research_or_qa_queue,single grade-E discovery listing needs corroboration; source reports closure and requires affirmative curator decision,Fields selected by evidence grade; every source observation remains separately auditable.
MS-7AD8A52178,"Henderson Heritage Homestead, LLC",henderson heritage homestead,farm,merged_exact_name_reviewed,MS,Lauderdale,Bailey,39320,"4755a Trick Talbert Road, Bailey, Mississippi 39320",public_business_address_reviewed_for_future_reduced_precision,32.29876,-90.18481,"Heritage poultry, livestock; Farm Fresh Chicken Eggs; Goats; Live Poultry (Standard, Bantams, Specialty Breeds, Rare Breeds); Baby chicks (Farm Raised); Started Pullets; Breeding Poultry Pairs & Trios",Mixed; Genuine MS Raised,(601) 692-6105,sacia.henderson@yahoo.com,internal_until_public_use_review,,,,,True,False,False,False,False,False,False,2,msobs_bc27054ef255a8e81646 | msobs_ea37c69cc49c4dcd02c2,FarmFinder current canonical baseline — identity anchor only | Genuine MS — Raised, | https://genuinems.com/directory/henderson-heritage-homestead-llc/,B; E,2026-07-15,FF-0282,rediscovered_current_source,promotion_eligible_reviewed,,Fields selected by evidence grade; every source observation remains separately auditable.
MS-3EDCA4CD21,Johnson Blueberry Farm,johnson blueberry farm,farm,unique_source_name_reviewed,MS,Lauderdale,Meridian,39305,,public_business_address_reviewed_for_future_reduced_precision,,,U-pick crops; agritourism,U-pick; agritourism,601-626-8166,johnsonblueberries@yahoo.com,internal_until_public_use_review,https://johnsonblueberryfarm.com,,,,True,False,False,False,True,False,False,1,msobs_4bd491f98212d67e290e,PickYourOwn — East-central Mississippi,https://www.pickyourown.org/MSeast.htm,E,2026-07-15,,new_state_candidate,research_or_qa_queue,single grade-E discovery listing needs corroboration; source reports closure and requires affirmative curator decision,Fields selected by evidence grade; every source observation remains separately auditable.
MS-3AB7179A72,The Reservation Farm,the reservation farm,farm,unique_source_name_reviewed,MS,Lawrence,Lawrence,39654,"413 Cub Brown Rd., Lawrence, MS 39654",public_business_address_reviewed_for_future_reduced_precision,,,Better Boy Tomatoes; Big Boy Tomatoes; Celebrity Tomatoes; Cherry Tomatoes; Pink-eye Purple Hull Peas; Specked Butterbeans; Green Lima Beans; Cucumbers; Squash; Cantelope; Watermelon; Sweet Corn; Blueberries; Okra; Mustard and Turnip Greens,Genuine MS Grown,601-740-0152,abkkincaid78@gmail.com,internal_until_public_use_review,,https://www.facebook.com/profile.php?id=100026635076396,,,False,False,False,False,False,False,False,1,msobs_645eb0290a9ac63c306e,Genuine MS — Grown,https://genuinems.com/directory/the-reservation-farm/,B,2026-07-15,,new_state_candidate,promotion_eligible_reviewed,,Fields selected by evidence grade; every source observation remains separately auditable.
MS-BD82294A85,Dixie Girl Farm,dixie girl farm,farm,unique_source_name_reviewed,MS,Leake,Carthage,39051,,public_business_address_reviewed_for_future_reduced_precision,,,U-pick crops; agritourism,U-pick; agritourism,601 900 8862,rgrbx@yahoo.com,internal_until_public_use_review,,,,,True,False,False,False,True,False,False,1,msobs_ff8e217b908f5aac4f1a,PickYourOwn — East-central Mississippi,https://www.pickyourown.org/MSeast.htm,E,2026-07-15,,new_state_candidate,research_or_qa_queue,single grade-E discovery listing needs corroboration; source reports closure and requires affirmative curator decision,Fields selected by evidence grade; every source observation remains separately auditable.
MS-1A13F1F16B,Our Four Acre Farm,our four acre farm,farm,unique_source_name_reviewed,MS,Leake,Carthage,39051,"2148 Red Dog Rd, Carthage, MS 39051",public_business_address_reviewed_for_future_reduced_precision,,,"Beeswax + Honey Lip Balm; Vanilla-Infused Oil; Beekeeper's Salve; Lymphatic Massage Oil; Beeswax and Tallow Candles; Herbal Tea Blends and Simmer Pots; Vanilla + Honey Tallow Balm; Golden Honey Body Wash; Plant Based Face Cleanser, Toner, and Youth Glow Serum and Sun Balm,; Beeswax Chest Rub; Comfrey Salve and Drawing Salve; Raw Honey; Bug Bee Gone; Clay Masks; Beeswax; Lash Pomade; Calendula Oil; Magnesium Spray",Genuine MS Raised,601-910-8998,ourfouracrefarm@gmail.com,internal_until_public_use_review,https://www.ourfouracrefarm.com,https://www.facebook.com/ourfouracrefarm,,,False,False,False,False,False,False,False,1,msobs_e095bad277a01f92bf0f,Genuine MS — Raised,https://genuinems.com/directory/our-four-acre-farm/,B,2026-07-15,,new_state_candidate,promotion_eligible_reviewed,,Fields selected by evidence grade; every source observation remains separately auditable.
MS-1FCA13C150,Reyer Farms,reyer farms,farm,merged_exact_name_reviewed,MS,Leake,Lena,39094,1098 County Line Rd,public_business_address_reviewed_for_future_reduced_precision,32.58944,-89.59472,Mixed farm products; beef; pork; eggs; baked goods; bread; preserves; sheepskins; garlic; green onions; blackberries; strawberries; sweet corn; cucumber; eggplant; hot peppers; okra; onions; peas; shallots; summer squash; sweet peppers; tomatoes; zucchini; fresh flowers; popcorn; arugula; beets; collards; kale; kohlrabi; lettuce; mustard greens; radishes; swiss chard; turnips; Pineywoods Cattle; Mississippi Silver Hull Bean-Crowder Cowpeas; Amish Paste Tomato; Orange Oxheart Tomato; Sudduth Strain Brandywine Tomato,Mixed; LocalHarvest Family Farm,(601) 906-1185,reyerfarms@gmail.com,internal_until_public_use_review,https://reyerfarms.com,https://www.facebook.com/ReyerFarms/,,,True,True,True,False,False,False,False,2,msobs_bd78ef0082975ef61af4 | msobs_e5ac16031bf0c206a864,FarmFinder current canonical baseline — identity anchor only | LocalHarvest — Mississippi county-seat gap search,https://agnet.mdac.ms.gov/MarketPortal/MarketPortal_Single?id=477 | https://www.localharvest.org/reyer-farms-M63421,C; D,2026-07-15,FF-0094,rediscovered_current_source,promotion_eligible_reviewed,,Fields selected by evidence grade; every source observation remains separately auditable.
MS-ED75146ACE,Rosebud Christmas Trees,rosebud christmas trees,farm,unique_source_name_reviewed,MS,Leake,Walnut Grove,39189,,public_business_address_reviewed_for_future_reduced_precision,,,Agritourism and farm activities; see MDAC venue description,Registered agritourism,(601) 253-2285,massey_larry@hotmail.com,internal_until_public_use_review,http://www.rosebudchristmastrees.jsmassey.com/,,,,False,False,False,False,True,False,False,1,msobs_5c9dcb66d7448f4d56cf,MDAC registered agritourism venues,https://agnet.mdac.ms.gov/website/AgTourism/Venues_Single?id=40,B,2026-07-15,,new_state_candidate,promotion_eligible_reviewed,,Fields selected by evidence grade; every source observation remains separately auditable.
MS-DC1BB65DA7,Goff Farms,goff farms,farm,unique_source_name_reviewed,MS,Lee,Tupelo,38804,,public_business_address_reviewed_for_future_reduced_precision,,,Agritourism and farm activities; see MDAC venue description,Registered agritourism,662-322-6462,john_adamgoff@hotmail.com,internal_until_public_use_review,,https://www.facebook.com/profile.php?id=61577022687834,,,False,False,False,False,True,False,False,1,msobs_b03180c758e8e9a13ae5,MDAC registered agritourism venues,https://agnet.mdac.ms.gov/website/AgTourism/Venues_Single?id=191,B,2026-07-15,,new_state_candidate,promotion_eligible_reviewed,,Fields selected by evidence grade; every source observation remains separately auditable.
MS-0A9F3627E2,Native Son Farm,native son farm,farm,unique_source_name_reviewed,MS,Lee,Tupelo,38804,,public_business_address_reviewed_for_future_reduced_precision,,,Agritourism and farm activities; see MDAC venue description,Registered agritourism,662-205-4526,nativesonproduce@gmail.com,internal_until_public_use_review,https://www.nativesonfarm.com,https://www.facebook.com/nativeson.farm,,,True,False,False,False,True,False,False,1,msobs_c529a0e28685d65307bc,MDAC registered agritourism venues,https://agnet.mdac.ms.gov/website/AgTourism/Venues_Single?id=208,B,2026-07-15,,new_state_candidate,promotion_eligible_reviewed,,Fields selected by evidence grade; every source observation remains separately auditable.
MS-DCF554024D,Pistolville Market and Grill,pistolville market and grill,producer_requires_type_review,merged_exact_name_reviewed,MS,Lee,Guntown,38849,"1430 Hwy 145, Guntown, Mississippi 38849",public_business_address_reviewed_for_future_reduced_precision,,,Mississippi raised beef; Mississippi purple hull peas; Sweet corn,Genuine MS Grown; Genuine MS Raised,(662) 372-5428,mississippieatz@yahoo.com,internal_until_public_use_review,,,,,False,False,False,False,False,False,False,2,msobs_85c8390116ced2e17e85 | msobs_0ddfad36de2d0b104852,Genuine MS — Grown | Genuine MS — Raised,https://genuinems.com/directory/pistolville-market-and-grill/,B,2026-07-15,,new_state_candidate,research_or_qa_queue,directory candidate needs independent farm-operation evidence,Fields selected by evidence grade; every source observation remains separately auditable.
MS-1E1A77C55B,Tupelo Buffalo Park and Zoo,tupelo buffalo park and zoo,farm,unique_source_name_reviewed,MS,Lee,Tupelo,38803,,public_business_address_reviewed_for_future_reduced_precision,,,Agritourism and farm activities; see MDAC venue description,Registered agritourism,(662) 844-8709,info@tupelobuffalopark.com,internal_until_public_use_review,http://www.tupelobuffalopark.com/,https://www.facebook.com/tupelobuffalopark,,,False,False,False,False,True,False,False,1,msobs_33879e6147df3287fa99,MDAC registered agritourism venues,https://agnet.mdac.ms.gov/website/AgTourism/Venues_Single?id=12,B,2026-07-15,,new_state_candidate,promotion_eligible_reviewed,,Fields selected by evidence grade; every source observation remains separately auditable.
MS-BBE779A6E4,Heartland Catfish Company,heartland catfish,producer_requires_type_review,unique_source_name_reviewed,MS,Leflore,Itta Bena,38941,"55001 Highway 82 West, Itta Bena, Mississippi 38941",public_business_address_reviewed_for_future_reduced_precision,,,Whole Catfish; Catfish Steaks; Catfish Shank Fillets; Catfish Split Fillets; Catfish Fillet Strips; Catfish Nuggets; Hushpuppies,Genuine MS Raised,(662) 254-7100,social.network@heartlandcatfish.com,internal_until_public_use_review,http://www.heartlandcatfish.com,https://www.facebook.com/iHeartCatfish/,http://instagram.com/HeartlandCatfishCo,,False,False,False,False,False,False,False,1,msobs_e29961787d086163df20,Genuine MS — Raised,https://genuinems.com/directory/heartland-catfish-company/,B,2026-07-15,,new_state_candidate,research_or_qa_queue,directory candidate needs independent farm-operation evidence,Fields selected by evidence grade; every source observation remains separately auditable.
MS-28E0655D88,Levee Run Farm,levee run farm,farm,unique_source_name_reviewed,MS,Leflore,Greenwood,38930,802 Grenada Blvd. Ext.,public_business_address_reviewed_for_future_reduced_precision,,,chinese greens; collards; garlic; kale; kohlrabi; lettuce; mustard greens; radishes; salad greens; salad mix; spinach; swiss chard; tomatoes; turnips; winter-squash; eggs; luffa; cucumber; eggplant; green beans; okra; summer squash; blackberries; chicken; fresh flowers; gourds; hot peppers; onions; sweet peppers; zucchini; arugula; broccoli; cabbage; pecans; New Hampshire Chicken; Plymouth Rock Chicken; American Native Pecan,LocalHarvest Family Farm,(662) 392-4189,,internal_until_public_use_review,https://leveerunfarm.org,http://www.facebook.com/leveerunfarm,,,True,False,False,False,False,False,False,1,msobs_b6913fd121715b5e4e95,LocalHarvest — Mississippi county-seat gap search,https://www.localharvest.org/levee-run-farm-M33291,D,2026-07-15,,new_state_candidate,promotion_eligible_reviewed,,Fields selected by evidence grade; every source observation remains separately auditable.
MS-A47B9371DD,Roebuck Blues Blueberries,roebuck blues blueberries,farm,unique_source_name_reviewed,MS,Leflore,Sidon,38954,56321 CR 555,public_business_address_reviewed_for_future_reduced_precision,,,blueberries,LocalHarvest Family Farm,(601) 209-2623,,internal_until_public_use_review,https://Freshblueberries.biz,http://www.facebook.com/RoebuckBluesBlueBerries,,,True,False,False,False,False,False,False,1,msobs_e4c5bcd0caacd8587833,LocalHarvest — Mississippi county-seat gap search,https://www.localharvest.org/roebuck-blues-blueberries-M84206,D,2026-07-15,,new_state_candidate,promotion_eligible_reviewed,,Fields selected by evidence grade; every source observation remains separately auditable.
MS-0066571590,Roebuck Plantation Blueberry Farm/ Roebuck Blues,roebuck plantation blueberry farm roebuck blues,farm,unique_source_name_reviewed,MS,Leflore,Sidon,38954,,public_business_address_reviewed_for_future_reduced_precision,,,U-pick crops; agritourism,U-pick; agritourism,(601) 209-2623,jtsaa@netdoor.com,internal_until_public_use_review,,https://www.facebook.com/groups/RoebuckBlueberries/,,,True,False,False,False,True,False,False,1,msobs_191f04b0625161f921df,PickYourOwn — North Mississippi,https://www.pickyourown.org/MSnorth.htm,E,2026-07-15,,new_state_candidate,research_or_qa_queue,single grade-E discovery listing needs corroboration; source reports closure and requires affirmative curator decision,Fields selected by evidence grade; every source observation remains separately auditable.
MS-86882272C1,Alderman Farms,alderman farms,farm,unique_source_name_reviewed,MS,Lincoln,Brookhaven,39601,1905 Norman Trail NW,public_business_address_reviewed_for_future_reduced_precision,,,kale; lettuce; mustard greens; salad greens; salad mix; spinach; chicken; pork; turkey; eggs; cucumber; eggplant; garlic; green beans; hot peppers; summer squash; sweet peppers; tomatoes; zucchini; raw milk; yogurt; medicinal herbs; seeds; okra; peas; figs; bread; pumpkins,LocalHarvest Family Farm,,,internal_until_public_use_review,https://aldermanfarms.net,http://www.facebook.com/aldermanfarms,,,True,False,False,False,False,False,False,1,msobs_1e28beb51930fe5006f5,LocalHarvest — Mississippi county-seat gap search,https://www.localharvest.org/alderman-farms-M68150,D,2026-07-15,,new_state_candidate,promotion_eligible_reviewed,,Fields selected by evidence grade; every source observation remains separately auditable.
MS-F73C905A81,Culbertson Cattle Co.,culbertson cattle,farm,merged_cross_county_identity_reviewed,MS,Lincoln,Bogue Chitto,39629,612 US-51,public_business_address_reviewed_for_future_reduced_precision,32.834635,-88.923767,Beef; beef; pork,Meat; LocalHarvest Family Farm,(334) 208-7244,,internal_until_public_use_review,https://culbertsoncattleco.com,http://www.facebook.com/culbertsoncattlecompany,https://instagram.com/culbertsoncattlecompany,,True,False,False,False,False,False,False,2,msobs_25ba37bec49e6f5fe267 | msobs_9bf32b0b1c27aa85b25d,FarmFinder current canonical baseline — identity anchor only | LocalHarvest — Mississippi county-seat gap search, | https://www.localharvest.org/culbertson-cattle-co--M86205,D; E,2026-07-15,FF-0273,rediscovered_current_source,promotion_eligible_reviewed,,Fields selected by evidence grade; every source observation remains separately auditable.
MS-FD76405465,Kingbeehoney,kingbeehoney,farm,unique_source_name_reviewed,MS,Lincoln,Brookhaven,39601,"2572 E Lincoln Rd SE, Brookhaven, Mississippi 39601",public_business_address_reviewed_for_future_reduced_precision,,,Honey; Creamed honey; Bees wax candles; Salves; Chap stick; Honey whipped body butter; Lip balm,Genuine MS Raised,(601) 597-5512,kingbeehoney2572@yahoo.com,internal_until_public_use_review,https://www.kingbeehoney2572.com,https://www.facebook.com/kbh2572,,,False,False,False,False,False,False,False,1,msobs_5e1855845734223dc31d,Genuine MS — Raised,https://genuinems.com/directory/kingbeehoney/,B,2026-07-15,,new_state_candidate,promotion_eligible_reviewed,,Fields selected by evidence grade; every source observation remains separately auditable.
MS-59F69D41E1,LandMax Properties & Timber Company,landmax properties and timber,producer_requires_type_review,unique_source_name_reviewed,MS,Lincoln,Brookhaven,39601,"1271 Antique Lane , Brookhaven, MS 39601",public_business_address_reviewed_for_future_reduced_precision,,,We Buy Timber!,Genuine MS Grown,(601) 835-5050,office@landmaxproperties.com,internal_until_public_use_review,,https://www.facebook.com/LandMAXProperties/,,,False,False,False,False,False,False,False,1,msobs_0892dd1a786f5e1acb2f,Genuine MS — Grown,https://genuinems.com/directory/landmax-properties-timber-company/,B,2026-07-15,,new_state_candidate,research_or_qa_queue,directory candidate needs independent farm-operation evidence,Fields selected by evidence grade; every source observation remains separately auditable.
MS-84E8F62FD2,Smith's Nature Friendly Farm,smiths nature friendly farm,farm,unique_source_name_reviewed,MS,Lincoln,Brookhaven,,,public_business_address_reviewed_for_future_reduced_precision,,,cabbage; carrots; cauliflower; celery; chinese greens; collards; daikon; green onions; kale; kohlrabi; mustard greens; pumpkins; radishes; turnips; eggs; baked goods; preserves; gourds; seeds; onions; cucumber; eggplant; garlic; green beans; hot peppers; okra; summer squash; sweet peppers; tomatillos; tomatoes; winter-squash; zucchini; blackberries; blueberries; figs; oranges; sweet potatoes; Amish Pie Squash,LocalHarvest Family Farm,(601) 320-2333,,internal_until_public_use_review,https://iwetmtplants.net/,http://www.facebook.com/iwetmyplants.net/,https://instagram.com/iwetmyplantsnet/,,True,False,False,False,False,False,False,1,msobs_c7c14672dadb33c05812,LocalHarvest — Mississippi county-seat gap search,https://www.localharvest.org/smiths-nature-friendly-farm-M81310,D,2026-07-15,,new_state_candidate,promotion_eligible_reviewed,,Fields selected by evidence grade; every source observation remains separately auditable.
MS-0EF4071AE9,The Great Mississippi Tea Company,the great mississippi tea,farm,merged_exact_name_reviewed,MS,Lincoln,S. Mississippi,39601,2575 E Lincoln Rd SE,public_business_address_reviewed_for_future_reduced_precision,31.32712,-89.29034,"Tea (Camellia Sinensis); We are a local USA tea farm focused on delivering high quality tea, in a sustainable farm to table way. Our farm started out with only a few plants and now has almost 40,000 tea plants. We process the teas right on the farm. Our tea processing has been masterfully developed to bring the quality of tea that you would expect from an international seller, however it is 100% grown and processed in the USA. We offer many of the traditional verities such as Black Tea, Colonel Grey, Green Tea. But we also offer an array of harder to find and more exotic teas such as Yellow Tea, Chai and Oolong. For those that love flavored teas, we have that covered too. Farm tours are available by appointment or s",Produce; LocalHarvest Family Farm,(601) 823-4295,,internal_until_public_use_review,https://www.greatmsteacompany.com/,http://www.facebook.com/TheGreatMississippiTeaCompany/,https://instagram.com/greatmsteaco/,,True,False,False,True,False,False,False,2,msobs_cd94f36b8699ace1cdde | msobs_e207ed2f295cd6182374,FarmFinder current canonical baseline — identity anchor only | LocalHarvest — Mississippi county-seat gap search,https://www.greatmsteacompany.com/ | https://www.localharvest.org/the-great-mississippi-tea-company-M81332,C; D,2026-07-15,FF-0294,rediscovered_current_source,promotion_eligible_reviewed,,Fields selected by evidence grade; every source observation remains separately auditable.
MS-1CDF9E6C23,The Hideaway at Reed's Estate,the hideaway at reeds estate,farm,unique_source_name_reviewed,MS,Lincoln,Monticello,39654,,public_business_address_reviewed_for_future_reduced_precision,,,Agritourism and farm activities; see MDAC venue description,Registered agritourism,(601) 823-4191,berniereed@rc-investors.com,internal_until_public_use_review,http://www.reedshideaway.com/,https://www.facebook.com/thehideawayatreedsestate/,,,False,False,False,False,False,False,False,1,msobs_35ebe970b610338825ab,MDAC registered agritourism venues,https://agnet.mdac.ms.gov/website/AgTourism/Venues_Single?id=68,B,2026-07-15,,new_state_candidate,promotion_eligible_reviewed,,Fields selected by evidence grade; every source observation remains separately auditable.
MS-EA26E1FF19,C & W Farm,c and w farm,farm,unique_source_name_reviewed,MS,Lowndes,Caledonia,39740,,public_business_address_reviewed_for_future_reduced_precision,,,Agritourism and farm activities; see MDAC venue description,Registered agritourism,662-640-3406,cwfarmsms@gmail.com,internal_until_public_use_review,https://cwfarmsms.com/,https://www.facebook.com/cwfarmmscaledonia,,,False,False,False,False,True,False,False,1,msobs_a754f9603fd76dd30516,MDAC registered agritourism venues,https://agnet.mdac.ms.gov/website/AgTourism/Venues_Single?id=169,B,2026-07-15,,new_state_candidate,promotion_eligible_reviewed,,Fields selected by evidence grade; every source observation remains separately auditable.
MS-D0681A29AC,C&W Farms Caledonia,c and w farms caledonia,farm,unique_source_name_reviewed,MS,Lowndes,Caledonia,39740,"735 Jack Wiggins Road, Caledonia, MS 39740",public_business_address_reviewed_for_future_reduced_precision,,,Pumpkins,Genuine MS Grown,(662) 640-3406,cwfarmsms@gmail.com,internal_until_public_use_review,,https://www.facebook.com/cwfarmmscaledonia,,,False,False,False,False,False,False,False,1,msobs_5e95165d0145d49269ac,Genuine MS — Grown,https://genuinems.com/directory/cw-farms-caledonia/,B,2026-07-15,,new_state_candidate,promotion_eligible_reviewed,,Fields selected by evidence grade; every source observation remains separately auditable.
MS-504F75B591,Dowdle Family Farms,dowdle family farms,farm,merged_exact_name_reviewed,MS,Lowndes,Caledonia,39740,"1412 Seed Tick Rd, Caledonia, MS 39740",public_business_address_reviewed_for_future_reduced_precision,32.29876,-90.18481,Beef; Pastured Pork; Pasture Raised Beef; Honey and Honey Bees,Meat; Genuine MS Raised,(662) 435-0921,rob@dowdlefamilyfarms.com,internal_until_public_use_review,https://dowdlefamilyfarms.com,,,,True,False,False,False,False,False,False,2,msobs_7dc25c591a57ba8773e1 | msobs_9a19ec2e252ba05e61b1,FarmFinder current canonical baseline — identity anchor only | Genuine MS — Raised,https://genuinems.com/directory/dowdle-family-farms/,B; C,2026-07-15,FF-0306,rediscovered_current_source,promotion_eligible_reviewed,,Fields selected by evidence grade; every source observation remains separately auditable.
MS-88E1205054,Mini Tails Farm,mini tails farm,farm,unique_source_name_reviewed,MS,Lowndes,Columbus,39701,,public_business_address_reviewed_for_future_reduced_precision,,,Agritourism and farm activities; see MDAC venue description,Registered agritourism,(662) 549-3555,denabradford24@gmail.com,internal_until_public_use_review,,https://www.facebook.com/minitailsfarm/,,,False,False,False,False,False,False,False,1,msobs_1dc8a3cab5296c333b8b,MDAC registered agritourism venues,https://agnet.mdac.ms.gov/website/AgTourism/Venues_Single?id=89,B,2026-07-15,,new_state_candidate,promotion_eligible_reviewed,,Fields selected by evidence grade; every source observation remains separately auditable.
MS-B40B50D81F,Walking W Cattle Company,walking w cattle,farm,unique_source_name_reviewed,MS,Lowndes,Columbus,39701,"606 Watson Rd, Columbus, MS 39701",public_business_address_reviewed_for_future_reduced_precision,,,"Hamburger, all cuts of beef, ribs, soup bones, and organ meats",Genuine MS Raised,(662) 251-4159,walkingwcattle@gmail.com,internal_until_public_use_review,,,,,False,False,False,False,False,False,False,1,msobs_4add931066cc2067d22b,Genuine MS — Raised,https://genuinems.com/directory/walking-w-cattle-company/,B,2026-07-15,,new_state_candidate,promotion_eligible_reviewed,,Fields selected by evidence grade; every source observation remains separately auditable.
MS-EE25DBBC9B,Bailey Barn Farms & Soap Co.,bailey barn farms and soap,farm,unique_source_name_reviewed,MS,Madison,Canton,39046,"478 Ratliff Ferry Road, Canton, MS 39046",public_business_address_reviewed_for_future_reduced_precision,,,Goat Milk Soaps; Goat Milk Lotions; Goat Milk Lip Balms; Goat Milk Bath Bombs; Goat Milk Body Butter,Genuine MS Raised,(601) 559-5929,Baileybarnfarmssoapco@gmail.com,internal_until_public_use_review,https://www.baileybarnfarmsoapco.com,https://www.facebook.com/BBaileyfarms?mibextid=LQQJ4d,http://instagram.com/@Baileybarnfarmsoapco,,False,False,False,False,False,False,False,1,msobs_8221d299e626b765562a,Genuine MS — Raised,https://genuinems.com/directory/bailey-barn-farms-soap-co/,B,2026-07-15,,new_state_candidate,promotion_eligible_reviewed,,Fields selected by evidence grade; every source observation remains separately auditable.
MS-4578D20339,Blueberry Hill Canton,blueberry hill canton,farm,unique_source_name_reviewed,MS,Madison,,,,public_business_address_reviewed_for_future_reduced_precision,,,U-pick crops; agritourism,U-pick; agritourism,601-201-0763,,internal_until_public_use_review,,https://www.facebook.com/jufrog66,,,True,False,False,False,True,False,False,1,msobs_e129173f21b5354077a2,PickYourOwn — Jackson and west-central Mississippi,https://www.pickyourown.org/MSjackson.htm,E,2026-07-15,,new_state_candidate,research_or_qa_queue,city or safe public service area missing; single grade-E discovery listing needs corroboration,Fields selected by evidence grade; every source observation remains separately auditable.
MS-0B0835A7FD,Bozeman Meat Co.,bozeman meat,farm,merged_exact_name_reviewed,MS,Madison,Flora,39071,"4839 E Main St. , Flora, MS 39071",public_business_address_reviewed_for_future_reduced_precision,32.5432,-90.30926,Premium beef; Beef,Meat; Genuine MS Raised,(601) 398-8587,trey@bozemanmeats.com,internal_until_public_use_review,,https://www.facebook.com/profile.php?id=61562104192006&mibextid=wwXIfr&mibextid=wwXIfr,http://instagram.com/Bozemanmeatco,,True,False,False,False,False,False,False,2,msobs_3fcc98c272228e96c3af | msobs_378e5ae35c19ab8c5365,FarmFinder current canonical baseline — identity anchor only | Genuine MS — Raised,https://genuinems.com/directory/bozeman-meat-co/,B; C,2026-07-15,FF-0278,rediscovered_current_source,promotion_eligible_reviewed,,Fields selected by evidence grade; every source observation remains separately auditable.
MS-EFEE28B956,Breezy Oaks Ranch,breezy oaks ranch,farm,unique_source_name_reviewed,MS,Madison,Canton,39046,"298 Quail Road, Canton, MS 39046",public_business_address_reviewed_for_future_reduced_precision,,,"Pasture Raised, Dry-Aged Beef; Pasture Raised Pork",Genuine MS Raised,(601) 668-8383,ssimpson@breezyoaksranch.com,internal_until_public_use_review,https://breezyoaksranch.com,https://www.facebook.com/breezyoaksMS/,,,False,False,False,False,False,False,False,1,msobs_7d1b939bdc4730ddf180,Genuine MS — Raised,https://genuinems.com/directory/breezy-oaks-ranch/,B,2026-07-15,,new_state_candidate,promotion_eligible_reviewed,,Fields selected by evidence grade; every source observation remains separately auditable.
MS-AB4329E3DA,Burnt Corn Farm,burnt corn farm,farm,unique_source_name_reviewed,MS,Madison,Flora,39071,,public_business_address_reviewed_for_future_reduced_precision,,,Agritourism and farm activities; see MDAC venue description,Registered agritourism,601-672-9180,burntcornfarm@gmail.com,internal_until_public_use_review,,https://www.facebook.com/profile.php?id=100068721636947,,,False,False,False,False,True,False,False,1,msobs_fd4b377b5e5782ac0157,MDAC registered agritourism venues,https://agnet.mdac.ms.gov/website/AgTourism/Venues_Single?id=203,B,2026-07-15,,new_state_candidate,promotion_eligible_reviewed,,Fields selected by evidence grade; every source observation remains separately auditable.
MS-5393A12FE0,"Cal-Maine Foods, Inc",cal maine foods,farm,unique_source_name_reviewed,MS,Madison,Ridgeland,39157,"1052 Highland Colony Pkwy, Ridgeland , MS 39157",public_business_address_reviewed_for_future_reduced_precision,,,Shell Eggs; Liquid Eggs; Specialty Eggs; Cage-free Eggs; Brown Eggs; Organic Eggs; Egg-Land's Best Eggs; Land O' Lakes; Vegetarian; Omega-3 Eggs,Genuine MS Raised,(601) 948-6813,drrynlaster@outlook.com,internal_until_public_use_review,https://www.calmainefoods.com/,https://www.facebook.com/CalMaineFoods/,,,False,False,False,False,False,False,False,1,msobs_017c50257975a74797c1,Genuine MS — Raised,https://genuinems.com/directory/cal-maine-foods-inc/,B,2026-07-15,,new_state_candidate,promotion_eligible_reviewed,,Fields selected by evidence grade; every source observation remains separately auditable.
MS-A21FCAC4F3,Flower Farm and Cottage,flower farm and cottage,farm,unique_source_name_reviewed,MS,Madison,Madison,39110,"164 Trace Cove Drive, Madison, Mississippi 39110",public_business_address_reviewed_for_future_reduced_precision,,,"Florist Quality Cut Flowers; Floral Design for any occasion; Floral services such as banquet, wedding, holiday and other floral services.; Free flower growers training and selling locations",Genuine MS Grown,(601) 672-0755,dyowell@aol.com,internal_until_public_use_review,,https://www.facebook.com/Flower-Farm-and-Cottage-100191078877233,,,False,False,False,False,False,False,False,1,msobs_54399fd79907638922f2,Genuine MS — Grown,https://genuinems.com/directory/flower-farm-and-cottage/,B,2026-07-15,,new_state_candidate,promotion_eligible_reviewed,,Fields selected by evidence grade; every source observation remains separately auditable.
MS-B3541DBCCE,Heavenly Trace Farm and Orchard LLC,heavenly trace farm and orchard,farm,unique_source_name_reviewed,MS,Madison,Madison,39110,"201 Palmers Ct 884 Attala Hwy 43 Kosciusko, MS 39090, Madison, MS 39110",public_business_address_reviewed_for_future_reduced_precision,,,Fruit; Vegetables; Nursery Plants; Timber,Genuine MS Grown,(601) 397-1643,john@heavenlytrace.com,internal_until_public_use_review,https://www.Heavenlytrace.com,,,,False,False,False,False,False,False,False,1,msobs_0527519d44372ed8d614,Genuine MS — Grown,https://genuinems.com/directory/heavenly-trace-farm-and-orchard-llc/,B,2026-07-15,,new_state_candidate,promotion_eligible_reviewed,,Fields selected by evidence grade; every source observation remains separately auditable.
MS-CA8CBF93FA,Keep Mississippi Beautiful’s Wildflower Trails of Mississippi,keep mississippi beautifuls wildflower trails of mississippi,producer_requires_type_review,unique_source_name_reviewed,MS,Madison,Madison,39110,"150 Fountains Blvd., Suite D, Madison, MS 39110",public_business_address_reviewed_for_future_reduced_precision,,,Wildflower Seed; Wildflowers,Genuine MS Grown,(601) 853-4210,sarah@keepmsbeautiful.com,internal_until_public_use_review,https://mswildflowers.org/,https://www.facebook.com/mswildflowers/,,,False,False,False,False,False,False,False,1,msobs_9b801a76414392a98a6b,Genuine MS — Grown,https://genuinems.com/directory/keep-mississippi-beautifuls-wildflower-trails-of-mississippi/,B,2026-07-15,,new_state_candidate,research_or_qa_queue,directory candidate needs independent farm-operation evidence,Fields selected by evidence grade; every source observation remains separately auditable.
MS-902F6323FB,LAN Farms,lan farms,farm,merged_exact_name_reviewed,MS,Madison,Ridgeland,39157,"217 Draperton Drive Suite 100, Ridgeland , MS 39157",public_business_address_reviewed_for_future_reduced_precision,32.29876,-90.18481,Fine quality beef cuts; Big Beef Box - 50-55 lbs of high quality beef in a variety of cuts including 30 lbs of ground; Weeknight Hero Box - 30 lbs of high quality ground beef,Meat; Genuine MS Raised,(769) 218-6617,sales@lan-farms.com,internal_until_public_use_review,https://lan-farms.com,https://www.facebook.com/share/1RLSzkTeR3/?mibextid=wwXIfr,http://instagram.com/Lan_farms_ms,,True,False,False,False,False,False,False,2,msobs_147d71e2f530c07bad29 | msobs_d8ef97af6f3677faec1f,FarmFinder current canonical baseline — identity anchor only | Genuine MS — Raised,https://genuinems.com/directory/lan-farms/,B; C,2026-07-15,FF-0289,rediscovered_current_source,promotion_eligible_reviewed,,Fields selected by evidence grade; every source observation remains separately auditable.
MS-3A99DF6DF5,Lloyd Farms Corriente Cattle Co,lloyd farms corriente cattle,farm,merged_exact_name_reviewed,MS,Madison,Canton,39046,"366 Moss Rd, Canton, MS 39046",public_business_address_reviewed_for_future_reduced_precision,32.612602,-90.036751,Corriente beef (only producer in MS); 1/4 Beef; 1/2 Beef; Whole Beef; 10 lb Ground Beef Box,Meat; Genuine MS Raised,(601) 899-2946,lloydfarmscorrientecattle@outlook.com,internal_until_public_use_review,,https://facebook.com/southernstatearena,http://instagram.com/lloydfarmsbeef,,True,False,False,False,False,False,False,2,msobs_0983445bedc1353e7a88 | msobs_e5979c8ca049210c424c,FarmFinder current canonical baseline — identity anchor only | Genuine MS — Raised, | https://genuinems.com/directory/lloyd-farms-corriente-cattle-co/,B; E,2026-07-15,FF-0290,rediscovered_current_source,promotion_eligible_reviewed,,Fields selected by evidence grade; every source observation remains separately auditable.
MS-3629DCE2DE,Madison Flower Farmette,madison flower farmette,farm,unique_source_name_reviewed,MS,Madison,Madison,39110,,public_business_address_reviewed_for_future_reduced_precision,,,Agritourism and farm activities; see MDAC venue description,Registered agritourism,601-672-0755,dyowell@aol.com,internal_until_public_use_review,,https://www.facebook.com/dailydaffodils,,,False,False,False,False,False,False,False,1,msobs_6cf53e58de885465102e,MDAC registered agritourism venues,https://agnet.mdac.ms.gov/website/AgTourism/Venues_Single?id=188,B,2026-07-15,,new_state_candidate,promotion_eligible_reviewed,,Fields selected by evidence grade; every source observation remains separately auditable.
MS-DA9F0884E4,MISSISSIPPI BEES,mississippi bees,farm,unique_source_name_reviewed,MS,Madison,Jackson,39209,"176 Highway 49 N, Jackson, Mississippi 39209",public_business_address_reviewed_for_future_reduced_precision,,,Honey; Comb Honey,Genuine MS Raised,(601) 879-8044,frank@mississippibees.com,internal_until_public_use_review,,https://www.facebook.com/pages/category/Shopping---Retail/Mississippi-Bees-Honey-and-Beeswax-Products-129981840384248/,,,False,False,False,False,False,False,False,1,msobs_fc3fa4e2f0d14bdae3c8,Genuine MS — Raised,https://genuinems.com/directory/mississippi-bees/,B,2026-07-15,,new_state_candidate,promotion_eligible_reviewed,,Fields selected by evidence grade; every source observation remains separately auditable.
MS-A29EBD9D96,Mississippi Poodles Doodles and Giants,mississippi poodles doodles and giants,producer_requires_type_review,unique_source_name_reviewed,MS,Madison,Canton,39046,"Birch Ln., Canton , MS 39046",public_business_address_reviewed_for_future_reduced_precision,,,Giant Schnauzers; Standard Poodles,Genuine MS Raised,(662) 701-7986,helenlanemilton@gmail.com,internal_until_public_use_review,https://www.mspoodlesdoodlesandgiants.com/,https://www.facebook.com/profile.php?id=100087493509672,http://instagram.com/mspoodlesdoodlesandgiants,,False,False,False,False,False,False,False,1,msobs_b3ad8b74d3cf86b4660a,Genuine MS — Raised,https://genuinems.com/directory/mississippi-poodles-doodles-and-giants/,B,2026-07-15,,new_state_candidate,research_or_qa_queue,directory candidate needs independent farm-operation evidence,Fields selected by evidence grade; every source observation remains separately auditable.
MS-075ACBFC23,Moseley Meadows,moseley meadows,farm,merged_exact_name_reviewed,MS,Madison,Madison,39110,"466 Yandell Rd, Madison, Mississippi 39110",public_business_address_reviewed_for_future_reduced_precision,,,Pumpkins; Agritourism and farm activities; see MDAC venue description,Genuine MS Grown; Genuine MS Raised; Registered agritourism,(601) 664-8970,MoseleyMeadows@gmail.com,internal_until_public_use_review,,https://www.facebook.com/moseleymeadows,http://instagram.com/moseleymeadows,,False,False,False,False,True,False,False,3,msobs_690c8eb0332eafb6ad3a | msobs_8520f13bf955da0fc93e | msobs_5a0c173cb424f1b233a5,Genuine MS — Grown | Genuine MS — Raised | MDAC registered agritourism venues,https://genuinems.com/directory/moseley-meadows/ | https://agnet.mdac.ms.gov/website/AgTourism/Venues_Single?id=115,B,2026-07-15,,new_state_candidate,promotion_eligible_reviewed,,Fields selected by evidence grade; every source observation remains separately auditable.
MS-23940495C0,Patina Farm,patina farm,farm,unique_source_name_reviewed,MS,Madison,Canton,39046,,public_business_address_reviewed_for_future_reduced_precision,,,Agritourism and farm activities; see MDAC venue description,Registered agritourism,601-941-7771,beth@patina.farm,internal_until_public_use_review,https://www.patina.farm,,,,False,False,False,False,False,False,False,1,msobs_e45c0ed2a1fe887ff933,MDAC registered agritourism venues,https://agnet.mdac.ms.gov/website/AgTourism/Venues_Single?id=184,B,2026-07-15,,new_state_candidate,promotion_eligible_reviewed,,Fields selected by evidence grade; every source observation remains separately auditable.
MS-83CC88845A,Raines Wagyu,raines wagyu,farm,unique_source_name_reviewed,MS,Madison,Flora,,,public_business_address_reviewed_for_future_reduced_precision,32.5432,-90.30926,Wagyu beef,Meat,,,internal_until_public_use_review,,,,,True,False,False,False,False,False,False,1,msobs_5d1e24c6f0bf9f7650b8,FarmFinder current canonical baseline — identity anchor only,,E,2026-07-15,FF-0291,canonical_baseline_only,research_or_qa_queue,single grade-E discovery listing needs corroboration; canonical baseline farm not rediscovered in current three-pass sources,Fields selected by evidence grade; every source observation remains separately auditable.
MS-856591CD83,Salad Days,salad days,farm,merged_exact_name_reviewed,MS,Madison,Flora,39071,"256 First Street, Flora, Mississippi 39071",public_business_address_reviewed_for_future_reduced_precision,32.5432,-90.30926,Hydroponic lettuces year-round; Bibb lettuce; Spring Mix lettuce; Basil,Produce; Genuine MS Grown,(601) 209-8611,leigh@saladdaysproduce.com,internal_until_public_use_review,https://www.saladdaysproduce.com,https://www.facebook.com/saladdaysproduce/,http://instagram.com/saladdaysproduce,,True,False,False,False,False,False,False,2,msobs_077a9d6d2de93624b1ec | msobs_381c61aaf07b716c8da5,FarmFinder current canonical baseline — identity anchor only | Genuine MS — Grown,https://genuinems.com/directory/salad-days/,B; C,2026-07-15,FF-0105,rediscovered_current_source,promotion_eligible_reviewed,,Fields selected by evidence grade; every source observation remains separately auditable.
MS-CE5F5CCADC,Sparrow Gardens,sparrow gardens,producer_requires_type_review,unique_source_name_reviewed,MS,Madison,Madison,39110,"Visit Website For Bread Pick-Up Location, Madison, MS 39110",public_business_address_reviewed_for_future_reduced_precision,,,Artisan Sourdough Breads; Seasonal Baked Goods; Fresh & Dried Herbs,Genuine MS Grown,615-962-2926,sparrowgardensms@gmail.com,internal_until_public_use_review,https://www.hotplate.com/sparrow_gardens,https://www.facebook.com/profile.php?id=61566392412795,http://instagram.com/sparrow_gardens,,False,False,False,False,False,False,False,1,msobs_93d727d865ec2284d54a,Genuine MS — Grown,https://genuinems.com/directory/sparrow-gardens/,B,2026-07-15,,new_state_candidate,research_or_qa_queue,directory candidate needs independent farm-operation evidence,Fields selected by evidence grade; every source observation remains separately auditable.
MS-BE0F4D162D,Twelve2 Farm,twelve2 farm,farm,merged_exact_name_reviewed,MS,Madison,Canton,39046,"429 Davis Crossing Road, Canton, MS 39046",public_business_address_reviewed_for_future_reduced_precision,32.29876,-90.18481,"U-pick flower farm, experiences; U-pick cut flowers (spring, summer, fall); Floral bouquets and subscriptions; Agrotourism experiences; Cage free eggs; Handmade soaps; Farm merchandise; Agritourism and farm activities; see MDAC venue description",Produce; Genuine MS Grown; Genuine MS Raised; Registered agritourism,(769) 447-8444,twelve2farm@gmail.com,internal_until_public_use_review,https://www.twelve2farm.com/?fbclid=IwAR2dezqXcfeR,Https://www.facebook.com/twelve2farms,http://instagram.com/Twelve2Farm,,True,False,False,False,True,False,False,4,msobs_d58ed9bfd1c0989e3c32 | msobs_b6503933ec6efa3d92d5 | msobs_8c4720462601f7682dbf | msobs_46830f3e5b48eda3059f,FarmFinder current canonical baseline — identity anchor only | Genuine MS — Grown | Genuine MS — Raised | MDAC registered agritourism venues,https://genuinems.com/directory/twelve2-farm/ | https://agnet.mdac.ms.gov/website/AgTourism/Venues_Single?id=182,B; C,2026-07-15,FF-0300,rediscovered_current_source,promotion_eligible_reviewed,,Fields selected by evidence grade; every source observation remains separately auditable.
MS-63671E5AB9,Two Dog Farms,two dog farms,farm,merged_exact_name_reviewed,MS,Madison,Flora,39071,"256 1st Street, Flora, MS 39071",public_business_address_reviewed_for_future_reduced_precision,32.29876,-90.18481,"Diverse vegetables; Tomatoes: different varieties; Squash; Zucchini; Cucumbers; Eggplant; Peppers: different Varieties; Potatoes; Blueberries; Watermelons; Cantaloupes; Leeks; Onions; Green Beans; Greens: different varieties; Broccoli; Cauliflower; Cabbage; Herbs; Kohlrabi; Peas; Carrots; Love; OKRA, TOMATO, SQUASH, ZUCCHINI, SNAP BEANS, PEPPERS, HERBS, EDAMAME, MELONS, CARROTS, CABBAGE, KALE, BROCCOLI, CAULIFLOWER, LETTUCE, SPINACH, GREENS, PUMPKINS, & CUT FLOWERS.",Produce; Genuine MS Grown; Genuine MS Raised; Mississippi Farmers Market agricultural vendor,(662) 719-0285,twodogfarmsllc@gmail.com,internal_until_public_use_review,http://twodogfarms.org,https://www.facebook.com/twodogfarmsllc/,http://instagram.com/twodogfarmsllc,,True,True,False,False,False,False,False,4,msobs_19d2bdcbd9c509c1f68d | msobs_b661191f406f0cf4df67 | msobs_ba6671f11074dbf127f1 | msobs_c73238876701ed664e09,FarmFinder current canonical baseline — identity anchor only | Genuine MS — Grown | Genuine MS — Raised | MDAC Mississippi Farmers Market agricultural vendors,https://genuinems.com/directory/two-dog-farms/ | https://agnet.mdac.ms.gov/Website/FarmerMarket_VendorView.aspx?PassedID=46,B; C,2026-07-15,FF-0103,rediscovered_current_source,promotion_eligible_reviewed,,Fields selected by evidence grade; every source observation remains separately auditable.
MS-330C672923,WS Cattle Co.,ws cattle,farm,merged_exact_name_reviewed,MS,Madison,Flora,39071,"200 Crawford Rd., Flora, Mississippi 39071",public_business_address_reviewed_for_future_reduced_precision,32.5432,-90.30926,"Angus/Hereford beef; 1/4, 1/2, and whole beef; beef butcher boxes- 10, 20, and 30 lb. options; 10 lb. ground beef box",Meat; Genuine MS Raised,(601) 506-5040,wscattle@outlook.com,internal_until_public_use_review,https://www.wscattleco.com/,https://www.facebook.com/profile.php?id=100076179044881,http://instagram.com/wscattleco,,True,False,False,False,False,False,False,2,msobs_a13df1632dde7392e4e5 | msobs_5c5f6c95a45df7bd4dab,FarmFinder current canonical baseline — identity anchor only | Genuine MS — Raised,https://genuinems.com/directory/ws-cattle-co/,B; C,2026-07-15,FF-0292,rediscovered_current_source,promotion_eligible_reviewed,,Fields selected by evidence grade; every source observation remains separately auditable.
MS-065F9C8A5F,Grace Magnolia,grace magnolia,farm,unique_source_name_reviewed,MS,Marion,Okolona,38860,,public_business_address_reviewed_for_future_reduced_precision,,,Agritourism and farm activities; see MDAC venue description,Registered agritourism,352-572-1063,USA352@aol.com,internal_until_public_use_review,,,,,False,False,False,False,True,False,False,1,msobs_b2d38633ff6320557fa7,MDAC registered agritourism venues,https://agnet.mdac.ms.gov/website/AgTourism/Venues_Single?id=126,B,2026-07-15,,new_state_candidate,promotion_eligible_reviewed,,Fields selected by evidence grade; every source observation remains separately auditable.
MS-BC55C05A7F,Granny Springs Farm,granny springs farm,farm,unique_source_name_reviewed,MS,Marion,Foxworth,,,public_business_address_reviewed_for_future_reduced_precision,,,Providing Cucumbers; Potatoes; Tomatoes; Zucchini; Lettuce; Okra; Peas; Peppers; Onions; Squash,Farm Marketplace; direct-to-consumer,(402) 216-7617,grannyspringsfarm@gmail.com,internal_until_public_use_review,,https://www.facebook.com/people/Granny-Springs-Farm/61562642237924/,,,True,False,False,False,False,False,False,1,msobs_a0fdfe2adc232211dcf6,MDAC Mississippi Farm Marketplace,https://agnet.mdac.ms.gov/MarketPortal/MarketPortal?farm=Granny+Springs+Farm,B,2026-07-15,,new_state_candidate,promotion_eligible_reviewed,,Fields selected by evidence grade; every source observation remains separately auditable.
MS-90AF80994B,James Melcher,james melcher,farm,unique_source_name_reviewed,MS,Marion,Columbia,39429,,public_business_address_reviewed_for_future_reduced_precision,,,U-pick crops; agritourism,U-pick; agritourism,601-736-8432,,internal_until_public_use_review,,,,,True,False,False,False,True,False,False,1,msobs_6c95048c0650b9df88ea,PickYourOwn — Southwest Mississippi,https://www.pickyourown.org/MSsw.htm,E,2026-07-15,,new_state_candidate,research_or_qa_queue,single grade-E discovery listing needs corroboration; source reports closure and requires affirmative curator decision,Fields selected by evidence grade; every source observation remains separately auditable.
MS-2BD8679EB3,Primas Family Farm,primas family farm,farm,unique_source_name_reviewed,MS,Marion,Columbia,39429,"14 Jerdon Drive, Columbia, MS 39429",public_business_address_reviewed_for_future_reduced_precision,,,Cucumbers; Squash; Tomatoes; Okra; Watermelons; Bell Peppers,Genuine MS Grown,601-554-6211,walterprimas195@gmail.com,internal_until_public_use_review,,,,,False,False,False,False,False,False,False,1,msobs_8df1084a116c5a3a1666,Genuine MS — Grown,https://genuinems.com/directory/primas-family-farm/,B,2026-07-15,,new_state_candidate,promotion_eligible_reviewed,,Fields selected by evidence grade; every source observation remains separately auditable.
MS-014CA2F398,Tolar Farm,tolar farm,farm,unique_source_name_reviewed,MS,Marion,Columbia,,,public_business_address_reviewed_for_future_reduced_precision,,,beef; goat; pork; molasses,LocalHarvest Family Farm,(601) 441-2401,,internal_until_public_use_review,,,,,True,False,False,False,False,False,False,1,msobs_7045e4d9f1802018a573,LocalHarvest — Mississippi county-seat gap search,https://www.localharvest.org/tolar-farm-M53933,D,2026-07-15,,new_state_candidate,promotion_eligible_reviewed,,Fields selected by evidence grade; every source observation remains separately auditable.
MS-55DBB0B2FA,Angel Wings Greenhouse,angel wings greenhouse,farm,unique_source_name_reviewed,MS,Marshall,Byhalia,38611,,public_business_address_reviewed_for_future_reduced_precision,,,U-pick crops; agritourism,U-pick; agritourism,901-412-9218,byhaliagreenhouse@yahoo.com,internal_until_public_use_review,,https://www.facebook.com/p/Angel-Wings-Greenhouse-Vendor-and-Farmer-Market-100091451041867/,,,True,False,False,False,True,False,False,1,msobs_ac290d2831554a3860c4,PickYourOwn — North Mississippi,https://www.pickyourown.org/MSnorth.htm,E,2026-07-15,,new_state_candidate,research_or_qa_queue,single grade-E discovery listing needs corroboration,Fields selected by evidence grade; every source observation remains separately auditable.
MS-48B4E47E40,Barefoot Bouquets,barefoot bouquets,farm,unique_source_name_reviewed,MS,Marshall,Holly Springs,38635,102 Pauline Dr.,public_business_address_reviewed_for_future_reduced_precision,,,fresh flowers,LocalHarvest Family Farm,,,internal_until_public_use_review,https://barefootbouquets.com,http://www.facebook.com/barefootbouquets,,,True,False,False,False,False,False,False,1,msobs_4dd672326edbe8f1afdd,LocalHarvest — Mississippi county-seat gap search,https://www.localharvest.org/barefoot-bouquets-M82680,D,2026-07-15,,new_state_candidate,promotion_eligible_reviewed,,Fields selected by evidence grade; every source observation remains separately auditable.
MS-7CB5B0EB4C,Chulahoma’s Garden,chulahomas garden,farm,merged_exact_name_reviewed,MS,Marshall,Holly Springs,38635,"260 Jamison Rd, Holly Springs, MS 38635",public_business_address_reviewed_for_future_reduced_precision,34.65361,-89.63028,"Vegetables, herbs; Vegetables, variety, specialize in leafy greens, lettuce, squash and peppers both hot and bell; HONEY; NATURAL SOAPS AND BATH BALLS; CANNED PRODUCTS",Produce; Genuine MS Grown; Genuine MS Raised,(662) 484-3260,chulahomasgarden@gmail.com,internal_until_public_use_review,,https://www.facebook.com/ChulahomasGarden/,http://instagram.com/https://www.instagram.com/deloriseandtony/,,True,False,False,False,False,False,False,3,msobs_86445e96219e05d14667 | msobs_d377dabd08953fd49102 | msobs_80c94f0b5b054d326baf,FarmFinder current canonical baseline — identity anchor only | Genuine MS — Grown | Genuine MS — Raised,https://genuinems.com/directory/chulahomas-garden/,B; C,2026-07-15,FF-0106,rediscovered_current_source,promotion_eligible_reviewed,,Fields selected by evidence grade; every source observation remains separately auditable.
MS-CB7EF57D37,Jackson Family Farmstead,jackson family farmstead,farm,unique_source_name_reviewed,MS,Marshall,Holly Springs,38635,600 Eddie Lee Smith dr,public_business_address_reviewed_for_future_reduced_precision,,,chicken; pork; turkey; eggs,LocalHarvest Family Farm,(662) 400-9937,,internal_until_public_use_review,https://jacksonfamilyfarmstead.com,http://www.facebook.com/JacksonFamilyFarmstead,,,True,False,False,False,False,False,False,1,msobs_e536b9668630bbad726d,LocalHarvest — Mississippi county-seat gap search,https://www.localharvest.org/jackson-family-farmstead-M82896,D,2026-07-15,,new_state_candidate,promotion_eligible_reviewed,,Fields selected by evidence grade; every source observation remains separately auditable.
MS-68878C2FBE,Richard Williamson's Blueberry Farm,richard williamsons blueberry farm,farm,unique_source_name_reviewed,MS,Marshall,Holly Springs,38635,,public_business_address_reviewed_for_future_reduced_precision,,,U-pick crops; agritourism,U-pick; agritourism,,Jennylynn.eyes4you@gmail.com,internal_until_public_use_review,,https://www.facebook.com/profile.php?id=100069899928641,,,True,False,False,False,True,False,False,1,msobs_dd732ace523cebc44d58,PickYourOwn — North Mississippi,https://www.pickyourown.org/MSnorth.htm,E,2026-07-15,,new_state_candidate,research_or_qa_queue,single grade-E discovery listing needs corroboration,Fields selected by evidence grade; every source observation remains separately auditable.
MS-1AE851BA15,Riley Acres,riley acres,farm,unique_source_name_reviewed,MS,Marshall,Red Banks,38635,,public_business_address_reviewed_for_future_reduced_precision,,,U-pick crops; agritourism,U-pick; agritourism,(901) 240-3048,halriley@bellsouth.net,internal_until_public_use_review,,,,,True,False,False,False,True,False,False,1,msobs_57bb19cec3ad7c5111ce,PickYourOwn — North Mississippi,https://www.pickyourown.org/MSnorth.htm,E,2026-07-15,,new_state_candidate,research_or_qa_queue,single grade-E discovery listing needs corroboration; source reports closure and requires affirmative curator decision,Fields selected by evidence grade; every source observation remains separately auditable.
MS-F1A93CF352,Wall Hill's 3G Farms,wall hills 3g farms,farm,unique_source_name_reviewed,MS,Marshall,Byhalia,38611,,public_business_address_reviewed_for_future_reduced_precision,,,Agritourism and farm activities; see MDAC venue description,Registered agritourism,901-356-1300,Wallhills3gfarms@gmail.com,internal_until_public_use_review,https://wallhills3gfarms.com/,,,,False,False,False,False,True,False,False,1,msobs_9fb06bda0b17534005c1,MDAC registered agritourism venues,https://agnet.mdac.ms.gov/website/AgTourism/Venues_Single?id=140,B,2026-07-15,,new_state_candidate,promotion_eligible_reviewed,,Fields selected by evidence grade; every source observation remains separately auditable.
MS-C18F0B4B8C,Weesner Meadow Meats,weesner meadow farm,farm,merged_exact_name_reviewed,MS,Marshall,Holly Springs,38635,"4140 Hwy 7 N, Holly Springs, MS 38635",public_business_address_reviewed_for_future_reduced_precision,34.76801,-89.447878,"Pastured livestock and/or farm products; see source listing; Grass-fed beef, pastured pork; Grass fed, natural, dry aged beef whole, half and individual cuts & ground; Pastured, natural whole, half and individual cuts; Large Black Hogs, piglets, and starter herds",Pastured-product farm; direct sales; Meat; Genuine MS Raised,(662) 504-4214,jbweesner@icloud.com,internal_until_public_use_review,https://weesnermeadow.com,https://www.facebook.com/grassfedranch/,,,True,False,True,True,False,False,False,3,msobs_af483ea95da6cfc92e84 | msobs_89595632a72217c3c96e | msobs_e1c4147bc6639857fbb6,EatWild Mississippi directory | FarmFinder current canonical baseline — identity anchor only | Genuine MS — Raised,https://www.eatwild.com/products/mississippi.html | https://weesnermeadow.com | https://genuinems.com/directory/weesner-meadow-meats/,B; C; D,2026-07-15,FF-0265,rediscovered_current_source,promotion_eligible_reviewed,,Fields selected by evidence grade; every source observation remains separately auditable.
MS-8E56C4226C,MS PEANUT SUPPLY,ms peanut supply,producer_requires_type_review,unique_source_name_reviewed,MS,Monroe,Aberdeen,39730,"41155 HIGHWAY 45 SOUTH, Aberdeen, MS 39730",public_business_address_reviewed_for_future_reduced_precision,,,Raw shelled peanuts; Fried peanuts,Genuine MS Grown,(662) 369-2733,roland@mspeanut.com,internal_until_public_use_review,https://www.mspeanut.com,https://www.facebook.com/mspeanutsupply/,,,False,False,False,False,False,False,False,1,msobs_ad1da5aa12ea3803c092,Genuine MS — Grown,https://genuinems.com/directory/ms-peanut-supply/,B,2026-07-15,,new_state_candidate,research_or_qa_queue,directory candidate needs independent farm-operation evidence,Fields selected by evidence grade; every source observation remains separately auditable.
MS-4341DA5919,"R & R Vineyard, LLC",r and r vineyard,farm,merged_exact_name_reviewed,MS,Monroe,Greenwood Springs,38848,"50173 Greenwood Springs Rd, Greenwood Springs , MS 38848",public_business_address_reviewed_for_future_reduced_precision,,,Specialty Paintings and Portraits; Bunch Grape Wines; Fruit Wines; Agritourism and farm activities; see MDAC venue description,Genuine MS Grown; Registered agritourism,(662) 436-9494,ruth@ruthsart4u.com,internal_until_public_use_review,http://www.ruthsart4u.com/,https://www.facebook.com/RuthsFineArt4u/,,,True,False,False,False,True,False,False,2,msobs_1761632c14b525c3687a | msobs_71c1db96416b8067e54f,Genuine MS — Grown | MDAC registered agritourism venues,https://genuinems.com/directory/r-r-vineyard/ | https://agnet.mdac.ms.gov/website/AgTourism/Venues_Single?id=85,B,2026-07-15,,new_state_candidate,promotion_eligible_reviewed,,Fields selected by evidence grade; every source observation remains separately auditable.
MS-11F994F503,Addison Blueberry Farms,addison blueberry farms,farm,unique_source_name_reviewed,MS,Montgomery,Duck Hill,38925,"1042 Duck Hill Ranch Road, Duck Hill, MS 38925",public_business_address_reviewed_for_future_reduced_precision,,,Corn; Squash; Okra; Watermelon; Bell Peppers; Cayenne Peppers; Herbs; Tomatoes,Genuine MS Grown,225-250-6613,tsaddi1974@gmail.com,internal_until_public_use_review,,,,,False,False,False,False,False,False,False,1,msobs_15d78258e7a895d2fc46,Genuine MS — Grown,https://genuinems.com/directory/addison-blueberry-farms/,B,2026-07-15,,new_state_candidate,promotion_eligible_reviewed,,Fields selected by evidence grade; every source observation remains separately auditable.
MS-B5ECD18B81,Amason Farms,amason farms,farm,merged_exact_name_reviewed,MS,Montgomery,Duck Hill,38925,"2517 Hwy 51, Duck Hill, MS 38925",public_business_address_reviewed_for_future_reduced_precision,33.557157,-88.408899,"Angus/Charolais beef, no hormones; Beef; Pork; Meat",Meat; Genuine MS Raised; Mississippi Farmers Market agricultural vendor,(662) 565-2481,duckhillhardware1@gmail.com,internal_until_public_use_review,,,,,True,True,False,False,False,False,False,3,msobs_27f0762b0d89766c158d | msobs_a9b5ca2851d858f82a58 | msobs_f9d655272fb51b151777,FarmFinder current canonical baseline — identity anchor only | Genuine MS — Raised | MDAC Mississippi Farmers Market agricultural vendors,https://genuinems.com/directory/amason-farms/ | https://agnet.mdac.ms.gov/Website/FarmerMarket_VendorView.aspx?PassedID=280,B; C,2026-07-15,FF-0304,rediscovered_current_source,promotion_eligible_reviewed,,Fields selected by evidence grade; every source observation remains separately auditable.
MS-13E9B90DAA,Bull Bottom Farms,bull bottom farms,farm,unique_source_name_reviewed,MS,Montgomery,Duck Hill,38925,,public_business_address_reviewed_for_future_reduced_precision,,,Agritourism and farm activities; see MDAC venue description,Registered agritourism,(662) 614-5746,info@bullbottomfarms.com,internal_until_public_use_review,http://www.bullbottomfarms.com/,https://www.facebook.com/BullBottomFarms/?ref=ts,,,False,False,False,False,False,False,False,1,msobs_3999ff54163c812eb750,MDAC registered agritourism venues,https://agnet.mdac.ms.gov/website/AgTourism/Venues_Single?id=24,B,2026-07-15,,new_state_candidate,promotion_eligible_reviewed,,Fields selected by evidence grade; every source observation remains separately auditable.
MS-1664C87562,Crooked Row Farms LLC,crooked row farms,farm,merged_exact_name_reviewed,MS,Montgomery,Duck Hill,38925,"792 Fisher Crossing , Duck Hill, MS 38925",public_business_address_reviewed_for_future_reduced_precision,,,"Coturnix Quail, fertilized eggs; Coturnix Quail, pickled eggs; Coturnix Quail, chicks; Coturnix Quail, adults; Coturnix Quail, dressed; Silkie Chickens, fresh eggs; Silkie Chickens, fertilized eggs; Silkie Chickens, chicks; Silkie Chickens, adults; Pumpkins",Genuine MS Grown; Genuine MS Raised,(662) 310-4500,csykes@holmescc.edu,internal_until_public_use_review,,,http://instagram.com/crooked_row_farms_llc,,False,False,False,False,False,False,False,2,msobs_7402640e7d26794396f8 | msobs_3a4a93467ab7131322a0,Genuine MS — Grown | Genuine MS — Raised,https://genuinems.com/directory/crooked-row-farms-llc/,B,2026-07-15,,new_state_candidate,promotion_eligible_reviewed,,Fields selected by evidence grade; every source observation remains separately auditable.
MS-4349A2E93E,May's Corn Maze,mays corn maze,farm,unique_source_name_reviewed,MS,Montgomery,Stewart,39767,,public_business_address_reviewed_for_future_reduced_precision,,,Agritourism and farm activities; see MDAC venue description,Registered agritourism,(662) 258-2613,brendapmay@yahoo.com,internal_until_public_use_review,,https://www.facebook.com/mayscornmaze/,,,False,False,False,False,True,False,False,1,msobs_5c16c159cef3e90c05f4,MDAC registered agritourism venues,https://agnet.mdac.ms.gov/website/AgTourism/Venues_Single?id=7,B,2026-07-15,,new_state_candidate,promotion_eligible_reviewed,,Fields selected by evidence grade; every source observation remains separately auditable.
MS-19C99D43E5,Beason Family Farm,beason family farm,farm,merged_exact_name_reviewed,MS,Neshoba,Philedelphia,39350,"10141 Road 1343, Philedelphia, MS 39350",public_business_address_reviewed_for_future_reduced_precision,31.32712,-89.29034,"Beef, dairy (bottled milk); Whole Milk; Chocolate Milk; Butter Milk; Hay; Ice Cream: Vanilla, Chocolate, Strawberry, and Lemon",Dairy; Genuine MS Raised,(601) 562-0817,mbeason3@aol.com,internal_until_public_use_review,https://www.beasonfamilyfarm.com/,https://www.facebook.com/BeasonFamilyFarm,,,True,False,False,False,False,False,False,2,msobs_fc08e2d5d26217d99b36 | msobs_65810e0c849b352e7181,FarmFinder current canonical baseline — identity anchor only | Genuine MS — Raised,https://genuinems.com/directory/beason-family-farm/,B; C,2026-07-15,FF-0097,rediscovered_current_source,promotion_eligible_reviewed,,Fields selected by evidence grade; every source observation remains separately auditable.
MS-E1A9E7BAB8,Broke – T Honey,broke t honey,farm,merged_exact_name_reviewed,MS,Neshoba,Philadelphia,39350,"13510 Hwy 488, Philadelphia, MS 39350",public_business_address_reviewed_for_future_reduced_precision,32.77152,-89.11673,Raw honey; Honey; Beeswax; Queen Bees; Hives,Honey/Specialty; Genuine MS Raised,(601) 562-0701,broke_t@bellsouth.net,internal_until_public_use_review,,https://www.facebook.com/pg/BrokeTHoney,,,True,False,False,False,False,False,False,2,msobs_22cc6e5fec8e9af22ff3 | msobs_61b3a871c60e1709ae8b,FarmFinder current canonical baseline — identity anchor only | Genuine MS — Raised,https://genuinems.com/directory/broke-t-honey/,B; C,2026-07-15,FF-0109,rediscovered_current_source,promotion_eligible_reviewed,,Fields selected by evidence grade; every source observation remains separately auditable.
MS-4D0326510E,High Hill Ranch,high hill ranch,farm,unique_source_name_reviewed,MS,Neshoba,Union,39365,"12341 Hwy 492 East, Union, Mississippi 39365",public_business_address_reviewed_for_future_reduced_precision,,,"Goat Milk; Goat Cheeses; Goat Milk Soap, Lotions",Genuine MS Raised,(601) 562-3243,highhillranch3@yahoo.com,internal_until_public_use_review,,https://www.facebook.com/High-hill-ranchGoat-MilkSoapCheese-181662622019176/,,,False,False,False,False,False,False,False,1,msobs_b718d4ae3d7b0240dce1,Genuine MS — Raised,https://genuinems.com/directory/high-hill-ranch/,B,2026-07-15,,new_state_candidate,promotion_eligible_reviewed,,Fields selected by evidence grade; every source observation remains separately auditable.
MS-E6E8984B3C,M&M Cattle Company,m and m cattle,farm,unique_source_name_reviewed,MS,Neshoba,Philadelphia,39350,"14693 Hwy 15 North, Philadelphia, Mississippi 39350",public_business_address_reviewed_for_future_reduced_precision,,,custom halves; whole beef with personalized cut options,Genuine MS Raised,601-462-1127,leighmaxey75@gmail.com,internal_until_public_use_review,,https://www.facebook.com/profile.php?id=100088953071836&mibextid=ZbWKw,,,False,False,False,False,False,False,False,1,msobs_7b2af6a9705dbe875dbc,Genuine MS — Raised,https://genuinems.com/directory/mm-cattle-company/,B,2026-07-15,,new_state_candidate,promotion_eligible_reviewed,,Fields selected by evidence grade; every source observation remains separately auditable.
MS-5E058E9732,"Persimmon Ridge Family Farm, LLC",persimmon ridge family farm,farm,merged_exact_name_reviewed,MS,Neshoba,Philadelphia,39350,"10081 Road 1113, Philadelphia, MS 39350",public_business_address_reviewed_for_future_reduced_precision,,,"beef, whole; beef, half; beef, quarter; beef, packages; beef, individual cuts; beef",Genuine MS Raised; LocalHarvest Family Farm,(601) 573-6852,neil.barnes@earthlink.net,internal_until_public_use_review,https://persimmonridgefamilyfarm.com/,https://www.facebook.com/PRFamilyFarm/,https://instagram.com/prffarm,,True,False,False,False,False,False,False,2,msobs_603c4def1b626084e172 | msobs_b62b6add0b763c1b85f3,Genuine MS — Raised | LocalHarvest — Mississippi county-seat gap search,https://genuinems.com/directory/persimmon-ridge-family-farm-llc/ | https://www.localharvest.org/persimmon-ridge-family-farm-M82533,B; D,2026-07-15,,new_state_candidate,promotion_eligible_reviewed,,Fields selected by evidence grade; every source observation remains separately auditable.
MS-C06D7E6672,Daigle Farms,daigle farms,farm,unique_source_name_reviewed,MS,Newton,Decatur,39327,,public_business_address_reviewed_for_future_reduced_precision,,,Agritourism and farm activities; see MDAC venue description,Registered agritourism,601-507-7685,sharli@signaturedhorses.com,internal_until_public_use_review,,https://www.facebook.com/profile.php?id=100063542201804,,,False,False,False,False,False,False,False,1,msobs_88c4403b062e27197484,MDAC registered agritourism venues,https://agnet.mdac.ms.gov/website/AgTourism/Venues_Single?id=195,B,2026-07-15,,new_state_candidate,promotion_eligible_reviewed,,Fields selected by evidence grade; every source observation remains separately auditable.
MS-3733DA4FBA,Lazy Acres Farm Fun,lazy acres farm fun,farm,unique_source_name_reviewed,MS,Newton,Chunky,39323,"596 Lazy Acres Road, Chunky, Mississippi 39323",public_business_address_reviewed_for_future_reduced_precision,,,Pumpkins; Christmas trees,Genuine MS Grown,(601) 655-8264,lazyacresfarm@hotmail.com,internal_until_public_use_review,https://www.lazy-acres.com,https://www.facebook.com/LazyAcresFarmFun,,,False,False,False,False,False,False,False,1,msobs_4e8263443b67a0d8edde,Genuine MS — Grown,https://genuinems.com/directory/lazy-acres-farm-fun/,B,2026-07-15,,new_state_candidate,promotion_eligible_reviewed,,Fields selected by evidence grade; every source observation remains separately auditable.
MS-F991C467FC,Lazy Acres Plantation,lazy acres plantation,farm,merged_exact_name_reviewed,MS,Newton,Chunky,39323,,public_business_address_reviewed_for_future_reduced_precision,,,Agritourism and farm activities; see MDAC venue description; U-pick crops; agritourism,Registered agritourism; U-pick; agritourism,(601) 655-8264,lazyacresfarm@hotmail.com,internal_until_public_use_review,http://www.lazy-acres.com/,https://www.facebook.com/LazyAcresFarmFun,,,True,False,False,False,True,False,False,2,msobs_73a13f7b39fb481bebbd | msobs_cec72fd3b8a80ff8f855,MDAC registered agritourism venues | PickYourOwn — East-central Mississippi,https://agnet.mdac.ms.gov/website/AgTourism/Venues_Single?id=11 | https://www.pickyourown.org/MSeast.htm,B; E,2026-07-15,,new_state_candidate,promotion_eligible_reviewed,,Fields selected by evidence grade; every source observation remains separately auditable.
MS-E3484DA73F,Signature D Riding School,signature d riding school,farm,unique_source_name_reviewed,MS,Newton,Decatur,39327,,public_business_address_reviewed_for_future_reduced_precision,,,Agritourism and farm activities; see MDAC venue description,Registered agritourism,601-507-7685,sharli@signaturedhorses.com,internal_until_public_use_review,https://signaturedhorses.com/,https://www.facebook.com/SignatureDHorses,,,False,False,False,False,False,False,False,1,msobs_2d29026b3a5f68ea2e43,MDAC registered agritourism venues,https://agnet.mdac.ms.gov/website/AgTourism/Venues_Single?id=194,B,2026-07-15,,new_state_candidate,promotion_eligible_reviewed,,Fields selected by evidence grade; every source observation remains separately auditable.
MS-8E1C404FE8,Woodpile Ranch,woodpile ranch,farm,unique_source_name_reviewed,MS,Newton,Union,39365,973 Highway 494,public_business_address_reviewed_for_future_reduced_precision,,,chicken; pork; eggs; pecans; walnuts,LocalHarvest Family Farm,(601) 774-8977,,internal_until_public_use_review,https://WoodpileRanch.com,,,,True,False,False,False,False,False,False,1,msobs_1af852849bb95708ce70,LocalHarvest — Mississippi county-seat gap search,https://www.localharvest.org/woodpile-ranch-M66605,D,2026-07-15,,new_state_candidate,promotion_eligible_reviewed,,Fields selected by evidence grade; every source observation remains separately auditable.
MS-5312DD6AC8,Becci’s Barnyard,beccis barnyard,farm,unique_source_name_reviewed,MS,Noxubee,Brooksville,39773,"1336 Dora Road, Brooksville, Mississippi 39773",public_business_address_reviewed_for_future_reduced_precision,,,"100% Grass-Fed, Grain Finished Beef; 1/4, 1/2 and Full Shares of Beef; Lean Ground Beef; Ribeyes; T-Bones; NY Strips; Filets; Roasts; Brisket; Flanks & Flat Iron Steaks; Beef Tips",Genuine MS Raised,(662) 272-5030,beccisby@gmail.com,internal_until_public_use_review,,https://www.facebook.com/profile.php?id=100083345925133,,,False,False,False,False,False,False,False,1,msobs_1ca5fe82d9931cc46035,Genuine MS — Raised,https://genuinems.com/directory/beccis-barnyard/,B,2026-07-15,,new_state_candidate,promotion_eligible_reviewed,,Fields selected by evidence grade; every source observation remains separately auditable.
MS-B2797F5365,Blue Courage Farms,blue courage farms,farm,merged_exact_name_reviewed,MS,Noxubee,Brooksville,39739,"4208 Lynn Creek Rd., Brooksville, MS 39739",public_business_address_reviewed_for_future_reduced_precision,32.29876,-90.18481,"Diverse fresh produce, delivered; Shiitake Mushrooms; Golden Oyster Mushrooms; Pink Oyster Mushrooms; Piopinni Mushrooms; Reishi Mushrooms; Lion's Mane Mushrooms; Vegetables; Tomatoes; Okra; Peppers; Beef; Honey",Produce; Genuine MS Grown,(601) 383-3785,pierce@bluecouragefarms.com,internal_until_public_use_review,https://www.bluecouragefarms.com,https://www.facebook.com/bluecouragefarms/,http://instagram.com/https://www.instagram.com/bluecouragefarms/?igsh=MTZpZWN1dXlmbTVybg%3D%3D&utm_source=qr,,False,False,False,True,False,False,False,2,msobs_025c3ae6c1f0a213a45a | msobs_21702bb929095dad84d7,FarmFinder current canonical baseline — identity anchor only | Genuine MS — Grown,https://genuinems.com/directory/blue-courage-farms/,B; C,2026-07-15,FF-0277,rediscovered_current_source,promotion_eligible_reviewed,,Fields selected by evidence grade; every source observation remains separately auditable.
MS-A9D5609A95,Lazy U Farm,lazy u farm,farm,unique_source_name_reviewed,MS,Noxubee,Macon,39341,,public_business_address_reviewed_for_future_reduced_precision,,,U-pick crops; agritourism,U-pick; agritourism,662 361 0237,LazyU2012@gmail.com,internal_until_public_use_review,,https://www.facebook.com/LazyUFarm/,,,True,False,False,False,True,False,False,1,msobs_898e72c6a330ba49e732,PickYourOwn — East-central Mississippi,https://www.pickyourown.org/MSeast.htm,E,2026-07-15,,new_state_candidate,research_or_qa_queue,single grade-E discovery listing needs corroboration,Fields selected by evidence grade; every source observation remains separately auditable.
MS-EE19F6D764,Little Lapp Farm,little lapp farm,farm,unique_source_name_reviewed,MS,Noxubee,Macon,,,public_business_address_reviewed_for_future_reduced_precision,,,Providing Honey,Farm Marketplace; direct-to-consumer,(662) 788-2549,littlelappfarm@gmail.com,internal_until_public_use_review,https://littlelapp.com/,,,,True,False,False,False,False,False,False,1,msobs_ce5924116de3014d0df4,MDAC Mississippi Farm Marketplace,https://agnet.mdac.ms.gov/MarketPortal/MarketPortal?farm=Little+Lapp+Farm,B,2026-07-15,,new_state_candidate,promotion_eligible_reviewed,,Fields selected by evidence grade; every source observation remains separately auditable.
MS-FA26397E5B,Marvin Lapp,marvin lapp,farm,unique_source_name_reviewed,MS,Noxubee,Macon,39341,1017 magnolia Drive,public_business_address_reviewed_for_future_reduced_precision,,,eggs; honey,LocalHarvest Family Farm,(662) 788-2549,,internal_until_public_use_review,https://www.littlelapp.com,,,,True,False,False,False,False,False,False,1,msobs_abc4b9a6cf08f1168776,LocalHarvest — Mississippi county-seat gap search,https://www.localharvest.org/marvin-lapp-M84913,D,2026-07-15,,new_state_candidate,promotion_eligible_reviewed,,Fields selected by evidence grade; every source observation remains separately auditable.
MS-0732422FD5,New Grass Farm,new grass farm,farm,unique_source_name_reviewed,MS,Noxubee,Macon,,,public_business_address_reviewed_for_future_reduced_precision,33.105404,-88.560877,"Beef, pork, lamb, broilers, hens",Mixed,,,internal_until_public_use_review,,,,,True,False,False,False,False,False,False,1,msobs_814b2e857357e911f45c,FarmFinder current canonical baseline — identity anchor only,,E,2026-07-15,FF-0285,canonical_baseline_only,research_or_qa_queue,single grade-E discovery listing needs corroboration; canonical baseline farm not rediscovered in current three-pass sources,Fields selected by evidence grade; every source observation remains separately auditable.
MS-EB6A4B760B,Shaded Grove Farm Market,shaded grove farm market,farm,merged_exact_name_reviewed,MS,Noxubee,Macon,39341,"2817 Douglass Rd., Macon, Mississippi 39341",public_business_address_reviewed_for_future_reduced_precision,31.32712,-89.29034,Wholesome food products; 100% Grass-fed Beef; 100% Grass-fed Lamb; Non-GMO pasture raised Pork; Non-GMO pasture raised broilers; Non-GMO pastured laying hens; beef; chicken; lamb; pork; eggs; pecans; coffee; honey; maple syrup; pressed oil; soap,Mixed; Genuine MS Raised; LocalHarvest Family Farm,(662) 889-6628,craig@shadedgrovefarmmarket.com,internal_until_public_use_review,https://www.shadegrovefarmmarket.com,http://www.facebook.com/shadedgrovefarmmarket,https://instagram.com/shadedgrovefarmmarket,,True,False,True,True,False,False,False,3,msobs_09e36ca4f6d3a490bcb1 | msobs_b78317edd7158aa48f2d | msobs_96f212f112ed47f288b3,FarmFinder current canonical baseline — identity anchor only | Genuine MS — Raised | LocalHarvest — Mississippi county-seat gap search,https://genuinems.com/directory/shaded-grove-farm-market/ | https://www.localharvest.org/shaded-grove-farm-market-M75848,B; C; D,2026-07-15,FF-0095,rediscovered_current_source,promotion_eligible_reviewed,,Fields selected by evidence grade; every source observation remains separately auditable.
MS-3ECCB0A84F,Southern Prairie Pet Food,southern prairie pet food,producer_requires_type_review,unique_source_name_reviewed,MS,Noxubee,Macon,39341,"8995 Prairie Point Rd Macon MS, 39341, Macon, Mississippi 39341",public_business_address_reviewed_for_future_reduced_precision,,,Catfish Burger For Pets,Genuine MS Raised,(662) 386-5560,sales@southernprairiepetfood.com,internal_until_public_use_review,https://www.southernprairiepetfood.com,,,,False,False,False,False,False,False,False,1,msobs_1cb77a18ff52e681c418,Genuine MS — Raised,https://genuinems.com/directory/southern-prairie-pet-food/,B,2026-07-15,,new_state_candidate,research_or_qa_queue,directory candidate needs independent farm-operation evidence,Fields selected by evidence grade; every source observation remains separately auditable.
MS-CD32059FFE,Stormy Creek Cottage LLC,stormy creek cottage,producer_requires_type_review,unique_source_name_reviewed,MS,Noxubee,Macon,39341,"35904 MS Highway 14 W, Macon, MS 39341",public_business_address_reviewed_for_future_reduced_precision,,,Squash; Zucchini; Okra; Broccoli; Cauliflower; Eggplant; Cucumbers; Cantaloupe; Watermelon; Peppers; Tomatoes,Genuine MS Grown,(662) 574-8256,StormyCreekCottage@gmail.com,internal_until_public_use_review,http://stormycreekcottage.square.site/,https://www.facebook.com/StormyCreekCottage/,http://instagram.com/StormyCreekCottage,,False,False,False,False,False,False,False,1,msobs_4403d50794d5a04503e8,Genuine MS — Grown,https://genuinems.com/directory/stormy-creek-cottage-llc/,B,2026-07-15,,new_state_candidate,research_or_qa_queue,directory candidate needs independent farm-operation evidence,Fields selected by evidence grade; every source observation remains separately auditable.
MS-D0805B5737,Superior Catfish,superior catfish,producer_requires_type_review,unique_source_name_reviewed,MS,Noxubee,Macon,39341,"11751 Hwy 45 Macon, Macon , MS 39341",public_business_address_reviewed_for_future_reduced_precision,,,Farm Raised Catfish; Breading for Catfish,Genuine MS Raised,(662) 726-2502,pwinn@superiorcatfish.com,internal_until_public_use_review,https://superiorcatfish.com/,https://www.facebook.com/superiorcatfish,http://instagram.com/Superiorcatfish1994,,False,False,False,False,False,False,False,1,msobs_fb8273ed3c66db10cba2,Genuine MS — Raised,https://genuinems.com/directory/superior-catfish/,B,2026-07-15,,new_state_candidate,research_or_qa_queue,directory candidate needs independent farm-operation evidence,Fields selected by evidence grade; every source observation remains separately auditable.
MS-DFC8E4E816,"Bee’s Best Honey, LLC",bees best honey,farm,unique_source_name_reviewed,MS,Oktibbeha,Starkville,39759,"1406 Louiseville St, Starkville, MS 39759",public_business_address_reviewed_for_future_reduced_precision,,,Honey; Nucs; Beeswax; Beeswax Candles; Beginner Beekeeper Workshops,Genuine MS Raised,(662) 361-8733,msbeesbesthoney@gmail.com,internal_until_public_use_review,,https://www.facebook.com/doug.stone.9638718,,,False,False,False,False,False,False,False,1,msobs_3c5c0e390ae978609f17,Genuine MS — Raised,https://genuinems.com/directory/bees-best-honey-llc/,B,2026-07-15,,new_state_candidate,promotion_eligible_reviewed,,Fields selected by evidence grade; every source observation remains separately auditable.
MS-81625054DE,Bountiful Harvest Farms,bountiful harvest farms,farm,unique_source_name_reviewed,MS,Oktibbeha,Starkville,39759,1420 Pat Station rd,public_business_address_reviewed_for_future_reduced_precision,,,"Bountiful Harvest Farms started as a CSA in 2011 and in 2013 expanded into market sales as well. We started as a 10 family CSA and have grown over the years now offering over 70 shares weekly. We grow a variety of produce and like planting great tasting heirloom vegetables and quality Hybrids. We believe in growing a community around local, natural foods. We are a small family farm run by a husband and wife team with support and help of friends and community members. We have been blessed to be greeted with open arms in the Starkville community. Farmer Sam visits locals schools regularly to teach elementary students about gardening and growing their own food. We are Certified Naturally grown.",LocalHarvest Family Farm,(662) 418-0670,,internal_until_public_use_review,https://www.bountifulharvestfarms.com/,http://www.facebook.com/bountifulharvest.farm.5,,,True,False,False,False,False,False,False,1,msobs_db87695f5f0b96385c05,LocalHarvest — Mississippi county-seat gap search,https://www.localharvest.org/bountiful-harvest-farms-M62858,D,2026-07-15,,new_state_candidate,promotion_eligible_reviewed,,Fields selected by evidence grade; every source observation remains separately auditable.
MS-EFA1478D21,Hickory Heal Farm,hickory heal farm,farm,merged_cross_county_identity_reviewed,MS,Oktibbeha,Maben,39750,"1186 North County Line Rd, Maben, Mississippi 39750",public_business_address_reviewed_for_future_reduced_precision,33.556049,-89.084656,"Grass-finished beef, pastured poultry, pork, botanical sanctuary; Grass-fed and Grass-Finished Beef; Pastured Pork; Pastured Lamb; Herbal Teas; Herbal Oils and Skin Care; Medicinal Plants",Mixed; Genuine MS Grown; Genuine MS Raised,(662) 263-3023,hickoryhealfarm@protonmail.com,internal_until_public_use_review,https://www.hickoryhealfarm.com,https://www.facebook.com/hickoryhealfarm,http://instagram.com/hickory_heal_farm,,True,False,False,False,False,False,False,3,msobs_365d386403a985d1a39d | msobs_0f6a4966a01405f6ad12 | msobs_c14a56bccf2b52086352,FarmFinder current canonical baseline — identity anchor only | Genuine MS — Grown | Genuine MS — Raised,https://genuinems.com/directory/hickory-heal-farm/,B; C,2026-07-15,FF-0283,rediscovered_current_source,promotion_eligible_reviewed,,Fields selected by evidence grade; every source observation remains separately auditable.
MS-6CBD2A5D17,Reese Orchard,reese orchard,farm,unique_source_name_reviewed,MS,Oktibbeha,Starkville,39759,,public_business_address_reviewed_for_future_reduced_precision,,,U-pick crops; agritourism,U-pick; agritourism,662-324-1509,reese@dellmail.com,internal_until_public_use_review,https://reeseorchard.com/map.html,https://www.facebook.com/ReeseOrchard/,,,True,False,False,False,True,False,False,1,msobs_412d206eeb07203d8964,PickYourOwn — East-central Mississippi,https://www.pickyourown.org/MSeast.htm,E,2026-07-15,,new_state_candidate,research_or_qa_queue,single grade-E discovery listing needs corroboration,Fields selected by evidence grade; every source observation remains separately auditable.
MS-2819E07EC2,The Blueberry Patch,the blueberry patch,farm,split_due_county_conflict,MS,Oktibbeha,Starkville,39759,,public_business_address_reviewed_for_future_reduced_precision,,,U-pick crops; agritourism,U-pick; agritourism,662-320-4504,Rhondaclarkhead@aol.com,internal_until_public_use_review,,https://www.facebook.com/profile.php?id=100083120897945,,,True,False,False,False,True,False,False,1,msobs_b7aba0c6cee411482cfb,PickYourOwn — East-central Mississippi,https://www.pickyourown.org/MSeast.htm,E,2026-07-15,,new_state_candidate,research_or_qa_queue,same normalized name appears in multiple counties; single grade-E discovery listing needs corroboration,Fields selected by evidence grade; every source observation remains separately auditable.
MS-EBDFFAA286,The Farm,the farm,farm,merged_exact_name_reviewed,MS,Oktibbeha,Starkville,39759,"5733 Blackjack Rd, Starkville, MS 39759",public_business_address_reviewed_for_future_reduced_precision,,,Pumpkins; Corn stalk bundles; Sunflowers; Zinnias; Hay bales; Honey,Genuine MS Grown; Genuine MS Raised,(205) 499-8071,thefarm.starkville@gmail.com,internal_until_public_use_review,https://thefarmstarkville.ticketleap.com,https://www.facebook.com/TheFarm.Starkville/,http://instagram.com/thefarm.starkville,,False,False,False,False,False,False,False,2,msobs_7168db2878929a3defc6 | msobs_021b7dd429f31e16ffc8,Genuine MS — Grown | Genuine MS — Raised,https://genuinems.com/directory/the-farm/,B,2026-07-15,,new_state_candidate,promotion_eligible_reviewed,,Fields selected by evidence grade; every source observation remains separately auditable.
MS-048B554163,Blackberry Acres Farm,blackberry acres farm,farm,unique_source_name_reviewed,MS,Panola,Courtland,38620,,public_business_address_reviewed_for_future_reduced_precision,,,U-pick crops; agritourism,U-pick; agritourism,662-578-2563,billyd@panolian.com,internal_until_public_use_review,,,,,True,False,False,False,True,False,False,1,msobs_b8a46e02194f125650d8,PickYourOwn — North Mississippi,https://www.pickyourown.org/MSnorth.htm,E,2026-07-15,,new_state_candidate,research_or_qa_queue,single grade-E discovery listing needs corroboration; source reports closure and requires affirmative curator decision,Fields selected by evidence grade; every source observation remains separately auditable.
MS-55C2A084E5,Home Place Pastures,home place pastures,farm,merged_exact_name_reviewed,MS,Panola,Como,38619,"1789 Home Place Rd, Como, MS 38619",public_business_address_reviewed_for_future_reduced_precision,34.51066,-89.93981,"Wagyu, pork, beef; Grass Fed Beef; Pastured Pork; Pastured Eggs",Meat; Genuine MS Raised,(662) 426-6191,info@homeplacepastures.com,internal_until_public_use_review,https://www.homeplacepastures.com,https://www.facebook.com/homeplacepastures/,http://instagram.com/homeplacepastures,,True,False,True,True,False,False,False,2,msobs_728c48aae4e4f876f930 | msobs_0c962e90b77a97a3bebe,FarmFinder current canonical baseline — identity anchor only | Genuine MS — Raised,https://genuinems.com/directory/home-place-pastures/,B; C,2026-07-15,FF-0089,rediscovered_current_source,promotion_eligible_reviewed,,Fields selected by evidence grade; every source observation remains separately auditable.
MS-B30FE33574,S & L blackberry farm,s and l blackberry farm,farm,unique_source_name_reviewed,MS,Panola,,,,public_business_address_reviewed_for_future_reduced_precision,,,U-pick crops; agritourism,U-pick; agritourism,,,internal_until_public_use_review,,,,,True,False,False,False,True,False,False,1,msobs_5f45e5d2aa3d242dfb79,PickYourOwn — North Mississippi,https://www.pickyourown.org/MSnorth.htm,E,2026-07-15,,new_state_candidate,research_or_qa_queue,city or safe public service area missing; single grade-E discovery listing needs corroboration; source reports closure and requires affirmative curator decision,Fields selected by evidence grade; every source observation remains separately auditable.
MS-040107B9C1,T & L Greenhouses,t and l greenhouses,farm,unique_source_name_reviewed,MS,Panola,Crenshaw,38621,322 Old Hwy Rd,public_business_address_reviewed_for_future_reduced_precision,,,T & L Greenhouses is located in the bottom part of Mississippi's fertile delta farm land. Bringing you some of the most beautiful and tastiest heirloom vegetables ever.,LocalHarvest Family Farm,(662) 382-8205,,internal_until_public_use_review,,,,,True,False,False,False,False,False,False,1,msobs_7c513930c5f0a2814505,LocalHarvest — Mississippi county-seat gap search,https://www.localharvest.org/t-l-greenhouses-M53468,D,2026-07-15,,new_state_candidate,promotion_eligible_reviewed,,Fields selected by evidence grade; every source observation remains separately auditable.
MS-51E05191B2,Back to Eden Forrest School,back to eden forrest school,farm,unique_source_name_reviewed,MS,Pearl River,Lumberton,39455,,public_business_address_reviewed_for_future_reduced_precision,,,Agritourism and farm activities; see MDAC venue description,Registered agritourism,601-467-1737,tndtumey@att.net,internal_until_public_use_review,,,,,False,False,False,False,False,False,False,1,msobs_c4e8aa42f3bf4b31a3b7,MDAC registered agritourism venues,https://agnet.mdac.ms.gov/website/AgTourism/Venues_Single?id=198,B,2026-07-15,,new_state_candidate,promotion_eligible_reviewed,,Fields selected by evidence grade; every source observation remains separately auditable.
MS-07B6CF41B3,Black Creek Farm LLC,black creek farm,farm,merged_exact_name_reviewed,MS,Pearl River,Picayune,39466,"4421B HWY 43N , Picayune , Mississippi 39466",public_business_address_reviewed_for_future_reduced_precision,30.52556,-89.67788,"Grass-finished beef, pork, eggs; Prepackaged Beef; Prepackaged Pork; Whole chicken; Pastured Eggs",Meat; Genuine MS Raised,(601) 916-1610,blackcreekfarm1@outlook.com,internal_until_public_use_review,,https://www.facebook.com/juneaufamilyfarm/,,,True,False,False,False,False,False,False,2,msobs_d099590c81c8a239b478 | msobs_8761ab782525ea1aaab0,FarmFinder current canonical baseline — identity anchor only | Genuine MS — Raised, | https://genuinems.com/directory/black-creek-farm-llc/,B; E,2026-07-15,FF-0083,rediscovered_current_source,promotion_eligible_reviewed,,Fields selected by evidence grade; every source observation remains separately auditable.
MS-2170E88458,Blue Hills Farm Carriere,blue hills farm carriere,farm,unique_source_name_reviewed,MS,Pearl River,Carriere,39426,,public_business_address_reviewed_for_future_reduced_precision,,,U-pick crops; agritourism,U-pick; agritourism,(601) 549-2346,bluehillsfarm@gmail.com,internal_until_public_use_review,,https://www.facebook.com/Jimbeaux1970/,,,True,False,False,False,True,False,False,1,msobs_de1672779ba1d4b32e30,PickYourOwn — Southeast Mississippi,https://www.pickyourown.org/MSse.htm,E,2026-07-15,,new_state_candidate,research_or_qa_queue,single grade-E discovery listing needs corroboration; source reports closure and requires affirmative curator decision,Fields selected by evidence grade; every source observation remains separately auditable.
MS-ED1E5D0CD9,Blue Tara Organic PYO Blueberry Farm,blue tara organic pyo blueberry farm,farm,unique_source_name_reviewed,MS,Pearl River,Poplarville,39470,,public_business_address_reviewed_for_future_reduced_precision,,,U-pick crops; agritourism,U-pick; agritourism,601-795-0034,info@pickaberry.com,internal_until_public_use_review,https://www.pickaberry.com,,,,True,False,False,False,True,False,False,1,msobs_1a5582932686303f078d,PickYourOwn — Southeast Mississippi,https://www.pickyourown.org/MSse.htm,E,2026-07-15,,new_state_candidate,research_or_qa_queue,single grade-E discovery listing needs corroboration,Fields selected by evidence grade; every source observation remains separately auditable.
MS-F3B82C4F72,Blueberry Acres Farm,blueberry acres farm,farm,unique_source_name_reviewed,MS,Pearl River,Carriere,39426,,public_business_address_reviewed_for_future_reduced_precision,,,U-pick crops; agritourism,U-pick; agritourism,601-798-1719,,internal_until_public_use_review,,,,,True,False,False,False,True,False,False,1,msobs_a2f3524a05b765562ab6,PickYourOwn — Southeast Mississippi,https://www.pickyourown.org/MSse.htm,E,2026-07-15,,new_state_candidate,research_or_qa_queue,single grade-E discovery listing needs corroboration; source reports closure and requires affirmative curator decision,Fields selected by evidence grade; every source observation remains separately auditable.
MS-EEB39FE546,Blueberry Ridge,blueberry ridge,farm,merged_exact_name_reviewed,MS,Pearl River,Picayune,39466,,public_business_address_reviewed_for_future_reduced_precision,30.52556,-89.67788,Blueberries (u-pick); U-pick crops; agritourism,Produce; U-pick; agritourism,(504) 905-6198,blueberryridge20@charter.net,internal_until_public_use_review,,https://www.facebook.com/Blueberryridge20/,,,True,False,False,False,True,False,False,2,msobs_f085a3bcf42bba89809c | msobs_b741dad8b39992f991e1,FarmFinder current canonical baseline — identity anchor only | PickYourOwn — Southeast Mississippi, | https://www.pickyourown.org/MSse.htm,E,2026-07-15,FF-0310,rediscovered_current_source,research_or_qa_queue,single grade-E discovery listing needs corroboration,Fields selected by evidence grade; every source observation remains separately auditable.
MS-B84CACBCCE,Bond Berries,bond berries,farm,unique_source_name_reviewed,MS,Pearl River,Perkinston,39573,,public_business_address_reviewed_for_future_reduced_precision,,,Agritourism and farm activities; see MDAC venue description,Registered agritourism,228-518-0393,dpbond93@gmail.com,internal_until_public_use_review,,,,,False,False,False,False,True,False,False,1,msobs_c14118d86814396d1856,MDAC registered agritourism venues,https://agnet.mdac.ms.gov/website/AgTourism/Venues_Single?id=210,B,2026-07-15,,new_state_candidate,promotion_eligible_reviewed,,Fields selected by evidence grade; every source observation remains separately auditable.
MS-E3FF606A70,Compostella Farm,compostella farm,farm,unique_source_name_reviewed,MS,Pearl River,Picayune,,,public_business_address_reviewed_for_future_reduced_precision,30.52556,-89.67788,Vegetables,Produce,,compostellafarm@gmail.com,internal_until_public_use_review,https://www.compostellafarm.com/,,,,False,False,False,False,False,False,False,1,msobs_a2d9232ad7cef0fab0db,FarmFinder current canonical baseline — identity anchor only,https://www.compostellafarm.com/,C,2026-07-15,FF-0161,canonical_baseline_only,research_or_qa_queue,canonical baseline farm not rediscovered in current three-pass sources,Fields selected by evidence grade; every source observation remains separately auditable.
MS-3D12ED6D41,Fat Cat Farm,fat cat farm,farm,unique_source_name_reviewed,MS,Pearl River,Poplarville,,,public_business_address_reviewed_for_future_reduced_precision,30.840149,-89.534232,Produce,Produce,,,internal_until_public_use_review,,,https://www.instagram.com/fatcat.farm/,,False,True,False,False,False,False,False,1,msobs_8e7381cff570e4526aa1,FarmFinder current canonical baseline — identity anchor only,https://marketumbrella.org/news/1149/42/Fat-Cat-Farm,C,2026-07-15,FF-0013,canonical_baseline_only,research_or_qa_queue,canonical baseline farm not rediscovered in current three-pass sources,Fields selected by evidence grade; every source observation remains separately auditable.
MS-056001737A,Fuller Farm,fuller farm,farm,unique_source_name_reviewed,MS,Pearl River,Poplarville,39470,,public_business_address_reviewed_for_future_reduced_precision,,,U-pick crops; agritourism,U-pick; agritourism,601-795-4671,,internal_until_public_use_review,,,,,True,False,False,False,True,False,False,1,msobs_9b531701493aba736392,PickYourOwn — Southeast Mississippi,https://www.pickyourown.org/MSse.htm,E,2026-07-15,,new_state_candidate,research_or_qa_queue,single grade-E discovery listing needs corroboration; source reports closure and requires affirmative curator decision,Fields selected by evidence grade; every source observation remains separately auditable.
MS-B19D878A49,JD Farms & Pearl River Tea Co.,j and d blueberry farm jd fresh market,farm,merged_exact_name_reviewed,MS,Pearl River,Poplarville,39470,"574 Slade Woodward Road, Poplarville, Mississippi 39470",public_business_address_reviewed_for_future_reduced_precision,30.840149,-89.534232,Blueberries; tea; blueberry products; farm tours; Tea- Camellia Sinensis; Blueberries-fresh/frozen; Blueberries Different kinds of teas (tea leaves); U-pick crops; agritourism,Produce; Genuine MS Grown; Mississippi Farmers Market agricultural vendor; U-pick; agritourism,(504) 782-0779,donvdw1@gmail.com,internal_until_public_use_review,https://www.jdblueberrytea.com/,https://www.facebook.com/jdfarms.us/,,,True,True,True,False,True,False,False,4,msobs_32587c0a5c02aad5987f | msobs_072cdb3882ec355001d2 | msobs_97968484eecbd39449d4 | msobs_76525bc5f8780175e499,FarmFinder current canonical baseline — identity anchor only | Genuine MS — Grown | MDAC Mississippi Farmers Market agricultural vendors | PickYourOwn — Southeast Mississippi,https://www.jdblueberrytea.com/about-1 | https://genuinems.com/directory/pearl-river-tea-company/ | https://agnet.mdac.ms.gov/Website/FarmerMarket_VendorView.aspx?PassedID=260 | https://www.pickyourown.org/MSse.htm,B; C; E,2026-07-15,FF-0311,rediscovered_current_source,promotion_eligible_reviewed,,Fields selected by evidence grade; every source observation remains separately auditable.
MS-833AC6C480,Lorens Longleaf Ranch,lorens longleaf ranch,farm,unique_source_name_reviewed,MS,Pearl River,S. Mississippi,,,public_business_address_reviewed_for_future_reduced_precision,31.32712,-89.29034,"Katahdin sheep, lamb",Meat,,,internal_until_public_use_review,,,,,True,False,False,False,False,False,False,1,msobs_2aa476625f288dedaebb,FarmFinder current canonical baseline — identity anchor only,,E,2026-07-15,FF-0086,canonical_baseline_only,research_or_qa_queue,single grade-E discovery listing needs corroboration; canonical baseline farm not rediscovered in current three-pass sources,Fields selected by evidence grade; every source observation remains separately auditable.
MS-AA4CEBA62F,Pearl River Blues Berry Farm,pearl river blues berry farm,farm,merged_exact_name_reviewed,MS,Pearl River,Poplarville,39455,,public_business_address_reviewed_for_future_reduced_precision,30.840149,-89.534232,Blueberries (u-pick); U-pick crops; agritourism,Produce; U-pick; agritourism,601-796-9800,amy@pearlriverblues.com,internal_until_public_use_review,https://www.pearlriverblues.com,https://www.facebook.com/pearlriverblues,,,True,False,False,False,True,False,False,2,msobs_8d957f7a756610f7e343 | msobs_3048921d2c364a51e897,FarmFinder current canonical baseline — identity anchor only | PickYourOwn — Southeast Mississippi,https://www.pickyourown.org/MSse.htm,C; E,2026-07-15,FF-0309,rediscovered_current_source,promotion_eligible_reviewed,,Fields selected by evidence grade; every source observation remains separately auditable.
MS-BD0AD12BCB,Pearl River Pastures,pearl river pastures,producer_requires_type_review,unique_source_name_reviewed,MS,Pearl River,Poplarville,,,public_business_address_reviewed_for_future_reduced_precision,30.840149,-89.534232,Pasture-raised meats,Meat,(662) 715-8494,,internal_until_public_use_review,https://pearlriverpastures.com/,,,,True,True,False,False,False,False,False,1,msobs_7eb0ff82d111308f9daa,FarmFinder current canonical baseline — identity anchor only,https://pearlriverpastures.com/contact,C,2026-07-15,FF-0020,canonical_baseline_only,research_or_qa_queue,directory candidate needs independent farm-operation evidence; canonical baseline farm not rediscovered in current three-pass sources,Fields selected by evidence grade; every source observation remains separately auditable.
MS-D59FF901A6,Picayune Blueberry Farm,picayune blueberry farm,farm,merged_exact_name_reviewed,MS,Pearl River,Picayune,39466,,public_business_address_reviewed_for_future_reduced_precision,30.52556,-89.67788,"Blueberries (14 varieties), blackberries; U-pick crops; agritourism",Produce; U-pick; agritourism,(601) 799-7243,picayuneblueberries@gmail.com,internal_until_public_use_review,,https://www.facebook.com/PicayuneBlueberries/,,,True,False,False,False,True,False,False,2,msobs_13c60c9fb4fb082554e8 | msobs_0700f836f7ffa449f84c,FarmFinder current canonical baseline — identity anchor only | PickYourOwn — Southeast Mississippi, | https://www.pickyourown.org/MSse.htm,E,2026-07-15,FF-0102,rediscovered_current_source,research_or_qa_queue,single grade-E discovery listing needs corroboration,Fields selected by evidence grade; every source observation remains separately auditable.
MS-3CCC8255B1,Richoux Family Farm,richoux family farm,farm,unique_source_name_reviewed,MS,Pearl River,Picayune,,,public_business_address_reviewed_for_future_reduced_precision,30.52556,-89.67788,"Chickens (eggs+meat), turkeys, pigs",Mixed,,,internal_until_public_use_review,,,,,True,False,False,False,False,False,False,1,msobs_c263d6bb908123606b0e,FarmFinder current canonical baseline — identity anchor only,,E,2026-07-15,FF-0272,canonical_baseline_only,research_or_qa_queue,single grade-E discovery listing needs corroboration; canonical baseline farm not rediscovered in current three-pass sources,Fields selected by evidence grade; every source observation remains separately auditable.
MS-C85E747C52,S & M Blueberries,s and m blueberries,farm,unique_source_name_reviewed,MS,Pearl River,Picayune,39466,,public_business_address_reviewed_for_future_reduced_precision,,,U-pick crops; agritourism,U-pick; agritourism,,,internal_until_public_use_review,,,,,True,False,False,False,True,False,False,1,msobs_3aadf5a28c2deecdd95f,PickYourOwn — Southeast Mississippi,https://www.pickyourown.org/MSse.htm,E,2026-07-15,,new_state_candidate,research_or_qa_queue,single grade-E discovery listing needs corroboration; source reports closure and requires affirmative curator decision,Fields selected by evidence grade; every source observation remains separately auditable.
MS-DFD7245309,Shroomdom Inc. & MisBEEhaving Bee’s,shroomdom inc,farm,merged_exact_name_reviewed,MS,Pearl River,Poplarville,39470,"23 Rosenbaum Dr., Poplarville, Mississippi 39470",public_business_address_reviewed_for_future_reduced_precision,32.29876,-90.18481,"Mushrooms, education; Fresh Seasonal mushrooms cultivated & Wild; Dried Mushrooms; Fairy Dust; Field to forest Honey; Comb Honey; Pollen; Mushroom Spawn; Mushroom Growing Kits; Agritourism and farm activities; see MDAC venue description",Produce; Genuine MS Grown; Genuine MS Raised; Registered agritourism,(601) 795-2611,shroomdom38@outlook.com,internal_until_public_use_review,https://shroomdominc.com/,https://www.facebook.com/anthonyleilani.rosenbaum.98,,,True,False,False,False,False,False,False,4,msobs_ad95cfaa96f51c74abf5 | msobs_7e248c996f16bc4ffc7a | msobs_ffdf5ff1e1a5f9d4da72 | msobs_e9b990196fd834bc725e,FarmFinder current canonical baseline — identity anchor only | Genuine MS — Grown | Genuine MS — Raised | MDAC registered agritourism venues,https://shroomdominc.com/ | https://genuinems.com/directory/shroomdom-inc-misbeehaving-bees/ | https://agnet.mdac.ms.gov/website/AgTourism/Venues_Single?id=32,B; C,2026-07-15,FF-0107,rediscovered_current_source,promotion_eligible_reviewed,,Fields selected by evidence grade; every source observation remains separately auditable.
MS-B573B46D29,Southern Rebel's Farm,southern rebels farm,farm,unique_source_name_reviewed,MS,Pearl River,Picayune,,,public_business_address_reviewed_for_future_reduced_precision,30.52556,-89.67788,"Seasonal produce, eggs, meat",Produce,(985) 445-8923,,internal_until_public_use_review,https://southern-rebels-farm.ueniweb.com,,,,True,True,False,False,False,False,False,1,msobs_21c8795874c888507c35,FarmFinder current canonical baseline — identity anchor only,https://southern-rebels-farm.ueniweb.com,C,2026-07-15,FF-0101,canonical_baseline_only,research_or_qa_queue,canonical baseline farm not rediscovered in current three-pass sources,Fields selected by evidence grade; every source observation remains separately auditable.
MS-B29B3367D1,The Vegetable Garden,the vegetable garden,farm,unique_source_name_reviewed,MS,Pearl River,Picayune,39466,,public_business_address_reviewed_for_future_reduced_precision,,,U-pick crops; agritourism,U-pick; agritourism,601-798-4010,,internal_until_public_use_review,,,,,True,False,False,False,True,False,False,1,msobs_99cb999b3448ca12a514,PickYourOwn — Southeast Mississippi,https://www.pickyourown.org/MSse.htm,E,2026-07-15,,new_state_candidate,research_or_qa_queue,single grade-E discovery listing needs corroboration; source reports closure and requires affirmative curator decision,Fields selected by evidence grade; every source observation remains separately auditable.
MS-49EDF99054,Thornhill Farms,thornhill farms,farm,unique_source_name_reviewed,MS,Pearl River,Poplarville,39470,,public_business_address_reviewed_for_future_reduced_precision,,,U-pick crops; agritourism,U-pick; agritourism,985-641-5010,intern@thornhilllawfirm.com,internal_until_public_use_review,https://www.thornhillblueberryfarm.com/,https://www.facebook.com/ThornhillFarms-,,,True,False,False,False,True,False,False,1,msobs_8cf5d079be113506ab1e,PickYourOwn — Southeast Mississippi,https://www.pickyourown.org/MSse.htm,E,2026-07-15,,new_state_candidate,research_or_qa_queue,single grade-E discovery listing needs corroboration,Fields selected by evidence grade; every source observation remains separately auditable.
MS-0940C0A758,White Sand Homestead,white sand homestead,farm,unique_source_name_reviewed,MS,Pearl River,Poplarville,,,public_business_address_reviewed_for_future_reduced_precision,30.47549,-90.10042,Grass-finished beef; forest-pastured pork; lamb; eggs; produce; pecans,Mixed,(601) 463-1951,,internal_until_public_use_review,https://whitesandhomestead.com/,,https://www.instagram.com/wsh.farms/,,True,True,False,False,False,False,False,1,msobs_b96c84a5deb68653c0aa,FarmFinder current canonical baseline — identity anchor only,https://whitesandhomestead.com/about,C,2026-07-15,FF-0024,canonical_baseline_only,research_or_qa_queue,canonical baseline farm not rediscovered in current three-pass sources,Fields selected by evidence grade; every source observation remains separately auditable.
MS-61DEA9A46F,Fulmers Farmstead and General Store,fulmers farmstead and general store,farm,merged_exact_name_reviewed,MS,Perry,Beaumont,39476,"510 Wingate Rd PO BOX 630, Beaumont, MS 39476",public_business_address_reviewed_for_future_reduced_precision,,,"Homemade Breads, Cakes, Pies, Muffins, Turnovers, Cookies, Cinnamon rolls; Produce; Jams and Jellies; Cheese, Milk, Eggs, Butter; Bulk Candy; Spices and Herbs; Home Decor; Gifts; Agritourism and farm activities; see MDAC venue description",Genuine MS Grown; Genuine MS Raised; Registered agritourism,(601) 964-8222,fulmersgeneral@gmail.com,internal_until_public_use_review,https://www.fulmersfarmstead.com/,https://www.facebook.com/fulmersgeneralstore/,http://instagram.com/fulmersfarmstead,,True,False,False,False,False,False,False,3,msobs_1eb275df5d568f00b5db | msobs_d1de34ab0089b8fd812a | msobs_937da693a0608d2957d4,Genuine MS — Grown | Genuine MS — Raised | MDAC registered agritourism venues,https://genuinems.com/directory/fulmers-farmstead-and-general-store/ | https://agnet.mdac.ms.gov/website/AgTourism/Venues_Single?id=15,B,2026-07-15,,new_state_candidate,promotion_eligible_reviewed,,Fields selected by evidence grade; every source observation remains separately auditable.
MS-CAA44B56FE,Great Southern Farms,great southern farms,farm,unique_source_name_reviewed,MS,Perry,Richton,39476,"1729 Highway 15, Richton, MS 39476",public_business_address_reviewed_for_future_reduced_precision,,,Blueberries; Blackberries,Genuine MS Grown,(601) 788-1990,greatsouthernfarms08@gmail.com,internal_until_public_use_review,,https://www.facebook.com/greatsouthernfarms/,http://instagram.com/greatsouthernfarms,,False,False,False,False,False,False,False,1,msobs_67a7325ac25392183c16,Genuine MS — Grown,https://genuinems.com/directory/great-southern-farms/,B,2026-07-15,,new_state_candidate,promotion_eligible_reviewed,,Fields selected by evidence grade; every source observation remains separately auditable.
MS-4B30D83626,The 18 Acres,the 18 acres,farm,unique_source_name_reviewed,MS,Perry,Richton,39476,,public_business_address_reviewed_for_future_reduced_precision,,,Agritourism and farm activities; see MDAC venue description,Registered agritourism,601-872-4383,the18acres@gmail.com,internal_until_public_use_review,,https://www.facebook.com/the18acres,,,False,False,False,False,True,False,False,1,msobs_b0939714cae3b807081c,MDAC registered agritourism venues,https://agnet.mdac.ms.gov/website/AgTourism/Venues_Single?id=193,B,2026-07-15,,new_state_candidate,promotion_eligible_reviewed,,Fields selected by evidence grade; every source observation remains separately auditable.
MS-A97A81D836,"Boyd's Farm, LLC",boyds farm,farm,unique_source_name_reviewed,MS,Pike,Summit,39666,,public_business_address_reviewed_for_future_reduced_precision,,,Agritourism and farm activities; see MDAC venue description,Registered agritourism,601-810-0818,jblakeboyd@gmail.com,internal_until_public_use_review,,https://www.facebook.com/profile.php?id=100057488168078,,,False,False,False,False,True,False,False,1,msobs_4663b6ad78854b1a4897,MDAC registered agritourism venues,https://agnet.mdac.ms.gov/website/AgTourism/Venues_Single?id=168,B,2026-07-15,,new_state_candidate,promotion_eligible_reviewed,,Fields selected by evidence grade; every source observation remains separately auditable.
MS-847085ACC1,Chatawa Farms,chatawa farms,farm,unique_source_name_reviewed,MS,Pike,Magnolia,39652,,public_business_address_reviewed_for_future_reduced_precision,,,U-pick crops; agritourism,U-pick; agritourism,985-626-0029,sdethor@bellsouth.net,internal_until_public_use_review,,,,,True,False,False,False,True,False,False,1,msobs_71d69be440311b5db921,PickYourOwn — Southwest Mississippi,https://www.pickyourown.org/MSsw.htm,E,2026-07-15,,new_state_candidate,research_or_qa_queue,single grade-E discovery listing needs corroboration,Fields selected by evidence grade; every source observation remains separately auditable.
MS-9C858B5EEB,Christmas Memories Tree Farm,christmas memories tree farm,farm,unique_source_name_reviewed,MS,Pike,Magnolia,39652,,public_business_address_reviewed_for_future_reduced_precision,,,Agritourism and farm activities; see MDAC venue description,Registered agritourism,(601) 248-2229,cmtreefarm@gmail.com,internal_until_public_use_review,http://www.christmasmemoriestreefarm.com/,https://www.facebook.com/Christmas-Memories-Tree-Farm-157410863116/,,,True,False,False,False,True,False,False,1,msobs_497f6af46930123289b6,MDAC registered agritourism venues,https://agnet.mdac.ms.gov/website/AgTourism/Venues_Single?id=59,B,2026-07-15,,new_state_candidate,promotion_eligible_reviewed,,Fields selected by evidence grade; every source observation remains separately auditable.
MS-13CAEB1B7C,Double M Farm,double m farm,farm,unique_source_name_reviewed,MS,Pike,Summit,39666,,public_business_address_reviewed_for_future_reduced_precision,,,U-pick crops; agritourism,U-pick; agritourism,,,internal_until_public_use_review,,,,,True,False,False,False,True,False,False,1,msobs_35afeed7db946a6a1701,PickYourOwn — Southwest Mississippi,https://www.pickyourown.org/MSsw.htm,E,2026-07-15,,new_state_candidate,research_or_qa_queue,single grade-E discovery listing needs corroboration; source reports closure and requires affirmative curator decision,Fields selected by evidence grade; every source observation remains separately auditable.
MS-DDA536772D,Fowl Play Poultry and Blueberry Farm,fowl play poultry and blueberry farm,farm,unique_source_name_reviewed,MS,Pike,Jayess,39641,,public_business_address_reviewed_for_future_reduced_precision,,,U-pick crops; agritourism,U-pick; agritourism,601-730-2003,fowlplayguard-blueberry@yahoo.com,internal_until_public_use_review,,,,,True,False,False,False,True,False,False,1,msobs_ecfcb0bf0699ae52d30c,PickYourOwn — Southwest Mississippi,https://www.pickyourown.org/MSsw.htm,E,2026-07-15,,new_state_candidate,research_or_qa_queue,single grade-E discovery listing needs corroboration; source reports closure and requires affirmative curator decision,Fields selected by evidence grade; every source observation remains separately auditable.
MS-3EBEB7F0BD,Magnolia Creek Farm,magnolia creek farm,farm,unique_source_name_reviewed,MS,Pike,Magnolia,39652,"1106 Dudley Rimes Road, Magnolia, Mississippi 39652",public_business_address_reviewed_for_future_reduced_precision,,,Christmas Tree,Genuine MS Grown,(985) 515-0545,Shesicard@yahoo.com,internal_until_public_use_review,,https://www.facebook.com/sicardfarm,,,False,False,False,False,False,False,False,1,msobs_98224394ee1505f9e4e2,Genuine MS — Grown,https://genuinems.com/directory/magnolia-creek-farm/,B,2026-07-15,,new_state_candidate,promotion_eligible_reviewed,,Fields selected by evidence grade; every source observation remains separately auditable.
MS-C87D76C416,"Mauthe Farms, LLC",mauthe farms,farm,merged_exact_name_reviewed,MS,Pike,Mccomb,39648,"2033 Joe Tucker Road, McComb, MS 39648",public_business_address_reviewed_for_future_reduced_precision,31.32712,-89.29034,"Dairy products, wholesale; Milklady Cheesecakes; Creole Cream Cheese; Butter; Whole Milk Plain Yogurt; Buttermilk; Heavy Cream; Chocolate Milk; Skim Milk; Reduced Milk; Whole Milk",Dairy; Genuine MS Raised,(601) 542-3471,progressmilkbarn@gmail.com,internal_until_public_use_review,http://mauthefarms.blogspot.com/p/about-farm.html,https://www.facebook.com/Mauthesprogressmilkbarn/,http://instagram.com/mauthesprogressmilkbarn,,True,False,False,False,False,False,False,2,msobs_db1fb7df42be0097e6a0 | msobs_7bfeda0a2ec917522eba,FarmFinder current canonical baseline — identity anchor only | Genuine MS — Raised,https://genuinems.com/directory/mauthe-farms-llc/,B; C,2026-07-15,FF-0098,rediscovered_current_source,promotion_eligible_reviewed,,Fields selected by evidence grade; every source observation remains separately auditable.
MS-ED9A0F1F5E,Route One Nursery,route one nursery,farm,unique_source_name_reviewed,MS,Pike,Mccomb,39648,,public_business_address_reviewed_for_future_reduced_precision,,,U-pick crops; agritourism,U-pick; agritourism,601-684-9609,Timmons1940@BellSouth.net,internal_until_public_use_review,,,,,True,False,False,False,True,False,False,1,msobs_a2ae11ec2b6a469d1c74,PickYourOwn — Southwest Mississippi,https://www.pickyourown.org/MSsw.htm,E,2026-07-15,,new_state_candidate,research_or_qa_queue,single grade-E discovery listing needs corroboration; source reports closure and requires affirmative curator decision,Fields selected by evidence grade; every source observation remains separately auditable.
MS-762275F159,Serenity Sheep Farm,serenity sheep farm,farm,merged_exact_name_reviewed,MS,Pike,Mccomb,39648,"1200 Caston Rd, McComb, MS 39648",public_business_address_reviewed_for_future_reduced_precision,31.116615,-90.141484,Specialty hair sheep; Lamb Meat; Live Animals Sheep/Lambs,Meat; Genuine MS Raised,(601) 730-3503,pamdyeschmidt@gmail.com,internal_until_public_use_review,,https://www.facebook.com/SerenitySheepFarm,,,True,False,False,False,False,False,False,2,msobs_ed6ba6442b36ce91fe9b | msobs_bb999c29f2c1dc16fea1,FarmFinder current canonical baseline — identity anchor only | Genuine MS — Raised,https://genuinems.com/directory/serenity-sheep-farm/,B; C,2026-07-15,FF-0303,rediscovered_current_source,promotion_eligible_reviewed,,Fields selected by evidence grade; every source observation remains separately auditable.
MS-7DEA2AE4BB,Sweet Meat Farms,sweet meat farms,farm,unique_source_name_reviewed,MS,Pike,Magnolia,,,public_business_address_reviewed_for_future_reduced_precision,31.24379,-90.45315,American Wagyu beef,Meat,,,internal_until_public_use_review,,,,,True,False,False,False,False,False,False,1,msobs_aebe556789cd9148d978,FarmFinder current canonical baseline — identity anchor only,https://genuinems.com/celebrating-mississippis-beef-producers-for-national-beef-month/,C,2026-07-15,FF-0096,canonical_baseline_only,research_or_qa_queue,canonical baseline farm not rediscovered in current three-pass sources,Fields selected by evidence grade; every source observation remains separately auditable.
MS-0A56830E2D,Ted's Blueberry Farm,teds blueberry farm,farm,unique_source_name_reviewed,MS,Pike,Mccomb,39648,,public_business_address_reviewed_for_future_reduced_precision,,,U-pick crops; agritourism,U-pick; agritourism,(601) 341-2002,,internal_until_public_use_review,,,,,True,False,False,False,True,False,False,1,msobs_fb470dff9cd29097f438,PickYourOwn — Southwest Mississippi,https://www.pickyourown.org/MSsw.htm,E,2026-07-15,,new_state_candidate,research_or_qa_queue,single grade-E discovery listing needs corroboration; source reports closure and requires affirmative curator decision,Fields selected by evidence grade; every source observation remains separately auditable.
MS-82C2A01DA6,Williamson Nursery,williamson nursery,farm,unique_source_name_reviewed,MS,Pike,Summit,39666,,public_business_address_reviewed_for_future_reduced_precision,,,Agritourism and farm activities; see MDAC venue description,Registered agritourism,601-276-2794,williamsonnursery@gmail.com,internal_until_public_use_review,http://www.williamsonnursery.net/,,,,False,False,False,False,True,False,False,1,msobs_73aafe5a8ba9ebe7eeb2,MDAC registered agritourism venues,https://agnet.mdac.ms.gov/website/AgTourism/Venues_Single?id=138,B,2026-07-15,,new_state_candidate,promotion_eligible_reviewed,,Fields selected by evidence grade; every source observation remains separately auditable.
MS-D7E7432AF4,Windsor Farms,windsor farms,farm,merged_exact_name_reviewed,MS,Pike,Summit,39666,"4511 Upper Glading, Summit, MS 39666",public_business_address_reviewed_for_future_reduced_precision,32.29876,-90.18481,Pecans (planted 2008); Pecans,Honey/Specialty; Genuine MS Grown,(601) 248-7399,cfreeman@windsorfarms.us,internal_until_public_use_review,https://www.windsorfarms.us,https://www.facebook.com/windsorfarmspecans/,,,True,False,False,False,False,False,False,2,msobs_83917d7c8f0312824436 | msobs_48fcd690ff800dc9867d,FarmFinder current canonical baseline — identity anchor only | Genuine MS — Grown,https://genuinems.com/directory/windsor-farms/,B; C,2026-07-15,FF-0299,rediscovered_current_source,promotion_eligible_reviewed,,Fields selected by evidence grade; every source observation remains separately auditable.
MS-8182E9308F,First Fruits Farm,first fruits farm,farm,merged_cross_county_identity_reviewed,MS,Pike/Amite,Summit,39666,,public_business_address_reviewed_for_future_reduced_precision,,,Agritourism and farm activities; see MDAC venue description; U-pick crops; agritourism,Registered agritourism; U-pick; agritourism,601-810-3606,almadripps@live.com,internal_until_public_use_review,,https://www.facebook.com/profile.php?id=100064742767078,,,True,False,False,False,True,False,False,2,msobs_8b120b4985eadce296e1 | msobs_38209b30e3620039cfa2,MDAC registered agritourism venues | PickYourOwn — Southwest Mississippi,https://agnet.mdac.ms.gov/website/AgTourism/Venues_Single?id=146 | https://www.pickyourown.org/MSsw.htm,B; E,2026-07-15,,new_state_candidate,promotion_eligible_reviewed,,Fields selected by evidence grade; every source observation remains separately auditable.
MS-4000A9F665,Arella Farm LLC,arella farm,farm,unique_source_name_reviewed,MS,Pontotoc,Pontotoc,38863,,public_business_address_reviewed_for_future_reduced_precision,,,Agritourism and farm activities; see MDAC venue description,Registered agritourism,901-485-6582,info@arellafarm.com,internal_until_public_use_review,https://www.arellafarm.com,https://www.facebook.com/arellafarmllc,,,False,False,False,False,False,False,False,1,msobs_e4d09d4eb7d872f8fb3e,MDAC registered agritourism venues,https://agnet.mdac.ms.gov/website/AgTourism/Venues_Single?id=176,B,2026-07-15,,new_state_candidate,promotion_eligible_reviewed,,Fields selected by evidence grade; every source observation remains separately auditable.
MS-C93F35EE6F,Bean and Berry Blueberry Farm,bean and berry blueberry farm,farm,unique_source_name_reviewed,MS,Pontotoc,Pontotoc,38863,,public_business_address_reviewed_for_future_reduced_precision,,,Agritourism and farm activities; see MDAC venue description,Registered agritourism,768-231-2958,beanandberry@gmail.com,internal_until_public_use_review,,,,,True,False,False,False,False,False,False,1,msobs_cd6bcc8d5a9d7b512bea,MDAC registered agritourism venues,https://agnet.mdac.ms.gov/website/AgTourism/Venues_Single?id=125,B,2026-07-15,,new_state_candidate,promotion_eligible_reviewed,,Fields selected by evidence grade; every source observation remains separately auditable.
MS-A90446BE6F,Carnes Farms LLC,carnes farms,farm,merged_exact_name_reviewed,MS,Pontotoc,Pontotoc,38863,"164 Hurt-Wood Rd, Pontotoc, MS 38863",public_business_address_reviewed_for_future_reduced_precision,,,Wooden frames; Wooden stocking holders; Wooden tree holders; Christmas Trees; Agritourism and farm activities; see MDAC venue description,Genuine MS Grown; Registered agritourism,(662) 419-1286,carnesfarmspontotoc@gmail.com,internal_until_public_use_review,,https://www.facebook.com/carneschristmastreefarm,http://instagram.com/thedogwoodcompany,,False,False,False,False,True,False,False,2,msobs_9f848f64d9617c50703f | msobs_473df82d2fe6808be695,Genuine MS — Grown | MDAC registered agritourism venues,https://genuinems.com/directory/carnes-farms/ | https://agnet.mdac.ms.gov/website/AgTourism/Venues_Single?id=121,B,2026-07-15,,new_state_candidate,promotion_eligible_reviewed,,Fields selected by evidence grade; every source observation remains separately auditable.
MS-38E1B55255,Cherry Creek Orchards,cherry creek orchards,farm,merged_exact_name_reviewed,MS,Pontotoc,Pontotoc,38863,,public_business_address_reviewed_for_future_reduced_precision,30.84731,-90.15527,Peaches; nectarines; plums; blackberries; figs; apples; melons; muscadines; vegetables; U-pick crops; agritourism,Produce; U-pick; agritourism,(662) 489-7783,cherrycreekorchards@gmail.com,internal_until_public_use_review,,https://www.facebook.com/cherrycreekorchards/,,,True,True,False,False,True,False,False,2,msobs_0713fa042c7e8eefcb4e | msobs_c0a7f1aa570d83cef55b,FarmFinder current canonical baseline — identity anchor only | PickYourOwn — North Mississippi,https://mississippihills.org/foodtrail/cherry-creek-orchards/ | https://www.pickyourown.org/MSnorth.htm,C; E,2026-07-15,FF-0026,rediscovered_current_source,promotion_eligible_reviewed,,Fields selected by evidence grade; every source observation remains separately auditable.
MS-B225C46C27,Mississippi Beef Brothers,mississippi beef brothers,farm,unique_source_name_reviewed,MS,Pontotoc,Pontotoc,38863,"5255 Veterans Hwy West , Pontotoc , Mississippi 38863",public_business_address_reviewed_for_future_reduced_precision,,,Filet; Ribeye; Tomahawk; T-Bone; Porterhouse; NY Strip; Sirloin; Flank; Skirt; Hanger; Flat Iron; Cube Steak; Chuck Eye; Ground Beef; Tri-Tip; Sirloin Roast; Chuck Roast; Oxtails; Marrow Bones; Neck Bones; Knuckle Bones; Short Ribs; Korean Style Short Ribs; Back Ribs; Plate Ribs; Liver; Heart; Tongue; Brisket; Stew/Kabob; Beef Sausage; Fajita Strips; Beef Tallow; Beef Hot Dogs,Genuine MS Raised,(662) 308-7015,msbeefbros@icloud.com,internal_until_public_use_review,https://www.mississippibeefbros.com/,https://www.facebook.com/share/1BK2wdRL3a/?mibextid=wwXIfr,http://instagram.com/https://www.instagram.com/mississippibeefbros?igsh=MWlvd20wb3Q4NzM5OQ%3D%3D&utm_source=qr,,False,False,False,False,False,False,False,1,msobs_cf237541fbcfa892f7b9,Genuine MS — Raised,https://genuinems.com/directory/mississippi-beef-brothers/,B,2026-07-15,,new_state_candidate,promotion_eligible_reviewed,,Fields selected by evidence grade; every source observation remains separately auditable.
MS-9F86EB6983,Pontotoc Blueberry Ridge,pontotoc blueberry ridge,farm,unique_source_name_reviewed,MS,Pontotoc,Pontotoc,38863,,public_business_address_reviewed_for_future_reduced_precision,,,U-pick crops; agritourism,U-pick; agritourism,662-489-8481,teresa@brysoncaron.com,internal_until_public_use_review,,https://www.facebook.com/p/Pontotoc-Ridge-Blueberry-Farm-100077254417579/,,,True,False,False,False,True,False,False,1,msobs_39b2932dd20024ee16ec,PickYourOwn — North Mississippi,https://www.pickyourown.org/MSnorth.htm,E,2026-07-15,,new_state_candidate,research_or_qa_queue,single grade-E discovery listing needs corroboration,Fields selected by evidence grade; every source observation remains separately auditable.
MS-B0E8B4AA34,Wise Family Farm,wise family farm,farm,merged_exact_name_reviewed,MS,Pontotoc,Pontotoc,38863,"291 Shady Grove Road, Pontotoc, MS 38863",public_business_address_reviewed_for_future_reduced_precision,,,Purple Hull Peas; Tomatoes; Pumpkins; Fowers; Cotton; Agritourism and farm activities; see MDAC venue description,Genuine MS Grown; Registered agritourism,(662) 538-8990,events@wisefamilyfarm.com,internal_until_public_use_review,https://www.wisefamilyfarm.com/,https://www.facebook.com/WiseFarms/,http://instagram.com/wisefamilyfarm,,True,False,False,False,True,False,False,2,msobs_319790a79a94a2f632a1 | msobs_33d1a8cbc019eada7323,Genuine MS — Grown | MDAC registered agritourism venues,https://genuinems.com/directory/wise-family-farm/ | https://agnet.mdac.ms.gov/website/AgTourism/Venues_Single?id=38,B,2026-07-15,,new_state_candidate,promotion_eligible_reviewed,,Fields selected by evidence grade; every source observation remains separately auditable.
MS-FF8BC050B2,Thirty West Farms,thirty west farms,farm,merged_exact_name_reviewed,MS,Prentiss,Baldwyn,38824,"57 Hwy 30, Baldwyn, MS 38824",public_business_address_reviewed_for_future_reduced_precision,,,Angus Bulls; Angus Steers; Angus Heifers; Hay,Genuine MS Grown; Genuine MS Raised,(662) 401-2686,thirtywestfarms@gmail.com,internal_until_public_use_review,,https://www.facebook.com/thirtywestfarms/,http://instagram.com/thirtywestfarms,,False,False,False,False,False,False,False,2,msobs_b3ebe6b5d16bc1bcaca2 | msobs_42528034512ca8ddd736,Genuine MS — Grown | Genuine MS — Raised,https://genuinems.com/directory/thirty-west-farms/,B,2026-07-15,,new_state_candidate,promotion_eligible_reviewed,,Fields selected by evidence grade; every source observation remains separately auditable.
MS-2B9AB4D9D3,Back 40 Pumpkin Patch,back 40 pumpkin patch,farm,unique_source_name_reviewed,MS,Rankin,Pelahatchie,39145,,public_business_address_reviewed_for_future_reduced_precision,,,Agritourism and farm activities; see MDAC venue description,Registered agritourism,(601) 942-4914,back40pumpkinpatch@gmail.com,internal_until_public_use_review,,https://www.facebook.com/Back-40-Pumpkin-Patch-1098906126941993,,,False,False,False,False,True,False,False,1,msobs_4bfb8d0c4e73116fe3a3,MDAC registered agritourism venues,https://agnet.mdac.ms.gov/website/AgTourism/Venues_Single?id=101,B,2026-07-15,,new_state_candidate,promotion_eligible_reviewed,,Fields selected by evidence grade; every source observation remains separately auditable.
MS-E43FD6E449,Banks Farms,banks farms,farm,unique_source_name_reviewed,MS,Rankin,Brandon,39042,"3690 Highway 80 East, Brandon, Mississippi 39042",public_business_address_reviewed_for_future_reduced_precision,,,Peaches,Genuine MS Grown,(601) 927-7104,burkhalterred@aol.com,internal_until_public_use_review,,https://www.facebook.com/banksfarms/?ref=bookmarks,,,False,False,False,False,False,False,False,1,msobs_101cd1c8e9c7b28373b0,Genuine MS — Grown,https://genuinems.com/directory/banks-farms/,B,2026-07-15,,new_state_candidate,promotion_eligible_reviewed,,Fields selected by evidence grade; every source observation remains separately auditable.
MS-BF5EE1411E,Barefoot Springs Farm,barefoot springs farm,farm,unique_source_name_reviewed,MS,Rankin,Pelahatchie,,,public_business_address_reviewed_for_future_reduced_precision,32.313216,-89.79894,"Grass-fed, grass-finished beef",Meat,,,internal_until_public_use_review,,,,,True,False,False,False,False,False,False,1,msobs_20197cf8f2ded25367bc,FarmFinder current canonical baseline — identity anchor only,,E,2026-07-15,FF-0276,canonical_baseline_only,research_or_qa_queue,single grade-E discovery listing needs corroboration; canonical baseline farm not rediscovered in current three-pass sources,Fields selected by evidence grade; every source observation remains separately auditable.
MS-E0B3731F9B,Blue Sky Farms MS,blue sky farms ms,farm,unique_source_name_reviewed,MS,Rankin,Richland,39218,"44a Old Hwy 49 S, Richland, MS 39218",public_business_address_reviewed_for_future_reduced_precision,,,Meat,Genuine MS Raised,(601) 353-7100,blueskyfarmsms@gmail.com,internal_until_public_use_review,https://www.blueskyfarms.org,https://www.facebook.com/Blue-Sky-Farmsorg-101108618144039/,http://instagram.com/hugh.dt,,False,False,False,False,False,False,False,1,msobs_d1e752d8c6d54b658288,Genuine MS — Raised,https://genuinems.com/directory/blue-sky-farms-ms/,B,2026-07-15,,new_state_candidate,promotion_eligible_reviewed,,Fields selected by evidence grade; every source observation remains separately auditable.
MS-E743757E4B,Blueberry Hill Farm Florence,blueberry hill farm florence,farm,unique_source_name_reviewed,MS,Rankin,Florence,39073,,public_business_address_reviewed_for_future_reduced_precision,,,U-pick crops; agritourism,U-pick; agritourism,(601) 214-1947,martinseverything2017@gmail.com,internal_until_public_use_review,,https://www.facebook.com/Blueberry-Hill-Farm-1761839797244432/,,,True,False,False,False,True,False,False,1,msobs_351a1f7c7e46971bab6c,PickYourOwn — Jackson and west-central Mississippi,https://www.pickyourown.org/MSjackson.htm,E,2026-07-15,,new_state_candidate,research_or_qa_queue,single grade-E discovery listing needs corroboration,Fields selected by evidence grade; every source observation remains separately auditable.
MS-0480F17DFA,Hopes Produce and Emporium,hopes produce and emporium,farm,unique_source_name_reviewed,MS,Rankin,Florence,39073,154 Hidden Ranch Rd,public_business_address_reviewed_for_future_reduced_precision,,,eggs; baked goods; pickles; preserves; soap; medicinal herbs; fresh flowers; asparagus; beets; broccoli; brussels sprouts; cabbage; carrots; cauliflower; celery; cucumber; garlic; green beans; green onions; lettuce; mustard greens; onions; potatoes; radishes; rutabagas; salad greens; spinach; sweet peppers; tomatillos; tomatoes; turnips; winter-squash; zucchini; blueberries; strawberries; gourds; sweet corn; eggplant; hot peppers; okra; peas; summer squash; sweet potatoes; cantaloupes; figs; melons; watermelons; peanuts; wreaths,LocalHarvest Family Farm,(601) 845-6495,,internal_until_public_use_review,https://www.hopesproduce.com,,,,True,False,False,False,False,False,False,1,msobs_495a6bd432a332b71869,LocalHarvest — Mississippi county-seat gap search,https://www.localharvest.org/hopes-produce-and-emporium-M12767,D,2026-07-15,,new_state_candidate,promotion_eligible_reviewed,,Fields selected by evidence grade; every source observation remains separately auditable.
MS-7C05EEEEA7,Mt Creek Ranch,mt creek ranch,farm,unique_source_name_reviewed,MS,Rankin,Florence,39073,"893 Highway 469 South, Florence, MS 39073",public_business_address_reviewed_for_future_reduced_precision,,,Chicken; Beef; Eggs,Genuine MS Raised,,mtcreekranch@yahoo.com,internal_until_public_use_review,https://www.mountain-creek-ranch.com,https://facebook.com/mntcreekranch,,,False,False,False,False,False,False,False,1,msobs_397fb560a38eec788dd0,Genuine MS — Raised,https://genuinems.com/directory/mt-creek-ranch/,B,2026-07-15,,new_state_candidate,promotion_eligible_reviewed,,Fields selected by evidence grade; every source observation remains separately auditable.
MS-A466C613A2,New Ground Nursery,new ground nursery,farm,unique_source_name_reviewed,MS,Rankin,Brandon,39042,"118 Thornton Rd, Brandon, MS 39042",public_business_address_reviewed_for_future_reduced_precision,,,Fig cuttings (70+ specialty varieties); Fig trees (70+ specialty varieties); Native shrubs,Genuine MS Grown,601-214-6569,spthorn2@gmail.com,internal_until_public_use_review,,https://www.facebook.com/profile.php?id=61586321047384,,,False,False,False,False,False,False,False,1,msobs_76cd19c452daa53cd6d3,Genuine MS — Grown,https://genuinems.com/directory/new-ground-nursery/,B,2026-07-15,,new_state_candidate,promotion_eligible_reviewed,,Fields selected by evidence grade; every source observation remains separately auditable.
MS-B3F6F93A54,Overflow Honey Co.,overflow honey,farm,unique_source_name_reviewed,MS,Rankin,Florence,39073,"2396 Highway 49 N, Florence , MS 39073",public_business_address_reviewed_for_future_reduced_precision,,,protective gear; frames; hive components; Bee Keeping Tools; The Original Beetle Trap & Tray; Nucs; Feeding Supplements; Bee Apparel; Children's Book on Bee's; Goat Milk Soap; Honey; Lotion Bars; Candles; Beeswax Bars,Genuine MS Raised,(601) 260-6499,info@overflowhoney.com,internal_until_public_use_review,https://www.overflowhoneyco.com/,https://www.facebook.com/p/Overflow-Honey-Co-61568101702590/,http://instagram.com/overflow.honey.co,,False,False,False,False,False,False,False,1,msobs_74857814ab5af50bbb2f,Genuine MS — Raised,https://genuinems.com/directory/overflow-honey-co/,B,2026-07-15,,new_state_candidate,promotion_eligible_reviewed,,Fields selected by evidence grade; every source observation remains separately auditable.
MS-7B81628EFC,Paul’s Plants,pauls plants,producer_requires_type_review,unique_source_name_reviewed,MS,Rankin,Brandon,39042,"112 Cannon Ridge Dr., Brandon, Mississippi 39042",public_business_address_reviewed_for_future_reduced_precision,,,Trees; Perennial Plants; Annual Plants; Shrubs,Genuine MS Grown,769-798-6761,sales@paulsplants.net,internal_until_public_use_review,https://paulsplants.net,,,,False,False,False,False,False,False,False,1,msobs_688969edfa52a8e3e5cf,Genuine MS — Grown,https://genuinems.com/directory/pauls-plants/,B,2026-07-15,,new_state_candidate,research_or_qa_queue,directory candidate needs independent farm-operation evidence,Fields selected by evidence grade; every source observation remains separately auditable.
MS-292F417C6D,Pennington Farms Honey,pennington farms honey,farm,unique_source_name_reviewed,MS,Rankin,Pearl,39208,"186 Cooperhurst Road, Pearl, Mississippi 39208",public_business_address_reviewed_for_future_reduced_precision,,,Honey; Creamed Honey; Honeybees; BeesWax; The Natchez Solution wood conditioner; TLC Leather Care,Genuine MS Raised,(601) 260-2992,mississippihoney@live.com,internal_until_public_use_review,http://mississippihoney.com/,https://www.facebook.com/PenningtonFarmsHoney/,http://instagram.com/mississippihoney,,False,False,False,False,False,False,False,1,msobs_4a31cb60fcece41a679f,Genuine MS — Raised,https://genuinems.com/directory/pennington-farms-honey/,B,2026-07-15,,new_state_candidate,promotion_eligible_reviewed,,Fields selected by evidence grade; every source observation remains separately auditable.
MS-72B226F588,Red River Trading Company,red river trading,producer_requires_type_review,unique_source_name_reviewed,MS,Rankin,Brandon,39042,"3012 LOUIS WILSON DR, Brandon, Mississippi 39042",public_business_address_reviewed_for_future_reduced_precision,,,Tomatoes; Okra; Eggplant; Cucumbers; Peppers; Squash; Zucchini,Genuine MS Grown,601-613-1440,mcvet042@gmail.com,internal_until_public_use_review,,,,,False,False,False,False,False,False,False,1,msobs_788994866d71697afc3a,Genuine MS — Grown,https://genuinems.com/directory/red-river-trading-company/,B,2026-07-15,,new_state_candidate,research_or_qa_queue,directory candidate needs independent farm-operation evidence,Fields selected by evidence grade; every source observation remains separately auditable.
MS-4E0040D696,Remington-Lott Farms,remington lott farms,farm,unique_source_name_reviewed,MS,Rankin,Flowood,,,public_business_address_reviewed_for_future_reduced_precision,32.42848,-90.13231,"Beef, milk, honey, frozen vegetables",Mixed,(601) 882-4841,Info@remingtonlottfarms.com,internal_until_public_use_review,,https://www.facebook.com/remingtonlottfarms/,https://www.instagram.com/remingtonlottfarms/,,True,False,True,False,False,False,False,1,msobs_8c0a59f0b9fed8e3d487,FarmFinder current canonical baseline — identity anchor only,https://www.cityofflowood.com/remington-lott-farms,C,2026-07-15,FF-0093,canonical_baseline_only,research_or_qa_queue,canonical baseline farm not rediscovered in current three-pass sources,Fields selected by evidence grade; every source observation remains separately auditable.
MS-FAD4468C29,Restoration Ministry of MS Recovery Ranch,restoration ministry of ms recovery ranch,farm,merged_exact_name_reviewed,MS,Rankin,Pelahatchie,39145,"315 Barefoot Springs Road, Pelahatchie, Ms 39145",public_business_address_reviewed_for_future_reduced_precision,,,Mississippi-grown or -raised farm products,Genuine MS Grown; Genuine MS Raised,,restorationministryofms@gmail.com,internal_until_public_use_review,https://restorationministryofms.com/,https://www.facebook.com/share/18dqEopTKa/,,,False,False,False,False,False,False,False,2,msobs_0bc9f8ddea71164ca739 | msobs_9d15fdf68b547b26831e,Genuine MS — Grown | Genuine MS — Raised,https://genuinems.com/directory/restoration-ministry-of-ms-recovery-ranch/,B,2026-07-15,,new_state_candidate,promotion_eligible_reviewed,,Fields selected by evidence grade; every source observation remains separately auditable.
MS-BCF930EC7F,Rivers Plant Farm and Nusery,rivers plant farm and nusery,farm,unique_source_name_reviewed,MS,Rankin,Brandon,39042,"590 Rock Hill Rd, Brandon, MS 39042",public_business_address_reviewed_for_future_reduced_precision,,,Flowers; Shrubs; Vegetables; Trees,Genuine MS Grown,(601) 825-8916,riversplantfarm@gmail.com,internal_until_public_use_review,https://www.riversgreenhouseandgarden.com/,https://www.facebook.com/Rivers-Greenhouse-and-Garden-Brandon-132967750085899,http://instagram.com/riversgreenhouseandgarden,,False,False,False,False,False,False,False,1,msobs_4c5bd3d4e0f0576fa221,Genuine MS — Grown,https://genuinems.com/directory/rivers-plant-farm-and-nusery/,B,2026-07-15,,new_state_candidate,promotion_eligible_reviewed,,Fields selected by evidence grade; every source observation remains separately auditable.
MS-316F3D1123,Varner Show Goats,varner show goats,producer_requires_type_review,unique_source_name_reviewed,MS,Rankin,Florence,39073,"1072 HIGHWAY 469 S, Florence, MS 39073",public_business_address_reviewed_for_future_reduced_precision,,,Show Goats,Genuine MS Raised,(601) 941-9323,varnershowgoats@gmail.com,internal_until_public_use_review,,,,,False,False,False,False,False,False,False,1,msobs_83aa167828b705481387,Genuine MS — Raised,https://genuinems.com/directory/varner-show-goats/,B,2026-07-15,,new_state_candidate,research_or_qa_queue,directory candidate needs independent farm-operation evidence,Fields selected by evidence grade; every source observation remains separately auditable.
MS-6CAE6FD749,Becca’s Blooms Floral Flower Preservation,beccas blooms floral flower preservation,producer_requires_type_review,unique_source_name_reviewed,MS,Scott,Morton,39117,"3840 SCR 503N, Morton, MS 39117",public_business_address_reviewed_for_future_reduced_precision,,,Mississippi-grown or -raised farm products,Genuine MS Grown,769-257-2283,beccasbloomsfloral@gmail.com,internal_until_public_use_review,https://beccasbloomsfloralflowerpreservation.com/,https://www.facebook.com/share/1B1vgruYDE/?mibextid=wwXIfr,,,False,False,False,False,False,False,False,1,msobs_d35b82dcccfed39d2789,Genuine MS — Grown,https://genuinems.com/directory/beccas-blooms-floral-flower-preservation/,B,2026-07-15,,new_state_candidate,research_or_qa_queue,directory candidate needs independent farm-operation evidence,Fields selected by evidence grade; every source observation remains separately auditable.
MS-FB282CD1F1,Blueberry Hill Farms,blueberry hill farms,farm,unique_source_name_reviewed,MS,Scott,Union,39365,,public_business_address_reviewed_for_future_reduced_precision,,,U-pick crops; agritourism,U-pick; agritourism,601-656-2179,,internal_until_public_use_review,,,,,True,False,False,False,True,False,False,1,msobs_50f12c4a9e6dd5409d68,PickYourOwn — East-central Mississippi,https://www.pickyourown.org/MSeast.htm,E,2026-07-15,,new_state_candidate,research_or_qa_queue,single grade-E discovery listing needs corroboration; source reports closure and requires affirmative curator decision,Fields selected by evidence grade; every source observation remains separately auditable.
MS-E658957340,Cooper Farms and Vineyard LLC,cooper farms and vineyard,farm,merged_exact_name_reviewed,MS,Scott,Morton,39117,"1011 Rushing Rd, Morton, MS 39117",public_business_address_reviewed_for_future_reduced_precision,,,"Muscadine Jelly; Blackberry Jelly; Blackberries; Blueberries; Muscadines; Cantaloupe; Watermelons; Squash (all types); Peppers (all types); Corn (Yellow and White, Field and Sweet); Snap beans; Lettuce (leaf); Greens (All Types); Cucumber; Carrots; Peas (Various Types); Radishes; Eggplant; Red Potatoes; Califlower; Brocolli; Brussel Sprouts; Okra; Bok Choy; Kohlrabi; Swiss Chard; Spinach; Green Onions; Mizuna; TOMATOES, SQUASH, CUCUMBERS, OKRA, EGGPLANT, PEAS, SNAPBEANS, PEPPERS, ONIONS, POTATOES, WINTER SQUASH, WATERMELONS, CANTALOUPES, CORN, BUTTERBEANS, BEETS, CARROTS, BROCCOLI, CABBAGE, CAULIFLOWER, BRUSSEL SPROUTS, LETTUCE, RADISH, KOHLRABI, ALL GREENS, HERBS & PLANTS, SWISS CHARD, BLACKBERRIES, BLUEBERRIES, MUSCADINES, STRAWBERRIES, AND OTHER SPECIALITY VEGETABLES & FRUITS.",Genuine MS Grown; Mississippi Farmers Market agricultural vendor,(601) 732-2908,cooperfarmsandvineyard@yahoo.com,internal_until_public_use_review,,https://www.facebook.com/muscadinefruit/,,,False,True,False,False,False,False,False,2,msobs_c74ce0c624230fe049a0 | msobs_65d5f2cdc0293593ed3b,Genuine MS — Grown | MDAC Mississippi Farmers Market agricultural vendors,https://genuinems.com/directory/cooper-farms-and-vineyard-llc/ | https://agnet.mdac.ms.gov/Website/FarmerMarket_VendorView.aspx?PassedID=31,B,2026-07-15,,new_state_candidate,promotion_eligible_reviewed,,Fields selected by evidence grade; every source observation remains separately auditable.
MS-877584F2E0,Cooper's Berry Farm,coopers berry farm,farm,unique_source_name_reviewed,MS,Scott,Morton,39117,,public_business_address_reviewed_for_future_reduced_precision,,,U-pick crops; agritourism,U-pick; agritourism,601-732-2412,cooperfarmsandvineyard@yahoo.com,internal_until_public_use_review,,https://www.facebook.com/Cooper-Farms-Vineyard-255335994576218/,,,True,False,False,False,True,False,False,1,msobs_69bc2795f0d3206a7947,PickYourOwn — East-central Mississippi,https://www.pickyourown.org/MSeast.htm,E,2026-07-15,,new_state_candidate,research_or_qa_queue,single grade-E discovery listing needs corroboration; source reports closure and requires affirmative curator decision,Fields selected by evidence grade; every source observation remains separately auditable.
MS-5C127976D9,Gatewood Blueberry Farm,gatewood blueberry farm,farm,unique_source_name_reviewed,MS,Scott,Forest,39074,,public_business_address_reviewed_for_future_reduced_precision,,,U-pick crops; agritourism,U-pick; agritourism,(601) 513-2660,,internal_until_public_use_review,,https://www.facebook.com/GatewoodBlueberries/,,,True,False,False,False,True,False,False,1,msobs_86eef287c126f34584f5,PickYourOwn — East-central Mississippi,https://www.pickyourown.org/MSeast.htm,E,2026-07-15,,new_state_candidate,research_or_qa_queue,single grade-E discovery listing needs corroboration,Fields selected by evidence grade; every source observation remains separately auditable.
MS-266438C9D3,"Golden Valley Doodles, Inc.",golden valley doodles,producer_requires_type_review,unique_source_name_reviewed,MS,Scott,Morton,39117,"915 Hattie Wallace Rd, Morton, MS 39117",public_business_address_reviewed_for_future_reduced_precision,,,Goldendoodles; Sheepadoodles; Aussiedoodles,Genuine MS Raised,(601) 900-2991,shannon@goldenvalleydoodles.com,internal_until_public_use_review,https://www.goldenvalleydoodles.com/,https://www.facebook.com/goldenvalleydoodles/,http://instagram.com/goldenvalleydoodles,,False,False,False,False,False,False,False,1,msobs_5324c263365f8e87239f,Genuine MS — Raised,https://genuinems.com/directory/golden-valley-doodles-inc/,B,2026-07-15,,new_state_candidate,research_or_qa_queue,directory candidate needs independent farm-operation evidence,Fields selected by evidence grade; every source observation remains separately auditable.
MS-4CDAEEA816,Hope Fruit and Berry Farm,hope fruit and berry farm,farm,unique_source_name_reviewed,MS,Scott,Morton,39117,,public_business_address_reviewed_for_future_reduced_precision,,,U-pick crops; agritourism,U-pick; agritourism,601-382-3018,hopefruit@bayspringstel.net,internal_until_public_use_review,https://www.hopefruitandberryfarm.com,,,,True,False,False,False,True,False,False,1,msobs_a7ca1a45059dff82855e,PickYourOwn — East-central Mississippi,https://www.pickyourown.org/MSeast.htm,E,2026-07-15,,new_state_candidate,research_or_qa_queue,single grade-E discovery listing needs corroboration,Fields selected by evidence grade; every source observation remains separately auditable.
MS-8A53305E82,Line Prairie Farms,line prairie farms,farm,unique_source_name_reviewed,MS,Scott,Morton,39117,"3925 Highway 481 N, Morton , MS 39117",public_business_address_reviewed_for_future_reduced_precision,,,Hamburger Chuck; Assorted Roasts; Beef Tip; Cube Steak; Beef Liver; Flat Iron; Flank Steak,Genuine MS Raised,(601) 917-0909,lineprairefarms@yahoo.com,internal_until_public_use_review,,https://www.facebook.com/groups/1942624229391393/,,,False,False,False,False,False,False,False,1,msobs_77013c4f9ee9a10ec1bf,Genuine MS — Raised,https://genuinems.com/directory/line-prairie-farms/,B,2026-07-15,,new_state_candidate,promotion_eligible_reviewed,,Fields selected by evidence grade; every source observation remains separately auditable.
MS-1A7AAC0532,Plow Horse Produce,plow horse produce,farm,unique_source_name_reviewed,MS,Scott,Forest,39074,,public_business_address_reviewed_for_future_reduced_precision,,,U-pick crops; agritourism,U-pick; agritourism,601-900-8673,kbgoss0327@yahoo.com,internal_until_public_use_review,,,,,True,False,False,False,True,False,False,1,msobs_34734eecfba783ab16b5,PickYourOwn — East-central Mississippi,https://www.pickyourown.org/MSeast.htm,E,2026-07-15,,new_state_candidate,research_or_qa_queue,single grade-E discovery listing needs corroboration,Fields selected by evidence grade; every source observation remains separately auditable.
MS-398186909C,Ricky Joe's Farm,ricky joes farm,farm,unique_source_name_reviewed,MS,Scott,Morton,39117,,public_business_address_reviewed_for_future_reduced_precision,,,U-pick crops; agritourism,U-pick; agritourism,601-966-2913,rickyjoefarm@yahoo.com,internal_until_public_use_review,,https://www.facebook.com/Ricky-Joes-Farm-610554432322439/,,,True,False,False,False,True,False,False,1,msobs_fb15e5f4c74e53b53986,PickYourOwn — East-central Mississippi,https://www.pickyourown.org/MSeast.htm,E,2026-07-15,,new_state_candidate,research_or_qa_queue,single grade-E discovery listing needs corroboration,Fields selected by evidence grade; every source observation remains separately auditable.
MS-8B0DFB1BFE,Sassy’s Salsa,sassys salsa,farm,unique_source_name_reviewed,MS,Scott,Morton,39117,"3582 Morton Rankin County Line Road, Morton, MS 39117",public_business_address_reviewed_for_future_reduced_precision,,,"Salsa; Pickled Eggs; Bread & butter pickles; sweet pickles and dill pickles and roasted garlic pickles; horseradish; Pickled okra; cayenne peppers; Pear, peach, plum, blueberry, strawberry, blackberry, muscadine jelly; Strawberry jalapeño, pineapple jalapeño, blueberry hot pepper, hot pepper jelly",Genuine MS Grown,601-506-6532,cmoore1027@yahoo.com,internal_until_public_use_review,,,,,False,False,False,False,False,False,False,1,msobs_8a090af05f15299023cf,Genuine MS — Grown,https://genuinems.com/directory/sassys-salsa/,B,2026-07-15,,new_state_candidate,promotion_eligible_reviewed,,Fields selected by evidence grade; every source observation remains separately auditable.
MS-D1D749EF17,YaYa’s Blessings,yayas blessings,producer_requires_type_review,unique_source_name_reviewed,MS,Scott,Forest,39074,"Smith County Mississippi 33947 Highway 35, Forest, Ms 39074",public_business_address_reviewed_for_future_reduced_precision,,,Mississippi-grown or -raised farm products,Genuine MS Grown,,kimyayashoemaker@gmail.com,internal_until_public_use_review,,,,,False,False,False,False,False,False,False,1,msobs_4107f45299f253bc9351,Genuine MS — Grown,https://genuinems.com/directory/yayas-blessings/,B,2026-07-15,,new_state_candidate,research_or_qa_queue,directory candidate needs independent farm-operation evidence,Fields selected by evidence grade; every source observation remains separately auditable.
MS-FC01A712ED,Farmer Jim's Pumpkin Patch & Corn Maze,farmer jims pumpkin patch and corn maze,farm,unique_source_name_reviewed,MS,Sharkey,Rolling Fork,39159,,public_business_address_reviewed_for_future_reduced_precision,,,Agritourism and farm activities; see MDAC venue description,Registered agritourism,(662) 907-1106,jgn00@yahoo.com,internal_until_public_use_review,,https://www.facebook.com/Farmer-Jims-Pumpkin-Patch-and-Corn-Maze-109029009091/,,,False,False,False,False,True,False,False,1,msobs_df6f790efe3899254e9c,MDAC registered agritourism venues,https://agnet.mdac.ms.gov/website/AgTourism/Venues_Single?id=48,B,2026-07-15,,new_state_candidate,promotion_eligible_reviewed,,Fields selected by evidence grade; every source observation remains separately auditable.
MS-5F6E29DFE1,"Bowie Creek Orchard, LLC",bowie creek orchard,farm,unique_source_name_reviewed,MS,Simpson,Mendenhall,39114,"304 Universal Drive, Mendenhall, MS 39114",public_business_address_reviewed_for_future_reduced_precision,,,Blueberries,Genuine MS Grown,601-918-4138,pepper_mike@hotmail.com,internal_until_public_use_review,,https://www.facebook.com/bowiecreekorchard,,,False,False,False,False,False,False,False,1,msobs_32277e50f9dfb9953314,Genuine MS — Grown,https://genuinems.com/directory/bowie-creek-orchard-llc/,B,2026-07-15,,new_state_candidate,promotion_eligible_reviewed,,Fields selected by evidence grade; every source observation remains separately auditable.
MS-EB5DC08C5D,Broadhead Beef,broadhead beef,farm,unique_source_name_reviewed,MS,Simpson,Mendenhall,39114,"1488 Highway 43 North, Mendenhall, MS 39114",public_business_address_reviewed_for_future_reduced_precision,,,Ground Beef; Roast: all cuts; Steaks: all cuts,Genuine MS Raised,(601) 906-2148,staceyb100@bellsouth.net,internal_until_public_use_review,,,,,False,False,False,False,False,False,False,1,msobs_3a5cf2b86512bac1ccde,Genuine MS — Raised,https://genuinems.com/directory/broadhead-beef/,B,2026-07-15,,new_state_candidate,promotion_eligible_reviewed,,Fields selected by evidence grade; every source observation remains separately auditable.
MS-6C7C43515F,"Faithful Fruits Farm, LLC",faithful fruits farm,farm,unique_source_name_reviewed,MS,Simpson,Mt Olive,39119,"295 Zionell Rd. 295 Zionell Rd. , Mt Olive , MS 39119",public_business_address_reviewed_for_future_reduced_precision,,,Pure Raw Honey,Genuine MS Raised,(769) 299-6114,kaciewa29@gmail.com,internal_until_public_use_review,,,,,False,False,False,False,False,False,False,1,msobs_f25ed229ef08e2cfbc47,Genuine MS — Raised,https://genuinems.com/directory/faithful-fruits-farm-llc/,B,2026-07-15,,new_state_candidate,promotion_eligible_reviewed,,Fields selected by evidence grade; every source observation remains separately auditable.
MS-BB8B5C625B,Golden S Farms,golden s farms,farm,merged_exact_name_reviewed,MS,Simpson,Mendenhall,39114,"575 Simpson Hwy 540, Mendenhall, Mississippi 39114",public_business_address_reviewed_for_future_reduced_precision,,,Brangus show cattle (heifers and bulls); Brangus herd bulls; Registered Brangus & Commercial replacement heifers; Brangus Genetics; Hay- round bales; Grass fed beef (on hoof),Genuine MS Grown; Genuine MS Raised,(601) 421-1727,goldensfarms@yahoo.com,internal_until_public_use_review,,https://www.facebook.com/goldensfarmsofmendenhall,,,False,False,False,False,False,False,False,2,msobs_7bd341cad8b398d075a7 | msobs_c152b77c3b607d2b250f,Genuine MS — Grown | Genuine MS — Raised,https://genuinems.com/directory/golden-s-farms/,B,2026-07-15,,new_state_candidate,promotion_eligible_reviewed,,Fields selected by evidence grade; every source observation remains separately auditable.
MS-2662EBB7F4,Honestly Beef,honestly beef,farm,merged_cross_county_identity_reviewed,MS,Simpson,Magee,39111,"509 1st Ave SW, Magee, MS 39111",public_business_address_reviewed_for_future_reduced_precision,31.64544,-89.55535,"Grass-fed beef; Ground Beef; Roasts; Brisket; Filet of Tenderloin Steaks; NY Strip Steaks; Ribeye Steaks; Top Sirloin Steaks; Flanks & Flat Iron Steaks; Short Ribs & Rib Rack; Beef Tips; Soup Bones; Oxtail; Tongue; Liver, Heart, Kidney, & Cheek; Smoked Link Sausages; Liver Doggie Treats",Meat; Genuine MS Raised,(601) 299-4202,beef@honestlybeef.com,internal_until_public_use_review,https://www.honestlybeef.com,https://www.facebook.com/honestlybeef/,http://instagram.com/https://www.instagram.com/honestly.beef,,True,False,True,False,False,False,False,2,msobs_6fd13c22db7609b5e536 | msobs_db1c9d697ecd29796d62,FarmFinder current canonical baseline — identity anchor only | Genuine MS — Raised,https://genuinems.com/directory/honestly-beef/,B; C,2026-07-15,FF-0091,rediscovered_current_source,promotion_eligible_reviewed,,Fields selected by evidence grade; every source observation remains separately auditable.
MS-69137FBF44,Nature Crest LLC,nature crest,producer_requires_type_review,unique_source_name_reviewed,MS,Simpson,Mendenhall,39114,"3412 Hwy 541 N, Mendenhall, Mississippi 39114",public_business_address_reviewed_for_future_reduced_precision,,,Shiitake Mushroms; Oyster Mushroms; Lion's Mane Mushrooms,Genuine MS Grown,(601) 421-9049,naturecrest2015@gmail.com,internal_until_public_use_review,,,,,False,False,False,False,False,False,False,1,msobs_0d944cf6d42767ec01d6,Genuine MS — Grown,https://genuinems.com/directory/nature-crest-llc/,B,2026-07-15,,new_state_candidate,research_or_qa_queue,directory candidate needs independent farm-operation evidence,Fields selected by evidence grade; every source observation remains separately auditable.
MS-3D5DBE391C,Pearl River Apiaries,pearl river apiaries,producer_requires_type_review,unique_source_name_reviewed,MS,Simpson,Harrisville,39082,"1396 Old River Rd, Harrisville, MS 39082",public_business_address_reviewed_for_future_reduced_precision,,,Mississippi-grown or -raised farm products,Genuine MS Raised,601-842-4243,ranthonyphillips@gmail.com,internal_until_public_use_review,,https://www.facebook.com/share/1AwEC19TVB/?mibextid=wwXIfr,,,False,False,False,False,False,False,False,1,msobs_aa63b585eb223f5cce61,Genuine MS — Raised,https://genuinems.com/directory/pearl-river-apiaries/,B,2026-07-15,,new_state_candidate,research_or_qa_queue,directory candidate needs independent farm-operation evidence,Fields selected by evidence grade; every source observation remains separately auditable.
MS-4C56836BED,Black Jack Ranch,black jack ranch,farm,merged_exact_name_reviewed,MS,Stone,Wiggins,39577,"853 Oil Well Road, Wiggins , MS 39577",public_business_address_reviewed_for_future_reduced_precision,32.29876,-90.18481,"Premium Wagyu beef; Wagyu Beef; Angus Beef; Tallows, Butter and Broth; Fresh Baked Cookies and Breads; Sourdough Bread Bouls, Loafs and Bagels; Puddings and Cheesecakes; Seasonings, Sauces and Dips; Gifts and Apparel; Soaps, Whipped Tallow Lotions and Lip Balms",Meat; Genuine MS Raised,(601) 770-6601,kim@blackjackranchms.com,internal_until_public_use_review,https://www.blackjackranchms.com,https://www.facebook.com/BlackJackWagyu/,http://instagram.com/blackjackwagyu,,True,False,False,False,False,False,False,2,msobs_0d8f61ef3769e4a4a4cb | msobs_ddbdd2e7cfcf5fb29093,FarmFinder current canonical baseline — identity anchor only | Genuine MS — Raised,https://genuinems.com/directory/black-jack-ranch/,B; C,2026-07-15,FF-0305,rediscovered_current_source,promotion_eligible_reviewed,,Fields selected by evidence grade; every source observation remains separately auditable.
MS-431D7DECA1,Bounds Blueberry Farm,bounds blueberry farm,farm,merged_cross_county_identity_reviewed,MS,Stone,Wiggins,39577,"183 Highway 13, Wiggins , Mississippi 39577",public_business_address_reviewed_for_future_reduced_precision,,,Blueberries; Blackberries; Agritourism and farm activities; see MDAC venue description; U-pick crops; agritourism,Genuine MS Grown; Registered agritourism; U-pick; agritourism,(601) 433-7826,boundsblueberry@gmail.com,internal_until_public_use_review,https://bounds-blueberry-farm.business.site/,https://www.facebook.com/boundsblueberry,,,True,False,False,False,True,False,False,3,msobs_6d6b8d8f5ceb7ecb755b | msobs_91fd842f1a8ab077cb79 | msobs_fa29dec521231353247c,Genuine MS — Grown | MDAC registered agritourism venues | PickYourOwn — Southeast Mississippi,https://genuinems.com/directory/bounds-blueberry-farm/ | https://agnet.mdac.ms.gov/website/AgTourism/Venues_Single?id=149 | https://www.pickyourown.org/MSse.htm,B; E,2026-07-15,,new_state_candidate,promotion_eligible_reviewed,,Fields selected by evidence grade; every source observation remains separately auditable.
MS-0326F90768,Charlie's U-Pik Wiggins,charlies u pik wiggins,farm,unique_source_name_reviewed,MS,Stone,,,,public_business_address_reviewed_for_future_reduced_precision,,,U-pick crops; agritourism,U-pick; agritourism,601-530-0548,info@charliesupik.com,internal_until_public_use_review,https://www.charliesupik.com,https://www.facebook.com/charliesupik,,,True,False,False,False,True,False,False,1,msobs_f17546799c61e126e51a,PickYourOwn — Southeast Mississippi,https://www.pickyourown.org/MSse.htm,E,2026-07-15,,new_state_candidate,research_or_qa_queue,city or safe public service area missing; single grade-E discovery listing needs corroboration,Fields selected by evidence grade; every source observation remains separately auditable.
MS-C867F0E421,Charlie's Upik Wiggins Location,charlies upik wiggins location,farm,unique_source_name_reviewed,MS,Stone,Wiggins,36577,,public_business_address_reviewed_for_future_reduced_precision,,,Agritourism and farm activities; see MDAC venue description,Registered agritourism,(601) 530-0548,janice@eubanksproduce.com,internal_until_public_use_review,http://www.charliesupik.com/,https://www.instagram.com/charliesupik/?hl=en,,,False,False,False,False,False,False,False,1,msobs_5254cb4eada4ed944fe7,MDAC registered agritourism venues,https://agnet.mdac.ms.gov/website/AgTourism/Venues_Single?id=86,B,2026-07-15,,new_state_candidate,promotion_eligible_reviewed,,Fields selected by evidence grade; every source observation remains separately auditable.
MS-E37EE337E7,Coy Bee Company,coy bee,farm,merged_exact_name_reviewed,MS,Stone,Wiggins,39577,"358 Highway 13, Wiggins, MS 39577",public_business_address_reviewed_for_future_reduced_precision,31.32712,-89.29034,"Honey, bee products; Russian Queens; Russian Nucs; Coastal Wildflower Honey",Honey/Specialty; Genuine MS Raised,(601) 928-5865,steven@coybeecompany.com,internal_until_public_use_review,https://www.coybeecompany.com,,,,True,False,False,False,False,False,False,2,msobs_1ee5f8afbc2b16950ee5 | msobs_5ff33780438d494b2220,FarmFinder current canonical baseline — identity anchor only | Genuine MS — Raised,https://genuinems.com/directory/coy-bee-company/,B; C,2026-07-15,FF-0110,rediscovered_current_source,promotion_eligible_reviewed,,Fields selected by evidence grade; every source observation remains separately auditable.
MS-4EF1038CAE,Deaux Run Vineyard and Venue,deaux run vineyard and venue,farm,unique_source_name_reviewed,MS,Stone,Perkinston,39573,,public_business_address_reviewed_for_future_reduced_precision,,,Agritourism and farm activities; see MDAC venue description,Registered agritourism,601-385-5659,venue@deauxrun.com,internal_until_public_use_review,https://www.deauxrun.com,https://www.facebook.com/p/Deaux-Run-Vineyard-and-Venue-100055075002425/?paipv=0&eav=AfbC3We5bhd4-3XpzrxqSRd2Cb0Zic1AQ4Ku_5bLcYPxF8IR5-b5G3FD3ExwrLcq9Tc&_rdr,,,False,False,False,False,True,False,False,1,msobs_cf604c8366b37637a940,MDAC registered agritourism venues,https://agnet.mdac.ms.gov/website/AgTourism/Venues_Single?id=167,B,2026-07-15,,new_state_candidate,promotion_eligible_reviewed,,Fields selected by evidence grade; every source observation remains separately auditable.
MS-9D52151B55,Prissie Branch Blueberries,prissie branch blueberries,farm,unique_source_name_reviewed,MS,Stone,Perkinston,39573,,public_business_address_reviewed_for_future_reduced_precision,,,Agritourism and farm activities; see MDAC venue description,Registered agritourism,251-610-9201,donnavcampbell@bellsouth.net,internal_until_public_use_review,,,,,False,False,False,False,True,False,False,1,msobs_4a52e1ce16adc9364bca,MDAC registered agritourism venues,https://agnet.mdac.ms.gov/website/AgTourism/Venues_Single?id=127,B,2026-07-15,,new_state_candidate,promotion_eligible_reviewed,,Fields selected by evidence grade; every source observation remains separately auditable.
MS-08847A146C,"Twisted Pines Quail Farm, LLC",twisted pines quail farm,farm,unique_source_name_reviewed,MS,Stone,Wiggins,39577,"80 D E Scarborough Road, Wiggins, Mississippi 39577",public_business_address_reviewed_for_future_reduced_precision,,,"Pickled Quail Eggs: Cajun, Jalapeño, Dill, Bread and Butter, Original, Spicy; Pickled Chicken Eggs: Cajun, Jalapeño, Dill, Original, Spicy; Pickled Okra: Cajun, Dill; Pickled Baby Corn: Cajun",Genuine MS Raised,(601) 310-5722,annette@twistedpinesquailfarm.com,internal_until_public_use_review,https://www.twistedpinesquailfarm.com,https://www.facebook.com/twistedpinesquailfarm/,,,False,False,False,False,False,False,False,1,msobs_185833fcdfa74dfbbef6,Genuine MS — Raised,https://genuinems.com/directory/twisted-pines-quail-farm-llc/,B,2026-07-15,,new_state_candidate,promotion_eligible_reviewed,,Fields selected by evidence grade; every source observation remains separately auditable.
MS-7C169A7843,Williams Family Farms,williams family farms,farm,merged_exact_name_reviewed,MS,Stone,Wiggins,39577,"98 B and W Rd, Wiggins, MS 39577",public_business_address_reviewed_for_future_reduced_precision,,,Pumpkins; Sweet Corn; Indian Corn; Pork; Beef; Poultry; Eggs; Canned goods; Baked Goods; Candies and Fudge; Baking Mixes; BBQ Sauces; Crafts; Agritourism and farm activities; see MDAC venue description,Genuine MS Grown; Genuine MS Raised; Registered agritourism,(601) 716-7968,nealamberwilliams@att.net,internal_until_public_use_review,https://www.williamsfamilyfarms-ms.com,https://www.facebook.com/williamsfamilyfarmsms/,http://instagram.com/williamsfamilyfarms,,False,False,False,False,True,False,False,3,msobs_29da0af1f09dfdb64880 | msobs_867e502053da6d15a656 | msobs_4615b30d9b580048278b,Genuine MS — Grown | Genuine MS — Raised | MDAC registered agritourism venues,https://genuinems.com/directory/williams-family-farms/ | https://agnet.mdac.ms.gov/website/AgTourism/Venues_Single?id=80,B,2026-07-15,,new_state_candidate,promotion_eligible_reviewed,,Fields selected by evidence grade; every source observation remains separately auditable.
MS-AE07358C1D,Beaver-Dam Fresh Farms Inc,beaver dam fresh farms,farm,unique_source_name_reviewed,MS,Sunflower,Indianola,38751,,public_business_address_reviewed_for_future_reduced_precision,,,U-pick crops; agritourism,U-pick; agritourism,662-887-4643,bodiddle@adelphia.net,internal_until_public_use_review,,https://www.facebook.com/BeaverdamFreshFarms/,,,True,False,False,False,True,False,False,1,msobs_a83feae6746d7a1010a3,PickYourOwn — North Mississippi,https://www.pickyourown.org/MSnorth.htm,E,2026-07-15,,new_state_candidate,research_or_qa_queue,single grade-E discovery listing needs corroboration,Fields selected by evidence grade; every source observation remains separately auditable.
MS-F05AE0EE0B,Delta Blues Rice,delta blues rice,farm,unique_source_name_reviewed,MS,Sunflower,Ruleville,38771,3731 Highway 8 East,public_business_address_reviewed_for_future_reduced_precision,,,rice,LocalHarvest Family Farm,(662) 618-2060,,internal_until_public_use_review,https://deltabluesrice.com/,,,,True,False,False,False,False,False,False,1,msobs_dc1d78c82502c87a16df,LocalHarvest — Mississippi county-seat gap search,https://www.localharvest.org/delta-blues-rice-M64915,D,2026-07-15,,new_state_candidate,promotion_eligible_reviewed,,Fields selected by evidence grade; every source observation remains separately auditable.
MS-BCE7399FBD,Free State Beef and Cattle,free state beef and cattle,farm,merged_exact_name_reviewed,MS,Tallahatchie,Scobey,38953,"8240 Tallaha Road, Scobey, MS 38953",public_business_address_reviewed_for_future_reduced_precision,32.29876,-90.18481,Beef; Freezer beef,Meat; Genuine MS Raised,(901) 371-7722,fireandems92@gmail.com,internal_until_public_use_review,,,,,True,False,False,False,False,False,False,2,msobs_5fcfc86cc2f62cb1d44a | msobs_541a8941675aa719207f,FarmFinder current canonical baseline — identity anchor only | Genuine MS — Raised,https://genuinems.com/directory/free-state-beef-and-cattle/,B; C,2026-07-15,FF-0308,rediscovered_current_source,promotion_eligible_reviewed,,Fields selected by evidence grade; every source observation remains separately auditable.
MS-85CFF3F29B,Kengro Corporation,kengro corporation,producer_requires_type_review,unique_source_name_reviewed,MS,Tallahatchie,Charleston,38940,"6605 Highway 32 East, Charleston, Mississippi 38940",public_business_address_reviewed_for_future_reduced_precision,,,Biosorb; Biopad; Biosorb Sock; Biosorb Boom; Biosorb Pillow,Genuine MS Grown,(662) 647-2456,info@kengro.com,internal_until_public_use_review,https://www.kengro.com,https://www.facebook.com/KengroCorporation/,,,False,False,False,False,False,False,False,1,msobs_6fc04d0cb5e76eeb84ed,Genuine MS — Grown,https://genuinems.com/directory/kengro-corporation/,B,2026-07-15,,new_state_candidate,research_or_qa_queue,directory candidate needs independent farm-operation evidence,Fields selected by evidence grade; every source observation remains separately auditable.
MS-B42E91C11D,Two Brooks Farm,two brooks farm,farm,unique_source_name_reviewed,MS,Tallahatchie,Sumner,38957,"404 East Court Street, Sumner, Mississippi 38957",public_business_address_reviewed_for_future_reduced_precision,,,"Delta Belle- long grain white rice; Beulah Land Tan- whole long grain brown rice; Beulah Land Medley- whole long grain brown & red rice, field blend; White ""Missimati"" Bayou Bouquet- fragrant white MS Basmati rice; Brown ""Missimati"" Bayou Bouquet- fragrant brown MS Basmati rice; Blue Jasmoon- white MS Jasmine rice; Sable- long grain black rice; Scarlett- long grain red rice; Original Mississippi Middlins- brown or white rice grits; Original Missimati Middlins- brown or white MS Basmati rice grits; Rice Flours: Delta Belle Rice Flour, Beulah Land Tan Rice Flour, & brown or white Missimati Basmati fragrant rice flour",Genuine MS Grown,(662) 375-8100,abbey@twobrooksfarm.com,internal_until_public_use_review,http://twobrooksfarm.com,https://www.facebook.com/twobrooksrice/,http://instagram.com/twobrooksrice,,False,False,False,False,False,False,False,1,msobs_a13f6ba2f6d8c1d166f5,Genuine MS — Grown,https://genuinems.com/directory/two-brooks-farm/,B,2026-07-15,,new_state_candidate,promotion_eligible_reviewed,,Fields selected by evidence grade; every source observation remains separately auditable.
MS-7AD327A2F0,B & H Farming,b and h farming,farm,unique_source_name_reviewed,MS,Tate,Coldwater,38618,,public_business_address_reviewed_for_future_reduced_precision,,,Agritourism and farm activities; see MDAC venue description,Registered agritourism,901-734-7979,barryhudson31@gmail.com,internal_until_public_use_review,,,,,False,False,False,False,True,False,False,1,msobs_05cd28b3f7f49daadb67,MDAC registered agritourism venues,https://agnet.mdac.ms.gov/website/AgTourism/Venues_Single?id=117,B,2026-07-15,,new_state_candidate,promotion_eligible_reviewed,,Fields selected by evidence grade; every source observation remains separately auditable.
MS-2DD698F3F7,Burris Farms U-Pick,burris farms u pick,farm,unique_source_name_reviewed,MS,Tate,Senatobia,38668,,public_business_address_reviewed_for_future_reduced_precision,,,U-pick crops; agritourism,U-pick; agritourism,662-562-0075,info@burrisfarmsupick.com,internal_until_public_use_review,http://www.burrisfarmsupick.com/,https://www.facebook.com/Burris-Farms-U-Pick-222180704656508,,,True,False,False,False,True,False,False,1,msobs_38b9b9bcc2be37d108a0,PickYourOwn — North Mississippi,https://www.pickyourown.org/MSnorth.htm,E,2026-07-15,,new_state_candidate,research_or_qa_queue,single grade-E discovery listing needs corroboration,Fields selected by evidence grade; every source observation remains separately auditable.
MS-80DF8F375C,Cottonville Farm,cottonville farm,farm,unique_source_name_reviewed,MS,Tate,Coldwater,,,public_business_address_reviewed_for_future_reduced_precision,,,beef; chicken; duck; goat; lamb; pork; turkey; eggs; beeswax; honey; pickles; preserves; gourds; luffa; seeds; beets; broccoli; cabbage; carrots; cauliflower; celery; collards; cucumber; green onions; kale; kohlrabi; lettuce; mushrooms; mustard greens; peas; radishes; salad greens; spinach; swiss chard; turnips; baked goods; medicinal herbs; fresh flowers; oats; sweet corn; dry beans; eggplant; garlic; green beans; hot peppers; leeks; okra; onions; potatoes; summer squash; sweet peppers; tomatillos; tomatoes; zucchini; peanuts; sunflower seeds; corn; popcorn; pumpkins; sweet potatoes; winter-squash; Corriente Cattle; Plymouth Rock Chicken; St. Croix Sheep; Seminole Pumpkin; Watermelon Pickles,LocalHarvest Family Farm,,,internal_until_public_use_review,,https://www.facebook.com/Cottonville-Farm-110129600799937,,,True,False,False,False,False,False,False,1,msobs_44d1599a20d69decc86e,LocalHarvest — Mississippi county-seat gap search,https://www.localharvest.org/cottonville-farm-M17420,D,2026-07-15,,new_state_candidate,promotion_eligible_reviewed,,Fields selected by evidence grade; every source observation remains separately auditable.
MS-C6632B85BC,H & H Farms,h and h farms,farm,unique_source_name_reviewed,MS,Tate,Coldwater,38618,,public_business_address_reviewed_for_future_reduced_precision,,,Agritourism and farm activities; see MDAC venue description,Registered agritourism,(901) 487-0466,hhfarmshudson@aol.com,internal_until_public_use_review,,,,,False,False,False,False,False,False,False,1,msobs_a851bdb4ba72106e4c7d,MDAC registered agritourism venues,https://agnet.mdac.ms.gov/website/AgTourism/Venues_Single?id=37,B,2026-07-15,,new_state_candidate,promotion_eligible_reviewed,,Fields selected by evidence grade; every source observation remains separately auditable.
MS-E482AFE5F8,Homestead Farms Greenhouse & Nursery,homestead farms greenhouse and nursery,farm,unique_source_name_reviewed,MS,Tate,Coldwater,38618,255 Hardin Lane,public_business_address_reviewed_for_future_reduced_precision,,,arugula; lettuce; radishes; salad greens; salad mix; spinach; tomatoes; eggs; honey; pickles; preserves; medicinal herbs; wheat grass; wreaths; asparagus; beets; broccoli; brussels sprouts; cabbage; carrots; cauliflower; celery; chinese greens; collards; cucumber; daikon; garlic; green beans; green onions; kale; kohlrabi; leeks; mustard greens; peas; potatoes; rutabagas; swiss chard; turnips; blackberries; blueberries; fresh flowers; sweet corn; dry beans; eggplant; hot peppers; okra; onions; shallots; summer squash; sunchokes; sweet peppers; sweet potatoes; tomatillos; winter-squash; zucchini; cantaloupes; watermelons; pumpkins; Amish Paste Tomato; Cherokee Purple Tomato; Radiator Charlie's Mortgage Lifter Tomato,LocalHarvest Family Farm,(662) 622-5424,,internal_until_public_use_review,https://homesteadfarmsnursery.com,http://www.facebook.com/Homestead-Farms-Greenhouse-Nursery-332338651851/?ref=hl,,,True,False,False,False,False,False,False,1,msobs_6254dd988f101fb967b0,LocalHarvest — Mississippi county-seat gap search,https://www.localharvest.org/homestead-farms-greenhouse-nursery-M67774,D,2026-07-15,,new_state_candidate,promotion_eligible_reviewed,,Fields selected by evidence grade; every source observation remains separately auditable.
MS-89D69575E4,William N. Hudspeth farm,william n hudspeth farm,farm,unique_source_name_reviewed,MS,Tate,Senatobia,38668,,public_business_address_reviewed_for_future_reduced_precision,,,U-pick crops; agritourism,U-pick; agritourism,662-562-4182,,internal_until_public_use_review,,,,,True,False,False,False,True,False,False,1,msobs_c0ee24331bf52b7e84a4,PickYourOwn — North Mississippi,https://www.pickyourown.org/MSnorth.htm,E,2026-07-15,,new_state_candidate,research_or_qa_queue,single grade-E discovery listing needs corroboration; source reports closure and requires affirmative curator decision,Fields selected by evidence grade; every source observation remains separately auditable.
MS-3F97600824,Fresh From The Farm,fresh from the farm,farm,unique_source_name_reviewed,MS,Tippah,Blue Mountain,38610,1061-A CR704,public_business_address_reviewed_for_future_reduced_precision,,,beets; broccoli; cabbage; carrots; collards; cucumber; green beans; kohlrabi; peas; radishes; summer squash; tomatoes; zucchini; tropicals; pickles; preserves; fresh flowers; hot peppers; sweet peppers; pumpkins; winter-squash; popcorn; Moon & Stars Watermelon; Amish Paste Tomato; Radiator Charlie's Mortgage Lifter Tomato,LocalHarvest Family Farm,(901) 461-0330,,internal_until_public_use_review,,http://www.facebook.com/FreshFromTheFarm,,,True,False,False,False,False,False,False,1,msobs_4f4ce532fac7cae08464,LocalHarvest — Mississippi county-seat gap search,https://www.localharvest.org/fresh-from-the-farm-M35056,D,2026-07-15,,new_state_candidate,promotion_eligible_reviewed,,Fields selected by evidence grade; every source observation remains separately auditable.
MS-457FBE4562,Hays Berry Farms,hays berry farms,farm,unique_source_name_reviewed,MS,Tippah,Dumas,38625,,public_business_address_reviewed_for_future_reduced_precision,,,U-pick crops; agritourism,U-pick; agritourism,662-538-2899,rlhays25@gmail.com,internal_until_public_use_review,https://www.haysberryfarms.com/,https://www.facebook.com/HAYS-Berry-FARM-115962385153586/,,,True,False,False,False,True,False,False,1,msobs_3146aa4c290e3bf37abc,PickYourOwn — North Mississippi,https://www.pickyourown.org/MSnorth.htm,E,2026-07-15,,new_state_candidate,research_or_qa_queue,single grade-E discovery listing needs corroboration,Fields selected by evidence grade; every source observation remains separately auditable.
MS-240F30E0FC,Pumpkin Patch Farms,pumpkin patch farms,farm,unique_source_name_reviewed,MS,Tippah,Blue Mountain,38610,,public_business_address_reviewed_for_future_reduced_precision,,,U-pick crops; agritourism,U-pick; agritourism,662-685-4328,clay@pumpkinpatchfarms.com,internal_until_public_use_review,https://www.pumpkinpatchfarms.com,https://www.facebook.com/bmpumpkinpatch/,,,True,False,False,False,True,False,False,1,msobs_97461488689a1f04c032,PickYourOwn — North Mississippi,https://www.pickyourown.org/MSnorth.htm,E,2026-07-15,,new_state_candidate,research_or_qa_queue,single grade-E discovery listing needs corroboration,Fields selected by evidence grade; every source observation remains separately auditable.
MS-DE48E1E13B,Tippah County Growers Inc.,tippah county growers,producer_requires_type_review,unique_source_name_reviewed,MS,Tippah,Tiplersville,38674,"3351 County Road 301, Tiplersville, MS 38674",public_business_address_reviewed_for_future_reduced_precision,,,woody ornamentals; perennials; grasses; ferns; ground cover; trees; bulbs; Scrubs,Genuine MS Grown,(800) 748-8803,mark@tcgrowers.com,internal_until_public_use_review,https://www.tcgrowers.com/,https://www.facebook.com/Tippah.County.Growers/,http://instagram.com/tcgrowers,,False,False,False,False,False,False,False,1,msobs_56329a9757a696215d75,Genuine MS — Grown,https://genuinems.com/directory/tippah-county-growers-inc/,B,2026-07-15,,new_state_candidate,research_or_qa_queue,directory candidate needs independent farm-operation evidence,Fields selected by evidence grade; every source observation remains separately auditable.
MS-389F445D47,Banks Rice,banks rice,producer_requires_type_review,merged_exact_name_reviewed,MS,Tunica,Robinsonville,38664,"2765 Banks Road , Robinsonville, MS 38664",public_business_address_reviewed_for_future_reduced_precision,34.257607,-88.703386,Rice; Long grain white rice; White rice grits; White rice flour,Rice; Genuine MS Grown,(901) 485-0074,banksriceco@gmail.com,internal_until_public_use_review,https://www.banksrice.com,https://www.facebook.com/profile.php?id=61574989941552,,,True,False,False,False,False,False,False,2,msobs_d56e99c8c4367d3120e1 | msobs_a01f2f25508b087ccaab,FarmFinder current canonical baseline — identity anchor only | Genuine MS — Grown,https://genuinems.com/directory/banks-rice/,B; C,2026-07-15,FF-0296,rediscovered_current_source,research_or_qa_queue,directory candidate needs independent farm-operation evidence,Fields selected by evidence grade; every source observation remains separately auditable.
MS-BBF9049731,Moon Lake Pecans LLC,moon lake pecans,farm,unique_source_name_reviewed,MS,Tunica,Dundee,38624,"1180 Mohead Road , Dundee, MS 38624",public_business_address_reviewed_for_future_reduced_precision,,,Shelled pecans; Fried Pecans; Whole Pecans,Genuine MS Grown,(662) 514-1749,moonlakepecans@gmail.com,internal_until_public_use_review,,https://www.facebook.com/profile.php?id=100057627091737,,,False,False,False,False,False,False,False,1,msobs_e08009575b9fb38c6f2d,Genuine MS — Grown,https://genuinems.com/directory/moon-lake-pecans-llc/,B,2026-07-15,,new_state_candidate,promotion_eligible_reviewed,,Fields selected by evidence grade; every source observation remains separately auditable.
MS-536CD27345,Pride of the Pond,pride of the pond,farm,unique_source_name_reviewed,MS,Tunica,Tunica,38676,,public_business_address_reviewed_for_future_reduced_precision,,,Agritourism and farm activities; see MDAC venue description,Registered agritourism,(662) 363-3600,gpryor9597@yahoo.com,internal_until_public_use_review,https://prideofthepond.com/,https://www.facebook.com/prideofthepond/,,,False,False,False,False,False,False,False,1,msobs_b1520e482deb240a18b1,MDAC registered agritourism venues,https://agnet.mdac.ms.gov/website/AgTourism/Venues_Single?id=82,B,2026-07-15,,new_state_candidate,promotion_eligible_reviewed,,Fields selected by evidence grade; every source observation remains separately auditable.
MS-40EAABD419,Garrett Family Farm,garrett family farm,farm,unique_source_name_reviewed,MS,Union,Etta,38627,1396 County Road 32,public_business_address_reviewed_for_future_reduced_precision,,,beef; chicken; pork; eggs; milk; beets; broccoli; brussels sprouts; cabbage; carrots; cauliflower; chinese greens; collards; cucumber; garlic; lettuce; potatoes; radishes; salad greens; salad mix; spinach; medicinal herbs; fresh flowers; sweet corn; dry beans; eggplant; green beans; hot peppers; kale; okra; onions; peas; pumpkins; shallots; summer squash; sweet peppers; tomatillos; tomatoes; zucchini; blackberries; cantaloupes; figs; pears; plums; watermelons; gourds; peanuts,LocalHarvest Family Farm,(901) 361-2041,,internal_until_public_use_review,https://www.garrettfamilyfarm.com,http://www.facebook.com/garrettfamilyfarm,,,True,False,False,False,False,False,False,1,msobs_3ba8d12979239f278781,LocalHarvest — Mississippi county-seat gap search,https://www.localharvest.org/garrett-family-farm-M63546,D,2026-07-15,,new_state_candidate,promotion_eligible_reviewed,,Fields selected by evidence grade; every source observation remains separately auditable.
MS-17B2460D2F,Jerry Morrisson Tree Farm,jerry morrisson tree farm,farm,unique_source_name_reviewed,MS,Union,Etta,38627,"1652 CR 32, Etta, MS. 38627, ETTA, MS 38627-9770",public_business_address_reviewed_for_future_reduced_precision,,,Pine saw timber; Hardwood saw timber; Pulpwood; Poles,Genuine MS Grown,(662) 791-1895,jamorrisson@gmail.com,internal_until_public_use_review,,,,,False,False,False,False,False,False,False,1,msobs_f51b3c32834ca9a20ebb,Genuine MS — Grown,https://genuinems.com/directory/jerry-morrisson-tree-farm/,B,2026-07-15,,new_state_candidate,promotion_eligible_reviewed,,Fields selected by evidence grade; every source observation remains separately auditable.
MS-B28A2DE310,Bacot Farms,bacot farms,farm,unique_source_name_reviewed,MS,Walthall,Tylertown,39667,"130 Bacot Road, Tylertown , Mississippi 39667",public_business_address_reviewed_for_future_reduced_precision,,,Grass fed and Grass Finished Beef,Genuine MS Raised,(601) 876-1367,tyler_bacot@yahoo.com,internal_until_public_use_review,,https://www.facebook.com/share/1Bmj92oPzH/?mibextid=wwXIfr,http://instagram.com/Bacot.farms,,False,False,False,False,False,False,False,1,msobs_f98c7eee007f519c08fc,Genuine MS — Raised,https://genuinems.com/directory/bacot-farms/,B,2026-07-15,,new_state_candidate,promotion_eligible_reviewed,,Fields selected by evidence grade; every source observation remains separately auditable.
MS-BE69A01B31,Loch Ross Farms,loch ross farms,farm,unique_source_name_reviewed,MS,Walthall,Tylertown,39667,"150 Jayess Road, Tylertown, MS 39667",public_business_address_reviewed_for_future_reduced_precision,,,Goat's milk caramels; Goat's milk soaps; Raw honey,Genuine MS Raised,(601) 395-5721,lochrossfarms@gmail.com,internal_until_public_use_review,https://lochrossfarms.com/,https://www.facebook.com/LochRossFarm,http://instagram.com/lochrossfarmllc,,False,False,False,False,False,False,False,1,msobs_e091223191959ebdb122,Genuine MS — Raised,https://genuinems.com/directory/loch-ross-farms/,B,2026-07-15,,new_state_candidate,promotion_eligible_reviewed,,Fields selected by evidence grade; every source observation remains separately auditable.
MS-C011C774D1,61 Farms LLP,61 farms llp,farm,unique_source_name_reviewed,MS,Washington,Leland,,,public_business_address_reviewed_for_future_reduced_precision,,,Providing Beef; Beef,Farm Marketplace; direct-to-consumer,(662) 822-0387,haybalingfool@aol.com,internal_until_public_use_review,,,,,True,False,False,False,False,False,False,1,msobs_40aec32f7c3992a6c8e6,MDAC Mississippi Farm Marketplace,https://agnet.mdac.ms.gov/MarketPortal/MarketPortal?farm=61+Farms+LLP,B,2026-07-15,,new_state_candidate,promotion_eligible_reviewed,,Fields selected by evidence grade; every source observation remains separately auditable.
MS-5C787D068D,Amber's Blueberry Farm,ambers blueberry farm,farm,unique_source_name_reviewed,MS,Wayne,Waynesboro,39367,,public_business_address_reviewed_for_future_reduced_precision,,,U-pick crops; agritourism,U-pick; agritourism,601-735-4840,jerryangiehutto42@yahoo.com,internal_until_public_use_review,https://www.ambersblueberryfarm.com/,,,,True,False,False,False,True,False,False,1,msobs_28f45ceaceced3fb979a,PickYourOwn — Southeast Mississippi,https://www.pickyourown.org/MSse.htm,E,2026-07-15,,new_state_candidate,research_or_qa_queue,single grade-E discovery listing needs corroboration,Fields selected by evidence grade; every source observation remains separately auditable.
MS-DC2AB59889,Chicora Organic Farm,chicora organic farm,farm,unique_source_name_reviewed,MS,Wayne,Buckatunna,39322,,public_business_address_reviewed_for_future_reduced_precision,,,U-pick crops; agritourism,U-pick; agritourism,601-410-5213,don@chicoraorganicfarms.com,internal_until_public_use_review,https://www.chicoraorganicfarms.com/,,,,True,False,False,False,True,False,False,1,msobs_929b774803c03218b13b,PickYourOwn — Southeast Mississippi,https://www.pickyourown.org/MSse.htm,E,2026-07-15,,new_state_candidate,research_or_qa_queue,single grade-E discovery listing needs corroboration,Fields selected by evidence grade; every source observation remains separately auditable.
MS-083E5621C0,"Dixie Farms, LLC",dixie farms,farm,merged_exact_name_reviewed,MS,Wayne,Waynesboro,39367,"6 Babe Dawes Dr, Waynesboro, MS 39367",public_business_address_reviewed_for_future_reduced_precision,31.674985,-88.646124,Texas Longhorn cattle; Candles; Wall Decor; Honey Straws; T-shirts; British Labrador Retrievers; Beef; Timber,Meat; Genuine MS Grown; Genuine MS Raised,(601) 410-2946,dfarmsllcofms@gmail.com,internal_until_public_use_review,http://dfarmsllc.com,https://www.facebook.com/Dixie-Farms-LLC-1745697548822978,,,True,False,False,False,False,False,False,3,msobs_913aab5069f1c635154e | msobs_983fd2b62921919f1d25 | msobs_bbce9001fafaf8f839bb,FarmFinder current canonical baseline — identity anchor only | Genuine MS — Grown | Genuine MS — Raised, | https://genuinems.com/directory/dixie-farms-llc/,B; E,2026-07-15,FF-0280,rediscovered_current_source,promotion_eligible_reviewed,,Fields selected by evidence grade; every source observation remains separately auditable.
MS-50349CC5EE,K and M Nursery,k and m nursery,farm,unique_source_name_reviewed,MS,Wayne,Buckatunna,39322,"1260 Chicora River Road, Buckatunna, MS 39322",public_business_address_reviewed_for_future_reduced_precision,,,Roses,Genuine MS Grown,(601) 648-2908,info@kandmroses.com,internal_until_public_use_review,https://www.kandmroses.com/,https://www.facebook.com/kandmroses/,,,False,False,False,False,False,False,False,1,msobs_81b8adc1d7278d6359ff,Genuine MS — Grown,https://genuinems.com/directory/k-and-m-nursery/,B,2026-07-15,,new_state_candidate,promotion_eligible_reviewed,,Fields selected by evidence grade; every source observation remains separately auditable.
MS-1A1024DF4F,"Lizard Thicket Farm and Adventures, LLC",lizard thicket farm and adventures,farm,unique_source_name_reviewed,MS,Wayne,Waynesboro,39367,,public_business_address_reviewed_for_future_reduced_precision,,,Agritourism and farm activities; see MDAC venue description,Registered agritourism,601-323-9964,kati@circlectractor.com,internal_until_public_use_review,https://www..lizardthicketfarm.com,,,,False,False,False,False,True,False,False,1,msobs_a36d20047e5b6b94eea3,MDAC registered agritourism venues,https://agnet.mdac.ms.gov/website/AgTourism/Venues_Single?id=206,B,2026-07-15,,new_state_candidate,promotion_eligible_reviewed,,Fields selected by evidence grade; every source observation remains separately auditable.
MS-FEE878FE07,Carroll Family Farms,carroll family farms,farm,unique_source_name_reviewed,MS,Webster,Eupora,39744,2495 County Home Rd,public_business_address_reviewed_for_future_reduced_precision,,,"We are the Carroll's and we raise Purebred Nubian Dairy Goats. We currently have 5 does in milk, and are making batches of cheese every day, and we have made some goat milk soap in the past. We have had a successful breeding season in 2018, and have 11 kids up for sale right now. If you visit our website, you can Meet the Herd, and even check out the ""kids for sale"" page. I really hope you find interest in our farm, and can contact us if you're interested in buying a new Purebred Nubian for your farm, or if you're interested in buying some cheese or soap! Our goats are all excelling on the milk stand, and in the show ring, and we can't wait to see what this years show season brings us! WE AL",LocalHarvest Family Farm,,,internal_until_public_use_review,https://www.carrollfamilyfarms.weebly.com,,,,True,False,False,False,False,False,False,1,msobs_1ac1098d83b1c18006e8,LocalHarvest — Mississippi county-seat gap search,https://www.localharvest.org/carroll-family-farms-M74890,D,2026-07-15,,new_state_candidate,promotion_eligible_reviewed,,Fields selected by evidence grade; every source observation remains separately auditable.
MS-7A8EBB8B5C,Line Creek Farms,line creek farms,farm,unique_source_name_reviewed,MS,Webster,Mantee,39751,"429 Old Dancy Rd, Mantee, MS 39751-9322",public_business_address_reviewed_for_future_reduced_precision,,,"Pasture raised Pork and Meat Goat Shares; Replacement Stock for Spanish, Kiko, and Boer goats",Genuine MS Raised,(662) 418-4135,linecreekfarms@gmail.com,internal_until_public_use_review,,https://www.facebook.com/profile.php?id=100064903021562,,,False,False,False,False,False,False,False,1,msobs_fb95b941fdc0639a72cc,Genuine MS — Raised,https://genuinems.com/directory/line-creek-farms/,B,2026-07-15,,new_state_candidate,promotion_eligible_reviewed,,Fields selected by evidence grade; every source observation remains separately auditable.
MS-008211867C,"Southern Cross Farm, LLC",southern cross farm,farm,merged_cross_county_identity_reviewed,MS,Webster,Eupora,39744,"2800 Crow Crossing Rd., Eupora, Mississippi 39744",public_business_address_reviewed_for_future_reduced_precision,,,"Grain fed beef, minimum of 1/4; Bulls for herd sire use; Agritourism and farm activities; see MDAC venue description",Genuine MS Raised; Registered agritourism,(662) 418-7927,drnancyjackson@gmail.com,internal_until_public_use_review,https://www.southerncrosscattle.com/,,,,False,False,False,False,False,False,False,2,msobs_1bdc4a3a5c9116561115 | msobs_5a78d7bfa463bf1b620d,Genuine MS — Raised | MDAC registered agritourism venues,https://genuinems.com/directory/southern-cross-farm-2/ | https://agnet.mdac.ms.gov/website/AgTourism/Venues_Single?id=108,B,2026-07-15,,new_state_candidate,promotion_eligible_reviewed,,Fields selected by evidence grade; every source observation remains separately auditable.
MS-F05CF10786,Dunbar McCurley Blueberry Farm,dunbar mccurley blueberry farm,farm,unique_source_name_reviewed,MS,Wilkinson,Woodville,39669,,public_business_address_reviewed_for_future_reduced_precision,,,U-pick crops; agritourism,U-pick; agritourism,601-888-4420,,internal_until_public_use_review,,,,,True,False,False,False,True,False,False,1,msobs_11880c4c7abf9732b9fa,PickYourOwn — Southwest Mississippi,https://www.pickyourown.org/MSsw.htm,E,2026-07-15,,new_state_candidate,research_or_qa_queue,single grade-E discovery listing needs corroboration; source reports closure and requires affirmative curator decision,Fields selected by evidence grade; every source observation remains separately auditable.
MS-331461B1C3,Cold Springs Farm CSA,cold springs farm csa,farm,unique_source_name_reviewed,MS,Winston,Louisville,,,public_business_address_reviewed_for_future_reduced_precision,,,artichokes; arugula; beets; broccoli; brussels sprouts; burdock; cabbage; carrots; cauliflower; celery; chinese greens; collards; cucumber; daikon; dry beans; kale; kohlrabi; leeks; lettuce; mushrooms; mustard greens; onions; parsnips; peas; potatoes; radishes; rutabagas; salad greens; salad mix; shallots; spinach; swiss chard; turnips; winter-squash; apples; avocados; bananas; rhubarb; beef; chicken; lamb; pork; turkey; eggs; peanuts; pecans; honey; molasses; pickles; preserves; fresh flowers; seeds; asparagus; sweet corn; eggplant; garlic; green beans; green onions; okra; summer squash; sunchokes; sweet peppers; sweet potatoes; tomatoes; zucchini; apricots; blackberries; blueberries; cantaloupes; figs; melons; peaches; plums; raspberries; strawberries; watermelons; hot peppers; tomatillos; asian-pears; kiwis; pears; pumpkins; persimmons; quince; sesame seeds; wreaths; gourds; Carolina Gold Rice; Turkey Hard Red Winter Wheat; American Persimmon; American Plum; Arkansas Black Apple; Black Republican Cherry; Blenheim Apricot; Crane Melon; Elephant Heart Plum; Fuerte Avocado; Kleckley Watermelon; Laroda Plum; Louisiana Satsuma; Marsellaise Fig; Moon & Stars Watermelon; Pawpaw; Red Mulberry; Sun Crest Peach; Wild American Elderberry; Yellow-Meated Watermelon; Desert Oregano; Guinea Hog; Red Wattle Hog; American Native Pecan; Arikara Yellow Bean; Brown and White Tepary Bean; Cherokee Trail of Tears Bean; Christmas Lima Bean; Hidatsa Red Bean; Hidatsa Shield Figure bean; Hopi Mottled Lima Beans; Lina Cisco's Bird Egg Bean; Mississippi Silver Hull Bean-Crowder Cowpeas; Southern Field Peas; Turkey Craw Bean; White Tepary bean; Algonquian Squash; Amish Deer Tongue Lettuce; Amish Paste Tomato; Amish Pie Squash; Aunt Molly's Ground Cherry; Aunt Ruby's German Green Tomato; Boston Marrow Squash; Bull Nose Large Bell pepper; Canada Crookneck Squash; Candy Roaster Squash; Chalk's Early Jewel Tomato; Cherokee Purple Tomato; Chiltepin Pepper; Datil Pepper; Djena Lee's Golden Girl Tomato; Early Blood Turnip-Rooted Beet; Fish Pepper; German Pink Tomato; Green Mountain Potato; Green Striped Cushaw; Hayman Sweet Potato; Hinkelhatz Hot Pepper; I'Itoi Onion; Inchelium Red Garlic; Ivis White Cream Sweet Potato; Jimmy Nardello's Sweet Italian Frying pepper; Livingston's Globe Tomato; Livingston's Golden Queen Tomato; Nancy Hall Sweet Potato; New Mexican Native Chile Pepper; New Mexico Native Tomatillo; Orange Oxheart Tomato; Radiator Charlie's Mortgage Lifter Tomato; Red Fig tomato; Seminole Pumpkin; Seven Top Turnip; Sheepnose Pimiento; Sibley Squash; Speckled Lettuce; Stowell's Evergreen Sweet Corn; Sudduth Strain Brandywine Tomato; Tennis Ball Lettuce; Thelma Sanders Squash; Valencia Tomato; Wenk's Yellow Hot Pepper; White Velvet Okra; Wild Ramps; Yellow Cabbage Collard; Carolina African Runner Peanut; Louisiana Mirliton; Purple Ribbon Sugar Cane; Staghorn Sumac; Traditional Cane Syrup; Traditional Sorghum Syrup,LocalHarvest Family Farm,,,internal_until_public_use_review,https://www.texastestedseed.com,http://www.facebook.com/pages/Cold-Springs-Farm-CSA/153618648018658,,,True,False,False,False,False,False,False,1,msobs_61f0454321546bf9e9b4,LocalHarvest — Mississippi county-seat gap search,https://www.localharvest.org/cold-springs-farm-csa-M32398,D,2026-07-15,,new_state_candidate,promotion_eligible_reviewed,,Fields selected by evidence grade; every source observation remains separately auditable.
MS-D273FCD42B,Harris Family Farm,harris family farm,farm,unique_source_name_reviewed,MS,Yalobusha,Water Valley,,,public_business_address_reviewed_for_future_reduced_precision,,,arugula; medicinal herbs; fresh flowers; garlic; blueberries,LocalHarvest Family Farm,,,internal_until_public_use_review,,http://www.facebook.com/HarrisfamilyFarm,https://instagram.com/harrisfamilyfarmer,,True,False,False,False,False,False,False,1,msobs_e2db3bf8290b584476a1,LocalHarvest — Mississippi county-seat gap search,https://www.localharvest.org/harris-family-farm-M25850,D,2026-07-15,,new_state_candidate,promotion_eligible_reviewed,,Fields selected by evidence grade; every source observation remains separately auditable.
MS-DADC1B7092,Cypress Point Pecans LLC,cypress point pecans,farm,unique_source_name_reviewed,MS,Yazoo,Yazoo City,39194,"9402 Mississippi 149 9402 Mississippi 149, Yazoo City, MS 39194",public_business_address_reviewed_for_future_reduced_precision,,,shelled pecan halves; shelled pecan pieces; pecan oil,Genuine MS Grown,(769) 567-9077,todd@cypresspointpecans.com,internal_until_public_use_review,https://www.cypresspointpecans.com,https://www.facebook.com/cypresspointpecans,,,False,False,False,False,False,False,False,1,msobs_d57c6d74240489d68066,Genuine MS — Grown,https://genuinems.com/directory/cypress-point-pecans-llc/,B,2026-07-15,,new_state_candidate,promotion_eligible_reviewed,,Fields selected by evidence grade; every source observation remains separately auditable.
MS-8615789E93,Living Soil Farms,living soil farms,farm,merged_exact_name_reviewed,MS,Yazoo,Bentonia,39040,"Old Dover, Bentonia, Mississippi 39040",public_business_address_reviewed_for_future_reduced_precision,32.29876,-90.18481,"Produce, livestock; Medical Cannabis; Honey; Kune Kune Pigs; Chickens; Turkeys; Ducks",Mixed; Genuine MS Grown; Genuine MS Raised,(601) 942-4553,livingsoilfarmsllc@gmail.com,internal_until_public_use_review,,https://www.facebook.com/Dogtrotfarms/,,,True,False,False,False,False,False,False,3,msobs_ee42470ad0c6a1ec9298 | msobs_29cced7949e3b284d168 | msobs_b703b69d974f3f9d6556,FarmFinder current canonical baseline — identity anchor only | Genuine MS — Grown | Genuine MS — Raised,https://genuinems.com/directory/living-soil-farms/,B; C,2026-07-15,FF-0104,rediscovered_current_source,promotion_eligible_reviewed,,Fields selected by evidence grade; every source observation remains separately auditable.
MS-0CAA14E213,Shellwood Farm,shellwood farm,farm,unique_source_name_reviewed,MS,Yazoo,Yazoo City,39194,4094 Lake City Road,public_business_address_reviewed_for_future_reduced_precision,,,winter-squash; zucchini; chicken; duck; goat; turkey; eggs; pecans; baked goods; gourds; luffa; broccoli; cabbage; carrots; cauliflower; hot peppers; lettuce; sweet peppers; cucumber; summer squash; blackberries; figs,LocalHarvest Family Farm,(662) 746-2195,,internal_until_public_use_review,,,,,True,False,False,False,False,False,False,1,msobs_85a2f6961512496bb917,LocalHarvest — Mississippi county-seat gap search,https://www.localharvest.org/shellwood-farm-M19133,D,2026-07-15,,new_state_candidate,promotion_eligible_reviewed,,Fields selected by evidence grade; every source observation remains separately auditable.
MS-C2D14475F1,Simmons Farm Raised Catfish,simmons farm raised catfish,farm,unique_source_name_reviewed,MS,Yazoo,Yazoo City,39194,"2628 Erickson Rd., Yazoo City, MS 39194",public_business_address_reviewed_for_future_reduced_precision,,,Whole Catfish; Fillets; Delacata; Fillet Cuts; Nugget; Steak; Breaded Products; Hushpuppies; Breading,Genuine MS Raised,(662) 746-5687,info@simmonscatfish.com,internal_until_public_use_review,http://simmonscatfish.com,https://www.facebook.com/simmonsfarmraisedcatfish/,http://instagram.com/SimmonsCatfish,,False,False,False,False,False,False,False,1,msobs_adbc428e505d19617594,Genuine MS — Raised,https://genuinems.com/directory/simmons-farm-raised-catfish/,B,2026-07-15,,new_state_candidate,promotion_eligible_reviewed,,Fields selected by evidence grade; every source observation remains separately auditable.
MS-AF6688FB35,Yazoo Honey,yazoo honey,farm,unique_source_name_reviewed,MS,Yazoo,Tinsley,39173,"3733 Tinsley Road , Tinsley , MS 39173",public_business_address_reviewed_for_future_reduced_precision,,,Honey (Plastic Containers); Honey (Glass Containers); Creamed Honey; 55 Gallon Drum; Queens; Nucs; Wax,Genuine MS Raised,(662) 571-4288,yazoohoney@gmail.com,internal_until_public_use_review,,https://www.facebook.com/yazoohoney,http://instagram.com/yazoohoney,,False,False,False,False,False,False,False,1,msobs_65373f7511b32af32825,Genuine MS — Raised,https://genuinems.com/directory/yazoo-honey/,B,2026-07-15,,new_state_candidate,promotion_eligible_reviewed,,Fields selected by evidence grade; every source observation remains separately auditable.
