url,status,http_status,final_url,attempts_used,elapsed_seconds,sample_sha256,error,owners,previous_status,changed_since_prior_audit
http://charliesupik.com/,reachable,200,https://www.charliesupik.com/,1,1.229,f00807e5e6a553645d26b23020691158dcd24a7eab6bf546c4afffbd75a0c5e8,,ms_staging:59:Charlie’s U-Pik,,False
http://dfarmsllc.com,reachable,200,https://dfarmsllc.com/,1,0.294,98b34d4e21f88363fe9338139c0e89e3cec64d7a1fc0f7b63f6c43781928d4d1,,"ms_staging:78:Dixie Farms, LLC",,False
http://highhopefarm.com/,unreachable_after_3_attempts,0,,3,0,,attempt 1: HTTP 503 | attempt 2: HTTP 503 | attempt 3: HTTP 503,ms_staging:119:High Hope Farm,,False
http://instagram.com/@Baileybarnfarmsoapco,reachable,200,https://www.instagram.com/@Baileybarnfarmsoapco,1,0.344,cd570a236baaee92592e9596a6e757c873d3b79a2d0a60fdc035cafb9915c9fb,,ms_staging:19:Bailey Barn Farms & Soap Co.,,False
http://instagram.com/@COASTALBEEFCO,reachable,200,https://www.instagram.com/@COASTALBEEFCO,1,0.427,67ea3b59f4ee8a7a1016def293c0a44ede0e9b2887d725a08bbaaa83b57ac1b3,,ms_staging:67:Coastal Beef Co.,,False
http://instagram.com/B_and_L_Farms,reachable,200,https://www.instagram.com/B_and_L_Farms,1,0.334,22825d699e5f72b6388c5f2e5159c85359909ee9e762ab7602fc706b9097b807,,ms_staging:16:B and L Farms,,False
http://instagram.com/Bacot.farms,reachable,200,https://www.instagram.com/Bacot.farms,1,0.381,8745c551b8eda10c70091081ec01e704074b7be4451b30dd88600bbb32a25155,,ms_staging:18:Bacot Farms,,False
http://instagram.com/Bozemanmeatco,reachable,200,https://www.instagram.com/Bozemanmeatco,1,0.344,edb3b46b94caf7d09241f5b486fe0ce741587e695394ffe48b08b3f5edc30687,,ms_staging:46:Bozeman Meat Co.,,False
http://instagram.com/HeartlandCatfishCo,reachable,200,https://www.instagram.com/HeartlandCatfishCo,1,0.34,4bed74cfcbf22969f479df69039366906b80fef9ddeb1ce54226d2241f010a2c,,ms_staging:112:Heartland Catfish Company,,False
http://instagram.com/Lan_farms_ms,reachable,200,https://www.instagram.com/Lan_farms_ms,1,0.365,ce792a4e441312b2dbeaceaa66519e2a7ea8c4f648d3fbe72fe58d795b280396,,ms_staging:137:LAN Farms,,False
http://instagram.com/Laterrefarms,reachable,200,https://www.instagram.com/Laterrefarms,1,0.388,7c06fdef6f90cc01a0c35ff2134faa141c7d6c694fd992990105286ccbf84a4d,,ms_staging:136:La Terre Farms,,False
http://instagram.com/SimmonsCatfish,reachable,200,https://www.instagram.com/SimmonsCatfish,1,0.364,56f0c503c3dc663134e3cfde451421e12a780a5b946aa43ce8b11345cd3515fe,,ms_staging:219:Simmons Farm Raised Catfish,,False
http://instagram.com/StormyCreekCottage,reachable,200,https://www.instagram.com/StormyCreekCottage,1,0.296,72eee6d6980650f7c138fff6578f0d95883b98550cc9e77a17a6bf61dc78d9c1,,ms_staging:228:Stormy Creek Cottage LLC,,False
http://instagram.com/Superiorcatfish1994,reachable,200,https://www.instagram.com/Superiorcatfish1994,1,0.276,d7554e93c01da07d14493aea7d8c6eb84fcf9e445578a12508b871197daac242,,ms_staging:232:Superior Catfish,,False
http://instagram.com/Twelve2Farm,reachable,200,https://www.instagram.com/Twelve2Farm,1,0.272,febaee67f6424fab61c5128c8b714478d43cb67eaf2ce82ad4e861aba8a53d49,,ms_staging:246:Twelve2 Farm,,False
http://instagram.com/blackjackwagyu,reachable,200,https://www.instagram.com/blackjackwagyu,1,0.291,6c9f118b0b2cb9be221691cfce8ce18858cfbb4c9c77b371cd80922cf97de5f0,,ms_staging:31:Black Jack Ranch,,False
http://instagram.com/blufffarmsupply,reachable,200,https://www.instagram.com/blufffarmsupply,1,0.265,9c5768b119a0b029cbda7164db8152f3bd18fc138747cbf0a3a34b2e79b056c2,,ms_staging:42:Bluff Farm Supply,,False
http://instagram.com/burwell_farms,reachable,200,https://www.instagram.com/burwell_farms,1,0.28,7039bc415feed14dc9b56ff27ab8a6e37aae0ed80ba31ff0929a93376a3b5e8a,,ms_staging:53:Burwell Farms LLC,,False
http://instagram.com/crooked_row_farms_llc,reachable,200,https://www.instagram.com/crooked_row_farms_llc,1,0.284,6278a1424523ad39c7a8cada331938324ae5eb5a00c31737ace7aac691da70ba,,ms_staging:72:Crooked Row Farms LLC,,False
http://instagram.com/croomfarms,reachable,200,https://www.instagram.com/croomfarms,1,0.248,b89d8333aa647b95a587a2b0626f0c7815be30b895c069c61d41185696f4dd44,,ms_staging:73:Croom Farms,,False
http://instagram.com/deltapridecatfish,reachable,200,https://www.instagram.com/deltapridecatfish,1,0.255,5402154f8653114209cd69433357662ae3186a2030b1d97f6dc15c74e7a9e81d,,ms_staging:77:Delta Pride Catfish,,False
http://instagram.com/downhomemillingco,reachable,200,https://www.instagram.com/downhomemillingco,1,0.27,83bf8fe56cd4b3418671007d673cb118e116ffaf0b7cea5c1a01e75267ce1192,,ms_staging:81:Down Home Milling Co.,,False
http://instagram.com/emmawilderfarm,reachable,200,https://www.instagram.com/emmawilderfarm,1,0.261,b9a2978ec17c2824988ecbc3cbb4fb707c1e125996763e9ef207f9f8fd464b5f,,ms_staging:87:Emma Wilder Farm,,False
http://instagram.com/falknerfarms,reachable,200,https://www.instagram.com/falknerfarms,1,0.262,2c702723d3ffd20502d4a398bde1945f5ba85141500f3fc1ae850f1604f1c7ff,,ms_staging:91:Falkner Farms,,False
http://instagram.com/footprintfarms,reachable,200,https://www.instagram.com/footprintfarms,1,0.255,5ab7c2978c600a77157015ed3c69e2c27940bf834c9ac53c28a64d086be5d757,,ms_staging:96:Foot Print Farms,,False
http://instagram.com/fresh_grown_farm,reachable,200,https://www.instagram.com/fresh_grown_farm,1,0.243,c4be4e0c0312951048fbd14213837431902ffd7a028a39a98428046f9756f770,,ms_staging:99:FreshGrown Farm,,False
http://instagram.com/fulmersfarmstead,reachable,200,https://www.instagram.com/fulmersfarmstead,1,0.245,0c5ddf9ede24d1e2d50fb34de077f88b0f190430c110a07924baa56ad244429b,,ms_staging:100:Fulmers Farmstead and General Store,,False
http://instagram.com/gocedarhillfarm,reachable,200,https://www.instagram.com/gocedarhillfarm,1,0.252,c9610b2554911719e5f036ce025af8065c44f5ebaf26992c57f4bb6cc202e158,,ms_staging:58:Cedar Hill Farm & Cedar Hill’s Haunted Farm,,False
http://instagram.com/goldenvalleydoodles,reachable,200,https://www.instagram.com/goldenvalleydoodles,1,0.341,4a7688d091c318978a3dd619c7302c179219e248fae84636971873f3335775c1,,"ms_staging:105:Golden Valley Doodles, Inc.",,False
http://instagram.com/greatsouthernfarms,reachable,200,https://www.instagram.com/greatsouthernfarms,1,0.28,21a0e254978a6e8031987412839097a23b51a25276371cb899ca67a38448ba69,,ms_staging:109:Great Southern Farms,,False
http://instagram.com/hickory_heal_farm,reachable,200,https://www.instagram.com/hickory_heal_farm,1,0.296,46852af5072439050b919446ccfc9acc9f358a6c22feb8181a00969eb81250b8,,ms_staging:116:Hickory Heal Farm,,False
http://instagram.com/homeplacepastures,reachable,200,https://www.instagram.com/homeplacepastures,1,0.297,57bd6a481df3a353e924ef34ae8ead2e56f4a98856b568c9953979575efd85b2,,ms_staging:120:Home Place Pastures,,False
http://instagram.com/hugh.dt,reachable,200,https://www.instagram.com/hugh.dt,1,0.29,6b06c44ca7ddc7c81e2122f4ee4c0bb73c8f2620a598848dfe189573af0de5be,,ms_staging:34:Blue Sky Farms MS,,False
http://instagram.com/lloydfarmsbeef,reachable,200,https://www.instagram.com/lloydfarmsbeef,1,0.333,23ea7a8ef3cd9af9abf930eb9448413690ea5388e2f9dc6a61d991d5b3b1cdf1,,ms_staging:149:Lloyd Farms Corriente Cattle Co,,False
http://instagram.com/lochrossfarmllc,reachable,200,https://www.instagram.com/lochrossfarmllc,1,0.273,f3d8cc97f0cb89797dabdfc2834d8c4f39ca6fb757a9c91e7bfdc76d27986f5c,,ms_staging:150:Loch Ross Farms,,False
http://instagram.com/mauthesprogressmilkbarn,reachable,200,https://www.instagram.com/mauthesprogressmilkbarn,1,0.255,7f28b549e7db71110bb373ffb1d70f339443ad49361df7b2244a2f9ecd6c067f,,"ms_staging:154:Mauthe Farms, LLC",,False
http://instagram.com/mississippihoney,reachable,200,https://www.instagram.com/mississippihoney,1,0.243,94e9fe0fff688ff0f80b15cabce6f49935c5bfbdc13685aed9883682d5a60b89,,ms_staging:185:Pennington Farms Honey,,False
http://instagram.com/mitchellfamfun,reachable,200,https://www.instagram.com/mitchellfamfun,1,0.275,30d794abc350ca5b421a88140e582248bf65053923580cd11565fc295d9993f5,,"ms_staging:160:Mitchell Family Farms, LLC",,False
http://instagram.com/moseleymeadows,reachable,200,https://www.instagram.com/moseleymeadows,1,0.241,87d2d35914ef0eb637e057bf303139d899240294920c0247bb2c77a06c557825,,ms_staging:166:Moseley Meadows,,False
http://instagram.com/mscrawfishcompany,reachable,200,https://www.instagram.com/mscrawfishcompany,1,0.262,71fbbbc8b0d13ed13a53a39c4ef31080ff088c5abe7e2cb02b23c42f2e1efaaf,,ms_staging:158:Mississippi Crawfish Company,,False
http://instagram.com/mspoodlesdoodlesandgiants,reachable,200,https://www.instagram.com/mspoodlesdoodlesandgiants,1,0.273,28a7cf6488a645d538ea9bf12a6f4307c4814a3680f5dbfc6d18d0542275b837,,ms_staging:159:Mississippi Poodles Doodles and Giants,,False
http://instagram.com/nobilefamilyfarms,reachable,200,https://www.instagram.com/nobilefamilyfarms,1,0.289,c35811facb961ffc8b747ab2eee42f2023553a7fbb68414fc88001662bf5dae0,,ms_staging:175:Nobile Family Farms,,False
http://instagram.com/overflow.honey.co,reachable,200,https://www.instagram.com/overflow.honey.co,1,0.272,96bf40afe7a28c3944aadab272dfcbd192f4cacab56a647463002857a3c2f62f,,ms_staging:178:Overflow Honey Co.,,False
http://instagram.com/riversgreenhouseandgarden,reachable,200,https://www.instagram.com/riversgreenhouseandgarden,1,0.281,39cc95d9b33ca438de6b69d3e84c2ce106b578083b3ed415250265491820409c,,ms_staging:203:Rivers Plant Farm and Nusery,,False
http://instagram.com/saladdaysproduce,reachable,200,https://www.instagram.com/saladdaysproduce,1,0.251,af8c332b8ee4eda12297c9a479a10846016f378ad7ec398d2143e6b631861b6c,,ms_staging:206:Salad Days,,False
http://instagram.com/sea.alis.seafood,reachable,200,https://www.instagram.com/sea.alis.seafood,1,0.296,6a74dd767245ddd12b322585f7d7cb31c0c9f5941f6ce20d2135828166acc2ca,,ms_staging:212:Sea Alis Seafood Company,,False
http://instagram.com/sixmilefarmsllc,reachable,200,https://www.instagram.com/sixmilefarmsllc,1,0.263,921a11c6f47af19ae91768bd4bf541477df07ba9f44a04bb440d2c1efc811f2a,,ms_staging:222:Six Mile Farms LLC,,False
http://instagram.com/sparrow_gardens,reachable,200,https://www.instagram.com/sparrow_gardens,1,0.283,8d09b855be8ab042178ea07994b5bcee990a2bbff528f315a2212e065b0279c5,,ms_staging:226:Sparrow Gardens,,False
http://instagram.com/sunsetoaksfarm,reachable,200,https://www.instagram.com/sunsetoaksfarm,1,0.281,0c3e41d7c652bfac03a661b47037f0c09ee36a01d27aa12a6a6360725a1a7660,,ms_staging:231:Sunset Oaks Farm,,False
http://instagram.com/talsonfarms,reachable,200,https://www.instagram.com/talsonfarms,1,0.276,a0cc95c643a71d3e3a5849e7dadbbe4e894a87aea28897c59a067bdd0d580f79,,ms_staging:234:Talson Farms,,False
http://instagram.com/taylorflowerpatch2022,reachable,200,https://www.instagram.com/taylorflowerpatch2022,1,0.249,e33dc8995e978a23a8aeb37494c6c66ecadf27db3f470a2bad5ca1503e519aaa,,ms_staging:235:Taylor Flower Patch,,False
http://instagram.com/tcgrowers,reachable,200,https://www.instagram.com/tcgrowers,1,0.3,9477f45afda3e93105837ecf07a504128aeaba1ec5f98e4b56f4f53ae178ab2c,,ms_staging:245:Tippah County Growers Inc.,,False
http://instagram.com/thedogwoodcompany,reachable,200,https://www.instagram.com/thedogwoodcompany,1,0.273,ea658f49ddb4995e38710f547f9c4bfbed05da91b83678ed8793dcb83e2e8114,,ms_staging:56:Carnes Farms,,False
http://instagram.com/thefarm.starkville,reachable,200,https://www.instagram.com/thefarm.starkville,1,0.282,c26f6201d4ab89ac6e24e00c75bb0bc11e21a2b84a0867a2aba7020b8949b8e7,,ms_staging:237:The Farm,,False
http://instagram.com/thefivecentranch,reachable,200,https://www.instagram.com/thefivecentranch,1,0.269,db685d234afe1cd1a988db072a3909b7ac8431dc7db86f44c277c41221348fc8,,ms_staging:238:The Five Cent™,,False
http://instagram.com/thirtywestfarms,reachable,200,https://www.instagram.com/thirtywestfarms,1,0.268,809db061844e7599780e621454f6fd63bbf53bc363337615a2ea6392ee546bda,,ms_staging:242:Thirty West Farms,,False
http://instagram.com/twobrooksrice,reachable,200,https://www.instagram.com/twobrooksrice,1,0.277,80119a325ac3af4439d3e4160f3bc95c91c749be83b449e079ce13afc93d12ad,,ms_staging:248:Two Brooks Farm,,False
http://instagram.com/twodogfarmsllc,reachable,200,https://www.instagram.com/twodogfarmsllc,1,0.295,df9da5baf7ebfabe7be2b167cf73144f2a915a5ec9ed1e5737106ceb4dce18db,,ms_staging:250:Two Dog Farms,,False
http://instagram.com/williamsfamilyfarms,reachable,200,https://www.instagram.com/williamsfamilyfarms,1,0.27,72e7b636e08a34336cef99755d42d451ff63493c1eef734e7c4274cc7d95a403,,ms_staging:257:Williams Family Farms,,False
http://instagram.com/wisefamilyfarm,reachable,200,https://www.instagram.com/wisefamilyfarm,1,0.265,2c426bdbaff132ca797579e1f22800353ce8498145cbdbd4d14db8f70f99bc7f,,ms_staging:259:Wise Family Farm,,False
http://instagram.com/wscattleco,reachable,200,https://www.instagram.com/wscattleco,1,0.248,881450f1023a03c2472a327cf692702606c62435d6509a1ffe51de2c1025573f,,ms_staging:260:WS Cattle Co.,,False
http://instagram.com/yazoohoney,reachable,200,https://www.instagram.com/yazoohoney,1,0.275,1095b59ebb40f583d35470a7ca2bed5ef4b7e067b8ac86a1c192c095b8c7f0cf,,ms_staging:262:Yazoo Honey,,False
http://mauthefarms.blogspot.com/p/about-farm.html,reachable,200,http://mauthefarms.blogspot.com/p/about-farm.html,1,0.079,cedff1c10f06db727d9d8607a80019209fc2ba7fe4b3d3b2c26131a816593260,,"canonical:99:Mauthe Farms LLC | ms_staging:154:Mauthe Farms, LLC",,False
http://mississippihoney.com/,reachable,200,https://mississippihoney.com/,1,1.234,925a0bf43cd57f673f73620520dcae23840a92ed7326f2af63064da0ccf0c19e,,ms_staging:185:Pennington Farms Honey,,False
http://simmonscatfish.com,reachable,200,https://www.simmonscatfish.com/,1,1.473,2e90b05e32043a90c1af4b3a64e4a1e9dc8b3018fbad4dd9e7a47fa66bb76077,,ms_staging:219:Simmons Farm Raised Catfish,,False
http://stormycreekcottage.square.site/,reachable,200,https://stormycreekcottage.square.site/,1,0.447,d51c790f7ad19a94178997bb41d0e0e2b358f872d5d47cd36b6e3ccde342b2f8,,ms_staging:228:Stormy Creek Cottage LLC,,False
http://twobrooksfarm.com,reachable,200,https://twobrooksfarm.com/,1,0.201,cffa89aa8a36cbd94b23c94a5e15fcaef6891e1a5b2c5a1263398357e652d472,,ms_staging:248:Two Brooks Farm,,False
http://twodogfarms.org,reachable,206,http://twodogfarms.org,1,0.055,be6273bcc1edee623e4ce2dd19628715a4ab7a9bddd8411cf84d0850d436e338,,canonical:104:Two Dog Farms | ms_staging:250:Two Dog Farms,,False
http://www.deltapride.com/,reachable,200,https://deltapride.com/,1,0.396,e329cf9855513b3a827168690b99c8af0168c45e977b50ba6de53aa633d3705a,,ms_staging:77:Delta Pride Catfish,,False
http://www.eubanksproduce.com/,reachable,200,https://www.eubanksproduce.com/,1,1.365,77e5023a310f2f6e26fb9275d8d766e79c6cae23dee5efe6497033089c29980d,,canonical:101:Eubanks Produce | ms_staging:89:Eubanks Produce,,False
http://www.facebook.com/TickCreekFarm,reachable,200,https://www.facebook.com/login/?next=https%3A%2F%2Fwww.facebook.com%2FTickCreekFarm,1,0.31,02aa549daa80cdc7d36fce863cd950b4acba5f91ed9f63148e7e474f121aec3d,,"ms_staging:244:Tick Creek Farm, LLC",,False
http://www.fulmersfarmstead.com/,reachable,206,https://www.fulmersfarmstead.com/,1,0.133,2c59ef5e2ed19a8ff87b16e3f32eae33a97637fd79ec71b3b8632106e9cc92ef,,ms_staging:100:Fulmers Farmstead and General Store,,False
http://www.heartlandcatfish.com,reachable,200,https://www.heartlandcatfish.com/,1,0.731,20da421359793a1e20962dc44c4bea4a30569ddae73ed04361a0e85a288c3281,,ms_staging:112:Heartland Catfish Company,,False
http://www.livingstonspringsfarm.com/,reachable,206,https://www.livingstonspringsfarm.com/,1,0.3,38acc68efb41fe2ceee30f333b3548331895fd92e17393f543fcd563f9bd0ca7,,canonical:93:Livingston Springs Farm | ms_staging:148:Livingston Springs Farm,,False
https://agnet.mdac.ms.gov/MarketPortal/MarketPortal,reachable,200,https://agnet.mdac.ms.gov/MarketPortal/MarketPortal,1,0.176,5c1ac9393198a5c825054292d1c0a6140d6a418373e0d9238fc8ef875999effa,,"ms_staging:107:Granny Springs Farm | ms_staging:146:Little Lapp Farm | ms_staging:5:61 Farms LLP | ms_staging:7:A Cut Above Processing and Meat Market, LLC",,False
https://agnet.mdac.ms.gov/Website/FarmerMarket_VendorView.aspx?PassedID=1,reachable,200,https://agnet.mdac.ms.gov/Website/FarmerMarket_VendorView?PassedID=1,1,0.258,8d1991a00f630d538c66f5b4550cd805316a84940621c2622afcd1daf24e647d,,ms_staging:12:Amorphous Gardens,,False
https://agnet.mdac.ms.gov/Website/FarmerMarket_VendorView.aspx?PassedID=111,reachable,200,https://agnet.mdac.ms.gov/Website/FarmerMarket_VendorView?PassedID=111,1,0.244,8d1991a00f630d538c66f5b4550cd805316a84940621c2622afcd1daf24e647d,,ms_staging:121:Homestead Farms,,False
https://agnet.mdac.ms.gov/Website/FarmerMarket_VendorView.aspx?PassedID=125,reachable,200,https://agnet.mdac.ms.gov/Website/FarmerMarket_VendorView?PassedID=125,1,0.243,8d1991a00f630d538c66f5b4550cd805316a84940621c2622afcd1daf24e647d,,ms_staging:96:Foot Print Farms,,False
https://agnet.mdac.ms.gov/Website/FarmerMarket_VendorView.aspx?PassedID=146,reachable,200,https://agnet.mdac.ms.gov/Website/FarmerMarket_VendorView?PassedID=146,1,0.261,8d1991a00f630d538c66f5b4550cd805316a84940621c2622afcd1daf24e647d,,ms_staging:145:Little Bluestem Farm,,False
https://agnet.mdac.ms.gov/Website/FarmerMarket_VendorView.aspx?PassedID=15,reachable,200,https://agnet.mdac.ms.gov/Website/FarmerMarket_VendorView?PassedID=15,1,0.251,8d1991a00f630d538c66f5b4550cd805316a84940621c2622afcd1daf24e647d,,ms_staging:233:T & R Dairy,,False
https://agnet.mdac.ms.gov/Website/FarmerMarket_VendorView.aspx?PassedID=154,reachable,200,https://agnet.mdac.ms.gov/Website/FarmerMarket_VendorView?PassedID=154,1,0.271,8d1991a00f630d538c66f5b4550cd805316a84940621c2622afcd1daf24e647d,,ms_staging:229:Sumrall Farms,,False
https://agnet.mdac.ms.gov/Website/FarmerMarket_VendorView.aspx?PassedID=17,reachable,200,https://agnet.mdac.ms.gov/Website/FarmerMarket_VendorView?PassedID=17,1,0.262,8d1991a00f630d538c66f5b4550cd805316a84940621c2622afcd1daf24e647d,,ms_staging:252:Viking Honey®,,False
https://agnet.mdac.ms.gov/Website/FarmerMarket_VendorView.aspx?PassedID=181,reachable,200,https://agnet.mdac.ms.gov/Website/FarmerMarket_VendorView?PassedID=181,1,0.469,8d1991a00f630d538c66f5b4550cd805316a84940621c2622afcd1daf24e647d,,ms_staging:209:SARAH'S FARM,,False
https://agnet.mdac.ms.gov/Website/FarmerMarket_VendorView.aspx?PassedID=238,reachable,200,https://agnet.mdac.ms.gov/Website/FarmerMarket_VendorView?PassedID=238,1,0.288,8d1991a00f630d538c66f5b4550cd805316a84940621c2622afcd1daf24e647d,,ms_staging:4:5D Natural Farms,,False
https://agnet.mdac.ms.gov/Website/FarmerMarket_VendorView.aspx?PassedID=255,reachable,200,https://agnet.mdac.ms.gov/Website/FarmerMarket_VendorView?PassedID=255,1,0.33,8d1991a00f630d538c66f5b4550cd805316a84940621c2622afcd1daf24e647d,,ms_staging:84:Dutch Creek Goat Farm,,False
https://agnet.mdac.ms.gov/Website/FarmerMarket_VendorView.aspx?PassedID=260,reachable,200,https://agnet.mdac.ms.gov/Website/FarmerMarket_VendorView?PassedID=260,1,0.291,8d1991a00f630d538c66f5b4550cd805316a84940621c2622afcd1daf24e647d,,ms_staging:128:JD Farms & Pearl River Tea Co.,,False
https://agnet.mdac.ms.gov/Website/FarmerMarket_VendorView.aspx?PassedID=272,reachable,200,https://agnet.mdac.ms.gov/Website/FarmerMarket_VendorView?PassedID=272,1,0.283,8d1991a00f630d538c66f5b4550cd805316a84940621c2622afcd1daf24e647d,,ms_staging:98:Fresh Grown Farm,,False
https://agnet.mdac.ms.gov/Website/FarmerMarket_VendorView.aspx?PassedID=275,reachable,200,https://agnet.mdac.ms.gov/Website/FarmerMarket_VendorView?PassedID=275,1,0.278,8d1991a00f630d538c66f5b4550cd805316a84940621c2622afcd1daf24e647d,,ms_staging:28:BeeTree Meadows,,False
https://agnet.mdac.ms.gov/Website/FarmerMarket_VendorView.aspx?PassedID=277,reachable,200,https://agnet.mdac.ms.gov/Website/FarmerMarket_VendorView?PassedID=277,1,0.271,8d1991a00f630d538c66f5b4550cd805316a84940621c2622afcd1daf24e647d,,"ms_staging:195:Reaper's Suburban Homestead, LLC",,False
https://agnet.mdac.ms.gov/Website/FarmerMarket_VendorView.aspx?PassedID=280,reachable,200,https://agnet.mdac.ms.gov/Website/FarmerMarket_VendorView?PassedID=280,1,0.299,8d1991a00f630d538c66f5b4550cd805316a84940621c2622afcd1daf24e647d,,ms_staging:10:Amason Farms,,False
https://agnet.mdac.ms.gov/Website/FarmerMarket_VendorView.aspx?PassedID=281,reachable,200,https://agnet.mdac.ms.gov/Website/FarmerMarket_VendorView?PassedID=281,1,0.262,8d1991a00f630d538c66f5b4550cd805316a84940621c2622afcd1daf24e647d,,ms_staging:94:Flavourful Fungi,,False
https://agnet.mdac.ms.gov/Website/FarmerMarket_VendorView.aspx?PassedID=31,reachable,200,https://agnet.mdac.ms.gov/Website/FarmerMarket_VendorView?PassedID=31,1,0.266,8d1991a00f630d538c66f5b4550cd805316a84940621c2622afcd1daf24e647d,,ms_staging:70:COOPER FARMS & VINEYARD,,False
https://agnet.mdac.ms.gov/Website/FarmerMarket_VendorView.aspx?PassedID=34,reachable,200,https://agnet.mdac.ms.gov/Website/FarmerMarket_VendorView?PassedID=34,1,0.267,8d1991a00f630d538c66f5b4550cd805316a84940621c2622afcd1daf24e647d,,ms_staging:86:Ellis Farms,,False
https://agnet.mdac.ms.gov/Website/FarmerMarket_VendorView.aspx?PassedID=4,reachable,200,https://agnet.mdac.ms.gov/Website/FarmerMarket_VendorView?PassedID=4,1,0.297,8d1991a00f630d538c66f5b4550cd805316a84940621c2622afcd1daf24e647d,,ms_staging:117:High Heeled Hippie,,False
https://agnet.mdac.ms.gov/Website/FarmerMarket_VendorView.aspx?PassedID=46,reachable,200,https://agnet.mdac.ms.gov/Website/FarmerMarket_VendorView?PassedID=46,1,0.291,8d1991a00f630d538c66f5b4550cd805316a84940621c2622afcd1daf24e647d,,ms_staging:250:Two Dog Farms,,False
https://agnet.mdac.ms.gov/Website/FarmerMarket_VendorView.aspx?PassedID=50,reachable,200,https://agnet.mdac.ms.gov/Website/FarmerMarket_VendorView?PassedID=50,1,0.261,8d1991a00f630d538c66f5b4550cd805316a84940621c2622afcd1daf24e647d,,ms_staging:15:Artillery Ridge Growers,,False
https://agnet.mdac.ms.gov/Website/FarmerMarket_VendorView.aspx?PassedID=90,reachable,200,https://agnet.mdac.ms.gov/Website/FarmerMarket_VendorView?PassedID=90,1,0.255,8d1991a00f630d538c66f5b4550cd805316a84940621c2622afcd1daf24e647d,,ms_staging:79:DONNA CORKERN,,False
https://app.barn2door.com/grazingwayfarm/all,reachable,200,https://app.barn2door.com/grazingwayfarm/all,1,0.395,5a2f8cd151ab176c4c1a4291fa148589fbed10ce39fb4b04cc355a77fad373a7,,ms_staging:108:Grazing Way Farm,,False
https://basspecantrees.com/,reachable,200,https://pecanhillfarms.net/,1,0.454,5fcf4e8e6656161a76a02b52e260c84c1aa2e091c3e0249e4a0bf5daaff36557,,canonical:298:Bass Pecan Company | ms_staging:22:Bass Pecan Company,,False
https://beccasbloomsfloralflowerpreservation.com/,reachable,200,https://beccasbloomsfloralflowerpreservation.com/,1,0.171,21a8d0d05581bbcb397513224a44cccf315abb1035c6143dddedcb32b1db9076,,ms_staging:25:Becca’s Blooms Floral Flower Preservation,,False
https://bigmanfarm.com/,reachable,206,https://bigmanfarm.com/,1,4.8,32f0c3ed175f4896a59e0ea8ad5523695ba8a699a94016ceae3e3a33ae34a39b,,ms_staging:165:Morris Watermelon Farm LLC,,False
https://blueharvestfarms.com,unreachable_after_3_attempts,0,,3,0,,attempt 1: HTTP 522 | attempt 2: HTTP 522 | attempt 3: HTTP 522,canonical:38:Blue Harvest Farms,,False
https://breckenridgefarms.net,reachable,200,https://breckenridgefarms.net,1,0.107,6dc9c7fc93bb488bb0520a6c780a8d3c0fb5486a4711aca49b4c53fac7393023,,ms_staging:47:Breckenridge Farms,,False
https://breezyoaksranch.com,reachable,200,https://breezyoaksranch.com,1,0.226,9bbdf6eb98d0f0e4413e7d1424608444d5dfce5c811e03f690a700775ab4f6ae,,ms_staging:48:Breezy Oaks Ranch,,False
https://brookshirefarm.com,reachable,200,https://brookshirefarm.com,1,0.202,4f969f8b6946cd44b875732a76a6aca250f4c615233f9be79c3e64ba58c5d6f0,,canonical:59:Brookshire Farm,,False
https://butterfieldfarms.net,reachable,206,https://www.butterfieldfarms.net/,1,0.182,52507c40e4b1b9e2b063e5597848f70d80606970adb08af07a3fd4b35ddfb4eb,,canonical:233:Butterfield Farm,,False
https://credofarms.com,reachable,200,https://credofarms.com,1,0.076,76f2bc41d8d3ad616870f31e26d0939af5554d146fec34f611755f341a04be50,,canonical:3:Credo Farms,,False
https://dowdlefamilyfarms.com,reachable,206,https://www.dowdlefamilyfarms.com/,1,0.21,d462d849820e70e24ed36f5e0127f7a0afa124551e6722edfe5b1d89bf8e3476,,canonical:307:Dowdle Family Farms | ms_staging:80:Dowdle Family Farms,,False
https://dunsfieldheidrunfarm.square.site/,reachable,200,https://dunsfieldheidrunfarm.square.site/,1,0.342,06873a8b9f6eb436215dfc16f233c4a3f3692d7b1c4f4d30c9c0cbbfd9c7620e,,canonical:89:Dunsfield Heidrun Farm | ms_staging:83:Dunsfield Heidrun Farm,,False
https://facebook.com/southernstatearena,reachable,200,https://www.facebook.com/login/?next=https%3A%2F%2Fwww.facebook.com%2Fsouthernstatearena,1,0.353,478c16c26c1a363b9c5dbda6fa0f6852d4f9d48a75b4ae5e09830aa13aeeba22,,ms_staging:149:Lloyd Farms Corriente Cattle Co,,False
https://footprintfarmsms.com/,reachable,200,https://footprintfarmsms.com/,1,0.259,b462d3340a0a04f0fafc5403528732c4ab8fb775b296cf4f1c973b2b34a8dcc5,,ms_staging:96:Foot Print Farms,,False
https://fullnessfarm.com/,reachable,200,https://fullnessfarm.com/,1,0.22,97e8d3cf1d86a0e6677ea9c14f19afea3205cbbaab5329731ce0bd019411376b,,canonical:117:Fullness Farm,,False
https://genevaspringsfarm.org,reachable,200,https://www.genevaspringsfarm.org/,1,1.633,9198ebeb91ee3f6037666a418fa53f6b26649189d4e8c7faffc97b7132f09375,,ms_staging:102:Geneva Springs Farm,,False
https://genuinems.com/directory/3r-land-livestock-llc/,reachable,200,https://genuinems.com/directory/3r-land-livestock-llc/,1,1.653,5f76d659d57329d27f191e3d1d9656107c6d3f7d736fa06e286886f474ddf6ef,,ms_staging:1:3R Land & Livestock LLC,,False
https://genuinems.com/directory/4p-beef/,reachable,200,https://genuinems.com/directory/4p-beef/,1,1.613,bc0128c8a7de3e33e1ee44a0c44648e3bdd9a3f3af9c3a367668e8cbcfbc282e,,ms_staging:2:4P Beef,,False
https://genuinems.com/directory/5d-natural-farm/,reachable,200,https://genuinems.com/directory/5d-natural-farm/,1,1.696,b07cb93b4ecd0f8ccdf315a7a55d98853e1edc8249ffc2307a161b95a4bb2572,,ms_staging:3:5D Natural Farm,,False
https://genuinems.com/directory/7-gen-pastures/,reachable,200,https://genuinems.com/directory/7-gen-pastures/,1,1.927,f7d081d8a768190b9a058edf1e714217916a11dee5c227ecc5551fc2c96eff0e,,ms_staging:6:7-Gen Pastures,,False
https://genuinems.com/directory/a-cut-above-processing-meat-market-llc/,reachable,200,https://genuinems.com/directory/a-cut-above-processing-meat-market-llc/,1,2.172,1517d85ddfd058f26b4cfac5ab966ed411aff71719a1d3d79696feddf5a0180e,,"ms_staging:8:A Cut Above Processing & Meat Market, LLC",,False
https://genuinems.com/directory/addison-blueberry-farms/,reachable,200,https://genuinems.com/directory/addison-blueberry-farms/,1,2.323,ad8b66a2e1c08fea7836de12b6acbb00b1700ed011c5dc5ca17f090338f6c735,,ms_staging:9:Addison Blueberry Farms,,False
https://genuinems.com/directory/amason-farms/,reachable,200,https://genuinems.com/directory/amason-farms/,1,2.084,c725aaa28104a7153850bdedc80afbac87946023e26ae8f46611462ab47c0c43,,ms_staging:10:Amason Farms,,False
https://genuinems.com/directory/arrowhead-hill-farm/,reachable,200,https://genuinems.com/directory/arrowhead-hill-farm/,1,2.111,62df05b6ffe0d2357c57436ad7fa2ccc1f1788f260a929756de10b33da9b5daa,,ms_staging:14:Arrowhead Hill Farm,,False
https://genuinems.com/directory/b-and-l-farms/,reachable,200,https://genuinems.com/directory/b-and-l-farms/,1,2.004,4a3ef166cbefb8d39b55e1b37701a59bc300c5254f48b47e1af3f6e30477fcbe,,ms_staging:16:B and L Farms,,False
https://genuinems.com/directory/bacot-farms/,reachable,200,https://genuinems.com/directory/bacot-farms/,1,1.552,e87aab27b9263c8cdd49b277ff660d8adcc5f6d34b4e9115105d4392b92f03ce,,ms_staging:18:Bacot Farms,,False
https://genuinems.com/directory/bailey-barn-farms-soap-co/,reachable,200,https://genuinems.com/directory/bailey-barn-farms-soap-co/,1,2.109,66019215fcd4f5cdefcab3f9a8fec1e30ad3aded719bf9141f41bc95c6f3f247,,ms_staging:19:Bailey Barn Farms & Soap Co.,,False
https://genuinems.com/directory/banks-farms/,reachable,200,https://genuinems.com/directory/banks-farms/,1,1.626,ae7014ad5eeb3d8ca9f6c59cf45006966499917779fdfa13693c2537e38a31ac,,ms_staging:20:Banks Farms,,False
https://genuinems.com/directory/banks-rice/,reachable,200,https://genuinems.com/directory/banks-rice/,1,0.766,0c3865bfd5cf380f3c5bcd1b8ffb9b18086bfb802a8d409cd4388b52fc5aea80,,ms_staging:21:Banks Rice,,False
https://genuinems.com/directory/bass-pecan-company/,reachable,200,https://genuinems.com/directory/bass-pecan-company/,1,1.524,75b002a2eaa553aca4b1ea39a88474732e3031d83f11107e03ec35706fe3098f,,ms_staging:22:Bass Pecan Company,,False
https://genuinems.com/directory/beason-family-farm/,reachable,200,https://genuinems.com/directory/beason-family-farm/,1,1.792,a2791907cc380a364731da4fe7e21b5e85e8a0a4a0ac4abda9d43e57d6de1b29,,ms_staging:23:Beason Family Farm,,False
https://genuinems.com/directory/beccas-blooms-floral-flower-preservation/,reachable,200,https://genuinems.com/directory/beccas-blooms-floral-flower-preservation/,1,0.724,82803bca54ff186c403d999d4a5acea226eaddb70dc81a7f05862fc6126f8c34,,ms_staging:25:Becca’s Blooms Floral Flower Preservation,,False
https://genuinems.com/directory/beccis-barnyard/,reachable,200,https://genuinems.com/directory/beccis-barnyard/,1,1.692,da642503716d01adab5b922f1900752ec5304a235b9cb921dfc82627f88a049e,,ms_staging:26:Becci’s Barnyard,,False
https://genuinems.com/directory/bees-best-honey-llc/,reachable,200,https://genuinems.com/directory/bees-best-honey-llc/,1,1.991,59d0999d50cecb7b21b9ddbaa6146538e0a142f702cb4689fdacde144adb2920,,"ms_staging:27:Bee’s Best Honey, LLC",,False
https://genuinems.com/directory/big-creek-farm-llc/,reachable,200,https://genuinems.com/directory/big-creek-farm-llc/,1,0.692,77816638691f560221a748bfcaf26aca02c3294bd86be877f1c6177918d176e5,,ms_staging:29:Big Creek Farm LLC,,False
https://genuinems.com/directory/black-creek-farm-llc/,reachable,200,https://genuinems.com/directory/black-creek-farm-llc/,1,2.004,531738899eee98885cf1b4913a2d24942ecca9f7e9693d4552249eb2b8633981,,ms_staging:30:Black Creek Farm LLC,,False
https://genuinems.com/directory/black-jack-ranch/,reachable,200,https://genuinems.com/directory/black-jack-ranch/,1,2.034,8bf563e4d1a1392e6894bf19a4560064100397b199540dc63d18fae64bd0c179,,ms_staging:31:Black Jack Ranch,,False
https://genuinems.com/directory/blue-courage-farms/,reachable,200,https://genuinems.com/directory/blue-courage-farms/,1,1.606,8c26ba9fce3926b17da615299847a4934edfcab462846833164ca3e7bf293754,,ms_staging:33:Blue Courage Farms,,False
https://genuinems.com/directory/blue-sky-farms-ms/,reachable,200,https://genuinems.com/directory/blue-sky-farms-ms/,1,1.92,e93145c49b2c1d4d75cbb452c037d6d90aec847218560fa7eb43b33b22c251f4,,ms_staging:34:Blue Sky Farms MS,,False
https://genuinems.com/directory/blueberry-pines-farm/,reachable,200,https://genuinems.com/directory/blueberry-pines-farm/,1,1.562,7211421c1009ee8ca36c63e11de79f6d9bd549c005fd87aa87c7e3009d0d9145,,ms_staging:40:Blueberry Pines Farm,,False
https://genuinems.com/directory/bluff-farm-supply/,reachable,200,https://genuinems.com/directory/bluff-farm-supply/,1,1.903,612b9ea8674e9492c30922adb21c8b271d3440fce20c4272240c0b01e0504f61,,ms_staging:42:Bluff Farm Supply,,False
https://genuinems.com/directory/boots-to-roots-farm/,reachable,200,https://genuinems.com/directory/boots-to-roots-farm/,1,0.555,1a8bd3238fe0b5559e2e4b2ef2ac97878064d5cc2242bb431da1ce616b10266a,,ms_staging:43:Boots to Roots Farm,,False
https://genuinems.com/directory/bounds-blueberry-farm/,reachable,200,https://genuinems.com/directory/bounds-blueberry-farm/,1,1.602,e954bed6c42a8f06ac6f068e2b073d048312df9030af99a692d31b69468e34a6,,ms_staging:44:Bounds Blueberry Farm,,False
https://genuinems.com/directory/bowie-creek-orchard-llc/,reachable,200,https://genuinems.com/directory/bowie-creek-orchard-llc/,1,1.519,8763aa31a3232ac72e9ebf8072a75de97a7b9add604fa1b079f7e5c9ccb5d12c,,"ms_staging:45:Bowie Creek Orchard, LLC",,False
https://genuinems.com/directory/bozeman-meat-co/,reachable,200,https://genuinems.com/directory/bozeman-meat-co/,1,0.529,71265ea99607deec8aaeb5fb41ac471ca5aa93f60dc69217881644deeec6c13f,,ms_staging:46:Bozeman Meat Co.,,False
https://genuinems.com/directory/breckenridge-farms/,reachable,200,https://genuinems.com/directory/breckenridge-farms/,1,1.448,c44ab44d3e7cfa684e1915d67f5c747aaf5aa93d65cd575fd9c89eee00baab22,,ms_staging:47:Breckenridge Farms,,False
https://genuinems.com/directory/breezy-oaks-ranch/,reachable,200,https://genuinems.com/directory/breezy-oaks-ranch/,1,1.784,90dc37aec7a6784680cc499751ed0a3088532c1968e9a6570836c866ff650c3e,,ms_staging:48:Breezy Oaks Ranch,,False
https://genuinems.com/directory/broadhead-beef/,reachable,200,https://genuinems.com/directory/broadhead-beef/,1,1.46,fc5436cf2aaa654176de196d4f9594552909d6dad9ed1afbd7c7d1a142072fee,,ms_staging:49:Broadhead Beef,,False
https://genuinems.com/directory/broke-t-honey/,reachable,200,https://genuinems.com/directory/broke-t-honey/,1,2.221,7f8b80e9ad55025e7e6f72eb5aea6191e34126856d1e73b3e46f3ea4a73868d4,,ms_staging:50:Broke – T Honey,,False
https://genuinems.com/directory/bruce-sweet-potato/,reachable,200,https://genuinems.com/directory/bruce-sweet-potato/,1,0.522,51612e45f5ef28326432de8d6ed01977de1090c131c202dd3b5ce35375ae0388,,ms_staging:51:Bruce Sweet Potato,,False
https://genuinems.com/directory/burwell-farms-llc/,reachable,200,https://genuinems.com/directory/burwell-farms-llc/,1,2.067,9b8c01b5b3b091f20864e756d3e6329030a3eaf614eb790616b4e4bf0eca8ccb,,ms_staging:53:Burwell Farms LLC,,False
https://genuinems.com/directory/cal-maine-foods-inc/,reachable,200,https://genuinems.com/directory/cal-maine-foods-inc/,1,1.919,d3cae7ac5f471a9ab1b2c14d25deaf124dfd08e03451533f821d91cb46bd4505,,"ms_staging:55:Cal-Maine Foods, Inc",,False
https://genuinems.com/directory/carnes-farms/,reachable,200,https://genuinems.com/directory/carnes-farms/,1,1.804,58820825c3105ddb069cd181eca5c5133dc8c9b799fb3fb54ea0c87235e094cd,,ms_staging:56:Carnes Farms,,False
https://genuinems.com/directory/cedar-hill-farm-cedar-hills-haunted-farm/,reachable,200,https://genuinems.com/directory/cedar-hill-farm-cedar-hills-haunted-farm/,1,2.129,ba0554209a222ceaa7e373ae15b6e934f994a0e0cd9bebd24fb7123325e4fee2,,ms_staging:58:Cedar Hill Farm & Cedar Hill’s Haunted Farm,,False
https://genuinems.com/directory/charlies-u-pik/,reachable,200,https://genuinems.com/directory/charlies-u-pik/,1,2.262,704fbac784b9a1c6f5d36e188bcf7a0ce91b872123e1960634703f35725dfe5c,,ms_staging:59:Charlie’s U-Pik,,False
https://genuinems.com/directory/chulahomas-garden/,reachable,200,https://genuinems.com/directory/chulahomas-garden/,1,0.631,2ff4831fa6f3e17458492088a306f9d9e18f7b8597b6e9b3a29871a5ff2b8074,,ms_staging:64:Chulahoma’s Garden,,False
https://genuinems.com/directory/circle-l-enterprises/,reachable,200,https://genuinems.com/directory/circle-l-enterprises/,1,1.608,7e0a64a6701257d073e5bd5211b55cc3a01e64759c382383a8add2c7e6ba8a02,,ms_staging:65:Circle L Enterprises,,False
https://genuinems.com/directory/cm-farms-and-services-llc/,reachable,200,https://genuinems.com/directory/cm-farms-and-services-llc/,1,2.196,de793bb5a076d51be64405c4a38ed66f747eede9bfb58b28feb0bedb15fd15f4,,ms_staging:66:CM Farms And Services LLC,,False
https://genuinems.com/directory/coastal-beef-co/,reachable,200,https://genuinems.com/directory/coastal-beef-co/,1,2.068,ecab5cec302e9e3e37ca02d7fb73017c9b0deb587a5e351adf63a939eb8fca2c,,ms_staging:67:Coastal Beef Co.,,False
https://genuinems.com/directory/colemans-farm-llc/,reachable,200,https://genuinems.com/directory/colemans-farm-llc/,1,1.917,70b8fe7bb58e31bfe11ab7308e577bd45e43e921730a9ab133d58138cad27ecb,,ms_staging:68:Colemans Farm LLC,,False
https://genuinems.com/directory/cooper-farms-and-vineyard-llc/,reachable,200,https://genuinems.com/directory/cooper-farms-and-vineyard-llc/,1,1.785,5edf5121b21539fe964b4e3c178ff3e4fe00fb75fabab48b6ea038a104fc1f04,,ms_staging:69:Cooper Farms and Vineyard LLC,,False
https://genuinems.com/directory/coy-bee-company/,reachable,200,https://genuinems.com/directory/coy-bee-company/,1,1.972,fbd81cf9850df4e7f385159beae4467d1ab5bb15151b9b18bf54b6f187b5920f,,ms_staging:71:Coy Bee Company,,False
https://genuinems.com/directory/crooked-row-farms-llc/,reachable,200,https://genuinems.com/directory/crooked-row-farms-llc/,1,2.104,b955f5521250b0a1c85e93c1d494542cc19b45b5785705a9d4e51e1fedca61d6,,ms_staging:72:Crooked Row Farms LLC,,False
https://genuinems.com/directory/croom-farms/,reachable,200,https://genuinems.com/directory/croom-farms/,1,2.18,2d508eff420964ae508c7736a775ff407a27bb5e46fce3e385481097d7b8a67d,,ms_staging:73:Croom Farms,,False
https://genuinems.com/directory/cw-farms-caledonia/,reachable,200,https://genuinems.com/directory/cw-farms-caledonia/,1,2.112,59c84596db8168399138a6b6d1ff6a25e5a79d2b4306662f1c252a3ca11b0646,,ms_staging:54:C&W Farms Caledonia,,False
https://genuinems.com/directory/cypress-point-pecans-llc/,reachable,200,https://genuinems.com/directory/cypress-point-pecans-llc/,1,2.031,681d9b96f6bcdc8182cf09947131f86a4463af9d3d15faedd88218b0d92d3d5c,,ms_staging:74:Cypress Point Pecans LLC,,False
https://genuinems.com/directory/delta-pride-catfish/,reachable,200,https://genuinems.com/directory/delta-pride-catfish/,1,1.626,e15e76344c6c8cd42ac52bfdfeff8d78670869c77ac62bb4ea206dcb56a1e3a2,,ms_staging:77:Delta Pride Catfish,,False
https://genuinems.com/directory/dixie-farms-llc/,reachable,200,https://genuinems.com/directory/dixie-farms-llc/,1,0.552,22b52e429ce13fd218a36fd72f473c443ca862421192d56cc299d9ead2f85edd,,"ms_staging:78:Dixie Farms, LLC",,False
https://genuinems.com/directory/dowdle-family-farms/,reachable,200,https://genuinems.com/directory/dowdle-family-farms/,1,1.828,334b78ca9625bd8e7900cc5f3602b8efb162b12e681c7c979802699b6af6d259,,ms_staging:80:Dowdle Family Farms,,False
https://genuinems.com/directory/down-home-milling-co/,reachable,200,https://genuinems.com/directory/down-home-milling-co/,1,2.071,ae5abf16e127c4998dac526a123c048ae30bc385cc82b2be7a68299c1afdd4ab,,ms_staging:81:Down Home Milling Co.,,False
https://genuinems.com/directory/dry-bottom-farms-and-nursery/,reachable,200,https://genuinems.com/directory/dry-bottom-farms-and-nursery/,1,2.134,05aa4d961edc5ed61b1659433c7d24b3550b30ebcd91796234184ad74b140026,,ms_staging:82:Dry Bottom Farms and Nursery,,False
https://genuinems.com/directory/dunsfield-heidrun-farm/,reachable,200,https://genuinems.com/directory/dunsfield-heidrun-farm/,1,1.952,9c9d912ed199e6b9086483c02082f02065486303ee40c418ab563ea082625d7b,,ms_staging:83:Dunsfield Heidrun Farm,,False
https://genuinems.com/directory/eight-acre-porch-and-poultry-llc/,reachable,200,https://genuinems.com/directory/eight-acre-porch-and-poultry-llc/,1,1.929,2b658486fd003ce2fa6bf35c58a45476e48cddf4729ee615db3b81608ed06633,,ms_staging:85:Eight Acre Porch and Poultry LLC,,False
https://genuinems.com/directory/emma-wilder-farm/,reachable,200,https://genuinems.com/directory/emma-wilder-farm/,1,2.058,b78e34b1ec8a9f3387eb050004de3686edfc29c795c723458d8be188fa591689,,ms_staging:87:Emma Wilder Farm,,False
https://genuinems.com/directory/etta-hills-farm-llc/,reachable,200,https://genuinems.com/directory/etta-hills-farm-llc/,1,1.346,c5a875841780e8c270595fa8faad12e574e00e785a825503c8cdd27c2e6ac433,,"ms_staging:88:Etta Hills Farm, LLC",,False
https://genuinems.com/directory/eubanks-produce/,reachable,200,https://genuinems.com/directory/eubanks-produce/,1,1.391,5da67f8a982306a4c237f9d8cd7f5f8fc063ff9e1eb33bb997e8314c8ab406e3,,ms_staging:89:Eubanks Produce,,False
https://genuinems.com/directory/faithful-fruits-farm-llc/,reachable,200,https://genuinems.com/directory/faithful-fruits-farm-llc/,1,2.027,1dbe31d8219ac4bd39492179536457a02a76b01e511d118ed64a98efb30c369f,,"ms_staging:90:Faithful Fruits Farm, LLC",,False
https://genuinems.com/directory/falkner-farms/,reachable,200,https://genuinems.com/directory/falkner-farms/,1,1.758,b7140e95b0fb254c915ee60d8e89990947603660d765993ded5169a99643db31,,ms_staging:91:Falkner Farms,,False
https://genuinems.com/directory/farmer-browns-southern-farm/,reachable,200,https://genuinems.com/directory/farmer-browns-southern-farm/,1,1.818,8de424b0a079b183fd2455e2bdc0c05b27a4cfcb321a56f00331c37b58d31007,,ms_staging:92:Farmer Browns Southern Farm,,False
https://genuinems.com/directory/flower-farm-and-cottage/,reachable,200,https://genuinems.com/directory/flower-farm-and-cottage/,1,2.394,300dbd0b134bc7e283dcee166bd65e7451bae8fc6a2e0501dd5eaf2d839b70db,,ms_staging:95:Flower Farm and Cottage,,False
https://genuinems.com/directory/foot-print-farms/,reachable,200,https://genuinems.com/directory/foot-print-farms/,1,2.182,8d8e53e15d714d7cb4df3ce2b9baae977d7013c11c5a03bfa4da228ec1c34be6,,ms_staging:96:Foot Print Farms,,False
https://genuinems.com/directory/free-state-beef-and-cattle/,reachable,200,https://genuinems.com/directory/free-state-beef-and-cattle/,1,1.765,47af0dcc7ee641807c4dd3dca0e88edd4e63c292f9eed3a944ca1a16729de700,,ms_staging:97:Free State Beef and Cattle,,False
https://genuinems.com/directory/freshgrown-farm/,reachable,200,https://genuinems.com/directory/freshgrown-farm/,1,1.713,23beecb303f308667b022182cf209ef227cb5a49c5d67fe2b812dcbcd9619958,,ms_staging:99:FreshGrown Farm,,False
https://genuinems.com/directory/fulmers-farmstead-and-general-store/,reachable,200,https://genuinems.com/directory/fulmers-farmstead-and-general-store/,1,1.937,b6253846ca8d3e32dd2b58af11d5995bcc9b612e9a15d5adb93ade10971bc12e,,ms_staging:100:Fulmers Farmstead and General Store,,False
https://genuinems.com/directory/geneva-springs-farm/,reachable,200,https://genuinems.com/directory/geneva-springs-farm/,1,1.994,091c01b00389487f588d50fa3c878538a710d1f11da7f49267ab87c883a804e1,,ms_staging:102:Geneva Springs Farm,,False
https://genuinems.com/directory/george-sonny-magee/,reachable,200,https://genuinems.com/directory/george-sonny-magee/,1,1.749,4664d7e7741ad1af3b1e188f0f500eaeb11e054deaa843316207d0637e0d31ac,,ms_staging:103:George (Sonny) Magee,,False
https://genuinems.com/directory/golden-s-farms/,reachable,200,https://genuinems.com/directory/golden-s-farms/,1,0.68,b0f9fc53db27348c39ef9d6a1c40a7ca4f1ed862806a038137a097212d760327,,ms_staging:104:Golden S Farms,,False
https://genuinems.com/directory/golden-valley-doodles-inc/,reachable,200,https://genuinems.com/directory/golden-valley-doodles-inc/,1,2.125,e8eac15ff54324cd109968c2bbb46acd4e22fa148e6183e0490806cc1643dff7,,"ms_staging:105:Golden Valley Doodles, Inc.",,False
https://genuinems.com/directory/good-earth-eats/,reachable,200,https://genuinems.com/directory/good-earth-eats/,1,2.221,8b33eac0df89f2a441037588e78b119955860393d04db33497a7f22e837679ca,,ms_staging:106:Good Earth Eats,,False
https://genuinems.com/directory/grazing-way-farm/,reachable,200,https://genuinems.com/directory/grazing-way-farm/,1,0.68,993c63f13060d32ec51cdd5e4fa1c83ee6032416b6f0dbc8bf960d6d0e7ebf75,,ms_staging:108:Grazing Way Farm,,False
https://genuinems.com/directory/great-southern-farms/,reachable,200,https://genuinems.com/directory/great-southern-farms/,1,0.838,320b2b03d19029394acf4649c2e98be243f77800c288849caae36df94f6de54f,,ms_staging:109:Great Southern Farms,,False
https://genuinems.com/directory/green-acres-creamery-llc/,reachable,200,https://genuinems.com/directory/green-acres-creamery-llc/,1,1.814,7e14bf4afa0fec709cb0c798c2dcda573b50dc274d593a19badc2d531bb713ae,,"ms_staging:110:Green Acres Creamery, LLC",,False
https://genuinems.com/directory/heartland-catfish-company/,reachable,200,https://genuinems.com/directory/heartland-catfish-company/,1,2.041,988eb30d446306059c7c597eece04bfd6561d32e916a4a548cb3e5861f1872f6,,ms_staging:112:Heartland Catfish Company,,False
https://genuinems.com/directory/heavenly-trace-farm-and-orchard-llc/,reachable,200,https://genuinems.com/directory/heavenly-trace-farm-and-orchard-llc/,1,2.52,da98b91901a524d819bd61716edb22c40c12dc043469cfa3402628d78e287bd1,,ms_staging:113:Heavenly Trace Farm and Orchard LLC,,False
https://genuinems.com/directory/henderson-farms/,reachable,200,https://genuinems.com/directory/henderson-farms/,1,1.295,d8fb748347f243a3e709c4c2d0cc608ef36169369d0208daeb73b23107ad7baf,,ms_staging:114:Henderson Farms,,False
https://genuinems.com/directory/henderson-heritage-homestead-llc/,reachable,200,https://genuinems.com/directory/henderson-heritage-homestead-llc/,1,0.977,de57a87f873f689026fd401ce3ea9c2cdf03b96bc659ff9c46f2e6817cde94ae,,"ms_staging:115:Henderson Heritage Homestead, LLC",,False
https://genuinems.com/directory/hickory-heal-farm/,reachable,200,https://genuinems.com/directory/hickory-heal-farm/,1,1.765,6b130fc040a959c7452372b9e5431209a191aeefc042b813efddb62a53f77294,,ms_staging:116:Hickory Heal Farm,,False
https://genuinems.com/directory/high-hill-ranch/,reachable,200,https://genuinems.com/directory/high-hill-ranch/,1,2.012,d5ed8bf84e04822a2e60945ffac24501305e5bba7c7bdf892f6b6f9fced53368,,ms_staging:118:High Hill Ranch,,False
https://genuinems.com/directory/high-hope-farm/,reachable,200,https://genuinems.com/directory/high-hope-farm/,1,2.664,edc31d0249949c4001256d0f053f81f082f5ae0ef36130d7c7f9c10a5ba15792,,ms_staging:119:High Hope Farm,,False
https://genuinems.com/directory/home-place-pastures/,reachable,200,https://genuinems.com/directory/home-place-pastures/,1,2.133,059adc5c65a2360512a45916a224b2c65cdb15ba89eec8876dfea5a541489b03,,ms_staging:120:Home Place Pastures,,False
https://genuinems.com/directory/honestly-beef/,reachable,200,https://genuinems.com/directory/honestly-beef/,1,1.793,cbbd12067bf53122469a61107f2433e766496dbf22f40ec6d079ca983682dee9,,ms_staging:122:Honestly Beef,,False
https://genuinems.com/directory/indian-springs-farmers-association/,reachable,200,https://genuinems.com/directory/indian-springs-farmers-association/,1,2.027,3f07574a058fe81e33bcf021d5dd6e8a0ad716bf3101ac386325ed26c28b4c38,,ms_staging:125:Indian Springs Farmers Association,,False
https://genuinems.com/directory/james-farm/,reachable,200,https://genuinems.com/directory/james-farm/,1,2.165,6783666c30cab5c4e89ade608eec8a653d0239b9792ff58331bd24ec8e41e23e,,ms_staging:127:James Farm,,False
https://genuinems.com/directory/jerry-morrisson-tree-farm/,reachable,200,https://genuinems.com/directory/jerry-morrisson-tree-farm/,1,2.034,7ea0832380fac11c366ec69280d77c3ea8725cb933591b75fe878704192b4ede,,ms_staging:129:Jerry Morrisson Tree Farm,,False
https://genuinems.com/directory/jp-show-cattle/,reachable,200,https://genuinems.com/directory/jp-show-cattle/,1,0.974,508a11ca619d900ad41369a7d41fcd003d278eb7dd54bc737d2fc776c8fe4b98,,ms_staging:130:JP Show Cattle,,False
https://genuinems.com/directory/k-and-m-nursery/,reachable,200,https://genuinems.com/directory/k-and-m-nursery/,1,0.673,516274487106d2be5c058a62f8767689207f2d1cec5ab5918baf96ca03097279,,ms_staging:131:K and M Nursery,,False
https://genuinems.com/directory/keep-mississippi-beautifuls-wildflower-trails-of-mississippi/,reachable,200,https://genuinems.com/directory/keep-mississippi-beautifuls-wildflower-trails-of-mississippi/,1,1.72,fc6f9af5b523289bef0d788e89406390a4cc368dec85f5a1bb590961690b7763,,ms_staging:132:Keep Mississippi Beautiful’s Wildflower Trails of Mississippi,,False
https://genuinems.com/directory/kengro-corporation/,reachable,200,https://genuinems.com/directory/kengro-corporation/,1,1.925,37437ee6070e6d00a2ab78a78a42fbff872f735d0f4345b476f1d4665e601115,,ms_staging:133:Kengro Corporation,,False
https://genuinems.com/directory/kingbeehoney/,reachable,200,https://genuinems.com/directory/kingbeehoney/,1,2.058,d8edc1a8d5869a8056e01bd72edeb38b66e58094b60868bab96f6a7e1f16dc62,,ms_staging:134:Kingbeehoney,,False
https://genuinems.com/directory/la-terre-farms/,reachable,200,https://genuinems.com/directory/la-terre-farms/,1,2.063,e02b27c4c4bee612643330c12103e14ceb5d054c4104cfcca45815a3892c3f14,,ms_staging:136:La Terre Farms,,False
https://genuinems.com/directory/lan-farms/,reachable,200,https://genuinems.com/directory/lan-farms/,1,1.446,d51e6d7d6006122716ffe7051b581aa11285952c39c732dcc7ce8a708cb5a23a,,ms_staging:137:LAN Farms,,False
https://genuinems.com/directory/landmax-properties-timber-company/,reachable,200,https://genuinems.com/directory/landmax-properties-timber-company/,1,2.169,0c6bb370a87ac19528e82d6634bafdac31f6a43ae2c5c19ac008892b4447b526,,ms_staging:138:LandMax Properties & Timber Company,,False
https://genuinems.com/directory/lazy-acres-farm-fun/,reachable,200,https://genuinems.com/directory/lazy-acres-farm-fun/,1,1.999,a32e742ed9f935662cfd897169e8c046b21bfe436dae7ad5d086894b5a44fa01,,ms_staging:139:Lazy Acres Farm Fun,,False
https://genuinems.com/directory/lindys-pecans/,reachable,200,https://genuinems.com/directory/lindys-pecans/,1,2.329,8fe0157ebc286ecb6f4a1953452fcec777af44187d786fec93c765ca72aa06cb,,ms_staging:142:Lindy’s Pecans,,False
https://genuinems.com/directory/line-creek-farms/,reachable,200,https://genuinems.com/directory/line-creek-farms/,1,1.61,68a56819abf7c1227a017e07cebde2e7346202f9b3a6c7a1b2304efe3a8b5af5,,ms_staging:143:Line Creek Farms,,False
https://genuinems.com/directory/line-prairie-farms/,reachable,200,https://genuinems.com/directory/line-prairie-farms/,1,1.639,a1d607278efa4a8dd0b569aeba7955267b99f244667aa5003c4b5a89e6fd061f,,ms_staging:144:Line Prairie Farms,,False
https://genuinems.com/directory/living-soil-farms/,reachable,200,https://genuinems.com/directory/living-soil-farms/,1,2.016,35bb403f8f4b1c10f4a4bab47c66f81a88104198a1d5805d66a16bc170638fac,,ms_staging:147:Living Soil Farms,,False
https://genuinems.com/directory/livingston-springs-farm/,reachable,200,https://genuinems.com/directory/livingston-springs-farm/,1,2.293,7f7ecdbeafd40bc30f8c18b0856eafbb8cf65cafe0f9888bfd689b65ef3e0fc5,,ms_staging:148:Livingston Springs Farm,,False
https://genuinems.com/directory/lloyd-farms-corriente-cattle-co/,reachable,200,https://genuinems.com/directory/lloyd-farms-corriente-cattle-co/,1,2.03,c939887ded5b0b7c54d37dcfceb6a508212438bb56c6ffcfe39d6785f78383eb,,ms_staging:149:Lloyd Farms Corriente Cattle Co,,False
https://genuinems.com/directory/loch-ross-farms/,reachable,200,https://genuinems.com/directory/loch-ross-farms/,1,2.167,3ceeec434fcd5dbf484857d47f7463b11d068412c9427db1c91cb710fcd347c4,,ms_staging:150:Loch Ross Farms,,False
https://genuinems.com/directory/magnolia-creek-farm/,reachable,200,https://genuinems.com/directory/magnolia-creek-farm/,1,1.549,e53b8be47776d06c06a8ddb7926fe50cc3bb9caab5a764ab281320586e4b462f,,ms_staging:152:Magnolia Creek Farm,,False
https://genuinems.com/directory/marys-berries/,reachable,200,https://genuinems.com/directory/marys-berries/,1,1.939,d06ac56a0b1b4306117da9e884bc3b03fd87715f11e8cbf536f7f966187f0b13,,ms_staging:153:Mary’s Berries,,False
https://genuinems.com/directory/mauthe-farms-llc/,reachable,200,https://genuinems.com/directory/mauthe-farms-llc/,1,2.049,877bee637e8789c2bd07c06bc88c353d628067d99f886057c8193a70c27285af,,"ms_staging:154:Mauthe Farms, LLC",,False
https://genuinems.com/directory/merts-satsumas/,reachable,200,https://genuinems.com/directory/merts-satsumas/,1,2.19,df54df0939b123f182d10eb06b023b6a305f302541ad1a907158587f17605102,,ms_staging:155:Mert’s Satsumas,,False
https://genuinems.com/directory/mississippi-beef-brothers/,reachable,200,https://genuinems.com/directory/mississippi-beef-brothers/,1,2.273,85321dcce831eb832c0866fd6f6ad6d4c5a529f2ee01128381782b00aa90d1c5,,ms_staging:156:Mississippi Beef Brothers,,False
https://genuinems.com/directory/mississippi-bees/,reachable,200,https://genuinems.com/directory/mississippi-bees/,1,1.706,176b81b681bb8cf9f63ad118055379181664caa34acadb8fadcc7412add226e7,,ms_staging:157:MISSISSIPPI BEES,,False
https://genuinems.com/directory/mississippi-crawfish-company/,reachable,200,https://genuinems.com/directory/mississippi-crawfish-company/,1,2.037,af8c8941199abef34e407635d06663879aee278304668bf40d171695726dd4e9,,ms_staging:158:Mississippi Crawfish Company,,False
https://genuinems.com/directory/mississippi-poodles-doodles-and-giants/,reachable,200,https://genuinems.com/directory/mississippi-poodles-doodles-and-giants/,1,1.856,e890a2ed47d7fac6a739a9ad49b4b2c027afab04f8ed5eace20e576674a047f4,,ms_staging:159:Mississippi Poodles Doodles and Giants,,False
https://genuinems.com/directory/mitchell-family-farms-llc/,reachable,200,https://genuinems.com/directory/mitchell-family-farms-llc/,1,2.018,7d6df1b7af6fad3ab7f0dafec1cd2fdb098b1ce0523f9e2dc642f1f9357a482c,,"ms_staging:160:Mitchell Family Farms, LLC",,False
https://genuinems.com/directory/mm-cattle-company/,reachable,200,https://genuinems.com/directory/mm-cattle-company/,1,2.032,f04a08e449c5ebb92e52729b0b88bd538e83226edc2cc3ae9b116a4a5efde776,,ms_staging:151:M&M Cattle Company,,False
https://genuinems.com/directory/moon-lake-pecans-llc/,reachable,200,https://genuinems.com/directory/moon-lake-pecans-llc/,1,1.954,f5c7c0efa1ad2ff00fa8f88313b51a03a716d0a99f65346e618da601f651b92c,,ms_staging:162:Moon Lake Pecans LLC,,False
https://genuinems.com/directory/morgan-farms-custom-beef/,reachable,200,https://genuinems.com/directory/morgan-farms-custom-beef/,1,1.879,94f594aaf613a929cfbfaac5ce5a60b498f9f09b823bfe80ab81064aeff742ef,,ms_staging:163:Morgan Farms Custom Beef,,False
https://genuinems.com/directory/morning-dew-pastures-llc/,reachable,200,https://genuinems.com/directory/morning-dew-pastures-llc/,1,1.526,e7586332393697e90d98f1741a8fd0d2968253a8ba090f4814be71de173ed751,,ms_staging:164:Morning Dew Pastures llc,,False
https://genuinems.com/directory/morris-watermelon-farm-llc/,reachable,200,https://genuinems.com/directory/morris-watermelon-farm-llc/,1,1.887,c7a2012c3617ccb48ab73f1f9404cdaccd35c20b7abff88d8860819d4721c1ae,,ms_staging:165:Morris Watermelon Farm LLC,,False
https://genuinems.com/directory/moseley-meadows/,reachable,200,https://genuinems.com/directory/moseley-meadows/,1,1.785,766f2c815369bf7f1b39a9d6f93a76bffafa0225a02f7d84c71f028cfa33bd39,,ms_staging:166:Moseley Meadows,,False
https://genuinems.com/directory/ms-coastal-seafood/,reachable,200,https://genuinems.com/directory/ms-coastal-seafood/,1,0.784,53e4896fe8e17e277b80cd13b035fc76607856f9fe4fb1a3e75daf241d823d50,,ms_staging:167:MS Coastal Seafood,,False
https://genuinems.com/directory/ms-peanut-supply/,reachable,200,https://genuinems.com/directory/ms-peanut-supply/,1,2.174,c5a8ef8417f77e4983d4fb0236b23b04c6a42c64a67f67124eafd6d306766431,,ms_staging:168:MS PEANUT SUPPLY,,False
https://genuinems.com/directory/n-w-farms-produce-inc/,reachable,200,https://genuinems.com/directory/n-w-farms-produce-inc/,1,1.383,96e867fb82ff8383a8555763d676f3b6837235c84a5788809d2820685743d292,,ms_staging:170:N & W Farms Produce Inc.,,False
https://genuinems.com/directory/nature-crest-llc/,reachable,200,https://genuinems.com/directory/nature-crest-llc/,1,0.54,74838dd96d980d8abb1ea343d0eb18bbf37d5caa1cd0fa6e3049bd66dc5bf778,,ms_staging:171:Nature Crest LLC,,False
https://genuinems.com/directory/natures-gourmet-farm/,reachable,200,https://genuinems.com/directory/natures-gourmet-farm/,1,1.967,f566312b977da109f4368663eb3afaadc0b11b0be1f224a5ebdfbf58f4a40280,,ms_staging:172:Nature’s Gourmet Farm,,False
https://genuinems.com/directory/new-ground-nursery/,reachable,200,https://genuinems.com/directory/new-ground-nursery/,1,1.873,c43f3135e1f46e5e3853ddd923598c60f83d485ea8d0fbd2120ea7ad4e32c86e,,ms_staging:174:New Ground Nursery,,False
https://genuinems.com/directory/nobile-family-farms/,reachable,200,https://genuinems.com/directory/nobile-family-farms/,1,1.999,01f8032eef33dbf6800eb7ea4d8479ccccf29a4b00bf2392ce3993503265a9e4,,ms_staging:175:Nobile Family Farms,,False
https://genuinems.com/directory/ol-cappys-bee-products/,reachable,200,https://genuinems.com/directory/ol-cappys-bee-products/,1,1.827,248a01ab3b0cc507740eaa020fe5576aea422a453887bbb62279db67d9934f8c,,ms_staging:176:Ol’ Cappy’s Bee Products,,False
https://genuinems.com/directory/our-four-acre-farm/,reachable,200,https://genuinems.com/directory/our-four-acre-farm/,1,2.167,b36103c94565eb1b0047666f1d6f410f1532ede17e24125698b932948f7a8df1,,ms_staging:177:Our Four Acre Farm,,False
https://genuinems.com/directory/overflow-honey-co/,reachable,200,https://genuinems.com/directory/overflow-honey-co/,1,0.55,6709a7394615524fd41f872ef9aba9c801364277f77a6ab41093392939365e7b,,ms_staging:178:Overflow Honey Co.,,False
https://genuinems.com/directory/pasture-pine/,reachable,200,https://genuinems.com/directory/pasture-pine/,1,1.427,9bb17a188c2174acbb6753bef742f0b4fbec1b76ecf08a6841184d62e64af874,,ms_staging:179:Pasture & Pine,,False
https://genuinems.com/directory/pauls-plants/,reachable,200,https://genuinems.com/directory/pauls-plants/,1,0.817,31695e2a53b620671ddce8bae162669f039e047054e6c45bbfef963498f4ebdc,,ms_staging:180:Paul’s Plants,,False
https://genuinems.com/directory/pearl-river-apiaries/,reachable,200,https://genuinems.com/directory/pearl-river-apiaries/,1,1.563,31e123f0128b3af66681f9dc0cbbace9f6f7792e62a65ced30fdf69f1ce677f9,,ms_staging:181:Pearl River Apiaries,,False
https://genuinems.com/directory/pearl-river-tea-company/,reachable,200,https://genuinems.com/directory/pearl-river-tea-company/,1,0.988,05e40d7b354fe964a06fb2dcddbd788e5c2813d1fd86879a8c9966adc1e2fb93,,ms_staging:183:Pearl River Tea Company,,False
https://genuinems.com/directory/pennington-farms-honey/,reachable,200,https://genuinems.com/directory/pennington-farms-honey/,1,1.956,201b61fa26d2172c21508f98795c6284eac1f004065e7a4b562330bbfd5dabcd,,ms_staging:185:Pennington Farms Honey,,False
https://genuinems.com/directory/persimmon-ridge-family-farm-llc/,reachable,200,https://genuinems.com/directory/persimmon-ridge-family-farm-llc/,1,2.235,fa7d7ac79d110bb23336eb61df6576b795b6e727a1a26471c623a44c970c4b58,,"ms_staging:186:Persimmon Ridge Family Farm, LLC",,False
https://genuinems.com/directory/pistolville-market-and-grill/,reachable,200,https://genuinems.com/directory/pistolville-market-and-grill/,1,1.48,2d010879941ad1f447eff54645141cb8d3dac2893a5796dd75e21aadf0b71b2b,,ms_staging:189:Pistolville Market and Grill,,False
https://genuinems.com/directory/primas-family-farm/,reachable,200,https://genuinems.com/directory/primas-family-farm/,1,0.799,256bc6833a49b148fa70124eed47a2c659a5b576a0483a6c42117ae8a2d8c787,,ms_staging:192:Primas Family Farm,,False
https://genuinems.com/directory/r-r-vineyard/,reachable,200,https://genuinems.com/directory/r-r-vineyard/,1,1.521,92951e1e1b1dfe7038677d40851689516643a8fef0ed855088ec35372994f662,,ms_staging:194:R & R Vineyard,,False
https://genuinems.com/directory/red-bird-farms-llc/,reachable,200,https://genuinems.com/directory/red-bird-farms-llc/,1,2.227,3d17556f919d24720810f781371bf393dd586270a55932e41c00916f1aa0c93e,,"ms_staging:196:Red Bird Farms, LLC",,False
https://genuinems.com/directory/red-river-trading-company/,reachable,200,https://genuinems.com/directory/red-river-trading-company/,1,2.22,308a8973f66c0db818e18a2f7464e656ad5338521e312f7b89dad266ea9bef95,,ms_staging:197:Red River Trading Company,,False
https://genuinems.com/directory/restoration-ministry-of-ms-recovery-ranch/,reachable,200,https://genuinems.com/directory/restoration-ministry-of-ms-recovery-ranch/,1,0.614,29eecde8e8add12abc5cd6a87f7a864fd39c9be7c670644043d7102ec5b54c0e,,ms_staging:199:Restoration Ministry of MS Recovery Ranch,,False
https://genuinems.com/directory/river-road-pecans/,reachable,200,https://genuinems.com/directory/river-road-pecans/,1,2.169,0669d328158b9134d93fb3a0052b7e82637be1fe006e88afe3f9ccd7ab2fca59,,ms_staging:202:River Road Pecans,,False
https://genuinems.com/directory/rivers-plant-farm-and-nusery/,reachable,200,https://genuinems.com/directory/rivers-plant-farm-and-nusery/,1,1.935,fa41335cbae4987ea87ab4dabcf00c5d343ad6290880853426c8ef7cf280d40c,,ms_staging:203:Rivers Plant Farm and Nusery,,False
https://genuinems.com/directory/rusty-acres-produce/,reachable,200,https://genuinems.com/directory/rusty-acres-produce/,1,0.705,5da8a16266abfd2ca131e31322429fb85784463992847f2d1c101b1f8084502a,,ms_staging:205:Rusty Acres Produce,,False
https://genuinems.com/directory/salad-days/,reachable,200,https://genuinems.com/directory/salad-days/,1,2.139,f4bc06a64eaec7d89841557e7c1259f3d5e4b207c7977c0dc1149275aa9645c3,,ms_staging:206:Salad Days,,False
https://genuinems.com/directory/sandy-run-farm-nursery-llc/,reachable,200,https://genuinems.com/directory/sandy-run-farm-nursery-llc/,1,2.044,c31be8372afb8daa9785b87f15e017753110e6d03bcaabca387d2be5cb9742b9,,ms_staging:208:Sandy Run Farm & Nursery LLC,,False
https://genuinems.com/directory/sassys-salsa/,reachable,200,https://genuinems.com/directory/sassys-salsa/,1,0.632,1901ba3e6937860549b863cba56ba1f1998ab550b70e6714a3924f09c8a2ba53,,ms_staging:210:Sassy’s Salsa,,False
https://genuinems.com/directory/sea-alis-seafood-company/,reachable,200,https://genuinems.com/directory/sea-alis-seafood-company/,1,0.64,61bd93429772f20239ed23888b0ad2e17e5c547d33b3e3de266852bce8c5c054,,ms_staging:212:Sea Alis Seafood Company,,False
https://genuinems.com/directory/second-chance-brangus/,reachable,200,https://genuinems.com/directory/second-chance-brangus/,1,1.925,61f027aa202b825a7c1c3969f62fb597548aba49666c7823d6e20b3f27e4a79c,,ms_staging:213:Second Chance Brangus,,False
https://genuinems.com/directory/serenity-sheep-farm/,reachable,200,https://genuinems.com/directory/serenity-sheep-farm/,1,2.055,f9b91b0907f3469abc12666127a48b520af4d5056e4146171970b3cf71ea68d0,,ms_staging:214:Serenity Sheep Farm,,False
https://genuinems.com/directory/shaded-grove-farm-market/,reachable,200,https://genuinems.com/directory/shaded-grove-farm-market/,1,1.918,85ddb770a45d51dede4aa8dd9b94d33a7533fd1421b947e7da094d515c38507b,,ms_staging:215:Shaded Grove Farm Market,,False
https://genuinems.com/directory/shady-acres-farm/,reachable,200,https://genuinems.com/directory/shady-acres-farm/,1,1.732,0d67b10a6b5f785dfed23d53fe660b84b3d766481a9ea57586b1f7ffcbeafe94,,ms_staging:216:Shady Acres Farm,,False
https://genuinems.com/directory/shook-creek-farm/,reachable,200,https://genuinems.com/directory/shook-creek-farm/,1,1.921,3f1619ec41ae251bddd706b12512408485f83ad3439431f089a91df1ce6af123,,ms_staging:217:Shook Creek Farm,,False
https://genuinems.com/directory/shroomdom-inc-misbeehaving-bees/,reachable,200,https://genuinems.com/directory/shroomdom-inc-misbeehaving-bees/,1,0.609,b8b824d1373938cb65cb0b1caa2e5866951ef5dd36af269b3e6445c1912424f1,,ms_staging:218:Shroomdom Inc. & MisBEEhaving Bee’s,,False
https://genuinems.com/directory/simmons-farm-raised-catfish/,reachable,200,https://genuinems.com/directory/simmons-farm-raised-catfish/,1,1.83,580b6a6b9e87c01317b220024d71047f4ae880760bb499c4ee7ecb8b98532593,,ms_staging:219:Simmons Farm Raised Catfish,,False
https://genuinems.com/directory/simply-dunn-honey/,reachable,200,https://genuinems.com/directory/simply-dunn-honey/,1,1.47,edfa0d838b18eeed7e66e045665e047241b582c6e975e71f2993f0aaa2ac8e77,,ms_staging:220:Simply Dunn Honey,,False
https://genuinems.com/directory/sims-farms-llc/,reachable,200,https://genuinems.com/directory/sims-farms-llc/,1,1.799,c0fbd8c8d2d9c5eff1de132f939e56dc560eeae2ff2c68f298a5e0f22df5f426,,ms_staging:221:Sims Farms LLC,,False
https://genuinems.com/directory/six-mile-farms-llc/,reachable,200,https://genuinems.com/directory/six-mile-farms-llc/,1,1.452,0d60dce4c4fbbf35c90dcd70cbfc0a5e34c50fbdf8ca6ccb52ac80893653cfb8,,ms_staging:222:Six Mile Farms LLC,,False
https://genuinems.com/directory/smiths-honey-farm-llc/,reachable,200,https://genuinems.com/directory/smiths-honey-farm-llc/,1,2.048,7f2d01defa2ac3a6a5375bc32806275c3b6232437a7347568d993537c6bd7b64,,ms_staging:223:Smith’s Honey Farm LLC,,False
https://genuinems.com/directory/southern-cross-farm-2/,reachable,200,https://genuinems.com/directory/southern-cross-farm-2/,1,1.874,f704bb0c6ad0210eb4cf0f1d917597c3309c35e566b3ae672fd5e40d23475b63,,ms_staging:224:Southern Cross Farm,,False
https://genuinems.com/directory/southern-prairie-pet-food/,reachable,200,https://genuinems.com/directory/southern-prairie-pet-food/,1,1.789,819cf25ecc8e925c54c77dc4b15ae0bc00c2c36e678fcf708d795f4deedb2fb6,,ms_staging:225:Southern Prairie Pet Food,,False
https://genuinems.com/directory/sparrow-gardens/,reachable,200,https://genuinems.com/directory/sparrow-gardens/,1,1.692,a2e6925ed149e91e109aa6730fb9788a820e1a17f8dd9a1708e436a11bc701ee,,ms_staging:226:Sparrow Gardens,,False
https://genuinems.com/directory/stormy-creek-cottage-llc/,reachable,200,https://genuinems.com/directory/stormy-creek-cottage-llc/,1,1.947,022c97815d33ee1d972f4590515e2e9c0e3e7cfe7ef432c7c3afce5efd86aa98,,ms_staging:228:Stormy Creek Cottage LLC,,False
https://genuinems.com/directory/sunrise-honey/,reachable,200,https://genuinems.com/directory/sunrise-honey/,1,1.927,672f54162fb9865cf26674b9501770e831d3a7ec4b4ff783508eba8608401738,,ms_staging:230:Sunrise Honey,,False
https://genuinems.com/directory/sunset-oaks-farm/,reachable,200,https://genuinems.com/directory/sunset-oaks-farm/,1,1.429,3c130bef43c02868d1a6a5a6a8a277e9ec5e3f9f55b6fbfc48c5c41a6e6d8eb0,,ms_staging:231:Sunset Oaks Farm,,False
https://genuinems.com/directory/superior-catfish/,reachable,200,https://genuinems.com/directory/superior-catfish/,1,2.053,f081297293dbe334d98b68142137f7c944721426c7240c294a851c9db1da3de8,,ms_staging:232:Superior Catfish,,False
https://genuinems.com/directory/t-r-dairy/,reachable,200,https://genuinems.com/directory/t-r-dairy/,1,0.564,18304c4a2bfad61053fc309f7e50f8716b9f394d01ef3748e7766b1c64005cc9,,ms_staging:233:T & R Dairy,,False
https://genuinems.com/directory/talson-farms/,reachable,200,https://genuinems.com/directory/talson-farms/,1,1.53,59bee5d76f4650ba705da583de6c42aec40f293f20b83f642bdc8423969dba64,,ms_staging:234:Talson Farms,,False
https://genuinems.com/directory/taylor-flower-patch/,reachable,200,https://genuinems.com/directory/taylor-flower-patch/,1,2.148,0e73d2d880bad978cfb48bec68e67017852166a63932fac026fe2001ee144f9f,,ms_staging:235:Taylor Flower Patch,,False
https://genuinems.com/directory/the-farm/,reachable,200,https://genuinems.com/directory/the-farm/,1,2.241,d1f0bdab135b5faf8b342c5a5fb575e5ace75f9b6759f5ae1a218892f88a0eb4,,ms_staging:237:The Farm,,False
https://genuinems.com/directory/the-five-cent/,reachable,200,https://genuinems.com/directory/the-five-cent/,1,1.958,b8eb92801e059187adf4e58db0ebd3a4ea72bba4e107cc9de8ad913cd138dc57,,ms_staging:238:The Five Cent™,,False
https://genuinems.com/directory/the-food-system/,reachable,200,https://genuinems.com/directory/the-food-system/,1,2.119,dfcbf6902b70cb1e173e6ed2883c8b6be7568b8ed979453b211891a93096af2a,,ms_staging:239:The Food System,,False
https://genuinems.com/directory/the-high-heeled-hippie/,reachable,200,https://genuinems.com/directory/the-high-heeled-hippie/,1,2.056,216060141fab7dbd8f1e6e2cae3883a445fdf94f8cefbaedf0a7ec3c2fbf00ee,,ms_staging:240:The High Heeled Hippie,,False
https://genuinems.com/directory/the-reservation-farm/,reachable,200,https://genuinems.com/directory/the-reservation-farm/,1,0.544,c770c4675e5554c77a24835798b47f0be26cf6f4ad39ef27112c1c239c8b4f69,,ms_staging:241:The Reservation Farm,,False
https://genuinems.com/directory/thirty-west-farms/,reachable,200,https://genuinems.com/directory/thirty-west-farms/,1,0.705,da733aa50cff94e9bd6e4dcc28bf5308886c6cd07723244da50d078a89913697,,ms_staging:242:Thirty West Farms,,False
https://genuinems.com/directory/tick-creek-farm-llc/,reachable,200,https://genuinems.com/directory/tick-creek-farm-llc/,1,2.216,e518a68667d40103bdf1e0bbdb2885a3db109cce4b4fed6a7c00ac16e0863d98,,"ms_staging:244:Tick Creek Farm, LLC",,False
https://genuinems.com/directory/tippah-county-growers-inc/,reachable,200,https://genuinems.com/directory/tippah-county-growers-inc/,1,1.442,860e1abcf90f8fc9cbb42954d67c9f6aa62bc3444b200e89e564b34ccdc03508,,ms_staging:245:Tippah County Growers Inc.,,False
https://genuinems.com/directory/twelve2-farm/,reachable,200,https://genuinems.com/directory/twelve2-farm/,1,1.999,7ab086051b658ccfd106a8797c902fcaaf145809512de1174a1c3d994bf83254,,ms_staging:246:Twelve2 Farm,,False
https://genuinems.com/directory/twisted-pines-quail-farm-llc/,reachable,200,https://genuinems.com/directory/twisted-pines-quail-farm-llc/,1,2.023,9236e2dfd708e3e83cb4489561733fa39b304f5899255a0b7d144cc0670453e1,,"ms_staging:247:Twisted Pines Quail Farm, LLC",,False
https://genuinems.com/directory/two-brooks-farm/,reachable,200,https://genuinems.com/directory/two-brooks-farm/,1,1.883,0a619908b7b70d090c684789cbba051c479bb686b86086973b05c026d4bf2990,,ms_staging:248:Two Brooks Farm,,False
https://genuinems.com/directory/two-crackers-oyster-company/,reachable,200,https://genuinems.com/directory/two-crackers-oyster-company/,1,2.142,e2d712d8eceb835f693374d55b8c1aeaf6272f5860150e55897856c3a6fb46e4,,ms_staging:249:Two Crackers Oyster Company,,False
https://genuinems.com/directory/two-dog-farms/,reachable,200,https://genuinems.com/directory/two-dog-farms/,1,1.927,399543c5d5715a10c52b9c742372499e1f6aebbda297530286ab62bb98bb128b,,ms_staging:250:Two Dog Farms,,False
https://genuinems.com/directory/varner-show-goats/,reachable,200,https://genuinems.com/directory/varner-show-goats/,1,1.467,f4aff5e76e4cd49873fc3fdb6346460633405432cba9ebe223e9910f89f007d0,,ms_staging:251:Varner Show Goats,,False
https://genuinems.com/directory/walking-w-cattle-company/,reachable,200,https://genuinems.com/directory/walking-w-cattle-company/,1,1.856,a08023e3aac1593ec0cc787d1ec68193ded8f4a4fb2b4facbdd38d1e509dd89b,,ms_staging:253:Walking W Cattle Company,,False
https://genuinems.com/directory/weesner-meadow-meats/,reachable,200,https://genuinems.com/directory/weesner-meadow-meats/,1,2.005,1bc5bfe0cd8af214daec48f01fee48c30926194265c61aa69311f86d21940681,,ms_staging:254:Weesner Meadow Meats,,False
https://genuinems.com/directory/white-farms-pure-honey/,reachable,200,https://genuinems.com/directory/white-farms-pure-honey/,1,0.573,539f779e4ad3bfef516c0aa3a1a4186d9250daccb64984ec6be2354ea969743b,,ms_staging:255:White Farms Pure Honey,,False
https://genuinems.com/directory/wildflower-honey-bee-company-llc/,reachable,200,https://genuinems.com/directory/wildflower-honey-bee-company-llc/,1,1.873,92589991948ff072e42c607b6c345acddb3b8fcd3a4fa4931194b81ef0274c06,,"ms_staging:256:Wildflower Honey Bee Company, LLC",,False
https://genuinems.com/directory/williams-family-farms/,reachable,200,https://genuinems.com/directory/williams-family-farms/,1,1.401,43403a6cbc25f2034ec07c8dfa29fa9662605374148b80c47b57098bc7e01155,,ms_staging:257:Williams Family Farms,,False
https://genuinems.com/directory/windsor-farms/,reachable,200,https://genuinems.com/directory/windsor-farms/,1,0.431,2b69b4b8c11b774f61036b867a7b7dd495661778291344b5ccd3e498fabf379c,,ms_staging:258:Windsor Farms,,False
https://genuinems.com/directory/wise-family-farm/,reachable,200,https://genuinems.com/directory/wise-family-farm/,1,1.944,6767f97d44d3387ddafc9d6be24486b7f8a02439dfb182b63817865878c8fe73,,ms_staging:259:Wise Family Farm,,False
https://genuinems.com/directory/ws-cattle-co/,reachable,200,https://genuinems.com/directory/ws-cattle-co/,1,1.924,b9021069965221e6bd6894d0f037f1cb949aa04e0b24d4e2e5022729723b2cf1,,ms_staging:260:WS Cattle Co.,,False
https://genuinems.com/directory/yayas-blessings/,reachable,200,https://genuinems.com/directory/yayas-blessings/,1,1.607,14480e31df37984851918ee0560d49b097c95632276ac26558a4a358773e1b01,,ms_staging:261:YaYa’s Blessings,,False
https://genuinems.com/directory/yazoo-honey/,reachable,200,https://genuinems.com/directory/yazoo-honey/,1,1.729,7d35274a6caac840c916839dac97f0a331b13a23006b99cc71ab974b58643af4,,ms_staging:262:Yazoo Honey,,False
https://gocedarhillfarm.com/,reachable,200,https://gocedarhillfarm.com/,1,0.744,22d6bf58adecd8c560f596f39cd2e7fb45ac84ac5452c6ddf38b30bd7c9d74f7,,ms_staging:58:Cedar Hill Farm & Cedar Hill’s Haunted Farm,,False
https://hilltopapiary.com/,reachable,206,https://hilltopapiary.com/index.html,1,0.298,197def35022b0988744d05e32a22b250982723365b7a1b83d76dcba04dc86c12,,canonical:119:Hilltop Apiary,,False
https://homeplacepastures.com,reachable,200,https://homeplacepastures.com,1,0.138,857d9e04415088c31eeca0fa440517926edc911e82698a2720a28cd748829fd9,,canonical:90:Home Place Pastures,,False
https://lan-farms.com,reachable,200,https://lan-farms.com,1,0.181,ee4324ab5981980e13a6efbd45c80c885970ac4a4316d657b1176a6e62ac2c5d,,canonical:290:LAN Farms | ms_staging:137:LAN Farms,,False
https://laughingbuddhanursery.com,reachable,206,https://www.laughingbuddhanursery.com/,1,0.158,ee6324e2db0bcf964b87958422deab4492d1048942d876e6fd0bc6b3bac59c17,,canonical:2:Local Cooling Farms,,False
https://littlelapp.com/,reachable,200,https://littlelapp.com/,1,0.291,00d380b760f23f63c35fd41bc1d5f80a71cfd54efa9d964de8e62e8632f3927a,,ms_staging:146:Little Lapp Farm,,False
https://lochrossfarms.com/,reachable,200,https://lochrossfarms.com/,1,0.422,a08b98a1f8050016a108c2d50408f167b428f7efb23ea657c2272a778fe18b85,,ms_staging:150:Loch Ross Farms,,False
https://luckettfarms.com/,reachable,200,https://luckettfarms.com/,1,0.072,ff38cf982ab763b2a0ab414cc200fd98489b847e90654062cd275b3d463401ff,,canonical:121:Luckett Farms,,False
https://mahaffeyfarms.com,reachable,200,https://mahaffeyfarms.com,1,0.068,941db5b9049092e0eb75bcbf5464ab3b2b559e5add5c518dbd992cf4971387db,,canonical:204:Mahaffey Farms,,False
https://mitchellfamilyfarms.com,unreachable_after_3_attempts,0,,3,0,,"attempt 1: <urlopen error [Errno 8] nodename nor servname provided, or not known> | attempt 2: <urlopen error [Errno 8] nodename nor servname provided, or not known> | attempt 3: <urlopen error [Errno 8] nodename nor servname provided, or not known>",canonical:100:Mitchell Family Farms,,False
https://mscrawfishco.com/,reachable,200,https://mscrawfishco.com/,1,0.202,28ac585a412ab5dbd49b334104fd17af0d64e17aadbbcb5588da4ffc54cbe608,,ms_staging:158:Mississippi Crawfish Company,,False
https://mswildflowers.org/,reachable,200,https://mswildflowers.org/,1,0.068,1ee3dbcafaf7681a09385b78ea298cbf66128a3e01bebcbadb22d3464c155c4f,,ms_staging:132:Keep Mississippi Beautiful’s Wildflower Trails of Mississippi,,False
https://naturesgourmetfarm.com/,reachable,200,https://naturesgourmetfarm.com/,1,0.277,15e335ea92c93aabff1379afe99e4add42034c9ed3a03ad53ddf3ca06d012a18,,canonical:91:Nature's Gourmet | ms_staging:172:Nature’s Gourmet Farm,,False
https://paulsplants.net,reachable,206,https://www.paulsplants.net/,1,0.299,89608aa6e75572731ed2238b94e4605c32d9429d219c7cece5b89cc335051009,,ms_staging:180:Paul’s Plants,,False
https://pearlriverpastures.com/,reachable,200,https://pearlriverpastures.com/,1,0.191,920bdb18cc6ed113690f4ac17bf9f78141e8f04cee90397a6dccacef718d5525,,canonical:21:Pearl River Pastures,,False
https://persimmonridgefamilyfarm.com/,reachable,206,https://persimmonridgefamilyfarm.com/,1,0.075,156f9d00d0c44edf5b58eeae9dae3131a66cb358751fbb153f2a54841113eed3,,"ms_staging:186:Persimmon Ridge Family Farm, LLC",,False
https://recirculating-farms.square.site/,reachable,200,https://recirculating-farms.square.site/,1,0.315,2e894f79f55a7939fbd375883f266ccf9698d4cfd288cfa73417233e9a615be5,,canonical:123:Recirculating Farms,,False
https://restorationministryofms.com/,reachable,200,https://restorationministryofms.com/,1,0.206,3f8d3b0e7f22bb7d9d7a44a47d3e6a2155b96626d71bf230c774615f996f41ed,,ms_staging:199:Restoration Ministry of MS Recovery Ranch,,False
https://robinfarms.com,reachable,206,https://robinfarms.com,1,0.132,964b14e88a2e19a98e9f184eb7c0aed09c09eab01f98a891887c811da52f3727,,canonical:62:Robin Farms,,False
https://ruthsart4u.com/,reachable,200,https://ruthsart4u.com/,1,0.217,5d44b6bc60916bc86e028e9198db8efbab2fd72da869806ee34a14efd194a8ac,,ms_staging:194:R & R Vineyard,,False
https://shroomdominc.com/,reachable,200,https://shroomdominc.com/,1,0.247,4fb84231020667289308818f9ab5068fc60de3807b2b629de752b521244cbd6e,,canonical:108:Shroomdom Inc.,,False
https://southern-rebels-farm.ueniweb.com,reachable,200,https://southern-rebels-farm.ueniweb.com,1,0.134,60600dceb63a93a9e823d72eb65a8f1942885620b6432cf692c3eafa1b68b2c3,,canonical:102:Southern Rebel's Farm,,False
https://sunflowerhillfarmllc.com,unreachable_after_3_attempts,0,,3,0,,"attempt 1: <urlopen error [Errno 8] nodename nor servname provided, or not known> | attempt 2: <urlopen error [Errno 8] nodename nor servname provided, or not known> | attempt 3: <urlopen error [Errno 8] nodename nor servname provided, or not known>",canonical:39:Sunflower Hill Farm,,False
https://sunrisebeeandhoney.com/,reachable,200,https://sunrisebeeandhoney.com/password,1,0.303,f4e52709923e21cbf1039239094eb67075a151bd21f5e88f8037784c6125abe9,,ms_staging:230:Sunrise Honey,,False
https://superiorcatfish.com/,reachable,206,https://superiorcatfish.com/,1,0.3,c15df6a35db5fb79f98be4f88ba51a4ef87e1e740753e866ba145a04151dd25a,,ms_staging:232:Superior Catfish,,False
https://talsonfarms.com/,reachable,200,https://talsonfarms.com/,1,0.065,05b8c0b30832f57520de8b311c4ecb66133c98b11426ddefd7e570e82a48f64e,,ms_staging:234:Talson Farms,,False
https://taylorflowerpatch.com/,reachable,200,https://taylorflowerpatch.com/,1,0.229,6ee468b6981982465f628f0c1c123a896bcb11571cd52f83ba3f41d58f98bcb6,,ms_staging:235:Taylor Flower Patch,,False
https://thefarmstarkville.ticketleap.com,reachable,200,https://www.ticketleap.com/,1,0.197,c02b7009efc9dbfc7dee296d558f1e9d990f25131ca9e0eb057969c5bcae7f00,,ms_staging:237:The Farm,,False
https://tickcreekfarm.com,reachable,200,https://tickcreekfarm.com,1,0.298,92c24a66e448535e156e625ebc1454ab382b7b976658d62b11fc8d24d43ce606,,"ms_staging:244:Tick Creek Farm, LLC",,False
https://topboxfoods.com/,reachable,200,https://topboxfoods.com/,1,0.145,b59749e69a3f4d20bcc073630c04b7e0dd24457adab8bfa7ef8e8ec3155cac97,,canonical:125:Top Box Foods Louisiana,,False
https://veggifarmcoop.com,reachable,200,https://www.veggifarmcoop.com/,1,0.449,aebd2c2b66e82a5fa0cb2ccda32cdc7b622998bb5a6d508fdbeda92b451142ea,,canonical:7:VEGGI Co-Op,,False
https://visitmitchellfarms.com/,reachable,200,https://visitmitchellfarms.com/,1,0.16,3725c134e53899180973b2ea44c313bd377ab0184a3041714fb8729591b2cc16,,"ms_staging:160:Mitchell Family Farms, LLC",,False
https://weesnermeadow.com,reachable,206,https://www.realgrassfedmeat.com/,1,0.15,5ec4fd8b494377e339b97f5e54f08c045b600acf5c734a0b40243b264adbb4f8,,canonical:266:Weesner Meadow Farm | ms_staging:254:Weesner Meadow Meats,,False
https://wildflowerhoneybee.com,reachable,200,https://wildflowerhoneybee.com,1,0.784,5572da7000714f659e830672330bbca5e771389b6280b9e01b9d1c1bbebdbafa,,"ms_staging:256:Wildflower Honey Bee Company, LLC",,False
https://www.5dnaturalfarm.com/,reachable,200,https://www.5dnaturalfarm.com/,1,0.271,fdb9617869418d70ecdd6b8242cbcf06d5e7fd25ae32132299e1c53774b432b1,,ms_staging:3:5D Natural Farm,,False
https://www.Heavenlytrace.com,reachable,200,https://heavenlytrace.com/,1,0.283,aaa0d0d3ab49d4fcd76601d015b63535415f6c0420853315e980e4e2a88d223c,,ms_staging:113:Heavenly Trace Farm and Orchard LLC,,False
https://www.SeaAlis.com,reachable,200,https://www.facebook.com/login/?next=https%3A%2F%2Fwww.facebook.com%2FSeaAlisSeafoodCo,1,0.395,ab896ea76f83fb157923035335f901a12864d2c4e2ec263196a1446d43791a8c,,ms_staging:212:Sea Alis Seafood Company,,False
https://www.baileybarnfarmsoapco.com,reachable,200,https://baileybarnfarmsoapco.com/,1,0.51,05d3df40b7fb93a8a164f72b7a00ce6eb7a85780de54107d7a5f66190e3f2c58,,ms_staging:19:Bailey Barn Farms & Soap Co.,,False
https://www.banksrice.com,reachable,206,https://www.banksrice.com,1,0.375,52aee08beffcab9d405851e492dfda5a64177a539346c1446f65eb716a0cca1a,,canonical:297:Banks Rice | ms_staging:21:Banks Rice,,False
https://www.bayousarahfarms.org/,reachable,206,https://www.bayousarahfarms.org/,1,0.077,3a0166e092d91ed4d2b6ad276d194e295b5b301e58ce7461630e4584ca2f3031,,canonical:10:Bayou Sarah Farms,,False
https://www.beasonfamilyfarm.com/,unreachable_after_3_attempts,0,,3,0,,"attempt 1: <urlopen error [Errno 8] nodename nor servname provided, or not known> | attempt 2: <urlopen error [Errno 8] nodename nor servname provided, or not known> | attempt 3: <urlopen error [Errno 8] nodename nor servname provided, or not known>",canonical:98:Beason Family Farm | ms_staging:23:Beason Family Farm,,False
https://www.blackjackranchms.com,reachable,200,https://blackjackranchms.com/,1,0.686,3108830258d3d89d2fd824cff969e7807e38b9b1a79765c24a8e95e78653a369,,canonical:306:Black Jack Ranch | ms_staging:31:Black Jack Ranch,,False
https://www.blueberrypinesfarm.com/,broken,404,,1,0,,attempt 1: HTTP 404,ms_staging:40:Blueberry Pines Farm,,False
https://www.bluecouragefarms.com,reachable,206,https://www.bluecouragefarms.com,1,0.078,0a1496561412b103a908564517a0990b42ef9fff07e930ff2133b5e544a9217d,,canonical:278:Blue Courage Farms | ms_staging:33:Blue Courage Farms,,False
https://www.blueskyfarms.org,unreachable_after_3_attempts,0,,3,0,,"attempt 1: <urlopen error [SSL: CERTIFICATE_VERIFY_FAILED] certificate verify failed: Hostname mismatch, certificate is not valid for 'www.blueskyfarms.org'. (_ssl.c:1032)> | attempt 2: <urlopen error [SSL: CERTIFICATE_VERIFY_FAILED] certificate verify failed: Hostname mismatch, certificate is not valid for 'www.blueskyfarms.org'. (_ssl.c:1032)> | attempt 3: <urlopen error [SSL: CERTIFICATE_VERIFY_FAILED] certificate verify failed: Hostname mismatch, certificate is not valid for 'www.blueskyfarms.org'. (_ssl.c:1032)>",ms_staging:34:Blue Sky Farms MS,,False
https://www.bootstorootsfarm.com,reachable,206,https://www.bootstorootsfarm.com,1,0.073,7b833e8bc198ab252ca2eb10ffb8aa9e609d152218926e19c1b0e8146cbd97db,,ms_staging:43:Boots to Roots Farm,,False
https://www.brucesweetpotato.com,unreachable_after_3_attempts,0,,3,0,,attempt 1: <urlopen error [SSL: CERTIFICATE_VERIFY_FAILED] certificate verify failed: self-signed certificate (_ssl.c:1032)> | attempt 2: <urlopen error [SSL: CERTIFICATE_VERIFY_FAILED] certificate verify failed: self-signed certificate (_ssl.c:1032)> | attempt 3: <urlopen error [SSL: CERTIFICATE_VERIFY_FAILED] certificate verify failed: self-signed certificate (_ssl.c:1032)>,ms_staging:51:Bruce Sweet Potato,,False
https://www.burwellfarmllc.com,unreachable_after_3_attempts,0,,3,0,,"attempt 1: <urlopen error [Errno 8] nodename nor servname provided, or not known> | attempt 2: <urlopen error [Errno 8] nodename nor servname provided, or not known> | attempt 3: <urlopen error [Errno 8] nodename nor servname provided, or not known>",ms_staging:53:Burwell Farms LLC,,False
https://www.calmainefoods.com/,reachable,200,https://www.calmainefoods.com/,1,0.129,d53f237f6eaa29a9aea972bf1eb28ccf18b347fc83c13cea52c6258c6aada02a,,"ms_staging:55:Cal-Maine Foods, Inc",,False
https://www.coastalbeefco.com,reachable,200,https://coastalbeefco.com/,1,0.566,25c47acd4c72c12b1fd9af241cbf0d2372d2db4a680620ae2c48398c66989d80,,canonical:86:Coastal Beef Co. | ms_staging:67:Coastal Beef Co.,,False
https://www.cockeyedfarms.com/,reachable,200,https://cockeyedfarms.com/,1,0.472,30494081d1e51c59c18c36627ea4999fa5400b691e2cfffd507dcee69e84fe7e,,canonical:136:Cockeyed Farms,,False
https://www.colemansfarmproject.com/,reachable,200,https://www.colemansfarmproject.com/,1,0.624,00fe37af3fe2f4874175576c7f18ce4f1df202805849debc8f2517331e0a133d,,ms_staging:68:Colemans Farm LLC,,False
https://www.coybeecompany.com,reachable,200,https://coybeecompany.com/,1,0.284,70bb467ca5460c6a8dc28c47e60dd6f46fb99856e0438af47ac6223922bc923a,,canonical:111:Coy Bee Company | ms_staging:71:Coy Bee Company,,False
https://www.croomfarms.com/,reachable,206,https://www.croomfarms.com/,1,0.086,261b442ea08a2aa73b123b150b3fb198111dcab022cd4001b2c3d421ad41d89d,,ms_staging:73:Croom Farms,,False
https://www.cutaboveprocessing.com,reachable,200,https://www.cutaboveprocessing.com,1,0.872,88338d1fa9de98417c7158fc3d5230c557f59d10eee452f9a6356fe7b238429d,,"canonical:112:A Cut Above Processing | ms_staging:7:A Cut Above Processing and Meat Market, LLC | ms_staging:8:A Cut Above Processing & Meat Market, LLC",,False
https://www.cypresspointpecans.com,reachable,200,https://www.cypresspointpecans.com,1,0.594,b2ff37a2aab8ec1893360112ce4b58a302b336ab1a6d7f2f238ad8f21b7617cd,,ms_staging:74:Cypress Point Pecans LLC,,False
https://www.emmawilderfarm.com,reachable,206,https://emmawilderfarm.com/,1,0.808,1e4a9406a9a95efc95872583ce27560e11d2cfa92fc1d3019688e3bcd34f94a5,,ms_staging:87:Emma Wilder Farm,,False
https://www.ettahillsfarm.com/,reachable,200,https://www.ettahillsfarm.com/,1,2.007,aaf11da20c4e2ec14534809b9d79ebcc268fe52da8eca3a40dc5f47992980583,,"ms_staging:88:Etta Hills Farm, LLC",,False
https://www.facebook.com/3rcattleco/?ref=page_internal,reachable,200,https://www.facebook.com/login/?next=https%3A%2F%2Fwww.facebook.com%2F3rcattleco%2F%3Fref%3Dpage_internal,1,0.244,2eea5cd52bc1370c02c85d0474b45229b0e6fac7e5d1dd4539a22fe906eb3451,,ms_staging:1:3R Land & Livestock LLC,,False
https://www.facebook.com/4PBEEF,reachable,200,https://www.facebook.com/login/?next=https%3A%2F%2Fwww.facebook.com%2F4PBEEF,1,0.249,ba9199911b156379824779d0cdfe630917813c5aa210a3fc5d6d0a3d52ab3746,,ms_staging:2:4P Beef,,False
https://www.facebook.com/5Dnaturalfarm,reachable,200,https://www.facebook.com/login/?next=https%3A%2F%2Fwww.facebook.com%2F5Dnaturalfarm,1,0.236,0e629fa1c095d67f20978116412722ba457bd2e5bb50a1e0d642a1b1c7a451a6,,ms_staging:3:5D Natural Farm,,False
https://www.facebook.com/ArrowheadHillFarmBoerGoats,reachable,200,https://www.facebook.com/login/?next=https%3A%2F%2Fwww.facebook.com%2FArrowheadHillFarmBoerGoats,1,0.251,2dc44825b0df5e35c1807f859681942264e642f9b7c00ecec44a9f5fb61b8f09,,ms_staging:14:Arrowhead Hill Farm,,False
https://www.facebook.com/BBaileyfarms?mibextid=LQQJ4d,reachable,200,https://www.facebook.com/login/?next=https%3A%2F%2Fwww.facebook.com%2FBBaileyfarms%3Fmibextid%3DLQQJ4d,1,0.268,93e536e99bf6ddbb7b819602b5ec2d6a4dcab26ee59004a2a74e1419a3e084a7,,ms_staging:19:Bailey Barn Farms & Soap Co.,,False
https://www.facebook.com/BeasonFamilyFarm,reachable,200,https://www.facebook.com/BeasonFamilyFarm,1,0.177,942607825017ecea96f89d91b873df9a3e4858e146843fbc3f75c0ffbc1175d7,,ms_staging:23:Beason Family Farm,,False
https://www.facebook.com/BlackJackWagyu/,reachable,200,https://www.facebook.com/login/?next=https%3A%2F%2Fwww.facebook.com%2FBlackJackWagyu%2F,1,0.244,f4f8c7454f6856e126ff99c44ee0b827d1a9f15920556d63f2f23ccd93c298f3,,ms_staging:31:Black Jack Ranch,,False
https://www.facebook.com/Blue-Sky-Farmsorg-101108618144039/,reachable,200,https://www.facebook.com/people/Blue-Sky-Farmsorg/100064357794916/,1,0.261,2a96cb7f09e3152e13ca33ebe3f87086278a8ef3b4259e6aeb2b509d79f1f9f3,,ms_staging:34:Blue Sky Farms MS,,False
https://www.facebook.com/CMFarmsandServices,reachable,200,https://www.facebook.com/login/?next=https%3A%2F%2Fwww.facebook.com%2FCMFarmsandServices,1,0.242,4f94e21ff5983e1e9c900f64ddc916ffe20370d7ae74f251ef7c1b06350ec019,,ms_staging:66:CM Farms And Services LLC,,False
https://www.facebook.com/COLEMANSFARM,reachable,200,https://www.facebook.com/login/?next=https%3A%2F%2Fwww.facebook.com%2FCOLEMANSFARM,1,0.245,db885a497519f9bf0b3187378dac0fd24a3e0708a2e10e2aaaf52295bc7e9b76,,ms_staging:68:Colemans Farm LLC,,False
https://www.facebook.com/CalMaineFoods/,reachable,200,https://www.facebook.com/CalMaineFoods/,1,0.168,f048ca5d52f76288c1dcc436f0e467734f66a215f4e43b81487c55f4f0cd61c8,,"ms_staging:55:Cal-Maine Foods, Inc",,False
https://www.facebook.com/ChulahomasGarden/,reachable,200,https://www.facebook.com/login/?next=https%3A%2F%2Fwww.facebook.com%2FChulahomasGarden%2F,1,0.257,dba968cf4bb40600f6a88be6273ba26630258cdbd133fa4db5248b287c83eaea,,ms_staging:64:Chulahoma’s Garden,,False
https://www.facebook.com/DeltaPrideCatfish/,reachable,200,https://www.facebook.com/login/?next=https%3A%2F%2Fwww.facebook.com%2FDeltaPrideCatfish%2F,1,0.247,c9e1972d37b1d98182261b1055777d0c5d535e36eff4490c22761cdf3f9d1fea,,ms_staging:77:Delta Pride Catfish,,False
https://www.facebook.com/Dixie-Farms-LLC-1745697548822978,reachable,200,https://www.facebook.com/people/Dixie-Farms-LLC/100066766431273/,1,0.269,a0e923e2726892efaf02e96ea184fe5aacb4e97325a32367e5981f33148b8783,,"ms_staging:78:Dixie Farms, LLC",,False
https://www.facebook.com/Dogtrotfarms/,reachable,200,https://www.facebook.com/login/?next=https%3A%2F%2Fwww.facebook.com%2FDogtrotfarms%2F,1,0.261,de3cd35bdfcd231244a6a0b9884560f00afe9313811a2f13299fdb1bd6f56d01,,ms_staging:147:Living Soil Farms,,False
https://www.facebook.com/DryBottom/,reachable,200,https://www.facebook.com/login/?next=https%3A%2F%2Fwww.facebook.com%2FDryBottom%2F,1,0.242,774957626325888091ff4cdc64407e2928c72c944161128f35a1f10ec48b8229,,ms_staging:82:Dry Bottom Farms and Nursery,,False
https://www.facebook.com/EubanksProduce/,reachable,200,https://www.facebook.com/login/?next=https%3A%2F%2Fwww.facebook.com%2FEubanksProduce%2F,1,0.255,e7d827f8b1e48e1a0ea1478c7a54da30e46c3495374af2949098651f1f82952f,,ms_staging:89:Eubanks Produce,,False
https://www.facebook.com/FalknerFarms,reachable,200,https://www.facebook.com/login/?next=https%3A%2F%2Fwww.facebook.com%2FFalknerFarms,1,0.259,a9fc2b247978296e57d2877fb25ee0a63535ac968f21180c79be7916194774d4,,ms_staging:91:Falkner Farms,,False
https://www.facebook.com/Flower-Farm-and-Cottage-100191078877233,reachable,200,https://www.facebook.com/Flower-Farm-and-Cottage-100191078877233,1,0.157,0899cef9ad1f53dd5fece4b01d423704d23ccd135f4e85d87e4eaa807ac0a32a,,ms_staging:95:Flower Farm and Cottage,,False
https://www.facebook.com/High-Hope-Farm-267376876644645,reachable,200,https://www.facebook.com/people/High-Hope-Farm/100064549935817/,1,0.719,67d6865fc1b3215aa5f9242e3392f70c62fd42e107a5b19291592fc6e15156d4,,ms_staging:119:High Hope Farm,,False
https://www.facebook.com/High-hill-ranchGoat-MilkSoapCheese-181662622019176/,reachable,200,https://www.facebook.com/people/High-hill-ranchGoat-MilkSoapCheese/100057095814107/,1,0.259,025ffb20bb0faabe3d699b1d65004f6296b7acb5ca5d47eabd685f8e517e1e52,,ms_staging:118:High Hill Ranch,,False
https://www.facebook.com/KengroCorporation/,reachable,200,https://www.facebook.com/login/?next=https%3A%2F%2Fwww.facebook.com%2FKengroCorporation%2F,1,0.211,13606f186e9af88217ba51fa6e7361f435542e75bd4b4fb41323a360e970dd29,,ms_staging:133:Kengro Corporation,,False
https://www.facebook.com/LandMAXProperties/,reachable,200,https://www.facebook.com/login/?next=https%3A%2F%2Fwww.facebook.com%2FLandMAXProperties%2F,1,0.228,73fb833b73df6a613b86a171244f992ea724c9556ac0b1a722dc2b7b292642a2,,ms_staging:138:LandMax Properties & Timber Company,,False
https://www.facebook.com/LazyAcresFarmFun,reachable,200,https://www.facebook.com/LazyAcresFarmFun,1,0.192,f1dd199b9232d278d809288d31189d44dbe394cecbd392d7e9c1b0fbbdda6b75,,ms_staging:139:Lazy Acres Farm Fun,,False
https://www.facebook.com/LochRossFarm,reachable,200,https://www.facebook.com/login/?next=https%3A%2F%2Fwww.facebook.com%2FLochRossFarm,1,0.244,2902321e47c2cb89fb2ee0fe8c8d8a316c9dd08616e06d614f1d4897decfa9b3,,ms_staging:150:Loch Ross Farms,,False
https://www.facebook.com/Magee-Farms-Oakvale-Mississippi-108164994253819/,reachable,200,https://www.facebook.com/people/Magee-Farms-Oakvale-Mississippi/100064830578851/,1,0.483,a66f94792e61b494739ebef32a3ccbd82b9421b5cfdd20085ba9b355cd9d2f98,,ms_staging:103:George (Sonny) Magee,,False
https://www.facebook.com/Marys-Berries-1695344294014795/,reachable,200,https://www.facebook.com/people/Marys-Berries/100068695844015/,1,0.335,88f58573d07fc40ab2739a9243c44abeb909ce3d527f994bda3ada244836a9b2,,ms_staging:153:Mary’s Berries,,False
https://www.facebook.com/Mauthesprogressmilkbarn/,reachable,200,https://www.facebook.com/login/?next=https%3A%2F%2Fwww.facebook.com%2FMauthesprogressmilkbarn%2F,1,0.232,b6408001622dd1ae926a7c1a44f374c7c2e373cf9e160304619569926d52a22c,,"ms_staging:154:Mauthe Farms, LLC",,False
https://www.facebook.com/Merts-Satsumas-176798569041316/,reachable,200,https://www.facebook.com/people/Merts-Satsumas/100064749663874/,1,0.239,dfb5ee5728919ad17e05d9e3ad7fb294c9a49bee8743343be61bc27654b779fd,,ms_staging:155:Mert’s Satsumas,,False
https://www.facebook.com/Mitchell-Farms-324457531849/,reachable,200,https://www.facebook.com/login/?next=https%3A%2F%2Fwww.facebook.com%2Fmitchellfarmllc,1,0.335,f6cd9685795b7a503dc51fe7085f1b71989af32c0e94686526b3406e0990d9ca,,"ms_staging:160:Mitchell Family Farms, LLC",,False
https://www.facebook.com/Morganfarms22/,reachable,200,https://www.facebook.com/login/?next=https%3A%2F%2Fwww.facebook.com%2FMorganfarms22%2F,1,0.259,6816a99807f8f294b7c595083cac5cd388db86f69d3c6b1744ee5c354ea7a50d,,ms_staging:163:Morgan Farms Custom Beef,,False
https://www.facebook.com/Morningdewpastures/,reachable,200,https://www.facebook.com/Morningdewpastures/,1,0.158,75bdcb34f9d162670c3ec0b72069a1a01559b1088f08e27bc8679e980b27605d,,ms_staging:164:Morning Dew Pastures llc,,False
https://www.facebook.com/PRFamilyFarm/,reachable,200,https://www.facebook.com/login/?next=https%3A%2F%2Fwww.facebook.com%2FPRFamilyFarm%2F,1,0.246,a8642940e5cb0d96b8dc2404e05826a999529cdb509c3f5fa9895afb3bba6610,,"ms_staging:186:Persimmon Ridge Family Farm, LLC",,False
https://www.facebook.com/PenningtonFarmsHoney/,reachable,200,https://www.facebook.com/login/?next=https%3A%2F%2Fwww.facebook.com%2FPenningtonFarmsHoney%2F,1,0.278,ac824682e1ba001eb4a74bf21ee1f8ca0e31ca18185c3773fa9908b1ae97c9b1,,ms_staging:185:Pennington Farms Honey,,False
https://www.facebook.com/RedBirdFarmsMS,reachable,200,https://www.facebook.com/login/?next=https%3A%2F%2Fwww.facebook.com%2FRedBirdFarmsMS,1,0.259,598793e5539b362147ccccd4f04814c4506d7ec838aa87b603bd6ee77067d63f,,"ms_staging:196:Red Bird Farms, LLC",,False
https://www.facebook.com/Rivers-Greenhouse-and-Garden-Brandon-132967750085899,reachable,200,https://www.facebook.com/people/Rivers-Greenhouse-and-Garden-Brandon/100064489400399/,1,0.28,bfb062bc2cc4cefa548da4413e3ad8e2603f86aae3781568f89c1bf9eef4f0a7,,ms_staging:203:Rivers Plant Farm and Nusery,,False
https://www.facebook.com/RuthsFineArt4u/,reachable,200,https://www.facebook.com/login/?next=https%3A%2F%2Fwww.facebook.com%2FRuthsFineArt4u%2F,1,0.261,15119917f7156e03d45180657a9e3178a4c726aaadbd9e2a49273f0aa9009b57,,ms_staging:194:R & R Vineyard,,False
https://www.facebook.com/SeaAlisSeafoodCo,reachable,200,https://www.facebook.com/login/?next=https%3A%2F%2Fwww.facebook.com%2FSeaAlisSeafoodCo,1,0.237,d6c6729c777571f9afe493686c3b784f51248d9887c451b967e35095fc4d9dde,,ms_staging:212:Sea Alis Seafood Company,,False
https://www.facebook.com/SerenitySheepFarm,reachable,200,https://www.facebook.com/login/?next=https%3A%2F%2Fwww.facebook.com%2FSerenitySheepFarm,1,0.243,1e68105e45d47fd154f913e9b8c621e14317cdf6bdc1ae6f03e49ce937970c7e,,ms_staging:214:Serenity Sheep Farm,,False
https://www.facebook.com/StormyCreekCottage/,reachable,200,https://www.facebook.com/StormyCreekCottage/,1,0.191,a8575bde8a2958dc283c5c59d85f763ea94c2953aa845e7ecc713c7b046a2b22,,ms_staging:228:Stormy Creek Cottage LLC,,False
https://www.facebook.com/Sunset-Oaks-Farm-241062859302598,reachable,200,https://www.facebook.com/people/Sunset-Oaks-Farm/100064282916295/,1,0.282,9873087ee8fa228ef738c6794f97bcfad396543fb926a2dd6062766754e5bb36,,ms_staging:231:Sunset Oaks Farm,,False
https://www.facebook.com/TandRDairyFarm,reachable,200,https://www.facebook.com/login/?next=https%3A%2F%2Fwww.facebook.com%2FTandRDairyFarm,1,0.238,3a06b93aaecca6ac39d40c50e14cce1889aa9fc05ee88d33904f16fd932fcdb3,,ms_staging:233:T & R Dairy,,False
https://www.facebook.com/TheFarm.Starkville/,reachable,200,https://www.facebook.com/login/?next=https%3A%2F%2Fwww.facebook.com%2FTheFarm.Starkville%2F,1,0.267,b75a48bcd888d95e92a856f9dc452e699978f8af4056f6dcbf69fed36d1c3dc0,,ms_staging:237:The Farm,,False
https://www.facebook.com/TheHighHeeledHippie/,reachable,200,https://www.facebook.com/login/?next=https%3A%2F%2Fwww.facebook.com%2FTheHighHeeledHippie%2F,1,0.274,3fcac59650215d8eb7d3ccc3c26cbe419d8e21e1e2cfb00c7bae7b2451a48a71,,ms_staging:240:The High Heeled Hippie,,False
https://www.facebook.com/Tippah.County.Growers/,reachable,200,https://www.facebook.com/Tippah.County.Growers/,1,0.154,1ce0c18543be18badba9143430d1006cccd1ff4ba392c3b2cd2746fe01b415dd,,ms_staging:245:Tippah County Growers Inc.,,False
https://www.facebook.com/WiseFarms/,reachable,200,https://www.facebook.com/login/?next=https%3A%2F%2Fwww.facebook.com%2FWiseFarms%2F,1,0.237,d6527445a83ee6d7318b3c3902be417cd0b6f2c87b700b9475a386080b493d9e,,ms_staging:259:Wise Family Farm,,False
https://www.facebook.com/anthonyleilani.rosenbaum.98,reachable,200,https://www.facebook.com/anthonyleilani.rosenbaum.98,1,0.204,891d6e53d165ad595d48a490e9c124e3f56b2588bc72e77464c457de5ec13a01,,ms_staging:218:Shroomdom Inc. & MisBEEhaving Bee’s,,False
https://www.facebook.com/banksfarms/?ref=bookmarks,reachable,200,https://www.facebook.com/login/?next=https%3A%2F%2Fwww.facebook.com%2Fbanksfarms%2F%3Fref%3Dbookmarks,1,0.232,1600cfc6c903a469d5f1f575f4c621bd5c02b264db88101e9c6ad5284cf7b384,,ms_staging:20:Banks Farms,,False
https://www.facebook.com/basspecantrees,reachable,200,https://www.facebook.com/login/?next=https%3A%2F%2Fwww.facebook.com%2Fbasspecantrees,1,0.22,a3ffb5220d16867a7bd289f8e059d0d5a5e5c108dd349f106d0fc246acaa4476,,ms_staging:22:Bass Pecan Company,,False
https://www.facebook.com/blueberrypinesfarm/,reachable,200,https://www.facebook.com/login/?next=https%3A%2F%2Fwww.facebook.com%2Fblueberrypinesfarm%2F,1,0.251,91a7da92ec11db9bc85699c0bf1a4a14392319f7faebf7426495e22160a4d3c9,,ms_staging:40:Blueberry Pines Farm,,False
https://www.facebook.com/bluecouragefarms/,reachable,200,https://www.facebook.com/login/?next=https%3A%2F%2Fwww.facebook.com%2Fbluecouragefarms%2F,1,0.252,3ea0e5f65532ca941b592c1fb6403443d4726a3f806f65121265b7dcb9bfbe27,,ms_staging:33:Blue Courage Farms,,False
https://www.facebook.com/boundsblueberry,reachable,200,https://www.facebook.com/login/?next=https%3A%2F%2Fwww.facebook.com%2Fboundsblueberry,1,0.251,1019072a06e6f21e59c2b4f66fbaf2399ca19569b4b8a1867c0cc944599930f6,,ms_staging:44:Bounds Blueberry Farm,,False
https://www.facebook.com/bowiecreekorchard,reachable,200,https://www.facebook.com/login/?next=https%3A%2F%2Fwww.facebook.com%2Fbowiecreekorchard,1,0.238,771fff437853f6182f88720ca9f640378a254a500821ba0d3053bec3de914fe4,,"ms_staging:45:Bowie Creek Orchard, LLC",,False
https://www.facebook.com/breezyoaksMS/,reachable,200,https://www.facebook.com/login/?next=https%3A%2F%2Fwww.facebook.com%2FbreezyoaksMS%2F,1,0.265,08ebeac6bb4f586337ede451b87681ef41fa476b964e02d053a7ce4088629586,,ms_staging:48:Breezy Oaks Ranch,,False
https://www.facebook.com/carneschristmastreefarm,reachable,200,https://www.facebook.com/login/?next=https%3A%2F%2Fwww.facebook.com%2Fcarneschristmastreefarm,1,0.274,1181de601a647b68fa0a238ec9e72a5319fe8228d0d9c1032df21fca9026ba7f,,ms_staging:56:Carnes Farms,,False
https://www.facebook.com/charliesupiklucedale,reachable,200,https://www.facebook.com/charliesupiklucedale,1,0.191,b38dcd51ff23cffd41f2bdb3c0818d1ec3046a6bd1eeb306db5f14ad9364d342,,ms_staging:59:Charlie’s U-Pik,,False
https://www.facebook.com/circlelenterprises/,reachable,200,https://www.facebook.com/login/?next=https%3A%2F%2Fwww.facebook.com%2Fcirclelenterprises%2F,1,0.237,75343970db625922bf0846b5710a49c26728b0de4e447e2dc278bd503f611028,,ms_staging:65:Circle L Enterprises,,False
https://www.facebook.com/croomfarms/,reachable,200,https://www.facebook.com/login/?next=https%3A%2F%2Fwww.facebook.com%2Fcroomfarms%2F,1,0.253,e2e3781930054f6c6a03894ad454e7d4fcad880e42007f004375ee0a0fe973fe,,ms_staging:73:Croom Farms,,False
https://www.facebook.com/cutaboveprocessing,reachable,200,https://www.facebook.com/cutaboveprocessing,1,0.151,8ef0ae8975087174692d21e2566b4789984cec57d6cfa09c09eb4c53e25184b0,,"ms_staging:8:A Cut Above Processing & Meat Market, LLC",,False
https://www.facebook.com/cwfarmmscaledonia,reachable,200,https://www.facebook.com/login/?next=https%3A%2F%2Fwww.facebook.com%2Fcwfarmmscaledonia,1,0.261,164cd11b8ed99e505027a7cd203ee94e45efea767bd500f1f7e4c88f828eeed0,,ms_staging:54:C&W Farms Caledonia,,False
https://www.facebook.com/cypresspointpecans,reachable,200,https://www.facebook.com/login/?next=https%3A%2F%2Fwww.facebook.com%2Fcypresspointpecans,1,0.234,ebbff84284040ff84055075c9dadb0f9fe5c580a1f5a52d7cb2fe4418e14dafe,,ms_staging:74:Cypress Point Pecans LLC,,False
https://www.facebook.com/doug.stone.9638718,reachable,200,https://www.facebook.com/login/?next=https%3A%2F%2Fwww.facebook.com%2Fdoug.stone.9638718,1,0.254,0f7a6ccb52c90eb91ba06eaeca46abde1260dc3c6a29726d2fe747cc655e34a4,,"ms_staging:27:Bee’s Best Honey, LLC",,False
https://www.facebook.com/dunsfieldheidrunfarm/,reachable,200,https://www.facebook.com/login/?next=https%3A%2F%2Fwww.facebook.com%2Fdunsfieldheidrunfarm%2F,1,0.261,b90611935e2093fceeffa2c77e60bfd2cd4d45cf786e0faa5fde5f0b090491f0,,ms_staging:83:Dunsfield Heidrun Farm,,False
https://www.facebook.com/emmawilderfarm/,reachable,200,https://www.facebook.com/login/?next=https%3A%2F%2Fwww.facebook.com%2Femmawilderfarm%2F,1,0.268,55cd5d8f8f27e0ff7d1c4684abd7926c11d25898a7dfcd65d26e45f310464009,,ms_staging:87:Emma Wilder Farm,,False
https://www.facebook.com/ettahillsfarm,reachable,200,https://www.facebook.com/login/?next=https%3A%2F%2Fwww.facebook.com%2Fettahillsfarm,1,0.262,502434ff211e296155a02a2800665ea30a0e1cce1a7362e6887bf2fe373c8ee3,,"ms_staging:88:Etta Hills Farm, LLC",,False
https://www.facebook.com/farmerbrownssouthernfarm/,reachable,200,https://www.facebook.com/login/?next=https%3A%2F%2Fwww.facebook.com%2Ffarmerbrownssouthernfarm%2F,1,0.256,0afc3aff89270ff9b6e41e6cc891b72ac51959343503b5322a4515abd7fc5e0c,,ms_staging:92:Farmer Browns Southern Farm,,False
https://www.facebook.com/footprintfarmsms/,reachable,200,https://www.facebook.com/login/?next=https%3A%2F%2Fwww.facebook.com%2Ffootprintfarmsms%2F,1,0.251,7054ce2ce87ad0138c3223c25c037df774f847a2a50b903eb3eef2088e39e020,,ms_staging:96:Foot Print Farms,,False
https://www.facebook.com/freshgrownfarm,reachable,200,https://www.facebook.com/login/?next=https%3A%2F%2Fwww.facebook.com%2Ffreshgrownfarm,1,0.247,886ce17560a5ac0bcd4185e922b14ca459542ef5fe24ed6658be3fc7c0e10387,,ms_staging:99:FreshGrown Farm,,False
https://www.facebook.com/fulmersgeneralstore/,reachable,200,https://www.facebook.com/login/?next=https%3A%2F%2Fwww.facebook.com%2Ffulmersgeneralstore%2F,1,0.243,36adb8c082505a0b6d5b7365636fc873494c53ee60e1d957c0dc9361fece0d9a,,ms_staging:100:Fulmers Farmstead and General Store,,False
https://www.facebook.com/gocedarhillfarm,reachable,200,https://www.facebook.com/login/?next=https%3A%2F%2Fwww.facebook.com%2Fgocedarhillfarm,1,0.281,49879239aae853af0158ba996187beaf259b1b8eb5ff53f001c759418df1a044,,ms_staging:58:Cedar Hill Farm & Cedar Hill’s Haunted Farm,,False
https://www.facebook.com/goldensfarmsofmendenhall,reachable,200,https://www.facebook.com/login/?next=https%3A%2F%2Fwww.facebook.com%2Fgoldensfarmsofmendenhall,1,0.255,59ad7b827c1afc7b4578e1e5e6f8a372781763603526c4c87f1eb86b4040cc4a,,ms_staging:104:Golden S Farms,,False
https://www.facebook.com/goldenvalleydoodles/,reachable,200,https://www.facebook.com/goldenvalleydoodles/,1,0.165,ef780e7934c2cb286f36f3cc2e022c1900333299215c639a3bac7b889a0882e4,,"ms_staging:105:Golden Valley Doodles, Inc.",,False
https://www.facebook.com/grassfedranch/,reachable,200,https://www.facebook.com/login/?next=https%3A%2F%2Fwww.facebook.com%2Fgrassfedranch%2F,1,0.257,5ea4e5db66c77064df24bdfd16962f21477d4fe090e337e7eda935ae8f5bbdc9,,ms_staging:254:Weesner Meadow Meats,,False
https://www.facebook.com/grazingwayfarm,reachable,200,https://www.facebook.com/grazingwayfarm,1,0.175,05f209e13e8002ddf556ccdafe5ec8c2d0e819e432b52831176db042f21db69f,,ms_staging:108:Grazing Way Farm,,False
https://www.facebook.com/greatsouthernfarms/,reachable,200,https://www.facebook.com/login/?next=https%3A%2F%2Fwww.facebook.com%2Fgreatsouthernfarms%2F,1,0.266,1c3e899b61b9e0f504d12d23e58d2015083c2719280281824a0185744daba79f,,ms_staging:109:Great Southern Farms,,False
https://www.facebook.com/greenacrescreamery/,reachable,200,https://www.facebook.com/login/?next=https%3A%2F%2Fwww.facebook.com%2Fgreenacrescreamery%2F,1,0.263,7af6a850d56df6639f57ab6f1505c6c200da77430f56514e59835a9f6fdd83ec,,"ms_staging:110:Green Acres Creamery, LLC",,False
https://www.facebook.com/groups/1942624229391393/,reachable,200,https://www.facebook.com/login/?next=https%3A%2F%2Fwww.facebook.com%2Fgroups%2F1942624229391393%2F,1,0.266,73ce30d08645ad8ea4f52513d69242000eb2bb33e809c8327e38cba4be9dd896,,ms_staging:144:Line Prairie Farms,,False
https://www.facebook.com/henderbeefarmshoney/,reachable,200,https://www.facebook.com/login/?next=https%3A%2F%2Fwww.facebook.com%2Fhenderbeefarmshoney%2F,1,0.264,accaa4e8b91dbcf803587ce0202e25d8511e1ea6dbf1e42c5922183734a5487c,,ms_staging:114:Henderson Farms,,False
https://www.facebook.com/hickoryhealfarm,reachable,200,https://www.facebook.com/login/?next=https%3A%2F%2Fwww.facebook.com%2Fhickoryhealfarm,1,0.235,6f8965eb3b0db0cbe8dc744974ca974356eabe052d5ce94ca4a11bd088880926,,ms_staging:116:Hickory Heal Farm,,False
https://www.facebook.com/homeplacepastures/,reachable,200,https://www.facebook.com/login/?next=https%3A%2F%2Fwww.facebook.com%2Fhomeplacepastures%2F,1,0.239,a9714f0a769629cb20fc4162d0b5b1c9b5fe071772a525c856576e7908a7d753,,ms_staging:120:Home Place Pastures,,False
https://www.facebook.com/honestlybeef/,reachable,200,https://www.facebook.com/honestlybeef/,1,0.173,913a60f841a7cc8e8ad84daf85c650ba43194f7289aad5143743172e8fa9e059,,ms_staging:122:Honestly Beef,,False
https://www.facebook.com/iHeartCatfish/,reachable,200,https://www.facebook.com/login/?next=https%3A%2F%2Fwww.facebook.com%2FiHeartCatfish%2F,1,0.261,27ccd8f99488d04708b8e179f3a13f1a6202d0e203b716d53a1a4d39aba60a0a,,ms_staging:112:Heartland Catfish Company,,False
https://www.facebook.com/jdfarms.us/,reachable,200,https://www.facebook.com/login/?next=https%3A%2F%2Fwww.facebook.com%2Fjdfarms.us%2F,1,0.265,3514e3edddd6fa4050d4d3eee1f01e642cc3742f384a86a5be4ab39e8be5a117,,ms_staging:183:Pearl River Tea Company,,False
https://www.facebook.com/jennicampbell1127/,reachable,200,https://www.facebook.com/login/?next=https%3A%2F%2Fwww.facebook.com%2Fjennicampbell1127%2F,1,0.251,e8629cb7d35c69c2fe3b0f479eba59abd00e2f884c1206ec3ac3e2807c2afb8d,,ms_staging:235:Taylor Flower Patch,,False
https://www.facebook.com/jpshowcattle/,reachable,200,https://www.facebook.com/login/?next=https%3A%2F%2Fwww.facebook.com%2Fjpshowcattle%2F,1,0.25,dab75b2a71e296abc253915eec2f79eedb4ea7fa18c785ab1e8d7451bc582087,,ms_staging:130:JP Show Cattle,,False
https://www.facebook.com/juneaufamilyfarm/,reachable,200,https://www.facebook.com/login/?next=https%3A%2F%2Fwww.facebook.com%2Fjuneaufamilyfarm%2F,1,0.274,4711ef666690d9e8509c97a2aa19acba22bf391802809e8a3125ca422164fdb5,,ms_staging:30:Black Creek Farm LLC,,False
https://www.facebook.com/kandmroses/,reachable,200,https://www.facebook.com/login/?next=https%3A%2F%2Fwww.facebook.com%2Fkandmroses%2F,1,0.362,9f99aaad1bb2de229aaad39da24ceb2782998f6cee2ef88187b1a4673d6e5a74,,ms_staging:131:K and M Nursery,,False
https://www.facebook.com/kbh2572,reachable,200,https://www.facebook.com/login/?next=https%3A%2F%2Fwww.facebook.com%2Fkbh2572,1,0.224,ef112293c27b46687aeb42caf3e15df8ae2caa1921647d11a68f8f00d16e0f41,,ms_staging:134:Kingbeehoney,,False
https://www.facebook.com/laterrefarms,reachable,200,https://www.facebook.com/login/?next=https%3A%2F%2Fwww.facebook.com%2Flaterrefarms,1,0.263,f68a159074ca75cd2a3b88ff7118172e1cbaac600466a069ff9396f3d75b9d25,,ms_staging:136:La Terre Farms,,False
https://www.facebook.com/moseleymeadows,reachable,200,https://www.facebook.com/login/?next=https%3A%2F%2Fwww.facebook.com%2Fmoseleymeadows,1,0.249,46c10039a9c42e58f720bcbe523ec6151beded78689c55d5eec19d561f53d968,,ms_staging:166:Moseley Meadows,,False
https://www.facebook.com/mspeanutsupply/,reachable,200,https://www.facebook.com/login/?next=https%3A%2F%2Fwww.facebook.com%2Fmspeanutsupply%2F,1,0.251,6b9d6f2ae1b44caa99a465d75e447bde0a008b4207b034a852adcad0da559263,,ms_staging:168:MS PEANUT SUPPLY,,False
https://www.facebook.com/mswildflowers/,reachable,200,https://www.facebook.com/login/?next=https%3A%2F%2Fwww.facebook.com%2Fmswildflowers%2F,1,0.276,ee33f61f6943c84f09623c9a6304f23ec027e53677314cdc7d5ec20763c1c1e7,,ms_staging:132:Keep Mississippi Beautiful’s Wildflower Trails of Mississippi,,False
https://www.facebook.com/muscadinefruit/,reachable,200,https://www.facebook.com/muscadinefruit/,1,0.179,a50a5e1d6f47bfad4e1af48f31fe7c545ef8489a129d4baa106cd70de7133407,,ms_staging:69:Cooper Farms and Vineyard LLC,,False
https://www.facebook.com/muscadinevineyard/,reachable,200,https://www.facebook.com/login/?next=https%3A%2F%2Fwww.facebook.com%2Fmuscadinevineyard%2F,1,0.255,9824bff3b41377e8c64c6754b632ace3517e023ae03009cfab23751a09b72fbc,,ms_staging:47:Breckenridge Farms,,False
https://www.facebook.com/nandwfarms/?ref=page_internal,reachable,200,https://www.facebook.com/login/?next=https%3A%2F%2Fwww.facebook.com%2Fnandwfarms%2F%3Fref%3Dpage_internal,1,0.237,6f506cb1eec5e72de015409e076d81855fb620f2312f3e3798e819b6ab8ef25e,,ms_staging:170:N & W Farms Produce Inc.,,False
https://www.facebook.com/naturesgourmetfarm/,reachable,200,https://www.facebook.com/login/?next=https%3A%2F%2Fwww.facebook.com%2Fnaturesgourmetfarm%2F,1,0.253,074fe0490de0878085ba5784100506ecfc61abba40cae638848cd2bd50392c82,,ms_staging:172:Nature’s Gourmet Farm,,False
https://www.facebook.com/nobilefamilyfarms,reachable,200,https://www.facebook.com/login/?next=https%3A%2F%2Fwww.facebook.com%2Fnobilefamilyfarms,1,0.243,f50e98bfd96c3d09cb7937b3e3990592bf8922bd190764de7d0da7e0c91d2b11,,ms_staging:175:Nobile Family Farms,,False
https://www.facebook.com/ourfouracrefarm,reachable,200,https://www.facebook.com/login/?next=https%3A%2F%2Fwww.facebook.com%2Fourfouracrefarm,1,0.24,fe09db0e5f438400dd6c5675a153e36e2cdf7722a5e58712697f0200250fa108,,ms_staging:177:Our Four Acre Farm,,False
https://www.facebook.com/p/Overflow-Honey-Co-61568101702590/,reachable,200,https://www.facebook.com/login/?next=https%3A%2F%2Fwww.facebook.com%2Fp%2FOverflow-Honey-Co-61568101702590%2F,1,0.226,9df60931203998e07575416d54c9dc42a89dc9afd0cbb418d638b7c9b136adb3,,ms_staging:178:Overflow Honey Co.,,False
https://www.facebook.com/pages/category/Shopping---Retail/Mississippi-Bees-Honey-and-Beeswax-Products-129981840384248/,reachable,200,https://www.facebook.com/login/?next=https%3A%2F%2Fwww.facebook.com%2FMississippiBees%2F,1,0.354,28a25215de937716764508e8b1fa94ecad2cc2522466141cf61e578e8a9e86f3,,ms_staging:157:MISSISSIPPI BEES,,False
https://www.facebook.com/people/Bruce-Sweet-Potato/100068379800267/,reachable,200,https://www.facebook.com/people/Bruce-Sweet-Potato/100068379800267/,1,0.154,940a37e7d75c8a82e20b7ff7064539c2275ca0b646d5887d844bad0b133cfcbe,,ms_staging:51:Bruce Sweet Potato,,False
https://www.facebook.com/people/Granny-Springs-Farm/61562642237924/,reachable,200,https://www.facebook.com/people/Granny-Springs-Farm/61562642237924/,1,0.173,484475a0633da7009ba996651464a77a375177118bc51e57bd803a14b543e733,,ms_staging:107:Granny Springs Farm,,False
https://www.facebook.com/pg/BrokeTHoney,broken,404,,1,0,,attempt 1: HTTP 404,ms_staging:50:Broke – T Honey,,False
https://www.facebook.com/profile.php?id=100026635076396,reachable,200,https://www.facebook.com/people/Grilled-And-Fried-Foods/100026635076396/,1,0.257,e762732cfd9ff62537e77715dade20aa97d5b20d2f0569755d7d5669c314ad87,,ms_staging:241:The Reservation Farm,,False
https://www.facebook.com/profile.php?id=100057627091737,reachable,200,https://www.facebook.com/people/Moon-Lake-Pecans/100057627091737/,1,0.263,203ca29d9438b67174c9d17614a785934b55b880bc45e46519202f19a1c09b91,,ms_staging:162:Moon Lake Pecans LLC,,False
https://www.facebook.com/profile.php?id=100063574863021,reachable,200,https://www.facebook.com/people/Boots-To-Roots-Heritage-Farm/100063574863021/,1,0.237,0f93ce86355b0e8b73bf88b555a245cc0d44f9954a1adab2145a0a9277e8c39b,,ms_staging:43:Boots to Roots Farm,,False
https://www.facebook.com/profile.php?id=100064903021562,reachable,200,https://www.facebook.com/people/Line-Creek-Farms/100064903021562/,1,0.259,d06410ebc835b20215d862230ceb2cb7cea79cb9ba245d88726903090681c971,,ms_staging:143:Line Creek Farms,,False
https://www.facebook.com/profile.php?id=100069393916031,reachable,200,https://www.facebook.com/people/2nd-Chance-Brangus/100069393916031/,1,0.264,5a397d5f7666fc445216299288a151743e2fe508ddbd17fa532e5bc2320f4d56,,ms_staging:213:Second Chance Brangus,,False
https://www.facebook.com/profile.php?id=100076179044881,reachable,200,https://www.facebook.com/people/WS-Cattle-Co/100076179044881/,1,0.259,aaaec4e2a98f334ad4b11a7ad187326eed72e9241389ddfb6295181bbd9110de,,ms_staging:260:WS Cattle Co.,,False
https://www.facebook.com/profile.php?id=100080936801819,reachable,200,https://www.facebook.com/people/Sunrise-Bee-Honey/100080936801819/,1,0.254,cb3fab393d42cb167f9296c560bdb7bd716244d71647c1dc565bcd1ebd2d3318,,ms_staging:230:Sunrise Honey,,False
https://www.facebook.com/profile.php?id=100081529220383,reachable,200,https://www.facebook.com/people/Mississippi-Crawfish-Co/100081529220383/,1,0.253,4dd0ead1abbd29c1a78222e9e49cacb6ab9ea7305ede5445f74b05858ec73c7a,,ms_staging:158:Mississippi Crawfish Company,,False
https://www.facebook.com/profile.php?id=100083345925133,reachable,200,https://www.facebook.com/people/Beccis-Barnyard/100083345925133/,1,0.492,a3f56b777e5c3db235dce93eabb79fb1842c5827b829813b1398c3767964a3a6,,ms_staging:26:Becci’s Barnyard,,False
https://www.facebook.com/profile.php?id=100083538756071,reachable,200,https://www.facebook.com/people/Big-Creek-Farm-LLC/100083538756071/,1,0.256,e642e806177c238b341ef714b1328768c9da1eedf69ba664cc7d21b24e56e3b1,,ms_staging:29:Big Creek Farm LLC,,False
https://www.facebook.com/profile.php?id=100086982062905,reachable,200,https://www.facebook.com/people/Simply-Dunn-Honey/100086982062905/,1,0.272,8e0fd35d3fd8a5cd1f7ef45a146438bdde6ebbec3681e09315bcd9529673f893,,ms_staging:220:Simply Dunn Honey,,False
https://www.facebook.com/profile.php?id=100087297144442,reachable,200,https://www.facebook.com/people/Down-Home-Milling-Co/100087297144442/,1,0.29,9d966ff3ef207232f9fcc3102fa18e0507eaf1b5133d262683e1aff15d070652,,ms_staging:81:Down Home Milling Co.,,False
https://www.facebook.com/profile.php?id=100087493509672,reachable,200,https://www.facebook.com/people/Mississippi-Poodles-Doodles-and-Giants/100087493509672/,1,0.266,fa903fe646bd248b87e2b35c649db1ae851d443cda899c118b04875189cc8936,,ms_staging:159:Mississippi Poodles Doodles and Giants,,False
https://www.facebook.com/profile.php?id=100088953071836&mibextid=ZbWKw,reachable,200,https://www.facebook.com/people/LM-Meat-Company/100088953071836/?mibextid=ZbWKw,1,0.233,8310fd38adc76742216f444714330f2ed4367151e9cd401c1efb080371581da8,,ms_staging:151:M&M Cattle Company,,False
https://www.facebook.com/profile.php?id=100093181752721&mibextid=LQQJ4d,reachable,200,https://www.facebook.com/login/?next=https%3A%2F%2Fwww.facebook.com%2FPasturePine%2F,1,0.372,2a05cd165e28781abefd1334c0e733da637f2562b181ca8b7918f0314f1a2249,,ms_staging:179:Pasture & Pine,,False
https://www.facebook.com/profile.php?id=61560311237933,reachable,200,https://www.facebook.com/people/Burwell-Farms/61560311237933/,1,0.457,201242048ba0f020cf2187c26e609f51e6c16b0d7710a146c70bd0ff5594bdb3,,ms_staging:53:Burwell Farms LLC,,False
https://www.facebook.com/profile.php?id=61562104192006&mibextid=wwXIfr&mibextid=wwXIfr,reachable,200,https://www.facebook.com/people/Bozeman-Meat-Co/61562104192006/?mibextid=wwXIfr,1,0.251,5dfe6cfdef2cd0a1b1bac1a8ffceb7a0134f492c8958905d6a863912ec76abfa,,ms_staging:46:Bozeman Meat Co.,,False
https://www.facebook.com/profile.php?id=61566392412795,reachable,200,https://www.facebook.com/people/Sparrow-Gardens/61566392412795/,1,0.279,00c58d99cb02e231d42311b0a440d85e9f950360ed217839a319f0230c6a542e,,ms_staging:226:Sparrow Gardens,,False
https://www.facebook.com/profile.php?id=61574989941552,reachable,200,https://www.facebook.com/people/Banks-Rice/61574989941552/,1,0.315,5a51be73275a9962ec241bb299e799e9c1f0dc580756bb963617f45599aae245,,ms_staging:21:Banks Rice,,False
https://www.facebook.com/profile.php?id=61586321047384,reachable,200,https://www.facebook.com/people/New-Ground-Nursery/61586321047384/,1,0.248,8619c782509a6be1220c559550fbe249ce6c1f45ec9d4f224a41a7662b9af103,,ms_staging:174:New Ground Nursery,,False
https://www.facebook.com/saladdaysproduce/,reachable,200,https://www.facebook.com/login/?next=https%3A%2F%2Fwww.facebook.com%2Fsaladdaysproduce%2F,1,0.261,290a5a2bafd97c5a13533efbb99259d933900bfaf395a9526f662528d170d006,,ms_staging:206:Salad Days,,False
https://www.facebook.com/sandyrunfarm1/,reachable,200,https://www.facebook.com/login/?next=https%3A%2F%2Fwww.facebook.com%2Fsandyrunfarm1%2F,1,0.622,dc2432881c3d812222666709136dd42f0d572b78218e5c55118825464803fec7,,ms_staging:208:Sandy Run Farm & Nursery LLC,,False
https://www.facebook.com/shadyacresfarmms,reachable,200,https://www.facebook.com/shadyacresfarmms,1,0.236,c8492c44702afb6f7d70e4ce58b7e3525307592358cc2bf785c78da90695bf42,,ms_staging:216:Shady Acres Farm,,False
https://www.facebook.com/share/18dqEopTKa/,reachable,200,https://www.facebook.com/login/?next=https%3A%2F%2Fwww.facebook.com%2FRestorationMinistriesofMS%3Frdid%3D3JR0in2DLj7J298y%26share_url%3Dhttps%253A%252F%252Fwww.facebook.com%252Fshare%252F18dqEopTKa%252F&rdid=3JR0in2DLj7J298y,1,0.356,245432d388579d3657cae881bfea579e8352782b5c44b53d16677031a504df28,,ms_staging:199:Restoration Ministry of MS Recovery Ranch,,False
https://www.facebook.com/share/1AwEC19TVB/?mibextid=wwXIfr,reachable,200,https://www.facebook.com/login/?next=https%3A%2F%2Fwww.facebook.com%2Fpearlriverhoney%3Fmibextid%3DwwXIfr%26rdid%3DfgDmG6GigEMLv1vK%26share_url%3Dhttps%253A%252F%252Fwww.facebook.com%252Fshare%252F1AwEC19TVB%252F%253Fmibextid%253DwwXIfr&rdid=fgDmG6GigEMLv1vK,1,0.312,978fd5b71caa43fb62aa20f640dd6134df2d3dd31fa0489a0e133635a761c28d,,ms_staging:181:Pearl River Apiaries,,False
https://www.facebook.com/share/1B1vgruYDE/?mibextid=wwXIfr,reachable,200,https://www.facebook.com/people/Beccas-Blooms/61559666048631/?mibextid=wwXIfr&rdid=x9avCnsz3nYsaSjK&share_url=https%3A%2F%2Fwww.facebook.com%2Fshare%2F1B1vgruYDE%2F%3Fmibextid%3DwwXIfr,1,0.338,2dbccb833c0777725e3324af7ac7af5089c461b6805beefa22d8e6bd44b7f54d,,ms_staging:25:Becca’s Blooms Floral Flower Preservation,,False
https://www.facebook.com/share/1BK2wdRL3a/?mibextid=wwXIfr,reachable,200,https://www.facebook.com/people/Mississippi-Beef-Brothers/61556415514477/?mibextid=wwXIfr&rdid=4KjZO8PAoC41BkO7&share_url=https%3A%2F%2Fwww.facebook.com%2Fshare%2F1BK2wdRL3a%2F%3Fmibextid%3DwwXIfr,1,0.342,ac1eb975566491c91d68231958aaa3fd5997bad0cad454125e562b881f74639a,,ms_staging:156:Mississippi Beef Brothers,,False
https://www.facebook.com/share/1BLnBqAdwR/?mibextid=wwXIfr,reachable,200,https://www.facebook.com/login/?next=https%3A%2F%2Fwww.facebook.com%2FCoastalBeefCo%3Fmibextid%3DwwXIfr%26rdid%3DYYIGXED0DnqSZhYx%26share_url%3Dhttps%253A%252F%252Fwww.facebook.com%252Fshare%252F1BLnBqAdwR%252F%253Fmibextid%253DwwXIfr&rdid=YYIGXED0DnqSZhYx,1,0.339,0507e681fff16ee6fc87a36930c7c6101dca18fa11ac27de238a4be9c6287c56,,ms_staging:67:Coastal Beef Co.,,False
https://www.facebook.com/share/1Bmj92oPzH/?mibextid=wwXIfr,reachable,200,https://www.facebook.com/login/?next=https%3A%2F%2Fwww.facebook.com%2FBacotfarm%3Fmibextid%3DwwXIfr%26rdid%3D8F0LDFQAW9yQIJV2%26share_url%3Dhttps%253A%252F%252Fwww.facebook.com%252Fshare%252F1Bmj92oPzH%252F%253Fmibextid%253DwwXIfr&rdid=8F0LDFQAW9yQIJV2,1,0.347,bff2f69be23a493b88ffcf4cb65fe90c5e4dfd038d6fac43b216a1e0f1f2a57d,,ms_staging:18:Bacot Farms,,False
https://www.facebook.com/share/1RLSzkTeR3/?mibextid=wwXIfr,reachable,200,https://www.facebook.com/login/?next=https%3A%2F%2Fwww.facebook.com%2Flanfarmsms%2F%3Frdid%3Du687CxC46dKr4Qh3&rdid=u687CxC46dKr4Qh3,1,0.419,85f91e28757322e03a4174d61db166769cb96c2913788c8bba168ef1dfbc54f9,,ms_staging:137:LAN Farms,,False
https://www.facebook.com/sicardfarm,reachable,200,https://www.facebook.com/sicardfarm,1,0.165,363ac4cd04f3fe3a4550e9e2719880a17707fc80372eacbcdda564f650e30d8c,,ms_staging:152:Magnolia Creek Farm,,False
https://www.facebook.com/simmonsfarmraisedcatfish/,reachable,200,https://www.facebook.com/login/?next=https%3A%2F%2Fwww.facebook.com%2Fsimmonsfarmraisedcatfish%2F,1,0.262,4f6edaa0ad945e4f788e31f8099270b68067ec4e7adcc222399aedd2e331e85d,,ms_staging:219:Simmons Farm Raised Catfish,,False
https://www.facebook.com/sixmilefarmsllc/,reachable,200,https://www.facebook.com/login/?next=https%3A%2F%2Fwww.facebook.com%2Fsixmilefarmsllc%2F,1,0.259,2aa75b00ec5d6ba59442b3f73fa462df1a008be4721805ce0dc4ca5bb37c860e,,ms_staging:222:Six Mile Farms LLC,,False
https://www.facebook.com/smithhoneyfarm/,reachable,200,https://www.facebook.com/login/?next=https%3A%2F%2Fwww.facebook.com%2Fsmithhoneyfarm%2F,1,0.245,43aaa1269783f80cef9f95fcf2f3874574bf6820582792deacaf7e3fe11551f2,,ms_staging:223:Smith’s Honey Farm LLC,,False
https://www.facebook.com/superiorcatfish,reachable,200,https://www.facebook.com/login/?next=https%3A%2F%2Fwww.facebook.com%2Fsuperiorcatfish,1,0.216,3903559d720363dc0c049f6f3e544ed3238dc4a3ae4d95a0a390f91a732567b1,,ms_staging:232:Superior Catfish,,False
https://www.facebook.com/talsonfarms,reachable,200,https://www.facebook.com/login/?next=https%3A%2F%2Fwww.facebook.com%2Ftalsonfarms,1,0.246,4ad55ca91661cfaae30a7aa607bd83b93388b66e64c2a27de8906eb8c5592124,,ms_staging:234:Talson Farms,,False
https://www.facebook.com/thefivecentranch,reachable,200,https://www.facebook.com/login/?next=https%3A%2F%2Fwww.facebook.com%2Fthefivecentranch,1,0.271,9b3f598023bc69917d81c79a529f6ae95d543c24bbeff033dc18c4d9ee5c3bba,,ms_staging:238:The Five Cent™,,False
https://www.facebook.com/thirtywestfarms/,reachable,200,https://www.facebook.com/login/?next=https%3A%2F%2Fwww.facebook.com%2Fthirtywestfarms%2F,1,0.228,36a43ccde424e0d4267bb223b3be38fe70ac6ffdd4284983eb584c1ac7b26283,,ms_staging:242:Thirty West Farms,,False
https://www.facebook.com/twistedpinesquailfarm/,reachable,200,https://www.facebook.com/login/?next=https%3A%2F%2Fwww.facebook.com%2Ftwistedpinesquailfarm%2F,1,0.224,b15abebad19131cd0e8510b90e03f93e2f64789816e848d0224f179c1efa6148,,"ms_staging:247:Twisted Pines Quail Farm, LLC",,False
https://www.facebook.com/twobrooksrice/,reachable,200,https://www.facebook.com/login/?next=https%3A%2F%2Fwww.facebook.com%2Ftwobrooksrice%2F,1,0.25,33ed357e39b5e709f7e5ddba87b705663594210bd75015f795db71ddc99ae8ce,,ms_staging:248:Two Brooks Farm,,False
https://www.facebook.com/twodogfarmsllc/,reachable,200,https://www.facebook.com/login/?next=https%3A%2F%2Fwww.facebook.com%2Ftwodogfarmsllc%2F,1,0.251,cbd8188402d0deb89800b2207cd38909e7acd2ae0820ee652c3668ccb8e13f0c,,ms_staging:250:Two Dog Farms,,False
https://www.facebook.com/whitefarmshoney,reachable,200,https://www.facebook.com/login/?next=https%3A%2F%2Fwww.facebook.com%2Fwhitefarmshoney,1,0.244,e21098c4fca4c7c5a4606813453ffa9229c0211061fe863acdfd5207e159cd71,,ms_staging:255:White Farms Pure Honey,,False
https://www.facebook.com/wildflowerhoneybeeco,reachable,200,https://www.facebook.com/wildflowerhoneybeeco,1,0.168,4ebf3482e08aa76361ed9b0730fbec7a9caccb485f3c0868f5f9ad39f08ee268,,"ms_staging:256:Wildflower Honey Bee Company, LLC",,False
https://www.facebook.com/williamsfamilyfarmsms/,reachable,200,https://www.facebook.com/login/?next=https%3A%2F%2Fwww.facebook.com%2Fwilliamsfamilyfarmsms%2F,1,0.79,fd215dca182a40b92e92535a2cd236ba67f9e2007868b29a92cdd55faeeaefec,,ms_staging:257:Williams Family Farms,,False
https://www.facebook.com/windsorfarmspecans/,reachable,200,https://www.facebook.com/windsorfarmspecans/,1,0.176,279615b93a8ff5dad2c181f096d08a1f18e36921cc3ad5903d4598303a738696,,ms_staging:258:Windsor Farms,,False
https://www.facebook.com/yazoohoney,reachable,200,https://www.facebook.com/login/?next=https%3A%2F%2Fwww.facebook.com%2Fyazoohoney,1,0.307,1de39e533ba5d86395e000b89a4a7a548c2a51195dca9a2974a8af061679a0e4,,ms_staging:262:Yazoo Honey,,False
https://www.falknerfarms.com/,reachable,200,https://www.falknerfarms.com/,1,0.347,1f684e06d38dadbc4e65c827c1d4c448ea32d1c7ebf113b82770d624481582ef,,canonical:282:Falkner Farms | ms_staging:91:Falkner Farms,,False
https://www.farmraisedcattle.com,unreachable_after_3_attempts,0,,3,0,,"attempt 1: <urlopen error [Errno 8] nodename nor servname provided, or not known> | attempt 2: <urlopen error [Errno 8] nodename nor servname provided, or not known> | attempt 3: <urlopen error [Errno 8] nodename nor servname provided, or not known>",ms_staging:1:3R Land & Livestock LLC,,False
https://www.freshgrownfarm.com,reachable,200,https://www.freshgrownfarm.com,1,1.499,51f90c171f82cc64662adc4f0b544089d2bdf561d8a1d816b02e3816f9b931c8,,ms_staging:99:FreshGrown Farm,,False
https://www.goldenvalleydoodles.com/,broken,404,,1,0,,attempt 1: HTTP 404,"ms_staging:105:Golden Valley Doodles, Inc.",,False
https://www.greenacrescreamery.net/,reachable,200,https://www.greenacrescreamery.net/,1,1.435,8c4006d9b40ab57bc2cda9fde82e4c2d6dae8fbddaf7ec8e2aab081f51bb287b,,"ms_staging:110:Green Acres Creamery, LLC",,False
https://www.harbobeeco.com/,reachable,206,https://www.harbobeeco.com/,1,0.322,4a5ca9e4bc458bb2537c2b24b0f5f9810312c625686b4fd65013fdb09cc61369,,canonical:118:Harbo Bee Company,,False
https://www.hickoryhealfarm.com,reachable,200,https://hickoryhealfarm.com/,1,0.843,f67467431d4daa11381be0b43308680e49dd11cd16f3245cd6984f1831013d2b,,canonical:284:Hickory Heal Farm | ms_staging:116:Hickory Heal Farm,,False
https://www.homeplacepastures.com,reachable,200,https://homeplacepastures.com/,1,0.264,857d9e04415088c31eeca0fa440517926edc911e82698a2720a28cd748829fd9,,ms_staging:120:Home Place Pastures,,False
https://www.honestlybeef.com,unreachable_after_3_attempts,0,,3,0,,attempt 1: <urlopen error [Errno 61] Connection refused> | attempt 2: <urlopen error [Errno 61] Connection refused> | attempt 3: <urlopen error [Errno 61] Connection refused>,canonical:92:Honestly Beef | ms_staging:122:Honestly Beef,,False
https://www.hotplate.com/sparrow_gardens,reachable,200,https://www.hotplate.com/sparrow_gardens,1,0.208,e4b06bbb6a6a2239f06d83e1c7724ceddd9416d51dbab5e9ea8d319bca2a7414,,ms_staging:226:Sparrow Gardens,,False
https://www.inglewoodfarm.com,unreachable_after_3_attempts,0,,3,0,,attempt 1: <urlopen error [SSL: UNEXPECTED_EOF_WHILE_READING] EOF occurred in violation of protocol (_ssl.c:1032)> | attempt 2: <urlopen error [SSL: UNEXPECTED_EOF_WHILE_READING] EOF occurred in violation of protocol (_ssl.c:1032)> | attempt 3: <urlopen error [SSL: UNEXPECTED_EOF_WHILE_READING] EOF occurred in violation of protocol (_ssl.c:1032)>,canonical:74:Inglewood Farm,,False
https://www.instagram.com/bluecouragefarms/?igsh=MTZpZWN1dXlmbTVybg%3D%3D&utm_source=qr,reachable,200,https://www.instagram.com/bluecouragefarms/?igsh=MTZpZWN1dXlmbTVybg%3D%3D&utm_source=qr,1,0.135,c050c48d9200b6e7dda7c4270c28f2e5fff917728b40e9ed695269073d9728c5,,ms_staging:33:Blue Courage Farms,,False
https://www.instagram.com/boots_to_roots_farm?utm_source=ig_web_button_share_sheet&igsh=ZDNlZDc0MzIxNw==,reachable,200,https://www.instagram.com/boots_to_roots_farm?utm_source=ig_web_button_share_sheet&igsh=ZDNlZDc0MzIxNw==,1,0.196,09ef40ee5c60a69beb0f8cdecaef984b98124ffa4783bf7e64b1f3b41dd853b6,,ms_staging:43:Boots to Roots Farm,,False
https://www.instagram.com/deloriseandtony/,reachable,200,https://www.instagram.com/deloriseandtony/,1,0.151,bf30a04726a79c33ac8e278fdc9197d689c6d7d09441c9af1c81b8c54218031b,,ms_staging:64:Chulahoma’s Garden,,False
https://www.instagram.com/ettahillsfarmofficial/,reachable,200,https://www.instagram.com/ettahillsfarmofficial/,1,0.158,f66fcd06f4816baa514df7a95c8212f6e3e04e1d71fce7fd6cb337312c790106,,"ms_staging:88:Etta Hills Farm, LLC",,False
https://www.instagram.com/honestly.beef,reachable,200,https://www.instagram.com/honestly.beef,1,0.175,fcd5059ab90f9476d20939a94a9b6b2cc91680c50578d7c7028f8b58373c9051,,ms_staging:122:Honestly Beef,,False
https://www.instagram.com/mississippibeefbros?igsh=MWlvd20wb3Q4NzM5OQ%3D%3D&utm_source=qr,reachable,200,https://www.instagram.com/mississippibeefbros?igsh=MWlvd20wb3Q4NzM5OQ%3D%3D&utm_source=qr,1,0.155,5f7ada804e750aedd68e94ea80630987614ee199024930bdafcc111466ebd977,,ms_staging:156:Mississippi Beef Brothers,,False
https://www.instagram.com/olcappy/,reachable,200,https://www.instagram.com/olcappy/,1,0.136,62207d76cc96725010e2bb028b8a0d4b0395cafa862bdd9ae414a899818ffd65,,ms_staging:176:Ol’ Cappy’s Bee Products,,False
https://www.instagram.com/tickcreekfarmllc,reachable,200,https://www.instagram.com/tickcreekfarmllc,1,0.152,e90a86656b26247b4edfd32a6d1b56896865f9c5812cbb76d4c02af8f890091f,,"ms_staging:244:Tick Creek Farm, LLC",,False
https://www.iverstinefarms.com,reachable,200,https://www.iverstinebutcher.com/,1,0.162,e1954f3b1f38712bbe2adbc3dc6d852e10a532fa852122895df542623c4120e2,,canonical:77:Iverstine Farms,,False
https://www.jotandtittlefarms.com/,unreachable_after_3_attempts,0,,3,0,,"attempt 1: <urlopen error [Errno 8] nodename nor servname provided, or not known> | attempt 2: <urlopen error [Errno 8] nodename nor servname provided, or not known> | attempt 3: <urlopen error [Errno 8] nodename nor servname provided, or not known>",canonical:115:Jot & Tittle Farms,,False
https://www.kandmroses.com/,reachable,206,https://www.kandmroses.com/,1,0.078,032a2906cc949ec39769cc9946278ac1ca357b55749ee5be6278bee29906917a,,ms_staging:131:K and M Nursery,,False
https://www.kengro.com,reachable,200,https://www.kengro.com,1,0.101,f4c8ba324402f94bdd8ed7eb6783beabed81bb0be050495cfeeec4706fa72206,,ms_staging:133:Kengro Corporation,,False
https://www.kingbeehoney2572.com,unreachable_after_3_attempts,0,,3,0,,"attempt 1: <urlopen error [Errno 8] nodename nor servname provided, or not known> | attempt 2: <urlopen error [Errno 8] nodename nor servname provided, or not known> | attempt 3: <urlopen error [Errno 8] nodename nor servname provided, or not known>",ms_staging:134:Kingbeehoney,,False
https://www.laterrefarms.com,reachable,200,https://www.laterrefarms.com,1,1.068,44fce396423182493ad3b5900f2ea4a54e6824fc517b74a0e17e9293637b7719,,ms_staging:136:La Terre Farms,,False
https://www.lazy-acres.com,reachable,200,https://www.lazy-acres.com,1,0.22,3d56a9c8f7d165282e8e1d83a591fe30d707ce09412d3981c0216aff44df1b19,,ms_staging:139:Lazy Acres Farm Fun,,False
https://www.liuzzalandllc.com/,reachable,206,https://www.liuzzalandllc.com/,1,0.077,9cec5de728a431d1e070a1d08522783e4c4fecfde7bc8d09f7864dd31bf2ef0e,,canonical:145:Liuzza Produce Farm,,False
https://www.mississippibeefbros.com/,reachable,206,https://www.mississippibeefbros.com/,1,0.075,21d986c85828ba9a4a810b72722003b9b4bd9a1032980ec963bc760ac5a178b6,,ms_staging:156:Mississippi Beef Brothers,,False
https://www.morganfarms22.com,reachable,200,https://www.morganfarms22.com,1,0.539,7336ce5c76046cf44f50c3aecd70ce1ffd55210609a87a6888c8430e74ef228a,,ms_staging:163:Morgan Farms Custom Beef,,False
https://www.morningdewpastures.com,unreachable_after_3_attempts,0,,3,0,,attempt 1: <urlopen error [Errno 61] Connection refused> | attempt 2: <urlopen error [Errno 61] Connection refused> | attempt 3: <urlopen error [Errno 61] Connection refused>,ms_staging:164:Morning Dew Pastures llc,,False
https://www.mspeanut.com,reachable,206,https://mspeanut.com/,1,0.204,6e7e919d9971ce76aeb6879c2edad1af83242704c13455eb3e49a648949a5683,,ms_staging:168:MS PEANUT SUPPLY,,False
https://www.mspoodlesdoodlesandgiants.com/,reachable,200,https://www.mspoodlesdoodlesandgiants.com/,1,1.711,4ba4770aaf351202e4689c6b974dbd5837945317dc83372d77e4dd0cf8fd583c,,ms_staging:159:Mississippi Poodles Doodles and Giants,,False
https://www.olcappy.com,reachable,200,https://olcappy.com/,1,0.562,3d11264019529d684e9e64c86c3505fcf6e83830fd514a0b09fbedadf74aed4f,,ms_staging:176:Ol’ Cappy’s Bee Products,,False
https://www.ourfouracrefarm.com,reachable,200,https://www.ourfouracrefarm.com,1,2.037,78afc81f4c8b12d5a67a719e3dca496bc0656595d6f5ed1be4c988586e39a30e,,ms_staging:177:Our Four Acre Farm,,False
https://www.overflowhoneyco.com/,reachable,206,https://www.overflowhoneyco.com/,1,0.078,ec370a26d82e6c25ed4920a532a83a0cf2f2a2ca888c9b2f4f12bf2a27c26732,,ms_staging:178:Overflow Honey Co.,,False
https://www.pickyourown.org/MSeast.htm,reachable,200,https://www.pickyourown.org/MSeast.htm,1,0.23,3b7c12cdd96c7cfaee1833c425e96685376a61a0fc22844da4bb23c462eb882d,,ms_staging:101:Gatewood Blueberry Farm | ms_staging:123:Hope Fruit and Berry Farm | ms_staging:140:Lazy Acres Plantation | ms_staging:141:Lazy U Farm | ms_staging:17:B & W Orchard | ms_staging:190:Plow Horse Produce | ms_staging:198:Reese Orchard | ms_staging:201:Ricky Joe's Farm | ms_staging:204:Rowell Farms | ms_staging:236:The Blueberry Patch,,False
https://www.pickyourown.org/MSjackson.htm,reachable,200,https://www.pickyourown.org/MSjackson.htm,1,0.21,810235141c72446f64612061f96e3d3033ae7aa41d52e50dc452934ffd28a50b,,ms_staging:184:Pecan Hill Farms | ms_staging:38:Blueberry Hill Canton | ms_staging:39:Blueberry Hill Farm Florence,,False
https://www.pickyourown.org/MSnorth.htm,reachable,200,https://www.pickyourown.org/MSnorth.htm,1,0.191,dddc6595043b18698c2926b700d0a6ddec554bccf234117772e71755b4bc2c8a,,ms_staging:111:Hays Berry Farms | ms_staging:13:Angel Wings Greenhouse | ms_staging:169:Murphree Orchards | ms_staging:173:Nesbit Blueberry Plantation | ms_staging:191:Pontotoc Blueberry Ridge | ms_staging:193:Pumpkin Patch Farms | ms_staging:200:Richard Williamson's Blueberry Farm | ms_staging:24:Beaver-Dam Fresh Farms Inc | ms_staging:52:Burris Farms U-Pick | ms_staging:57:Cedar Hill Farm | ms_staging:62:Cherry Creek Orchards,,False
https://www.pickyourown.org/MSse.htm,reachable,200,https://www.pickyourown.org/MSse.htm,1,0.17,3cfaf7ff8534e854bfc10f2756b3b458ec15009014dd8d241e3fe10885db8e9e,,"ms_staging:11:Amber's Blueberry Farm | ms_staging:124:Humphrey Farms | ms_staging:126:J & D Farms | ms_staging:135:Kuska Paku Alpaca Farm - South Mississippi Alpacas | ms_staging:161:Mitchell Farms | ms_staging:182:Pearl River Blues Berry Farm | ms_staging:187:Picayune Blueberry Farm | ms_staging:188:Pine Valley Farms | ms_staging:207:Sandy Run Farm | ms_staging:211:Sawyer Farms | ms_staging:227:Spring Lake Berry Farm | ms_staging:243:Thornhill Farms | ms_staging:32:Blue Barn Farms | ms_staging:35:Blue Tara Organic PYO Blueberry Farm | ms_staging:36:Blueberry Bluephoria at Toft Farms | ms_staging:37:Blueberry Heaven | ms_staging:41:Blueberry Ridge | ms_staging:44:Bounds Blueberry Farm | ms_staging:59:Charlie’s U-Pik | ms_staging:60:Charlie's U-Pik Wiggins | ms_staging:63:Chicora Organic Farm | ms_staging:75:Dabbs Farm | ms_staging:76:Dannemann Farm, LLC",,False
https://www.pickyourown.org/MSsw.htm,reachable,200,https://www.pickyourown.org/MSsw.htm,1,0.134,ddff3cbdcaa36b3c8c6bf78e4334778edcef88154762f30e5973a17fae2294a7,,ms_staging:61:Chatawa Farms | ms_staging:93:First Fruits Farm,,False
https://www.provostfarm.org,reachable,206,https://www.provostfarm.org,1,0.072,17e7ae6575735ea1f2a96e42ab29d365a1f8d5ee81a120fa1f909122969fb684,,canonical:78:Provost Farm,,False
https://www.riverqueengreens.com,reachable,206,https://www.riverqueengreens.com,1,0.168,60ff4aae442d04763f32629554ed1b2d16b6c8fb94c7a2218071976c72e0dce1,,canonical:30:River Queen Greens,,False
https://www.riversgreenhouseandgarden.com/,reachable,206,https://www.riversgreenhouseandgarden.com/,1,2.552,02e5c4953a3d0d28267c616eb9dbcbd1c8d8be1c348be34ff31fc762951ea4e4,,ms_staging:203:Rivers Plant Farm and Nusery,,False
https://www.rosewagonranch.com/,reachable,200,https://www.rosewagonranch.com/,1,0.1,2edaab25dfe04e1412a9814120999720f4626f9bc3e895a4dc96a6c5e1ec3c86,,canonical:22:Rose Wagon Ranch,,False
https://www.saladdaysproduce.com,reachable,206,https://saladdaysproduce.com/,1,0.152,c8bf25703b6be91fdad8d157a9914c48440ac9a049ac69e4d658bf3c2610f809,,canonical:106:Salad Days | ms_staging:206:Salad Days,,False
https://www.shadegrovefarmmarket.com,unreachable_after_3_attempts,0,,3,0,,"attempt 1: <urlopen error [Errno 8] nodename nor servname provided, or not known> | attempt 2: <urlopen error [Errno 8] nodename nor servname provided, or not known> | attempt 3: <urlopen error [Errno 8] nodename nor servname provided, or not known>",canonical:96:Shaded Grove Farm Market | ms_staging:215:Shaded Grove Farm Market,,False
https://www.shadyacresms.com,reachable,200,https://www.shadyacresms.com,1,0.159,1b115e115a612add6323b52a0d96d1e8175157e3f03f29aaf6b8a830065aaa03,,ms_staging:216:Shady Acres Farm,,False
https://www.shookcreekfarm.com,reachable,200,https://shookcreekfarm.com/,1,0.284,1f021d0442d083da3ce6fd772e2e6bc6e7399bc16e5f6326f0ff1d9b978e04a2,,ms_staging:217:Shook Creek Farm,,False
https://www.sixmilefarmsllc.com/,reachable,206,https://www.sixmilefarmsllc.com/,1,0.165,458a0f3e48bb227a3ec133e1c71689a1ce892e25453ea0a8162319cafd5bd0bc,,ms_staging:222:Six Mile Farms LLC,,False
https://www.smithhoneyfarm.com/,reachable,200,https://www.smithhoneyfarm.com/,1,1.453,4b5ccff498656bbeeec7de783c1a4afe40fce816e1174ff11da7e67e60c224bb,,ms_staging:223:Smith’s Honey Farm LLC,,False
https://www.southerncrosscattle.com/,unreachable_after_3_attempts,0,,3,0,,"attempt 1: <urlopen error [Errno 8] nodename nor servname provided, or not known> | attempt 2: <urlopen error [Errno 8] nodename nor servname provided, or not known> | attempt 3: <urlopen error [Errno 8] nodename nor servname provided, or not known>",ms_staging:224:Southern Cross Farm,,False
https://www.southernprairiepetfood.com,reachable,200,https://www.southernprairiepetfood.com,1,0.689,147ddcb115b485416ceb106d2b83cc3d4968c06f46f4aac57aff5719ad6df966,,ms_staging:225:Southern Prairie Pet Food,,False
https://www.sproutnolafarm.org/,reachable,206,https://www.sproutnolafarm.org/,1,0.078,2e8da00a14f1df852f608f7a93adc105ed0fe5271b295f91c447d3a012d22f4c,,canonical:6:Sprout NOLA,,False
https://www.sugarrootsfarm.org/,reachable,206,https://www.sugarrootsfarm.org/,1,0.073,98bd08f6ed8ff90daa93fe569dbe656dc2440250e43f7a9bab24bafc2106063f,,canonical:124:Sugar Roots Farm,,False
https://www.tcgrowers.com/,reachable,200,https://www.tcgrowers.com/,1,0.103,6dc9c7fc93bb488bb0520a6c780a8d3c0fb5486a4711aca49b4c53fac7393023,,ms_staging:245:Tippah County Growers Inc.,,False
https://www.thefivecent.com,unreachable_after_3_attempts,0,,3,0,,attempt 1: <urlopen error [SSL: UNEXPECTED_EOF_WHILE_READING] EOF occurred in violation of protocol (_ssl.c:1032)> | attempt 2: <urlopen error [SSL: UNEXPECTED_EOF_WHILE_READING] EOF occurred in violation of protocol (_ssl.c:1032)> | attempt 3: <urlopen error [SSL: UNEXPECTED_EOF_WHILE_READING] EOF occurred in violation of protocol (_ssl.c:1032)>,ms_staging:238:The Five Cent™,,False
https://www.thewallsproject.org/batonroots,reachable,200,https://www.thewallsproject.org/batonroots,1,2.656,fc6c10231bb8cec95004ddd0e00f2fb58db7e40cfffdde822241b150df723dcc,,canonical:116:Baton Roots Community Farm,,False
https://www.twelve2farm.com,reachable,206,https://www.twelve2farm.com,1,0.073,9ecff2d7b9b363be8418eb4e9b638b388261bb206aba4e119e740d6f7b6f7f8a,,canonical:301:Twelve2 Farm | ms_staging:246:Twelve2 Farm,,False
https://www.twistedpinesquailfarm.com,reachable,200,https://twistedpinesquailfarm.com/,1,0.3,eb0559cc1285bfb5e28604bcca141fe90c3d67db5eb65f35d009f077c6c7bc88,,"ms_staging:247:Twisted Pines Quail Farm, LLC",,False
https://www.williamsfamilyfarms-ms.com,reachable,206,https://www.williamsfamilyfarms-ms.com,1,0.177,bf2f582bfc8a5d46ac9c2c9dd9b8d11d8cf38df894ca70aafd0de9c1820c8c6c,,ms_staging:257:Williams Family Farms,,False
https://www.windsorfarms.us,reachable,200,https://www.windsorfarms.us,1,1.179,70e029be228e6999698c85d66b3c8e81d75c936fc06312baa24a95484e676a39,,canonical:300:Windsor Farms | ms_staging:258:Windsor Farms,,False
https://www.wisefamilyfarm.com/,reachable,200,https://www.wisefamilyfarm.com/,1,0.204,b8480934d0ef43b5c6924e5f3ef12fc40a80d50f5b74aba58726a97c60b7f5b2,,ms_staging:259:Wise Family Farm,,False
https://www.wscattleco.com/,unreachable_after_3_attempts,0,,3,0,,"attempt 1: <urlopen error [SSL: CERTIFICATE_VERIFY_FAILED] certificate verify failed: Hostname mismatch, certificate is not valid for 'www.wscattleco.com'. (_ssl.c:1032)> | attempt 2: <urlopen error [SSL: CERTIFICATE_VERIFY_FAILED] certificate verify failed: Hostname mismatch, certificate is not valid for 'www.wscattleco.com'. (_ssl.c:1032)> | attempt 3: <urlopen error [SSL: CERTIFICATE_VERIFY_FAILED] certificate verify failed: Hostname mismatch, certificate is not valid for 'www.wscattleco.com'. (_ssl.c:1032)>",canonical:293:WS Cattle Co. | ms_staging:260:WS Cattle Co.,,False
