entity_id,farm_name,county,issue_type,issue_detail,recommended_action,status
TX-2C26B70962,2E'S Farm,Lubbock,promotion_blocker,products or farm activity missing,Verify with a farm-owned or current official source; do not publish until resolved.,open
TX-95BDFE8E22,44 Farms,Milam,promotion_blocker,single grade-E discovery listing needs corroboration; member/vendor directory candidate needs independent farm-operation evidence,Verify with a farm-owned or current official source; do not publish until resolved.,open
TX-E4FED56808,4G Reyes Farms,Atascosa,promotion_blocker,single grade-E discovery listing needs corroboration,Verify with a farm-owned or current official source; do not publish until resolved.,open
TX-77C8F678C2,4K River Ranch,,promotion_blocker,county missing; single grade-E discovery listing needs corroboration,Verify with a farm-owned or current official source; do not publish until resolved.,open
TX-7721EA2067,5N Farm,Mitchell,promotion_blocker,single grade-E discovery listing needs corroboration,Verify with a farm-owned or current official source; do not publish until resolved.,open
TX-6C042ADD3E,6195 fm 515,Wood,promotion_blocker,single grade-E discovery listing needs corroboration,Verify with a farm-owned or current official source; do not publish until resolved.,open
TX-95BDA55F6D,7L Farm,Terrell,promotion_blocker,single grade-E discovery listing needs corroboration,Verify with a farm-owned or current official source; do not publish until resolved.,open
TX-C1A5E629BB,A Garden in Every Home,Bandera,promotion_blocker,single grade-E discovery listing needs corroboration,Verify with a farm-owned or current official source; do not publish until resolved.,open
TX-9003DD0390,Aboud Family Farm,Bell,promotion_blocker,single grade-E discovery listing needs corroboration,Verify with a farm-owned or current official source; do not publish until resolved.,open
TX-CEEE2EC729,Acacia Farms Growing in Harmony with Nature,Cameron,promotion_blocker,single grade-E discovery listing needs corroboration,Verify with a farm-owned or current official source; do not publish until resolved.,open
TX-5D4C7A0D27,Acadian Family Farm LLC,,promotion_blocker,county missing; city or safe public service area missing; single grade-E discovery listing needs corroboration,Verify with a farm-owned or current official source; do not publish until resolved.,open
TX-AA602A323C,Acres of Harmony,Cameron,promotion_blocker,products or farm activity missing,Verify with a farm-owned or current official source; do not publish until resolved.,open
TX-4314B625E7,Ahimsa Farm,Kendall,promotion_blocker,single grade-E discovery listing needs corroboration,Verify with a farm-owned or current official source; do not publish until resolved.,open
TX-8EE6C3B736,Alaiyo Farm,,promotion_blocker,county missing; single grade-E discovery listing needs corroboration,Verify with a farm-owned or current official source; do not publish until resolved.,open
TX-82008F8CDC,Alexander Blueberry Farms,Panola,promotion_blocker,single grade-E discovery listing needs corroboration,Verify with a farm-owned or current official source; do not publish until resolved.,open
TX-4BFF18354F,Alford Family Farm,Rains,promotion_blocker,single grade-E discovery listing needs corroboration,Verify with a farm-owned or current official source; do not publish until resolved.,open
TX-69B9F9BC36,All Hale Meats LLC,Lubbock,promotion_blocker,single grade-E discovery listing needs corroboration; member/vendor directory candidate needs independent farm-operation evidence,Verify with a farm-owned or current official source; do not publish until resolved.,open
TX-0ACC5BC283,Allison Acres,Calhoun,promotion_blocker,single grade-E discovery listing needs corroboration,Verify with a farm-owned or current official source; do not publish until resolved.,open
TX-7C959E2B1B,Amaru Farms & Events,Williamson,promotion_blocker,member/vendor directory candidate needs independent farm-operation evidence,Verify with a farm-owned or current official source; do not publish until resolved.,open
TX-5BA7FFEF0F,Anderson Family Farms,Bowie,promotion_blocker,single grade-E discovery listing needs corroboration,Verify with a farm-owned or current official source; do not publish until resolved.,open
TX-084C103234,Angelica Farms,Angelina,promotion_blocker,single grade-E discovery listing needs corroboration,Verify with a farm-owned or current official source; do not publish until resolved.,open
TX-5A1CBAC40B,Apple Valley Orchard,Llano,promotion_blocker,single grade-E discovery listing needs corroboration,Verify with a farm-owned or current official source; do not publish until resolved.,open
TX-1339CA9211,April Homestead,Johnson,promotion_blocker,products or farm activity missing,Verify with a farm-owned or current official source; do not publish until resolved.,open
TX-189753C66A,ARTillery Avenue Farm,Hill,promotion_blocker,products or farm activity missing,Verify with a farm-owned or current official source; do not publish until resolved.,open
TX-4156F4D25A,Atkinson Farm,Harris,promotion_blocker,single grade-E discovery listing needs corroboration,Verify with a farm-owned or current official source; do not publish until resolved.,open
TX-0B592915A7,Augustus Ranch,,promotion_blocker,county missing; single grade-E discovery listing needs corroboration,Verify with a farm-owned or current official source; do not publish until resolved.,open
TX-31C42484E8,Austin Community College: Elgin Farm-Stand,Travis,promotion_blocker,products or farm activity missing,Verify with a farm-owned or current official source; do not publish until resolved.,open
TX-1C9F6DCFD2,B&M Farms,Hardin,promotion_blocker,single grade-E discovery listing needs corroboration,Verify with a farm-owned or current official source; do not publish until resolved.,open
TX-B9BEE9B055,B&M Farms Blueberry Patch,Hardin,promotion_blocker,single grade-E discovery listing needs corroboration,Verify with a farm-owned or current official source; do not publish until resolved.,open
TX-CDC4907E9F,Back to the Garden Farm,Live Oak,promotion_blocker,member/vendor directory candidate needs independent farm-operation evidence,Verify with a farm-owned or current official source; do not publish until resolved.,open
TX-6D45721334,Baker’s Acres,Bell,promotion_blocker,member/vendor directory candidate needs independent farm-operation evidence,Verify with a farm-owned or current official source; do not publish until resolved.,open
TX-E1E64AF099,Bar W Ranch Beef,Robertson,promotion_blocker,single grade-E discovery listing needs corroboration,Verify with a farm-owned or current official source; do not publish until resolved.,open
TX-4A12F9159C,Barnard Beef,McLennan,promotion_blocker,single grade-E discovery listing needs corroboration; member/vendor directory candidate needs independent farm-operation evidence,Verify with a farm-owned or current official source; do not publish until resolved.,open
TX-51656E950E,Barron's Blueberries,Smith,promotion_blocker,single grade-E discovery listing needs corroboration,Verify with a farm-owned or current official source; do not publish until resolved.,open
TX-B9AD6AF8BD,Barton Beef,Nacogdoches,promotion_blocker,single grade-E discovery listing needs corroboration; member/vendor directory candidate needs independent farm-operation evidence,Verify with a farm-owned or current official source; do not publish until resolved.,open
TX-A398E8F9BE,BCS Chicken,Burleson,promotion_blocker,products or farm activity missing,Verify with a farm-owned or current official source; do not publish until resolved.,open
TX-10D25B825C,beatycattle,Comanche,promotion_blocker,member/vendor directory candidate needs independent farm-operation evidence,Verify with a farm-owned or current official source; do not publish until resolved.,open
TX-AC17575D81,Beauty's Community Garden,Harris,promotion_blocker,member/vendor directory candidate needs independent farm-operation evidence,Verify with a farm-owned or current official source; do not publish until resolved.,open
TX-CF0842905A,Bee Space Apiaries,,promotion_blocker,county missing,Verify with a farm-owned or current official source; do not publish until resolved.,open
TX-0AC50509AB,Bellaire Honey Company,Harris,promotion_blocker,single grade-E discovery listing needs corroboration,Verify with a farm-owned or current official source; do not publish until resolved.,open
TX-9EBC5FC91B,Bellecreek Farm,Brazoria,promotion_blocker,single grade-E discovery listing needs corroboration,Verify with a farm-owned or current official source; do not publish until resolved.,open
TX-504D8EA42B,Belnap Creek Farm,Hill,promotion_blocker,member/vendor directory candidate needs independent farm-operation evidence,Verify with a farm-owned or current official source; do not publish until resolved.,open
TX-82E46CA3A6,Berryland Farms of Texas,Chambers,promotion_blocker,single grade-E discovery listing needs corroboration,Verify with a farm-owned or current official source; do not publish until resolved.,open
TX-6000D8AE0B,Bertschy Cattle Co.,Parker,promotion_blocker,member/vendor directory candidate needs independent farm-operation evidence,Verify with a farm-owned or current official source; do not publish until resolved.,open
TX-01E02B3427,BH Livestock,Liberty,promotion_blocker,single grade-E discovery listing needs corroboration,Verify with a farm-owned or current official source; do not publish until resolved.,open
TX-8128146D3A,Big G Wagyu Beef,Hill,promotion_blocker,single grade-E discovery listing needs corroboration,Verify with a farm-owned or current official source; do not publish until resolved.,open
TX-E3CF4DB14B,Big Oaks Ranch,,promotion_blocker,county missing,Verify with a farm-owned or current official source; do not publish until resolved.,open
TX-9915078792,Big Stars Farm,Taylor,promotion_blocker,single grade-E discovery listing needs corroboration,Verify with a farm-owned or current official source; do not publish until resolved.,open
TX-ABF944E442,Big Tree Oyster Company,Aransas,promotion_blocker,products or farm activity missing,Verify with a farm-owned or current official source; do not publish until resolved.,open
TX-875F572700,Bius Berry Farms,Walker,promotion_blocker,single grade-E discovery listing needs corroboration,Verify with a farm-owned or current official source; do not publish until resolved.,open
TX-EF9E92EEA9,Blackjack Point Oyster Company,Aransas,promotion_blocker,products or farm activity missing,Verify with a farm-owned or current official source; do not publish until resolved.,open
TX-C20628F119,Blackland Berry Farm,Rockwall,promotion_blocker,single grade-E discovery listing needs corroboration,Verify with a farm-owned or current official source; do not publish until resolved.,open
TX-3E9D31129B,Blakelock's Berries,Montgomery,promotion_blocker,single grade-E discovery listing needs corroboration,Verify with a farm-owned or current official source; do not publish until resolved.,open
TX-1AB814546B,Blase Family Farm,Rockwall,promotion_blocker,single grade-E discovery listing needs corroboration,Verify with a farm-owned or current official source; do not publish until resolved.,open
TX-D1B7A1F60F,Blessington Farms,Fort Bend,promotion_blocker,single grade-E discovery listing needs corroboration,Verify with a farm-owned or current official source; do not publish until resolved.,open
TX-ADB79615D6,Bloomer's Garden & Wildflower Farm,Grayson,promotion_blocker,single grade-E discovery listing needs corroboration,Verify with a farm-owned or current official source; do not publish until resolved.,open
TX-4064A33A5E,Blue Jay Dairy,Erath,promotion_blocker,single grade-E discovery listing needs corroboration; member/vendor directory candidate needs independent farm-operation evidence,Verify with a farm-owned or current official source; do not publish until resolved.,open
TX-EECE037FC8,Blueberry Farm,Van Zandt,promotion_blocker,single grade-E discovery listing needs corroboration,Verify with a farm-owned or current official source; do not publish until resolved.,open
TX-DFA5D9E675,Blueberry Farms,Nacogdoches,promotion_blocker,single grade-E discovery listing needs corroboration,Verify with a farm-owned or current official source; do not publish until resolved.,open
TX-8ED3FF76AE,"Blueberry Hill Farms, Inc.",Van Zandt,promotion_blocker,single grade-E discovery listing needs corroboration,Verify with a farm-owned or current official source; do not publish until resolved.,open
TX-6DC5C570F0,Blueberry Ridge Farm Bed and Breakfast,Wood,promotion_blocker,single grade-E discovery listing needs corroboration,Verify with a farm-owned or current official source; do not publish until resolved.,open
TX-A06A5B17AC,Bluebonnet Meat Company,,promotion_blocker,county missing; single grade-E discovery listing needs corroboration; member/vendor directory candidate needs independent farm-operation evidence,Verify with a farm-owned or current official source; do not publish until resolved.,open
TX-EE56DC285D,Bob's Garden,,promotion_blocker,county missing; city or safe public service area missing; single grade-E discovery listing needs corroboration,Verify with a farm-owned or current official source; do not publish until resolved.,open
TX-AE89D438CD,Boenig Pecans,Guadalupe,promotion_blocker,single grade-E discovery listing needs corroboration,Verify with a farm-owned or current official source; do not publish until resolved.,open
TX-583923F81A,Boomtown Farm Dairy,Wichita,promotion_blocker,single grade-E discovery listing needs corroboration,Verify with a farm-owned or current official source; do not publish until resolved.,open
TX-746D0E524C,Brahman Country Beef LLC,Wharton,promotion_blocker,single grade-E discovery listing needs corroboration; member/vendor directory candidate needs independent farm-operation evidence,Verify with a farm-owned or current official source; do not publish until resolved.,open
TX-5814763B1F,Brandedmeatmarket,Limestone,promotion_blocker,member/vendor directory candidate needs independent farm-operation evidence,Verify with a farm-owned or current official source; do not publish until resolved.,open
TX-14E44A6B99,Briarhill Farms,,promotion_blocker,county missing; city or safe public service area missing; single grade-E discovery listing needs corroboration,Verify with a farm-owned or current official source; do not publish until resolved.,open
TX-AD9EC71E06,Broken B Ranch,,promotion_blocker,county missing; single grade-E discovery listing needs corroboration,Verify with a farm-owned or current official source; do not publish until resolved.,open
TX-81431F8FB7,Broken Chalice Farm,Van Zandt,promotion_blocker,single grade-E discovery listing needs corroboration,Verify with a farm-owned or current official source; do not publish until resolved.,open
TX-7A2F11E103,Brookshire Farm,,promotion_blocker,county missing; city or safe public service area missing; single grade-E discovery listing needs corroboration,Verify with a farm-owned or current official source; do not publish until resolved.,open
TX-9F29018852,Brown's Berry Farm,Jasper,promotion_blocker,city or safe public service area missing; single grade-E discovery listing needs corroboration,Verify with a farm-owned or current official source; do not publish until resolved.,open
TX-427A04B6E8,Brownwood Area Farmers Market CSA Group,Brown,promotion_blocker,single grade-E discovery listing needs corroboration,Verify with a farm-owned or current official source; do not publish until resolved.,open
TX-F9A11CDD21,BSH Farms,Grayson,promotion_blocker,single grade-E discovery listing needs corroboration,Verify with a farm-owned or current official source; do not publish until resolved.,open
TX-376A172177,Buck Creek Land & Cattle,Cottle,promotion_blocker,single grade-E discovery listing needs corroboration,Verify with a farm-owned or current official source; do not publish until resolved.,open
TX-F83A077C44,Buena Tierra,,promotion_blocker,county missing; single grade-E discovery listing needs corroboration; member/vendor directory candidate needs independent farm-operation evidence,Verify with a farm-owned or current official source; do not publish until resolved.,open
TX-8050DD7B4E,Buena Vida Locally Sourced Market,Hidalgo,promotion_blocker,member/vendor directory candidate needs independent farm-operation evidence,Verify with a farm-owned or current official source; do not publish until resolved.,open
TX-15B082CC5C,Buffalo Dream Ranch & Services,,promotion_blocker,county missing; city or safe public service area missing; single grade-E discovery listing needs corroboration,Verify with a farm-owned or current official source; do not publish until resolved.,open
TX-A3D6BDFF97,Bundick Ranch,Jefferson,promotion_blocker,single grade-E discovery listing needs corroboration,Verify with a farm-owned or current official source; do not publish until resolved.,open
TX-E68A26707B,Burgod Brothers Ranch&Farm,San Patricio,promotion_blocker,single grade-E discovery listing needs corroboration,Verify with a farm-owned or current official source; do not publish until resolved.,open
TX-211F7DE07F,Busta Molina Farms,Atascosa,promotion_blocker,city or safe public service area missing; single grade-E discovery listing needs corroboration,Verify with a farm-owned or current official source; do not publish until resolved.,open
TX-0DF2B2E83D,Buster Lind,Hidalgo,promotion_blocker,single grade-E discovery listing needs corroboration; member/vendor directory candidate needs independent farm-operation evidence,Verify with a farm-owned or current official source; do not publish until resolved.,open
TX-DABE2DB1D7,Buster's Chickens,Brazoria,promotion_blocker,single grade-E discovery listing needs corroboration,Verify with a farm-owned or current official source; do not publish until resolved.,open
TX-7F41DB00B3,ButterCups patch,Jasper,promotion_blocker,single grade-E discovery listing needs corroboration,Verify with a farm-owned or current official source; do not publish until resolved.,open
TX-D7E8826AC6,C91 Ranches,Atascosa,promotion_blocker,member/vendor directory candidate needs independent farm-operation evidence,Verify with a farm-owned or current official source; do not publish until resolved.,open
TX-D8343D0222,Calico Fresh Market,Montgomery,promotion_blocker,single grade-E discovery listing needs corroboration,Verify with a farm-owned or current official source; do not publish until resolved.,open
TX-6CF79FDCE7,Caliente Acres,Zavala,promotion_blocker,single grade-E discovery listing needs corroboration,Verify with a farm-owned or current official source; do not publish until resolved.,open
TX-0786637EA1,Camp Cowboy,Bell,promotion_blocker,products or farm activity missing,Verify with a farm-owned or current official source; do not publish until resolved.,open
TX-FF2AB592B3,Canyon Valley Provisions LLC,Garza,promotion_blocker,single grade-E discovery listing needs corroboration; member/vendor directory candidate needs independent farm-operation evidence,Verify with a farm-owned or current official source; do not publish until resolved.,open
TX-88F96C8E57,Caprock Farms,,promotion_blocker,county missing; city or safe public service area missing; single grade-E discovery listing needs corroboration,Verify with a farm-owned or current official source; do not publish until resolved.,open
TX-5058CDF387,Cargil Farms Produce,Uvalde,promotion_blocker,single grade-E discovery listing needs corroboration; member/vendor directory candidate needs independent farm-operation evidence,Verify with a farm-owned or current official source; do not publish until resolved.,open
TX-BC3BA7D660,Carney Cattle Ranch,Grayson,promotion_blocker,single grade-E discovery listing needs corroboration; member/vendor directory candidate needs independent farm-operation evidence,Verify with a farm-owned or current official source; do not publish until resolved.,open
TX-CAA1C89DD5,Carrington Hill Garden and Farm,Upshur,promotion_blocker,member/vendor directory candidate needs independent farm-operation evidence,Verify with a farm-owned or current official source; do not publish until resolved.,open
TX-E3637F7C7B,Castro Family Farm,Randall,promotion_blocker,single grade-E discovery listing needs corroboration,Verify with a farm-owned or current official source; do not publish until resolved.,open
TX-857F758050,Cattlemen's Beef Company,Uvalde,promotion_blocker,single grade-E discovery listing needs corroboration; member/vendor directory candidate needs independent farm-operation evidence,Verify with a farm-owned or current official source; do not publish until resolved.,open
TX-D090C4306B,Cattleproof,Denton,promotion_blocker,products or farm activity missing,Verify with a farm-owned or current official source; do not publish until resolved.,open
TX-1620D46198,CD&J Mini Ranch,Cameron,promotion_blocker,single grade-E discovery listing needs corroboration,Verify with a farm-owned or current official source; do not publish until resolved.,open
TX-E7208B1D80,Celestine Gardens,Galveston,promotion_blocker,single grade-E discovery listing needs corroboration,Verify with a farm-owned or current official source; do not publish until resolved.,open
TX-F39F1F9B30,Chandler Family Farm,Henderson,promotion_blocker,products or farm activity missing,Verify with a farm-owned or current official source; do not publish until resolved.,open
TX-A02187ED85,Chapman 3C Cattle Company,Hamilton,promotion_blocker,single grade-E discovery listing needs corroboration,Verify with a farm-owned or current official source; do not publish until resolved.,open
TX-95E526F30A,ChefPax Microgreens,Travis,promotion_blocker,member/vendor directory candidate needs independent farm-operation evidence,Verify with a farm-owned or current official source; do not publish until resolved.,open
TX-16F8E0A926,Childress Agricultural Enterprises,Callahan,promotion_blocker,single grade-E discovery listing needs corroboration,Verify with a farm-owned or current official source; do not publish until resolved.,open
TX-AF1A252570,Chuco Town Farm,El Paso,promotion_blocker,member/vendor directory candidate needs independent farm-operation evidence,Verify with a farm-owned or current official source; do not publish until resolved.,open
TX-738BEA1DB4,Cimarron Organics,,promotion_blocker,county missing; single grade-E discovery listing needs corroboration,Verify with a farm-owned or current official source; do not publish until resolved.,open
TX-4E141DA5F9,Circle B Ranch,Childress,promotion_blocker,single grade-E discovery listing needs corroboration,Verify with a farm-owned or current official source; do not publish until resolved.,open
TX-11C766ACE0,Circle M Eggs - Alvin Texas,Brazoria,promotion_blocker,single grade-E discovery listing needs corroboration,Verify with a farm-owned or current official source; do not publish until resolved.,open
TX-CD9052C741,Circle T Ranch,DeWitt,promotion_blocker,single grade-E discovery listing needs corroboration,Verify with a farm-owned or current official source; do not publish until resolved.,open
TX-A01CC4281D,Come April Farm,,promotion_blocker,county missing; city or safe public service area missing; single grade-E discovery listing needs corroboration,Verify with a farm-owned or current official source; do not publish until resolved.,open
TX-CECED034C4,Comeback Creek Farm,Camp,promotion_blocker,single grade-E discovery listing needs corroboration,Verify with a farm-owned or current official source; do not publish until resolved.,open
TX-34B649C879,Conundrum Farms,Tarrant,promotion_blocker,member/vendor directory candidate needs independent farm-operation evidence,Verify with a farm-owned or current official source; do not publish until resolved.,open
TX-8F3ABF9420,Cook Peach Farm,Cherokee,promotion_blocker,single grade-E discovery listing needs corroboration,Verify with a farm-owned or current official source; do not publish until resolved.,open
TX-C6CD7E3DC7,Cottonwood Springs Ranch,,promotion_blocker,county missing; city or safe public service area missing; single grade-E discovery listing needs corroboration,Verify with a farm-owned or current official source; do not publish until resolved.,open
TX-1FE439818A,Countyline Organic Vegetables,Karnes,promotion_blocker,single grade-E discovery listing needs corroboration,Verify with a farm-owned or current official source; do not publish until resolved.,open
TX-3D7989349E,Crispin Grass-Fed Beef,,promotion_blocker,county missing; city or safe public service area missing; single grade-E discovery listing needs corroboration,Verify with a farm-owned or current official source; do not publish until resolved.,open
TX-21EA147A64,Cross Farms,Trinity,promotion_blocker,single grade-E discovery listing needs corroboration,Verify with a farm-owned or current official source; do not publish until resolved.,open
TX-03215D2CFD,Cross Roads Ranch,Callahan,promotion_blocker,single grade-E discovery listing needs corroboration,Verify with a farm-owned or current official source; do not publish until resolved.,open
TX-EC137F13F4,"CVH Farms, LLC",Chambers,promotion_blocker,member/vendor directory candidate needs independent farm-operation evidence,Verify with a farm-owned or current official source; do not publish until resolved.,open
TX-9CB49F9047,Dale Family Farms,,promotion_blocker,county missing; city or safe public service area missing; single grade-E discovery listing needs corroboration,Verify with a farm-owned or current official source; do not publish until resolved.,open
TX-BAA2198F11,Daniel's Farm/Ranch,,promotion_blocker,county missing; single grade-E discovery listing needs corroboration,Verify with a farm-owned or current official source; do not publish until resolved.,open
TX-C397B4CB81,Dark Water Ranch,,promotion_blocker,county missing; city or safe public service area missing; single grade-E discovery listing needs corroboration,Verify with a farm-owned or current official source; do not publish until resolved.,open
TX-F86DC2D2F3,Dautobi Acres,,promotion_blocker,county missing,Verify with a farm-owned or current official source; do not publish until resolved.,open
TX-DD98D25CD9,Dave's Seeds and Plants,Lubbock,promotion_blocker,single grade-E discovery listing needs corroboration,Verify with a farm-owned or current official source; do not publish until resolved.,open
TX-6C6B7B783D,Davis 20 Beef,Clay,promotion_blocker,single grade-E discovery listing needs corroboration; member/vendor directory candidate needs independent farm-operation evidence,Verify with a farm-owned or current official source; do not publish until resolved.,open
TX-F4681CA01D,Desert Micro,,promotion_blocker,county missing; city or safe public service area missing; single grade-E discovery listing needs corroboration,Verify with a farm-owned or current official source; do not publish until resolved.,open
TX-D420DE29B5,Desert Micro - Organic Microgreens,,promotion_blocker,county missing; city or safe public service area missing; single grade-E discovery listing needs corroboration,Verify with a farm-owned or current official source; do not publish until resolved.,open
TX-80E3C572B7,Devils River Lamb,Val Verde,promotion_blocker,single grade-E discovery listing needs corroboration,Verify with a farm-owned or current official source; do not publish until resolved.,open
TX-114643DC93,DeZavala Vineyard,Robertson,promotion_blocker,single grade-E discovery listing needs corroboration,Verify with a farm-owned or current official source; do not publish until resolved.,open
TX-2A6F186A7A,Direct Source Meats,,promotion_blocker,county missing; single grade-E discovery listing needs corroboration; member/vendor directory candidate needs independent farm-operation evidence,Verify with a farm-owned or current official source; do not publish until resolved.,open
TX-73169E4F45,Dixie Chickens,,promotion_blocker,county missing; city or safe public service area missing; single grade-E discovery listing needs corroboration,Verify with a farm-owned or current official source; do not publish until resolved.,open
TX-E25C911228,Dodson Farm,Cherokee,promotion_blocker,city or safe public service area missing; single grade-E discovery listing needs corroboration,Verify with a farm-owned or current official source; do not publish until resolved.,open
TX-075DFDA570,Doguets Rice Milling,Jefferson,promotion_blocker,single grade-E discovery listing needs corroboration; member/vendor directory candidate needs independent farm-operation evidence,Verify with a farm-owned or current official source; do not publish until resolved.,open
TX-0D38F19133,Donna's Farm,Jefferson,promotion_blocker,single grade-E discovery listing needs corroboration; member/vendor directory candidate needs independent farm-operation evidence,Verify with a farm-owned or current official source; do not publish until resolved.,open
TX-FA6B41B33F,Drains Made Simple,Bexar,promotion_blocker,products or farm activity missing,Verify with a farm-owned or current official source; do not publish until resolved.,open
TX-905991CA0D,Duke & Regan Ranch,San Jacinto,promotion_blocker,single grade-E discovery listing needs corroboration,Verify with a farm-owned or current official source; do not publish until resolved.,open
TX-B81292CF7B,Dusty Creek Ranch,Crane,promotion_blocker,single grade-E discovery listing needs corroboration,Verify with a farm-owned or current official source; do not publish until resolved.,open
TX-52A04CB04F,Dusty Road Farm,,promotion_blocker,county missing; member/vendor directory candidate needs independent farm-operation evidence,Verify with a farm-owned or current official source; do not publish until resolved.,open
TX-F223D4B5B5,Eagle Catcher Farm & Ranch,Cameron,promotion_blocker,single grade-E discovery listing needs corroboration,Verify with a farm-owned or current official source; do not publish until resolved.,open
TX-A2F1194A2E,Echo Springs Blueberry Farm,Henderson,promotion_blocker,single grade-E discovery listing needs corroboration,Verify with a farm-owned or current official source; do not publish until resolved.,open
TX-578A3DFBB9,EclecticAcresFarm,Orange,promotion_blocker,member/vendor directory candidate needs independent farm-operation evidence,Verify with a farm-owned or current official source; do not publish until resolved.,open
TX-3233AD0E2A,Efurd Peach Orchard,Camp,promotion_blocker,single grade-E discovery listing needs corroboration,Verify with a farm-owned or current official source; do not publish until resolved.,open
TX-CB56C7A8D1,EIEIO Organic Farm,Hays,promotion_blocker,member/vendor directory candidate needs independent farm-operation evidence,Verify with a farm-owned or current official source; do not publish until resolved.,open
TX-9E5B2EA6EA,El Coyote Ranch,Sutton,promotion_blocker,single grade-E discovery listing needs corroboration,Verify with a farm-owned or current official source; do not publish until resolved.,open
TX-77913F1C5D,El Pollo Loco Ranch,Jim Wells,promotion_blocker,single grade-E discovery listing needs corroboration,Verify with a farm-owned or current official source; do not publish until resolved.,open
TX-E00EB96BB4,Elisabeth Murphy,,promotion_blocker,county missing; city or safe public service area missing; single grade-E discovery listing needs corroboration,Verify with a farm-owned or current official source; do not publish until resolved.,open
TX-ADD8610683,Elle Farms,Lubbock,promotion_blocker,single grade-E discovery listing needs corroboration,Verify with a farm-owned or current official source; do not publish until resolved.,open
TX-BA10B46A96,England Cattle Company,Hidalgo,promotion_blocker,single grade-E discovery listing needs corroboration; member/vendor directory candidate needs independent farm-operation evidence,Verify with a farm-owned or current official source; do not publish until resolved.,open
TX-5A578ACE77,Everyone Eats Farm,Taylor,promotion_blocker,member/vendor directory candidate needs independent farm-operation evidence,Verify with a farm-owned or current official source; do not publish until resolved.,open
TX-D576A66470,Familias Productores del Valle,Hidalgo,promotion_blocker,single grade-E discovery listing needs corroboration,Verify with a farm-owned or current official source; do not publish until resolved.,open
TX-AB664FC4BA,Family Farm Strawberry and Vegetable Garden,Grimes,promotion_blocker,single grade-E discovery listing needs corroboration,Verify with a farm-owned or current official source; do not publish until resolved.,open
TX-4AB987B48A,Far Out Farm,Houston,promotion_blocker,single grade-E discovery listing needs corroboration,Verify with a farm-owned or current official source; do not publish until resolved.,open
TX-F9876D5843,Ficarro Farms,,promotion_blocker,county missing; single grade-E discovery listing needs corroboration,Verify with a farm-owned or current official source; do not publish until resolved.,open
TX-E46BC81B2F,Fiddlesticks Farms,Midland,promotion_blocker,single grade-E discovery listing needs corroboration,Verify with a farm-owned or current official source; do not publish until resolved.,open
TX-397B6E2F3A,Fifth Branch Farms,Bell,promotion_blocker,single grade-E discovery listing needs corroboration; member/vendor directory candidate needs independent farm-operation evidence,Verify with a farm-owned or current official source; do not publish until resolved.,open
TX-E2F6023C2D,Files Family Farm,Eastland,promotion_blocker,single grade-E discovery listing needs corroboration,Verify with a farm-owned or current official source; do not publish until resolved.,open
TX-0406F18A0F,Finca Tres Robles,Harris,promotion_blocker,single grade-E discovery listing needs corroboration,Verify with a farm-owned or current official source; do not publish until resolved.,open
TX-4516CF40BC,First Earth Farm,Palo Pinto,promotion_blocker,single grade-E discovery listing needs corroboration,Verify with a farm-owned or current official source; do not publish until resolved.,open
TX-E9EC9AA668,Five Cousins' Strawberry Patch,Atascosa,promotion_blocker,single grade-E discovery listing needs corroboration,Verify with a farm-owned or current official source; do not publish until resolved.,open
TX-873A8A4A0C,Five Pines Farm,,promotion_blocker,county missing; city or safe public service area missing; member/vendor directory candidate needs independent farm-operation evidence,Verify with a farm-owned or current official source; do not publish until resolved.,open
TX-177B540DDB,Floating O Farms,Red River,promotion_blocker,member/vendor directory candidate needs independent farm-operation evidence,Verify with a farm-owned or current official source; do not publish until resolved.,open
TX-F53CEECC07,Floriography NM,,promotion_blocker,county missing; city or safe public service area missing; single grade-E discovery listing needs corroboration,Verify with a farm-owned or current official source; do not publish until resolved.,open
TX-B436718AE0,Flower Branch Gardens Daylily Farm,Tyler,promotion_blocker,single grade-E discovery listing needs corroboration,Verify with a farm-owned or current official source; do not publish until resolved.,open
TX-AEA91D4DF2,Flying Y Farms,Martin,promotion_blocker,single grade-E discovery listing needs corroboration,Verify with a farm-owned or current official source; do not publish until resolved.,open
TX-AA890E4F52,Foster Farm Grass Fed/ Grass Finished Beef,Hood,promotion_blocker,single grade-E discovery listing needs corroboration,Verify with a farm-owned or current official source; do not publish until resolved.,open
TX-1EEA02146E,Four Winds Ranch,,promotion_blocker,county missing; single grade-E discovery listing needs corroboration,Verify with a farm-owned or current official source; do not publish until resolved.,open
TX-6C11BA0D85,Fox Farm Texas,San Jacinto,promotion_blocker,single grade-E discovery listing needs corroboration,Verify with a farm-owned or current official source; do not publish until resolved.,open
TX-0F605869A1,Fresas by Aldalin,Atascosa,promotion_blocker,single grade-E discovery listing needs corroboration,Verify with a farm-owned or current official source; do not publish until resolved.,open
TX-EE5CDFFF60,Fruitful Hill Farm LLC,,promotion_blocker,county missing; city or safe public service area missing; single grade-E discovery listing needs corroboration,Verify with a farm-owned or current official source; do not publish until resolved.,open
TX-2C1E934F76,Fruits and Such Orchard,Galveston,promotion_blocker,single grade-E discovery listing needs corroboration,Verify with a farm-owned or current official source; do not publish until resolved.,open
TX-524F1E1A32,G & L Farms,,promotion_blocker,county missing; city or safe public service area missing; single grade-E discovery listing needs corroboration,Verify with a farm-owned or current official source; do not publish until resolved.,open
TX-55D1074C0D,G Farms,Kaufman,promotion_blocker,member/vendor directory candidate needs independent farm-operation evidence,Verify with a farm-owned or current official source; do not publish until resolved.,open
TX-39FE85CB85,G3 Homegrown Farm to Fork Store,Taylor,promotion_blocker,member/vendor directory candidate needs independent farm-operation evidence,Verify with a farm-owned or current official source; do not publish until resolved.,open
TX-75D36005A6,Galloping Winds Ranch,Williamson,promotion_blocker,single grade-E discovery listing needs corroboration,Verify with a farm-owned or current official source; do not publish until resolved.,open
TX-655D5968AA,Galway Microgreens Farm,,promotion_blocker,county missing; city or safe public service area missing,Verify with a farm-owned or current official source; do not publish until resolved.,open
TX-A745DE56BB,Gandy's Dairies LLC,Lubbock,promotion_blocker,single grade-E discovery listing needs corroboration; member/vendor directory candidate needs independent farm-operation evidence,Verify with a farm-owned or current official source; do not publish until resolved.,open
TX-B08F1713AA,Garcia Farms North,Atascosa,promotion_blocker,single grade-E discovery listing needs corroboration,Verify with a farm-owned or current official source; do not publish until resolved.,open
TX-2500575337,Garret's Legacy,Goliad,promotion_blocker,single grade-E discovery listing needs corroboration,Verify with a farm-owned or current official source; do not publish until resolved.,open
TX-C9FEDD35D9,Garret's Legacy Farmstead,Goliad,promotion_blocker,single grade-E discovery listing needs corroboration,Verify with a farm-owned or current official source; do not publish until resolved.,open
TX-7E498E0A51,Geosmin Regenerative,Travis,promotion_blocker,single grade-E discovery listing needs corroboration,Verify with a farm-owned or current official source; do not publish until resolved.,open
TX-BDB2D1413A,GH-Dairy/Sarah Farms,El Paso,promotion_blocker,single grade-E discovery listing needs corroboration; member/vendor directory candidate needs independent farm-operation evidence,Verify with a farm-owned or current official source; do not publish until resolved.,open
TX-AA4A6CAC34,Gilmore Beef and Cattle Inc.,Bell,promotion_blocker,single grade-E discovery listing needs corroboration; member/vendor directory candidate needs independent farm-operation evidence,Verify with a farm-owned or current official source; do not publish until resolved.,open
TX-1C7DFA763A,Gilt-T-Pleasure Farms,Lubbock,promotion_blocker,member/vendor directory candidate needs independent farm-operation evidence,Verify with a farm-owned or current official source; do not publish until resolved.,open
TX-34762795FA,GNR Akaushi Beef,Hidalgo,promotion_blocker,products or farm activity missing,Verify with a farm-owned or current official source; do not publish until resolved.,open
TX-2750023A98,Gold Nugget Farm,Erath,promotion_blocker,single grade-E discovery listing needs corroboration,Verify with a farm-owned or current official source; do not publish until resolved.,open
TX-462877F8F2,Goober Bubs Orchard and Bakery,Denton,promotion_blocker,single grade-E discovery listing needs corroboration,Verify with a farm-owned or current official source; do not publish until resolved.,open
TX-71E1CA866C,Good Flow Honey,,promotion_blocker,county missing; single grade-E discovery listing needs corroboration; member/vendor directory candidate needs independent farm-operation evidence,Verify with a farm-owned or current official source; do not publish until resolved.,open
TX-5831153A58,Gracia Farms,Cameron,promotion_blocker,single grade-E discovery listing needs corroboration,Verify with a farm-owned or current official source; do not publish until resolved.,open
TX-3F41FDFCB5,Grand G Ranch,Polk,promotion_blocker,single grade-E discovery listing needs corroboration,Verify with a farm-owned or current official source; do not publish until resolved.,open
TX-385FA23FF0,Grassfield Farm,Medina,promotion_blocker,single grade-E discovery listing needs corroboration,Verify with a farm-owned or current official source; do not publish until resolved.,open
TX-0416D6C430,Grassy Knoll Farm,Cass,promotion_blocker,single grade-E discovery listing needs corroboration,Verify with a farm-owned or current official source; do not publish until resolved.,open
TX-DED635B689,Green Wolf Vertical Farm,Carson,promotion_blocker,single grade-E discovery listing needs corroboration,Verify with a farm-owned or current official source; do not publish until resolved.,open
TX-63E44B36F5,Grimes Blueberry Farm,Angelina,promotion_blocker,single grade-E discovery listing needs corroboration,Verify with a farm-owned or current official source; do not publish until resolved.,open
TX-96C01D4A97,Grow It 4 Dinner,,promotion_blocker,county missing; single grade-E discovery listing needs corroboration,Verify with a farm-owned or current official source; do not publish until resolved.,open
TX-6C7425BC62,Gulf Breeze Alpaca Ranch & Lodging,San Patricio,promotion_blocker,single grade-E discovery listing needs corroboration,Verify with a farm-owned or current official source; do not publish until resolved.,open
TX-3B7FC4B5C5,Gunderman Acres,Wharton,promotion_blocker,single grade-E discovery listing needs corroboration; member/vendor directory candidate needs independent farm-operation evidence,Verify with a farm-owned or current official source; do not publish until resolved.,open
TX-2100DF6782,H-E-B,Nueces,promotion_blocker,single grade-E discovery listing needs corroboration; member/vendor directory candidate needs independent farm-operation evidence,Verify with a farm-owned or current official source; do not publish until resolved.,open
TX-B0D558D290,Hammond Farm,Montgomery,promotion_blocker,single grade-E discovery listing needs corroboration,Verify with a farm-owned or current official source; do not publish until resolved.,open
TX-1083D992C2,Ham's Orchards,Kaufman,promotion_blocker,city or safe public service area missing; single grade-E discovery listing needs corroboration,Verify with a farm-owned or current official source; do not publish until resolved.,open
TX-F3FC866054,Happy Feet Farm,,promotion_blocker,county missing; single grade-E discovery listing needs corroboration,Verify with a farm-owned or current official source; do not publish until resolved.,open
TX-DEE565F3A9,Hardcastle Land and Cattle,,promotion_blocker,county missing; city or safe public service area missing; single grade-E discovery listing needs corroboration,Verify with a farm-owned or current official source; do not publish until resolved.,open
TX-3CBF4A56AB,Harmony Hollow Apiaries,,promotion_blocker,county missing; single grade-E discovery listing needs corroboration,Verify with a farm-owned or current official source; do not publish until resolved.,open
TX-CAFC3E1AF6,Harold Koehn Grass Fed Beef,Dallam,promotion_blocker,single grade-E discovery listing needs corroboration,Verify with a farm-owned or current official source; do not publish until resolved.,open
TX-348D44ADD5,Harvest Organic,,promotion_blocker,county missing; city or safe public service area missing; single grade-E discovery listing needs corroboration,Verify with a farm-owned or current official source; do not publish until resolved.,open
TX-011718F845,Harvest Season Farm,Harris,promotion_blocker,single grade-E discovery listing needs corroboration,Verify with a farm-owned or current official source; do not publish until resolved.,open
TX-BC41D9AC84,Henderson Blueberry Farm,Cass,promotion_blocker,single grade-E discovery listing needs corroboration,Verify with a farm-owned or current official source; do not publish until resolved.,open
TX-764C008AB3,Henrietta Creek Orchard,Tarrant,promotion_blocker,single grade-E discovery listing needs corroboration,Verify with a farm-owned or current official source; do not publish until resolved.,open
TX-3C25257B34,HerbanEggs,Robertson,promotion_blocker,products or farm activity missing,Verify with a farm-owned or current official source; do not publish until resolved.,open
TX-39C63A3B3E,Heritage Beef,Edwards,promotion_blocker,single grade-E discovery listing needs corroboration,Verify with a farm-owned or current official source; do not publish until resolved.,open
TX-CE06BC77BA,Hershey Homestead,,promotion_blocker,county missing; city or safe public service area missing; single grade-E discovery listing needs corroboration,Verify with a farm-owned or current official source; do not publish until resolved.,open
TX-4B8D6F5763,HG Rice Mill,Matagorda,promotion_blocker,single grade-E discovery listing needs corroboration; member/vendor directory candidate needs independent farm-operation evidence,Verify with a farm-owned or current official source; do not publish until resolved.,open
TX-DCB8EE439B,Hi Fi Mycology,,promotion_blocker,county missing; single grade-E discovery listing needs corroboration; member/vendor directory candidate needs independent farm-operation evidence,Verify with a farm-owned or current official source; do not publish until resolved.,open
TX-B9BCF6D359,Hidden Honey Farm,Ellis,promotion_blocker,single grade-E discovery listing needs corroboration,Verify with a farm-owned or current official source; do not publish until resolved.,open
TX-574B110C38,High Steaks Beef Company,Swisher,promotion_blocker,single grade-E discovery listing needs corroboration; member/vendor directory candidate needs independent farm-operation evidence,Verify with a farm-owned or current official source; do not publish until resolved.,open
TX-0BFA9D470D,Hiland Dairy,Dallas,promotion_blocker,single grade-E discovery listing needs corroboration; member/vendor directory candidate needs independent farm-operation evidence,Verify with a farm-owned or current official source; do not publish until resolved.,open
TX-7B5A58A20A,Hill Country Lavender,Blanco,promotion_blocker,city or safe public service area missing; single grade-E discovery listing needs corroboration,Verify with a farm-owned or current official source; do not publish until resolved.,open
TX-B3162BACB3,Hill Country Mushrooms and more,Kerr,promotion_blocker,single grade-E discovery listing needs corroboration,Verify with a farm-owned or current official source; do not publish until resolved.,open
TX-D4050436BC,Hill Crest Creamery LLC,,promotion_blocker,county missing; city or safe public service area missing; single grade-E discovery listing needs corroboration,Verify with a farm-owned or current official source; do not publish until resolved.,open
TX-B7B8DD4C55,Hill Farms,Upshur,promotion_blocker,single grade-E discovery listing needs corroboration,Verify with a farm-owned or current official source; do not publish until resolved.,open
TX-FF4AAD5AE8,Hoffman Farm,Liberty,promotion_blocker,single grade-E discovery listing needs corroboration,Verify with a farm-owned or current official source; do not publish until resolved.,open
TX-2135CCFB58,Hollywood Bottom Farms,Wharton,promotion_blocker,single grade-E discovery listing needs corroboration,Verify with a farm-owned or current official source; do not publish until resolved.,open
TX-B5E054581F,Holy Cow Beef,Lubbock,promotion_blocker,single grade-E discovery listing needs corroboration,Verify with a farm-owned or current official source; do not publish until resolved.,open
TX-4EAC15159A,Home Sweet Farm,Washington,promotion_blocker,single grade-E discovery listing needs corroboration,Verify with a farm-owned or current official source; do not publish until resolved.,open
TX-0239D4BF80,Honeymoon Farm,,promotion_blocker,county missing; city or safe public service area missing,Verify with a farm-owned or current official source; do not publish until resolved.,open
TX-46F04751E6,HooFin Wings Ranch,,promotion_blocker,county missing,Verify with a farm-owned or current official source; do not publish until resolved.,open
TX-34DE2BC37C,Hope Farms Urban Agricultural Showcase & Training Center,Harris,promotion_blocker,single grade-E discovery listing needs corroboration,Verify with a farm-owned or current official source; do not publish until resolved.,open
TX-5E87BE8A1E,HR Farms,Atascosa,promotion_blocker,single grade-E discovery listing needs corroboration,Verify with a farm-owned or current official source; do not publish until resolved.,open
TX-691C7368E3,Hudson Plains Raw Dairy,,promotion_blocker,county missing; single grade-E discovery listing needs corroboration,Verify with a farm-owned or current official source; do not publish until resolved.,open
TX-5E0D43692D,Huebner Berry Patch and Fruit Farm,Leon,promotion_blocker,single grade-E discovery listing needs corroboration,Verify with a farm-owned or current official source; do not publish until resolved.,open
TX-BF572BF24F,Humble Homestead,Angelina,promotion_blocker,single grade-E discovery listing needs corroboration,Verify with a farm-owned or current official source; do not publish until resolved.,open
TX-A9B1F0CA6A,Indian Creek Farm - CSA,San Jacinto,promotion_blocker,single grade-E discovery listing needs corroboration,Verify with a farm-owned or current official source; do not publish until resolved.,open
TX-997319E6FB,J&B Farms,Medina,promotion_blocker,single grade-E discovery listing needs corroboration; member/vendor directory candidate needs independent farm-operation evidence,Verify with a farm-owned or current official source; do not publish until resolved.,open
TX-5D659E6FA0,J&C Poultry,Lampasas,promotion_blocker,single grade-E discovery listing needs corroboration,Verify with a farm-owned or current official source; do not publish until resolved.,open
TX-9BB030C9F7,J & K Plants & Things Greenhouse & Farm,Marion,promotion_blocker,single grade-E discovery listing needs corroboration,Verify with a farm-owned or current official source; do not publish until resolved.,open
TX-FDFE71AA65,Jenkins Farms,Fannin,promotion_blocker,single grade-E discovery listing needs corroboration,Verify with a farm-owned or current official source; do not publish until resolved.,open
TX-94973EB67D,Jenschke Orchards,Gillespie,promotion_blocker,single grade-E discovery listing needs corroboration,Verify with a farm-owned or current official source; do not publish until resolved.,open
TX-6EC0437994,Jim Franks Farm Direct Meat,,promotion_blocker,county missing; member/vendor directory candidate needs independent farm-operation evidence,Verify with a farm-owned or current official source; do not publish until resolved.,open
TX-273A6D20D7,JJJM Grass Fed Beef,Collin,promotion_blocker,single grade-E discovery listing needs corroboration,Verify with a farm-owned or current official source; do not publish until resolved.,open
TX-B0E6FA6742,jjjmgrassfedbeef.com,,promotion_blocker,county missing,Verify with a farm-owned or current official source; do not publish until resolved.,open
TX-DF9894B739,JMR Sustainable Farms,Harrison,promotion_blocker,single grade-E discovery listing needs corroboration,Verify with a farm-owned or current official source; do not publish until resolved.,open
TX-EBA691540F,Jolie Vue Farms,Harris,promotion_blocker,single grade-E discovery listing needs corroboration,Verify with a farm-owned or current official source; do not publish until resolved.,open
TX-5FAFC0B99E,Joppy Momma's Farm,Dallas,promotion_blocker,member/vendor directory candidate needs independent farm-operation evidence,Verify with a farm-owned or current official source; do not publish until resolved.,open
TX-829C5A1968,Jornada Alpaca Ranch,,promotion_blocker,county missing; city or safe public service area missing; single grade-E discovery listing needs corroboration,Verify with a farm-owned or current official source; do not publish until resolved.,open
TX-159A36E751,JT2 Beef,Smith,promotion_blocker,member/vendor directory candidate needs independent farm-operation evidence,Verify with a farm-owned or current official source; do not publish until resolved.,open
TX-44321E383F,JV Farms,,promotion_blocker,county missing; city or safe public service area missing; single grade-E discovery listing needs corroboration,Verify with a farm-owned or current official source; do not publish until resolved.,open
TX-8A5379C71C,JX Ranch Natural Beef,,promotion_blocker,county missing; city or safe public service area missing; single grade-E discovery listing needs corroboration,Verify with a farm-owned or current official source; do not publish until resolved.,open
TX-EA227DD275,KaJiN Farm,Hunt,promotion_blocker,single grade-E discovery listing needs corroboration,Verify with a farm-owned or current official source; do not publish until resolved.,open
TX-59E4777CC7,Kandace Ehlinger,Medina,promotion_blocker,single grade-E discovery listing needs corroboration,Verify with a farm-owned or current official source; do not publish until resolved.,open
TX-372CD811F2,Karleen Farmstead,Brewster,promotion_blocker,single grade-E discovery listing needs corroboration,Verify with a farm-owned or current official source; do not publish until resolved.,open
TX-6B74ADDD37,Keith Cattle Co.,Lee,promotion_blocker,single grade-E discovery listing needs corroboration; member/vendor directory candidate needs independent farm-operation evidence,Verify with a farm-owned or current official source; do not publish until resolved.,open
TX-938C744598,Kelley Produce,Red River,promotion_blocker,single grade-E discovery listing needs corroboration; member/vendor directory candidate needs independent farm-operation evidence,Verify with a farm-owned or current official source; do not publish until resolved.,open
TX-33CE61B7A0,Kelumac Christmas Tree Farm Bed and Breakfast,Robertson,promotion_blocker,single grade-E discovery listing needs corroboration,Verify with a farm-owned or current official source; do not publish until resolved.,open
TX-3914AF24E0,Kenz Henz,Galveston,promotion_blocker,single grade-E discovery listing needs corroboration,Verify with a farm-owned or current official source; do not publish until resolved.,open
TX-E4CD62A677,Kingdom Cattle Co.,,promotion_blocker,county missing; city or safe public service area missing; single grade-E discovery listing needs corroboration,Verify with a farm-owned or current official source; do not publish until resolved.,open
TX-4330F9955A,Kingsbury's Blueberries,Burleson,promotion_blocker,single grade-E discovery listing needs corroboration,Verify with a farm-owned or current official source; do not publish until resolved.,open
TX-EE924CAE4E,Kiomatia Blueberry Farm,Red River,promotion_blocker,single grade-E discovery listing needs corroboration,Verify with a farm-owned or current official source; do not publish until resolved.,open
TX-B343A81D71,Kmiec Farm,Austin,promotion_blocker,single grade-E discovery listing needs corroboration; member/vendor directory candidate needs independent farm-operation evidence,Verify with a farm-owned or current official source; do not publish until resolved.,open
TX-2654111826,Knight Flyer Fowl,Shelby,promotion_blocker,single grade-E discovery listing needs corroboration,Verify with a farm-owned or current official source; do not publish until resolved.,open
TX-69ED6A6189,"Koch Ranches, Inc.",Medina,promotion_blocker,single grade-E discovery listing needs corroboration,Verify with a farm-owned or current official source; do not publish until resolved.,open
TX-79A66A8568,Kosub Farms Strawberries,Atascosa,promotion_blocker,single grade-E discovery listing needs corroboration,Verify with a farm-owned or current official source; do not publish until resolved.,open
TX-9269C3E63F,L&L Farms,Zavala,promotion_blocker,single grade-E discovery listing needs corroboration; member/vendor directory candidate needs independent farm-operation evidence,Verify with a farm-owned or current official source; do not publish until resolved.,open
TX-C975E91E95,La Cabra Meat,Kimble,promotion_blocker,single grade-E discovery listing needs corroboration,Verify with a farm-owned or current official source; do not publish until resolved.,open
TX-B6B7328221,La Nona,Hidalgo,promotion_blocker,single grade-E discovery listing needs corroboration; member/vendor directory candidate needs independent farm-operation evidence,Verify with a farm-owned or current official source; do not publish until resolved.,open
TX-D4D68FEF61,La Semilla Food Center,,promotion_blocker,county missing; city or safe public service area missing,Verify with a farm-owned or current official source; do not publish until resolved.,open
TX-BDCF52B162,Lake Creek Blueberry Farm,Anderson,promotion_blocker,single grade-E discovery listing needs corroboration,Verify with a farm-owned or current official source; do not publish until resolved.,open
TX-ED3196EA52,Lang Cattle Company,Anderson,promotion_blocker,single grade-E discovery listing needs corroboration; member/vendor directory candidate needs independent farm-operation evidence,Verify with a farm-owned or current official source; do not publish until resolved.,open
TX-8248440450,"Lantana Farms, LLC, DBA Local Honey Bee Company",Bastrop,promotion_blocker,products or farm activity missing,Verify with a farm-owned or current official source; do not publish until resolved.,open
TX-DD2A7B9DB2,Laredo Main Street Inc.,Webb,promotion_blocker,products or farm activity missing,Verify with a farm-owned or current official source; do not publish until resolved.,open
TX-C0DAE2B710,Larken Farms,Ellis,promotion_blocker,single grade-E discovery listing needs corroboration,Verify with a farm-owned or current official source; do not publish until resolved.,open
TX-13B2E7BD9E,Last Organic Outpost,Harris,promotion_blocker,single grade-E discovery listing needs corroboration,Verify with a farm-owned or current official source; do not publish until resolved.,open
TX-644177C516,Lavender Ridge Farms,Cooke,promotion_blocker,single grade-E discovery listing needs corroboration,Verify with a farm-owned or current official source; do not publish until resolved.,open
TX-CD971CDFFA,Law Ranch & Cattle Co.,Harris,promotion_blocker,products or farm activity missing,Verify with a farm-owned or current official source; do not publish until resolved.,open
TX-7530DCA910,LBK,Lubbock,promotion_blocker,single grade-E discovery listing needs corroboration; member/vendor directory candidate needs independent farm-operation evidence,Verify with a farm-owned or current official source; do not publish until resolved.,open
TX-7186BCFB1F,L'cajn Farm,Wise,promotion_blocker,single grade-E discovery listing needs corroboration,Verify with a farm-owned or current official source; do not publish until resolved.,open
TX-32441A0116,LCF Ranch,,promotion_blocker,county missing; single grade-E discovery listing needs corroboration,Verify with a farm-owned or current official source; do not publish until resolved.,open
TX-3CF054C829,Liberty Provisions,Fort Bend,promotion_blocker,single grade-E discovery listing needs corroboration,Verify with a farm-owned or current official source; do not publish until resolved.,open
TX-B3AAF17154,Little Bear Produce,Hidalgo,promotion_blocker,single grade-E discovery listing needs corroboration; member/vendor directory candidate needs independent farm-operation evidence,Verify with a farm-owned or current official source; do not publish until resolved.,open
TX-3278EFCDD5,Little Thicket Farm,,promotion_blocker,county missing; city or safe public service area missing; member/vendor directory candidate needs independent farm-operation evidence,Verify with a farm-owned or current official source; do not publish until resolved.,open
TX-0032373B28,Living Branch Farm,Hunt,promotion_blocker,single grade-E discovery listing needs corroboration,Verify with a farm-owned or current official source; do not publish until resolved.,open
TX-4A4FBFCA60,Log Cabin Farm,Tyler,promotion_blocker,single grade-E discovery listing needs corroboration,Verify with a farm-owned or current official source; do not publish until resolved.,open
TX-38F51388B0,Lone Mound Ranch,Collingsworth,promotion_blocker,single grade-E discovery listing needs corroboration,Verify with a farm-owned or current official source; do not publish until resolved.,open
TX-875717C207,Lone Star Citrus Grower,Hidalgo,promotion_blocker,single grade-E discovery listing needs corroboration; member/vendor directory candidate needs independent farm-operation evidence,Verify with a farm-owned or current official source; do not publish until resolved.,open
TX-985ECF3716,Lone Star Lettuce Grower,Williamson,promotion_blocker,single grade-E discovery listing needs corroboration; member/vendor directory candidate needs independent farm-operation evidence,Verify with a farm-owned or current official source; do not publish until resolved.,open
TX-9FB7A14AC2,Lone Star Specialty Farm,Wharton,promotion_blocker,member/vendor directory candidate needs independent farm-operation evidence,Verify with a farm-owned or current official source; do not publish until resolved.,open
TX-DCAC497EC4,Lonesome Pines Ranch,Bastrop,promotion_blocker,products or farm activity missing,Verify with a farm-owned or current official source; do not publish until resolved.,open
TX-5C2D2823E3,Long Farms,Hardin,promotion_blocker,single grade-E discovery listing needs corroboration,Verify with a farm-owned or current official source; do not publish until resolved.,open
TX-F9C2FFF48D,Longhorn Beef Company,Palo Pinto,promotion_blocker,single grade-E discovery listing needs corroboration,Verify with a farm-owned or current official source; do not publish until resolved.,open
TX-A782C82B5A,Love Creek Orchards,Bandera,promotion_blocker,single grade-E discovery listing needs corroboration,Verify with a farm-owned or current official source; do not publish until resolved.,open
TX-A60ACCC08B,Lucky Penny Homestead,Angelina,promotion_blocker,member/vendor directory candidate needs independent farm-operation evidence,Verify with a farm-owned or current official source; do not publish until resolved.,open
TX-C2302E623A,Luke Brown Farms,Reeves,promotion_blocker,single grade-E discovery listing needs corroboration; member/vendor directory candidate needs independent farm-operation evidence,Verify with a farm-owned or current official source; do not publish until resolved.,open
TX-CFF027C9BF,M & J Lavender Farm,Blanco,promotion_blocker,single grade-E discovery listing needs corroboration,Verify with a farm-owned or current official source; do not publish until resolved.,open
TX-8A3027F8E7,M&P Produce,Bexar,promotion_blocker,single grade-E discovery listing needs corroboration; member/vendor directory candidate needs independent farm-operation evidence,Verify with a farm-owned or current official source; do not publish until resolved.,open
TX-B2F5EE539A,"Mac Ranch, Llc",,promotion_blocker,county missing; city or safe public service area missing; single grade-E discovery listing needs corroboration,Verify with a farm-owned or current official source; do not publish until resolved.,open
TX-4833E79503,Mantells Cowboy Creations,Montague,promotion_blocker,single grade-E discovery listing needs corroboration,Verify with a farm-owned or current official source; do not publish until resolved.,open
TX-658195F12E,Mars Hill Farm,Dallas,promotion_blocker,single grade-E discovery listing needs corroboration,Verify with a farm-owned or current official source; do not publish until resolved.,open
TX-211BF3C335,McCurry Produce and Farm,Marion,promotion_blocker,single grade-E discovery listing needs corroboration; member/vendor directory candidate needs independent farm-operation evidence,Verify with a farm-owned or current official source; do not publish until resolved.,open
TX-744FD0028B,McDaniel Farm,,promotion_blocker,county missing; city or safe public service area missing; single grade-E discovery listing needs corroboration,Verify with a farm-owned or current official source; do not publish until resolved.,open
TX-CEE32A2297,McGreen Acres,Ellis,promotion_blocker,member/vendor directory candidate needs independent farm-operation evidence,Verify with a farm-owned or current official source; do not publish until resolved.,open
TX-D12B94EC0B,McMahon Ranch,Gillespie,promotion_blocker,single grade-E discovery listing needs corroboration,Verify with a farm-owned or current official source; do not publish until resolved.,open
TX-420EC41029,McPeak Orchards,Camp,promotion_blocker,single grade-E discovery listing needs corroboration; member/vendor directory candidate needs independent farm-operation evidence,Verify with a farm-owned or current official source; do not publish until resolved.,open
TX-09C0B66A9F,Meat Goats in DFW,Johnson,promotion_blocker,single grade-E discovery listing needs corroboration,Verify with a farm-owned or current official source; do not publish until resolved.,open
TX-16CF3A4B74,Mehrlin Family Farm,Parker,promotion_blocker,member/vendor directory candidate needs independent farm-operation evidence,Verify with a farm-owned or current official source; do not publish until resolved.,open
TX-4E59E742E9,Mena Farm,Lee,promotion_blocker,products or farm activity missing,Verify with a farm-owned or current official source; do not publish until resolved.,open
TX-54C56EFFED,Merry Meadows,,promotion_blocker,county missing; city or safe public service area missing; single grade-E discovery listing needs corroboration,Verify with a farm-owned or current official source; do not publish until resolved.,open
TX-01F6A1D636,Mesquite Country Beef,Limestone,promotion_blocker,products or farm activity missing,Verify with a farm-owned or current official source; do not publish until resolved.,open
TX-9DD390E655,Michael Neighbors,,promotion_blocker,county missing; city or safe public service area missing; single grade-E discovery listing needs corroboration,Verify with a farm-owned or current official source; do not publish until resolved.,open
TX-04A6AAF547,Mid-Valley Ag,Cameron,promotion_blocker,single grade-E discovery listing needs corroboration; member/vendor directory candidate needs independent farm-operation evidence,Verify with a farm-owned or current official source; do not publish until resolved.,open
TX-583907372E,Miller Farms,Medina,promotion_blocker,single grade-E discovery listing needs corroboration,Verify with a farm-owned or current official source; do not publish until resolved.,open
TX-E1FA1381C8,Miller Organically Grown Blackberries,Van Zandt,promotion_blocker,single grade-E discovery listing needs corroboration,Verify with a farm-owned or current official source; do not publish until resolved.,open
TX-EC31F52F39,Mineral Wells Aquaponics,,promotion_blocker,county missing; single grade-E discovery listing needs corroboration,Verify with a farm-owned or current official source; do not publish until resolved.,open
TX-54ACA449FB,Mini Farm Cattle Co.,Denton,promotion_blocker,products or farm activity missing,Verify with a farm-owned or current official source; do not publish until resolved.,open
TX-ACFED2E523,Miracle Farms,Galveston,promotion_blocker,single grade-E discovery listing needs corroboration,Verify with a farm-owned or current official source; do not publish until resolved.,open
TX-1257CE2F4C,Mmm Farms,Atascosa,promotion_blocker,single grade-E discovery listing needs corroboration,Verify with a farm-owned or current official source; do not publish until resolved.,open
TX-2EF1818F79,Moody Blooms,Titus,promotion_blocker,single grade-E discovery listing needs corroboration,Verify with a farm-owned or current official source; do not publish until resolved.,open
TX-F90980F4EA,Moody's Quality Meats,Nueces,promotion_blocker,single grade-E discovery listing needs corroboration; member/vendor directory candidate needs independent farm-operation evidence,Verify with a farm-owned or current official source; do not publish until resolved.,open
TX-36DA780B9B,Moon Dog Farms,Galveston,promotion_blocker,single grade-E discovery listing needs corroboration,Verify with a farm-owned or current official source; do not publish until resolved.,open
TX-489BD57A65,Moonbow Farms,Matagorda,promotion_blocker,single grade-E discovery listing needs corroboration,Verify with a farm-owned or current official source; do not publish until resolved.,open
TX-9F81195904,Moore Honey Farm,Hardin,promotion_blocker,single grade-E discovery listing needs corroboration,Verify with a farm-owned or current official source; do not publish until resolved.,open
TX-9ED2B042E7,Moorhead's Blueberry Farm,Montgomery,promotion_blocker,city or safe public service area missing; single grade-E discovery listing needs corroboration,Verify with a farm-owned or current official source; do not publish until resolved.,open
TX-FC09DCAB5E,Morath Orchard,Clay,promotion_blocker,single grade-E discovery listing needs corroboration,Verify with a farm-owned or current official source; do not publish until resolved.,open
TX-594E3EAC7B,Moss Springs Berry Farm,Bowie,promotion_blocker,single grade-E discovery listing needs corroboration,Verify with a farm-owned or current official source; do not publish until resolved.,open
TX-0695A422D7,Mountain Meadows Farm,,promotion_blocker,county missing; city or safe public service area missing; single grade-E discovery listing needs corroboration,Verify with a farm-owned or current official source; do not publish until resolved.,open
TX-7A83D6A89A,Mrs Smith's Farm,Donley,promotion_blocker,single grade-E discovery listing needs corroboration,Verify with a farm-owned or current official source; do not publish until resolved.,open
TX-DE7A8E57FD,Murdock's Country Place,Brazoria,promotion_blocker,single grade-E discovery listing needs corroboration,Verify with a farm-owned or current official source; do not publish until resolved.,open
TX-755CD6094C,Murphy cattle co. BEEF,Live Oak,promotion_blocker,single grade-E discovery listing needs corroboration,Verify with a farm-owned or current official source; do not publish until resolved.,open
TX-E358E00010,Muscadine Grape U-Pick Farms,Wood,promotion_blocker,city or safe public service area missing; single grade-E discovery listing needs corroboration,Verify with a farm-owned or current official source; do not publish until resolved.,open
TX-39497E472A,My Mark 61 Cattle Co.,Harris,promotion_blocker,products or farm activity missing,Verify with a farm-owned or current official source; do not publish until resolved.,open
TX-B77EAF00B5,Mysterious Horizons Farm,,promotion_blocker,county missing; city or safe public service area missing; single grade-E discovery listing needs corroboration,Verify with a farm-owned or current official source; do not publish until resolved.,open
TX-A6133B5D11,Naturally Balanced Farms,,promotion_blocker,county missing; city or safe public service area missing; single grade-E discovery listing needs corroboration,Verify with a farm-owned or current official source; do not publish until resolved.,open
TX-CE61D8CFC6,Nature's Comeback Bison Ranch,,promotion_blocker,county missing; city or safe public service area missing; single grade-E discovery listing needs corroboration,Verify with a farm-owned or current official source; do not publish until resolved.,open
TX-AB4587C63E,Neal's Berry Farm and Farmer's Market,Harris,promotion_blocker,single grade-E discovery listing needs corroboration,Verify with a farm-owned or current official source; do not publish until resolved.,open
TX-6729B54CBB,Nitschke Natural Beef/Circle N Ranch,,promotion_blocker,county missing; city or safe public service area missing; single grade-E discovery listing needs corroboration,Verify with a farm-owned or current official source; do not publish until resolved.,open
TX-079A0EC4A0,Nocona Meat Company,Montague,promotion_blocker,single grade-E discovery listing needs corroboration; member/vendor directory candidate needs independent farm-operation evidence,Verify with a farm-owned or current official source; do not publish until resolved.,open
TX-A2ACB8F82F,Oak Farms® Dairy,Parker,promotion_blocker,single grade-E discovery listing needs corroboration; member/vendor directory candidate needs independent farm-operation evidence,Verify with a farm-owned or current official source; do not publish until resolved.,open
TX-FEAA41925F,Oakview Blueberry Farm,San Jacinto,promotion_blocker,single grade-E discovery listing needs corroboration,Verify with a farm-owned or current official source; do not publish until resolved.,open
TX-16993BDFDA,O'Farrell Country Vineyards,Cass,promotion_blocker,single grade-E discovery listing needs corroboration,Verify with a farm-owned or current official source; do not publish until resolved.,open
TX-4E1C9CAD28,On the Acre,Galveston,promotion_blocker,single grade-E discovery listing needs corroboration,Verify with a farm-owned or current official source; do not publish until resolved.,open
TX-74758DC7A5,Opa's Farm,McCulloch,promotion_blocker,single grade-E discovery listing needs corroboration,Verify with a farm-owned or current official source; do not publish until resolved.,open
TX-8838775DA9,Our Little Farm,Nacogdoches,promotion_blocker,single grade-E discovery listing needs corroboration,Verify with a farm-owned or current official source; do not publish until resolved.,open
TX-6B3F68C972,P-6 Farms,Montgomery,promotion_blocker,single grade-E discovery listing needs corroboration,Verify with a farm-owned or current official source; do not publish until resolved.,open
TX-447517F5C6,Painted Angels Farms LLC,,promotion_blocker,county missing; city or safe public service area missing,Verify with a farm-owned or current official source; do not publish until resolved.,open
TX-056833EBBC,Panola Orchard and Gardens,Panola,promotion_blocker,single grade-E discovery listing needs corroboration,Verify with a farm-owned or current official source; do not publish until resolved.,open
TX-11CB4C4EA2,Papalote Pea Patch,Bee,promotion_blocker,single grade-E discovery listing needs corroboration,Verify with a farm-owned or current official source; do not publish until resolved.,open
TX-599F993DB9,Parker Creek Ranch,Medina,promotion_blocker,single grade-E discovery listing needs corroboration,Verify with a farm-owned or current official source; do not publish until resolved.,open
TX-F62087EB8E,Pecan Creek Strawberry Farm,Denton,promotion_blocker,city or safe public service area missing; single grade-E discovery listing needs corroboration,Verify with a farm-owned or current official source; do not publish until resolved.,open
TX-7363F93601,Pecan Hill Farm Market,Jasper,promotion_blocker,single grade-E discovery listing needs corroboration,Verify with a farm-owned or current official source; do not publish until resolved.,open
TX-59E0A0F63F,Pennell Ag Services,Grayson,promotion_blocker,single grade-E discovery listing needs corroboration; member/vendor directory candidate needs independent farm-operation evidence,Verify with a farm-owned or current official source; do not publish until resolved.,open
TX-D09838A991,Penny's Pastured Poultry,Henderson,promotion_blocker,single grade-E discovery listing needs corroboration,Verify with a farm-owned or current official source; do not publish until resolved.,open
TX-3176FA4AB0,Phillip Hamilton,Cass,promotion_blocker,single grade-E discovery listing needs corroboration,Verify with a farm-owned or current official source; do not publish until resolved.,open
TX-EC366BF00A,Pine Valley Produce,Walker,promotion_blocker,single grade-E discovery listing needs corroboration,Verify with a farm-owned or current official source; do not publish until resolved.,open
TX-B69315C791,Plains Dairy,Potter,promotion_blocker,single grade-E discovery listing needs corroboration; member/vendor directory candidate needs independent farm-operation evidence,Verify with a farm-owned or current official source; do not publish until resolved.,open
TX-07FA9B285F,Pomona Fruit Farm,San Jacinto,promotion_blocker,single grade-E discovery listing needs corroboration,Verify with a farm-owned or current official source; do not publish until resolved.,open
TX-8DBC2857D8,Ponies2you,Wichita,promotion_blocker,single grade-E discovery listing needs corroboration,Verify with a farm-owned or current official source; do not publish until resolved.,open
TX-DA859875C4,Poteet Country Winery Jim Collums Farm,Atascosa,promotion_blocker,single grade-E discovery listing needs corroboration,Verify with a farm-owned or current official source; do not publish until resolved.,open
TX-D9786E252A,Poteet Strawberry Farms Garcia Farms,Atascosa,promotion_blocker,city or safe public service area missing; single grade-E discovery listing needs corroboration,Verify with a farm-owned or current official source; do not publish until resolved.,open
TX-02B8D3474C,Poteet Sweet Strawberries,Atascosa,promotion_blocker,single grade-E discovery listing needs corroboration,Verify with a farm-owned or current official source; do not publish until resolved.,open
TX-C8C9D34A39,"Poteet,Texas Strawberryville Farm",Atascosa,promotion_blocker,single grade-E discovery listing needs corroboration,Verify with a farm-owned or current official source; do not publish until resolved.,open
TX-147EAD16FF,Premium star food group,Montgomery,promotion_blocker,single grade-E discovery listing needs corroboration,Verify with a farm-owned or current official source; do not publish until resolved.,open
TX-510D3C57B0,Price Farms,Hill,promotion_blocker,single grade-E discovery listing needs corroboration,Verify with a farm-owned or current official source; do not publish until resolved.,open
TX-F4BCB60C09,Pro Health,Dallas,promotion_blocker,single grade-E discovery listing needs corroboration; member/vendor directory candidate needs independent farm-operation evidence,Verify with a farm-owned or current official source; do not publish until resolved.,open
TX-39B1858F18,Pro Valley Foods LLC,Hidalgo,promotion_blocker,single grade-E discovery listing needs corroboration; member/vendor directory candidate needs independent farm-operation evidence,Verify with a farm-owned or current official source; do not publish until resolved.,open
TX-691E9B4028,Profound Foods,Collin,promotion_blocker,products or farm activity missing,Verify with a farm-owned or current official source; do not publish until resolved.,open
TX-DB8B40B06E,Provenza Ranch,,promotion_blocker,county missing; city or safe public service area missing,Verify with a farm-owned or current official source; do not publish until resolved.,open
TX-C4F0491316,Pryor Cattle Company,Rusk,promotion_blocker,single grade-E discovery listing needs corroboration; member/vendor directory candidate needs independent farm-operation evidence,Verify with a farm-owned or current official source; do not publish until resolved.,open
TX-5DBE2BDFD7,Punjab Farms,Fannin,promotion_blocker,single grade-E discovery listing needs corroboration,Verify with a farm-owned or current official source; do not publish until resolved.,open
TX-9A99593D78,Punkin Center Berry Farm,McLennan,promotion_blocker,single grade-E discovery listing needs corroboration,Verify with a farm-owned or current official source; do not publish until resolved.,open
TX-D5D556EAF1,Pure La nd Farm,Collin,promotion_blocker,single grade-E discovery listing needs corroboration,Verify with a farm-owned or current official source; do not publish until resolved.,open
TX-6E1DCF15E6,Pure Source Farms LLC,Montgomery,promotion_blocker,single grade-E discovery listing needs corroboration,Verify with a farm-owned or current official source; do not publish until resolved.,open
TX-E950512C2B,Puro Beef,Bexar,promotion_blocker,member/vendor directory candidate needs independent farm-operation evidence,Verify with a farm-owned or current official source; do not publish until resolved.,open
TX-90CCB39203,PW Farm,Cameron,promotion_blocker,single grade-E discovery listing needs corroboration,Verify with a farm-owned or current official source; do not publish until resolved.,open
TX-D654925B76,PW Farms,Cameron,promotion_blocker,single grade-E discovery listing needs corroboration,Verify with a farm-owned or current official source; do not publish until resolved.,open
TX-F97BD73EB6,Quail Haven Urban Farm,,promotion_blocker,county missing; single grade-E discovery listing needs corroboration,Verify with a farm-owned or current official source; do not publish until resolved.,open
TX-E876907AD5,Quitman Family Farms,Wood,promotion_blocker,member/vendor directory candidate needs independent farm-operation evidence,Verify with a farm-owned or current official source; do not publish until resolved.,open
TX-FEBCFD3B63,Raccoon Bend Farms,,promotion_blocker,county missing; city or safe public service area missing; single grade-E discovery listing needs corroboration,Verify with a farm-owned or current official source; do not publish until resolved.,open
TX-437BAE4537,Ramblin' Rodarosa Grassfed Beef,Coleman,promotion_blocker,single grade-E discovery listing needs corroboration,Verify with a farm-owned or current official source; do not publish until resolved.,open
TX-81583CBFCE,Ramos Farm,Atascosa,promotion_blocker,single grade-E discovery listing needs corroboration,Verify with a farm-owned or current official source; do not publish until resolved.,open
TX-4DA4D67667,Rancho El Paraiso,Navarro,promotion_blocker,products or farm activity missing,Verify with a farm-owned or current official source; do not publish until resolved.,open
TX-7FE61A0877,Rancho Ojo de Agua,Val Verde,promotion_blocker,single grade-E discovery listing needs corroboration,Verify with a farm-owned or current official source; do not publish until resolved.,open
TX-53058C7BEB,Red River Beef Co,Bowie,promotion_blocker,single grade-E discovery listing needs corroboration; member/vendor directory candidate needs independent farm-operation evidence,Verify with a farm-owned or current official source; do not publish until resolved.,open
TX-E75FABBA33,Red Truck Farm,,promotion_blocker,county missing; city or safe public service area missing; single grade-E discovery listing needs corroboration,Verify with a farm-owned or current official source; do not publish until resolved.,open
TX-BA9F6D3A78,Red Wattles,Eastland,promotion_blocker,single grade-E discovery listing needs corroboration,Verify with a farm-owned or current official source; do not publish until resolved.,open
TX-9F9B128FB1,Redger Farms,,promotion_blocker,county missing; city or safe public service area missing; single grade-E discovery listing needs corroboration,Verify with a farm-owned or current official source; do not publish until resolved.,open
TX-32B6F9F0D4,Regenerative Grace LLC,Coryell,promotion_blocker,member/vendor directory candidate needs independent farm-operation evidence,Verify with a farm-owned or current official source; do not publish until resolved.,open
TX-0455A59492,Rehoboth Ranch,Kaufman,promotion_blocker,single grade-E discovery listing needs corroboration; member/vendor directory candidate needs independent farm-operation evidence,Verify with a farm-owned or current official source; do not publish until resolved.,open
TX-ED852E14FA,Restless Prairie Farm,Clay,promotion_blocker,single grade-E discovery listing needs corroboration,Verify with a farm-owned or current official source; do not publish until resolved.,open
TX-A0B3DFD9B7,Restorative Farms - Hatcher Station Training Farm,Dallas,promotion_blocker,products or farm activity missing,Verify with a farm-owned or current official source; do not publish until resolved.,open
TX-61D37AE00F,Rhineland Farm,Somervell,promotion_blocker,single grade-E discovery listing needs corroboration,Verify with a farm-owned or current official source; do not publish until resolved.,open
TX-936E74A293,Rio Fresh,Hidalgo,promotion_blocker,single grade-E discovery listing needs corroboration; member/vendor directory candidate needs independent farm-operation evidence,Verify with a farm-owned or current official source; do not publish until resolved.,open
TX-75CDDCC87C,Rio Fresh - Greens Facility,Hidalgo,promotion_blocker,products or farm activity missing; member/vendor directory candidate needs independent farm-operation evidence,Verify with a farm-owned or current official source; do not publish until resolved.,open
TX-B5CD548D5C,Ritchie Family Farms,,promotion_blocker,county missing; single grade-E discovery listing needs corroboration; member/vendor directory candidate needs independent farm-operation evidence,Verify with a farm-owned or current official source; do not publish until resolved.,open
TX-07CE557DEC,River City Produce,Bexar,promotion_blocker,single grade-E discovery listing needs corroboration; member/vendor directory candidate needs independent farm-operation evidence,Verify with a farm-owned or current official source; do not publish until resolved.,open
TX-AFD498BE43,River Creek LTD,Grayson,promotion_blocker,single grade-E discovery listing needs corroboration; member/vendor directory candidate needs independent farm-operation evidence,Verify with a farm-owned or current official source; do not publish until resolved.,open
TX-9D03350108,RNR Cattle Company,,promotion_blocker,county missing; single grade-E discovery listing needs corroboration,Verify with a farm-owned or current official source; do not publish until resolved.,open
TX-C556B0DC73,Rock Bar Meatworks,Bowie,promotion_blocker,single grade-E discovery listing needs corroboration,Verify with a farm-owned or current official source; do not publish until resolved.,open
TX-9AC569CC28,Rock Iron Cattle Company,Angelina,promotion_blocker,member/vendor directory candidate needs independent farm-operation evidence,Verify with a farm-owned or current official source; do not publish until resolved.,open
TX-6618103CAA,Rockberry Ranch,Atascosa,promotion_blocker,city or safe public service area missing; single grade-E discovery listing needs corroboration,Verify with a farm-owned or current official source; do not publish until resolved.,open
TX-CE7BF860D9,Rockin' S Ranch,Brazos,promotion_blocker,products or farm activity missing,Verify with a farm-owned or current official source; do not publish until resolved.,open
TX-019DCC09D9,Rocking S.O.B.Ranch,Eastland,promotion_blocker,single grade-E discovery listing needs corroboration,Verify with a farm-owned or current official source; do not publish until resolved.,open
TX-CD06233522,Ruby-Farm,Cherokee,promotion_blocker,single grade-E discovery listing needs corroboration,Verify with a farm-owned or current official source; do not publish until resolved.,open
TX-072099202D,Rural Living Farm,Jackson,promotion_blocker,single grade-E discovery listing needs corroboration,Verify with a farm-owned or current official source; do not publish until resolved.,open
TX-AC3E81060C,S and G Farm Pleasanton,Atascosa,promotion_blocker,city or safe public service area missing; single grade-E discovery listing needs corroboration,Verify with a farm-owned or current official source; do not publish until resolved.,open
TX-6A1008504F,"Salli's Corner Patch, LLC",,promotion_blocker,county missing; city or safe public service area missing; single grade-E discovery listing needs corroboration,Verify with a farm-owned or current official source; do not publish until resolved.,open
TX-162AEA6564,Sanchez Farms,Atascosa,promotion_blocker,single grade-E discovery listing needs corroboration; member/vendor directory candidate needs independent farm-operation evidence,Verify with a farm-owned or current official source; do not publish until resolved.,open
TX-54537AFE32,Sandy Land Farm,,promotion_blocker,county missing; city or safe public service area missing; single grade-E discovery listing needs corroboration,Verify with a farm-owned or current official source; do not publish until resolved.,open
TX-A32986A351,Sassy's Farm and Ranch,,promotion_blocker,county missing; city or safe public service area missing; single grade-E discovery listing needs corroboration,Verify with a farm-owned or current official source; do not publish until resolved.,open
TX-755AD9FA9C,SBA Farms Collective,Jefferson,promotion_blocker,single grade-E discovery listing needs corroboration,Verify with a farm-owned or current official source; do not publish until resolved.,open
TX-F004299493,Scarmado Foodservice Inc,Brazos,promotion_blocker,single grade-E discovery listing needs corroboration; member/vendor directory candidate needs independent farm-operation evidence,Verify with a farm-owned or current official source; do not publish until resolved.,open
TX-CEECB52592,Schreck Family Farm,Jefferson,promotion_blocker,single grade-E discovery listing needs corroboration,Verify with a farm-owned or current official source; do not publish until resolved.,open
TX-FAD58D4507,Shady Falls Farm,Bexar,promotion_blocker,single grade-E discovery listing needs corroboration,Verify with a farm-owned or current official source; do not publish until resolved.,open
TX-17BC5EC749,Shady Grove Ranch,Marion,promotion_blocker,single grade-E discovery listing needs corroboration,Verify with a farm-owned or current official source; do not publish until resolved.,open
TX-28ED9FA3CD,Shipps Lake Ranch,Bastrop,promotion_blocker,products or farm activity missing,Verify with a farm-owned or current official source; do not publish until resolved.,open
TX-19B07F705E,Shoestring Cattle Co.,Yoakum,promotion_blocker,city or safe public service area missing; single grade-E discovery listing needs corroboration,Verify with a farm-owned or current official source; do not publish until resolved.,open
TX-342B8225B2,Sides Pea Farm,Van Zandt,promotion_blocker,single grade-E discovery listing needs corroboration; member/vendor directory candidate needs independent farm-operation evidence,Verify with a farm-owned or current official source; do not publish until resolved.,open
TX-92BF498FA4,Signature Retreat (formerly Seebu Farm),Waller,promotion_blocker,single grade-E discovery listing needs corroboration,Verify with a farm-owned or current official source; do not publish until resolved.,open
TX-B73AE87A96,Simpson Farm,Hardeman,promotion_blocker,single grade-E discovery listing needs corroboration,Verify with a farm-owned or current official source; do not publish until resolved.,open
TX-C5AAD79C60,Smart Growth Farms,Medina,promotion_blocker,member/vendor directory candidate needs independent farm-operation evidence,Verify with a farm-owned or current official source; do not publish until resolved.,open
TX-9FD7F53A49,Smith Pastures,Medina,promotion_blocker,member/vendor directory candidate needs independent farm-operation evidence,Verify with a farm-owned or current official source; do not publish until resolved.,open
TX-D8DB280908,So Tex Farms,Atascosa,promotion_blocker,single grade-E discovery listing needs corroboration,Verify with a farm-owned or current official source; do not publish until resolved.,open
TX-D419092650,Soileau Family Cajun Farm,,promotion_blocker,county missing; city or safe public service area missing,Verify with a farm-owned or current official source; do not publish until resolved.,open
TX-E842599DAA,Solis Ranch,Rockwall,promotion_blocker,member/vendor directory candidate needs independent farm-operation evidence,Verify with a farm-owned or current official source; do not publish until resolved.,open
TX-3E90D400C4,Sonlight Orchard,Mason,promotion_blocker,single grade-E discovery listing needs corroboration,Verify with a farm-owned or current official source; do not publish until resolved.,open
TX-01E6D11A30,SOS From Texas Organic Cotton Products,Collingsworth,promotion_blocker,single grade-E discovery listing needs corroboration,Verify with a farm-owned or current official source; do not publish until resolved.,open
TX-840A45B935,South Howland Berry Farm,Lamar,promotion_blocker,single grade-E discovery listing needs corroboration,Verify with a farm-owned or current official source; do not publish until resolved.,open
TX-9976BD9BEC,South Plains Food Bank GRUB Farm,Lubbock,promotion_blocker,single grade-E discovery listing needs corroboration,Verify with a farm-owned or current official source; do not publish until resolved.,open
TX-28D82860EA,"South Tex Organics, LC",Hidalgo,promotion_blocker,single grade-E discovery listing needs corroboration,Verify with a farm-owned or current official source; do not publish until resolved.,open
TX-2C2EDE2948,South Texas MAiZE,Medina,promotion_blocker,single grade-E discovery listing needs corroboration,Verify with a farm-owned or current official source; do not publish until resolved.,open
TX-48FF2CFCD4,South Texas Mushrooms,,promotion_blocker,county missing; city or safe public service area missing; products or farm activity missing,Verify with a farm-owned or current official source; do not publish until resolved.,open
TX-D0D7D314F1,South Texas Organics,Hidalgo,promotion_blocker,single grade-E discovery listing needs corroboration; member/vendor directory candidate needs independent farm-operation evidence,Verify with a farm-owned or current official source; do not publish until resolved.,open
TX-8D2A74364C,South Texas Pecans,Lavaca,promotion_blocker,single grade-E discovery listing needs corroboration,Verify with a farm-owned or current official source; do not publish until resolved.,open
TX-9EC594C4AF,Southeast Texas Honey,Orange,promotion_blocker,single grade-E discovery listing needs corroboration,Verify with a farm-owned or current official source; do not publish until resolved.,open
TX-2AA6617AD7,Southeast Texas Honey Company,Orange,promotion_blocker,single grade-E discovery listing needs corroboration,Verify with a farm-owned or current official source; do not publish until resolved.,open
TX-65A7EDF191,Southern 76 Cattle Co,McLennan,promotion_blocker,single grade-E discovery listing needs corroboration; member/vendor directory candidate needs independent farm-operation evidence,Verify with a farm-owned or current official source; do not publish until resolved.,open
TX-7B3D5C3FE5,Southspoon Farms,Hopkins,promotion_blocker,single grade-E discovery listing needs corroboration,Verify with a farm-owned or current official source; do not publish until resolved.,open
TX-480A0BCD55,Sovereignty Ranch,,promotion_blocker,county missing; city or safe public service area missing,Verify with a farm-owned or current official source; do not publish until resolved.,open
TX-5C4F9C6007,Split Horizon Ecostead,Jim Wells,promotion_blocker,single grade-E discovery listing needs corroboration,Verify with a farm-owned or current official source; do not publish until resolved.,open
TX-E28D5E8A8B,Spoiled Hen Coop & Run,Angelina,promotion_blocker,single grade-E discovery listing needs corroboration,Verify with a farm-owned or current official source; do not publish until resolved.,open
TX-0F7DEAA9D3,Square Mile Community Development,Potter,promotion_blocker,member/vendor directory candidate needs independent farm-operation evidence,Verify with a farm-owned or current official source; do not publish until resolved.,open
TX-BD04EC3F45,Square Mile Farms,Potter,promotion_blocker,single grade-E discovery listing needs corroboration,Verify with a farm-owned or current official source; do not publish until resolved.,open
TX-55BBBFF205,Star Farmers Market,Milam,promotion_blocker,single grade-E discovery listing needs corroboration,Verify with a farm-owned or current official source; do not publish until resolved.,open
TX-9EC6908DF3,Star G Honey Company,,promotion_blocker,county missing; city or safe public service area missing; single grade-E discovery listing needs corroboration,Verify with a farm-owned or current official source; do not publish until resolved.,open
TX-7B4611A08D,Star Ranch,Parker,promotion_blocker,single grade-E discovery listing needs corroboration,Verify with a farm-owned or current official source; do not publish until resolved.,open
TX-3FCDC1979B,Starr S Ranch,Orange,promotion_blocker,single grade-E discovery listing needs corroboration,Verify with a farm-owned or current official source; do not publish until resolved.,open
TX-F9CC2033DA,Steeple Berry Farms,Angelina,promotion_blocker,single grade-E discovery listing needs corroboration,Verify with a farm-owned or current official source; do not publish until resolved.,open
TX-D554933817,Stevens Farm and Ranch,Atascosa,promotion_blocker,single grade-E discovery listing needs corroboration,Verify with a farm-owned or current official source; do not publish until resolved.,open
TX-71CEF5090C,Stone Farms Livingston,Polk,promotion_blocker,single grade-E discovery listing needs corroboration,Verify with a farm-owned or current official source; do not publish until resolved.,open
TX-93FFCC2AFE,Stoneybrook Farm,Nacogdoches,promotion_blocker,single grade-E discovery listing needs corroboration,Verify with a farm-owned or current official source; do not publish until resolved.,open
TX-D876E632D3,Strawn Pecans,Lubbock,promotion_blocker,single grade-E discovery listing needs corroboration,Verify with a farm-owned or current official source; do not publish until resolved.,open
TX-B87D7323D4,Strickland Farms,,promotion_blocker,county missing; city or safe public service area missing; member/vendor directory candidate needs independent farm-operation evidence,Verify with a farm-owned or current official source; do not publish until resolved.,open
TX-CFAA3F37CE,Stroope Family Honey Farm,Brazoria,promotion_blocker,single grade-E discovery listing needs corroboration; member/vendor directory candidate needs independent farm-operation evidence,Verify with a farm-owned or current official source; do not publish until resolved.,open
TX-22678D6B35,Sunburst Farms Market,Lubbock,promotion_blocker,single grade-E discovery listing needs corroboration,Verify with a farm-owned or current official source; do not publish until resolved.,open
TX-3C4804B8D8,Sunny Knoll Farm,Chambers,promotion_blocker,single grade-E discovery listing needs corroboration,Verify with a farm-owned or current official source; do not publish until resolved.,open
TX-713BC2462E,Sunnyvale Pecan Orchard,Dallas,promotion_blocker,single grade-E discovery listing needs corroboration,Verify with a farm-owned or current official source; do not publish until resolved.,open
TX-461DCD8927,Sunset Trail Farm,Collin,promotion_blocker,city or safe public service area missing; single grade-E discovery listing needs corroboration,Verify with a farm-owned or current official source; do not publish until resolved.,open
TX-A3FB54797F,Sweet Dew Farm,Fort Bend,promotion_blocker,single grade-E discovery listing needs corroboration,Verify with a farm-owned or current official source; do not publish until resolved.,open
TX-A83FBA2387,Sweet Dreams Lavender Farm,Travis,promotion_blocker,single grade-E discovery listing needs corroboration,Verify with a farm-owned or current official source; do not publish until resolved.,open
TX-E4AB8D3A9E,Sweet Eats Fruit Farm,Williamson,promotion_blocker,single grade-E discovery listing needs corroboration,Verify with a farm-owned or current official source; do not publish until resolved.,open
TX-792BAE9E05,Sweetberry Farm,Burnet,promotion_blocker,single grade-E discovery listing needs corroboration,Verify with a farm-owned or current official source; do not publish until resolved.,open
TX-59D747412D,Synergic Farms,,promotion_blocker,county missing; single grade-E discovery listing needs corroboration,Verify with a farm-owned or current official source; do not publish until resolved.,open
TX-7481F91E3E,Talltex Blue Grass Beef,Moore,promotion_blocker,single grade-E discovery listing needs corroboration,Verify with a farm-owned or current official source; do not publish until resolved.,open
TX-4D3D6C941F,TAMUC Twin Oaks Blueberry Farm,Hunt,promotion_blocker,single grade-E discovery listing needs corroboration,Verify with a farm-owned or current official source; do not publish until resolved.,open
TX-8747101959,Taylor Hood Farms,El Paso,promotion_blocker,single grade-E discovery listing needs corroboration,Verify with a farm-owned or current official source; do not publish until resolved.,open
TX-BB2774D616,Tegwende Organic Farming,Brazoria,promotion_blocker,products or farm activity missing,Verify with a farm-owned or current official source; do not publish until resolved.,open
TX-FC7AC03646,Tejas Premium Meat,Hill,promotion_blocker,single grade-E discovery listing needs corroboration; member/vendor directory candidate needs independent farm-operation evidence,Verify with a farm-owned or current official source; do not publish until resolved.,open
TX-11AFD79C59,Terra Madre Mini Farm,Nueces,promotion_blocker,single grade-E discovery listing needs corroboration,Verify with a farm-owned or current official source; do not publish until resolved.,open
TX-D96EFF2D4A,Terra Preta Farms,Hidalgo,promotion_blocker,single grade-E discovery listing needs corroboration; member/vendor directory candidate needs independent farm-operation evidence,Verify with a farm-owned or current official source; do not publish until resolved.,open
TX-1AE0B7920D,Texas Beekeepers Association,Williamson,promotion_blocker,products or farm activity missing,Verify with a farm-owned or current official source; do not publish until resolved.,open
TX-884CF48120,Texas Blueberry Festival,Nacogdoches,promotion_blocker,city or safe public service area missing; single grade-E discovery listing needs corroboration,Verify with a farm-owned or current official source; do not publish until resolved.,open
TX-FB5936A0E4,Texas Farm Patch,Travis,promotion_blocker,single grade-E discovery listing needs corroboration; member/vendor directory candidate needs independent farm-operation evidence,Verify with a farm-owned or current official source; do not publish until resolved.,open
TX-A960F0F2E6,Texas Fruit & Pecan Orchard,Comanche,promotion_blocker,single grade-E discovery listing needs corroboration,Verify with a farm-owned or current official source; do not publish until resolved.,open
TX-855B531650,Texas Green Star LLC,Denton,promotion_blocker,single grade-E discovery listing needs corroboration; member/vendor directory candidate needs independent farm-operation evidence,Verify with a farm-owned or current official source; do not publish until resolved.,open
TX-2F6E879B7E,Texas Lavender Hills,Blanco,promotion_blocker,single grade-E discovery listing needs corroboration,Verify with a farm-owned or current official source; do not publish until resolved.,open
TX-66178FA492,Texas Olive Ranch,Dimmit,promotion_blocker,single grade-E discovery listing needs corroboration; member/vendor directory candidate needs independent farm-operation evidence,Verify with a farm-owned or current official source; do not publish until resolved.,open
TX-A53EF1E612,Texas Organic Mushrooms,Grayson,promotion_blocker,single grade-E discovery listing needs corroboration,Verify with a farm-owned or current official source; do not publish until resolved.,open
TX-3083A79B7A,Texas T Kobe Prime Beef,Fort Bend,promotion_blocker,single grade-E discovery listing needs corroboration,Verify with a farm-owned or current official source; do not publish until resolved.,open
TX-19846E63DB,Texas Tribal Buffalo Project,Gonzales,promotion_blocker,member/vendor directory candidate needs independent farm-operation evidence,Verify with a farm-owned or current official source; do not publish until resolved.,open
TX-076A002474,Texas US Farms,Grimes,promotion_blocker,products or farm activity missing,Verify with a farm-owned or current official source; do not publish until resolved.,open
TX-9DD4DECF90,Texlan,Calhoun,promotion_blocker,single grade-E discovery listing needs corroboration,Verify with a farm-owned or current official source; do not publish until resolved.,open
TX-5450A925F9,The Apple Shack,Parmer,promotion_blocker,single grade-E discovery listing needs corroboration,Verify with a farm-owned or current official source; do not publish until resolved.,open
TX-8C07DBB7FD,The Artistic Farmer,Gillespie,promotion_blocker,single grade-E discovery listing needs corroboration,Verify with a farm-owned or current official source; do not publish until resolved.,open
TX-A61313B59A,The Berry Patch,Harris,promotion_blocker,city or safe public service area missing; single grade-E discovery listing needs corroboration,Verify with a farm-owned or current official source; do not publish until resolved.,open
TX-1F97F12BBE,The Blueberry Farm,Tyler,promotion_blocker,same normalized name appears in multiple counties; single grade-E discovery listing needs corroboration,Verify with a farm-owned or current official source; do not publish until resolved.,open
TX-3EFD85E82B,The Blueberry Farm,Wood,promotion_blocker,same normalized name appears in multiple counties; single grade-E discovery listing needs corroboration,Verify with a farm-owned or current official source; do not publish until resolved.,open
TX-702D71D241,The Blueberry Farm Livingston,Polk,promotion_blocker,city or safe public service area missing; single grade-E discovery listing needs corroboration,Verify with a farm-owned or current official source; do not publish until resolved.,open
TX-1DA79BA9F6,The Blueberry Place,Nacogdoches,promotion_blocker,single grade-E discovery listing needs corroboration,Verify with a farm-owned or current official source; do not publish until resolved.,open
TX-668C3246C1,The Chosen Weeds,Orange,promotion_blocker,single grade-E discovery listing needs corroboration,Verify with a farm-owned or current official source; do not publish until resolved.,open
TX-9D2C33FC55,The Farmers Market In Brazos County,Milam,promotion_blocker,products or farm activity missing,Verify with a farm-owned or current official source; do not publish until resolved.,open
TX-D59AF04BF2,The Fredericksburg Peach Company,Travis,promotion_blocker,single grade-E discovery listing needs corroboration; member/vendor directory candidate needs independent farm-operation evidence,Verify with a farm-owned or current official source; do not publish until resolved.,open
TX-B8D5E31B40,The Greer Farm,Morris,promotion_blocker,single grade-E discovery listing needs corroboration,Verify with a farm-owned or current official source; do not publish until resolved.,open
TX-3D9B30A5ED,The Hour Farm: A Research Investment in Time,Hidalgo,promotion_blocker,single grade-E discovery listing needs corroboration,Verify with a farm-owned or current official source; do not publish until resolved.,open
TX-C5DFCD6C39,The King's Good Vineyard & Berry Farm,Clay,promotion_blocker,single grade-E discovery listing needs corroboration,Verify with a farm-owned or current official source; do not publish until resolved.,open
TX-F63311438A,The Last Organic Outpost,Harris,promotion_blocker,single grade-E discovery listing needs corroboration,Verify with a farm-owned or current official source; do not publish until resolved.,open
TX-9C7576ACD9,The Medina Farm,Wharton,promotion_blocker,single grade-E discovery listing needs corroboration,Verify with a farm-owned or current official source; do not publish until resolved.,open
TX-AA6A41437B,The Peach Orchard at Lake Fork,Wood,promotion_blocker,single grade-E discovery listing needs corroboration,Verify with a farm-owned or current official source; do not publish until resolved.,open
TX-97BC7ED3FA,The Rusty Cow Company,Sabine,promotion_blocker,single grade-E discovery listing needs corroboration,Verify with a farm-owned or current official source; do not publish until resolved.,open
TX-5CA0385B6E,The Urban Howdy Farm,Brazos,promotion_blocker,products or farm activity missing,Verify with a farm-owned or current official source; do not publish until resolved.,open
TX-CC06BE95B2,The Veggie Mart,,promotion_blocker,county missing; city or safe public service area missing; single grade-E discovery listing needs corroboration,Verify with a farm-owned or current official source; do not publish until resolved.,open
TX-3BEC72BBE6,The Wild Farm SATX,Bexar,promotion_blocker,member/vendor directory candidate needs independent farm-operation evidence,Verify with a farm-owned or current official source; do not publish until resolved.,open
TX-2BB1AA3B24,Thompson Dairy Farms,Cameron,promotion_blocker,single grade-E discovery listing needs corroboration,Verify with a farm-owned or current official source; do not publish until resolved.,open
TX-4FD6CAAF38,Three Amigos and 1/2 Strawberry Patch,Atascosa,promotion_blocker,single grade-E discovery listing needs corroboration,Verify with a farm-owned or current official source; do not publish until resolved.,open
TX-6B709E2998,Tierra Linda Natural Farm,Potter,promotion_blocker,single grade-E discovery listing needs corroboration,Verify with a farm-owned or current official source; do not publish until resolved.,open
TX-DCA1C38416,Tir Bluen,Randall,promotion_blocker,single grade-E discovery listing needs corroboration,Verify with a farm-owned or current official source; do not publish until resolved.,open
TX-B2D6FE4C21,Todd's Organic Garden,Brown,promotion_blocker,single grade-E discovery listing needs corroboration,Verify with a farm-owned or current official source; do not publish until resolved.,open
TX-C117695211,Top Essential Farm,Grimes,promotion_blocker,products or farm activity missing,Verify with a farm-owned or current official source; do not publish until resolved.,open
TX-9983265158,Top of Texas Farms - Idalou Harvest Company,Lubbock,promotion_blocker,products or farm activity missing,Verify with a farm-owned or current official source; do not publish until resolved.,open
TX-6F8B45F1B2,Top Texas Farms,Lubbock,promotion_blocker,single grade-E discovery listing needs corroboration; member/vendor directory candidate needs independent farm-operation evidence,Verify with a farm-owned or current official source; do not publish until resolved.,open
TX-BC895093BB,Torah Poultry,Frio,promotion_blocker,single grade-E discovery listing needs corroboration,Verify with a farm-owned or current official source; do not publish until resolved.,open
TX-1920C591D1,Travis' Vineyard,Johnson,promotion_blocker,single grade-E discovery listing needs corroboration,Verify with a farm-owned or current official source; do not publish until resolved.,open
TX-821B8D78C0,Tree House Farm,Walker,promotion_blocker,single grade-E discovery listing needs corroboration,Verify with a farm-owned or current official source; do not publish until resolved.,open
TX-DC7A9D2E2F,Trinity Acres U-Pick Blueberry Farm,Trinity,promotion_blocker,single grade-E discovery listing needs corroboration,Verify with a farm-owned or current official source; do not publish until resolved.,open
TX-F87BCA5B73,Trinity Ranch Seguin,Guadalupe,promotion_blocker,single grade-E discovery listing needs corroboration; member/vendor directory candidate needs independent farm-operation evidence,Verify with a farm-owned or current official source; do not publish until resolved.,open
TX-7EA67FE5B7,Triple H Farms,,promotion_blocker,county missing; city or safe public service area missing; single grade-E discovery listing needs corroboration,Verify with a farm-owned or current official source; do not publish until resolved.,open
TX-DFBF46F239,True Texan,Hidalgo,promotion_blocker,single grade-E discovery listing needs corroboration,Verify with a farm-owned or current official source; do not publish until resolved.,open
TX-A329A6BB8A,Tule Creek Dairy,Swisher,promotion_blocker,single grade-E discovery listing needs corroboration,Verify with a farm-owned or current official source; do not publish until resolved.,open
TX-2E71CAF067,Tuttles Meat Market,Refugio,promotion_blocker,single grade-E discovery listing needs corroboration; member/vendor directory candidate needs independent farm-operation evidence,Verify with a farm-owned or current official source; do not publish until resolved.,open
TX-A330FB1488,"Twelve Stones Ranch Produce and ""Gotcha Goat"" Farm",Montgomery,promotion_blocker,single grade-E discovery listing needs corroboration,Verify with a farm-owned or current official source; do not publish until resolved.,open
TX-6D1D70F359,Twin Buttes Alpaca Ranch,Tom Green,promotion_blocker,single grade-E discovery listing needs corroboration,Verify with a farm-owned or current official source; do not publish until resolved.,open
TX-F984C63713,Two Hounds Farm,Montgomery,promotion_blocker,single grade-E discovery listing needs corroboration,Verify with a farm-owned or current official source; do not publish until resolved.,open
TX-7CA20F2C78,Two Sisters Gardens,Kerr,promotion_blocker,single grade-E discovery listing needs corroboration,Verify with a farm-owned or current official source; do not publish until resolved.,open
TX-CBE3FE8A14,TX Farmhouse Beef,Fort Bend,promotion_blocker,member/vendor directory candidate needs independent farm-operation evidence,Verify with a farm-owned or current official source; do not publish until resolved.,open
TX-FAF1DB23DD,TXStems,Wilson,promotion_blocker,single grade-E discovery listing needs corroboration,Verify with a farm-owned or current official source; do not publish until resolved.,open
TX-033D28019E,Tyler Berry Farm,Smith,promotion_blocker,single grade-E discovery listing needs corroboration,Verify with a farm-owned or current official source; do not publish until resolved.,open
TX-84700B3E4C,Val Verde Vegetable,Hidalgo,promotion_blocker,products or farm activity missing; member/vendor directory candidate needs independent farm-operation evidence,Verify with a farm-owned or current official source; do not publish until resolved.,open
TX-8CDB5F914D,Val Verde Vegetables Co,Hidalgo,promotion_blocker,single grade-E discovery listing needs corroboration; member/vendor directory candidate needs independent farm-operation evidence,Verify with a farm-owned or current official source; do not publish until resolved.,open
TX-45AF4CD024,Vann Farm Frresh,Montague,promotion_blocker,single grade-E discovery listing needs corroboration; member/vendor directory candidate needs independent farm-operation evidence,Verify with a farm-owned or current official source; do not publish until resolved.,open
TX-25236E8958,Vaughan Cattle Company,,promotion_blocker,county missing; city or safe public service area missing; single grade-E discovery listing needs corroboration,Verify with a farm-owned or current official source; do not publish until resolved.,open
TX-1B8A223B37,Village Farms,Presidio,promotion_blocker,single grade-E discovery listing needs corroboration; member/vendor directory candidate needs independent farm-operation evidence,Verify with a farm-owned or current official source; do not publish until resolved.,open
TX-15CF77FBDB,Volleman Dairy Processing,Comanche,promotion_blocker,products or farm activity missing,Verify with a farm-owned or current official source; do not publish until resolved.,open
TX-4934CF9D9C,Vrdnt,Bastrop,promotion_blocker,single grade-E discovery listing needs corroboration; member/vendor directory candidate needs independent farm-operation evidence,Verify with a farm-owned or current official source; do not publish until resolved.,open
TX-42467F4B90,W Diamond L Ranch and Produce,,promotion_blocker,county missing; city or safe public service area missing; single grade-E discovery listing needs corroboration,Verify with a farm-owned or current official source; do not publish until resolved.,open
TX-3E4886C5F9,Wagon Wheel Farm NE TX,Lamar,promotion_blocker,member/vendor directory candidate needs independent farm-operation evidence,Verify with a farm-owned or current official source; do not publish until resolved.,open
TX-ABFB1C96D3,Walkers Blueberries,Fannin,promotion_blocker,single grade-E discovery listing needs corroboration,Verify with a farm-owned or current official source; do not publish until resolved.,open
TX-55C3B40706,Walo's Strawberry Farm,Atascosa,promotion_blocker,single grade-E discovery listing needs corroboration,Verify with a farm-owned or current official source; do not publish until resolved.,open
TX-68690CE501,Weimer Meat Company,Fayette,promotion_blocker,single grade-E discovery listing needs corroboration; member/vendor directory candidate needs independent farm-operation evidence,Verify with a farm-owned or current official source; do not publish until resolved.,open
TX-B1ADE81DDF,Welch Farms & Cattle,Bell,promotion_blocker,single grade-E discovery listing needs corroboration; member/vendor directory candidate needs independent farm-operation evidence,Verify with a farm-owned or current official source; do not publish until resolved.,open
TX-37F2EB0296,Welsh Feathered Farm,Walker,promotion_blocker,single grade-E discovery listing needs corroboration,Verify with a farm-owned or current official source; do not publish until resolved.,open
TX-797F8EA366,West Texas Meats,Gaines,promotion_blocker,single grade-E discovery listing needs corroboration; member/vendor directory candidate needs independent farm-operation evidence,Verify with a farm-owned or current official source; do not publish until resolved.,open
TX-1D3095DE74,Western Belle Farm,McLennan,promotion_blocker,single grade-E discovery listing needs corroboration,Verify with a farm-owned or current official source; do not publish until resolved.,open
TX-5E61E54C99,Weyrich Farm Organic Pecans,Maverick,promotion_blocker,single grade-E discovery listing needs corroboration,Verify with a farm-owned or current official source; do not publish until resolved.,open
TX-8393104124,Wieck Farms,Moore,promotion_blocker,single grade-E discovery listing needs corroboration,Verify with a farm-owned or current official source; do not publish until resolved.,open
TX-563C5D86BF,Wilcox Market Garden,Orange,promotion_blocker,single grade-E discovery listing needs corroboration,Verify with a farm-owned or current official source; do not publish until resolved.,open
TX-A787F3A404,Wild Candy Farm,Hays,promotion_blocker,products or farm activity missing,Verify with a farm-owned or current official source; do not publish until resolved.,open
TX-FA14CEEDD8,Wild Creek Farm,Wise,promotion_blocker,single grade-E discovery listing needs corroboration,Verify with a farm-owned or current official source; do not publish until resolved.,open
TX-582D835215,Wild Herd Cattle & Kitchen,,promotion_blocker,county missing; single grade-E discovery listing needs corroboration,Verify with a farm-owned or current official source; do not publish until resolved.,open
TX-CCC71FFBC3,Wild Honey Box - (formerly Bee Wilde),Montgomery,promotion_blocker,single grade-E discovery listing needs corroboration,Verify with a farm-owned or current official source; do not publish until resolved.,open
TX-DDA1B60581,Wild-Pere Market,Wilson,promotion_blocker,single grade-E discovery listing needs corroboration,Verify with a farm-owned or current official source; do not publish until resolved.,open
TX-CF19D55FBC,Wild Turkey Farm,Brazoria,promotion_blocker,single grade-E discovery listing needs corroboration,Verify with a farm-owned or current official source; do not publish until resolved.,open
TX-F6157815D2,Wildwood Farm,McCulloch,promotion_blocker,single grade-E discovery listing needs corroboration,Verify with a farm-owned or current official source; do not publish until resolved.,open
TX-6DF882256B,Williams Hay Co.,Panola,promotion_blocker,single grade-E discovery listing needs corroboration,Verify with a farm-owned or current official source; do not publish until resolved.,open
TX-06CA4E3699,Willo-berry Farms,Atascosa,promotion_blocker,single grade-E discovery listing needs corroboration,Verify with a farm-owned or current official source; do not publish until resolved.,open
TX-C9BFE70ADE,Windrush Alpacas,,promotion_blocker,county missing; city or safe public service area missing; single grade-E discovery listing needs corroboration,Verify with a farm-owned or current official source; do not publish until resolved.,open
TX-F2695E6032,Windy Hill Organics,Comanche,promotion_blocker,single grade-E discovery listing needs corroboration,Verify with a farm-owned or current official source; do not publish until resolved.,open
TX-D3E4414CAA,WK Cattle Company LLC,Limestone,promotion_blocker,member/vendor directory candidate needs independent farm-operation evidence,Verify with a farm-owned or current official source; do not publish until resolved.,open
TX-630340A66F,Wolf Creek Farms,Lubbock,promotion_blocker,single grade-E discovery listing needs corroboration,Verify with a farm-owned or current official source; do not publish until resolved.,open
TX-0319DC67EC,Wonderful Citrus,Hidalgo,promotion_blocker,single grade-E discovery listing needs corroboration; member/vendor directory candidate needs independent farm-operation evidence,Verify with a farm-owned or current official source; do not publish until resolved.,open
TX-61DB26A1EB,Wood Duck Farm,Montgomery,promotion_blocker,single grade-E discovery listing needs corroboration,Verify with a farm-owned or current official source; do not publish until resolved.,open
TX-9ACBE3DF32,"Wow U-Pick Farms, LLC",Denton,promotion_blocker,single grade-E discovery listing needs corroboration,Verify with a farm-owned or current official source; do not publish until resolved.,open
TX-C7CC18C27B,Yeager Farm,San Jacinto,promotion_blocker,single grade-E discovery listing needs corroboration,Verify with a farm-owned or current official source; do not publish until resolved.,open
TX-EDBF9F43BA,Yellow Rose Meat Market,Chambers,promotion_blocker,single grade-E discovery listing needs corroboration; member/vendor directory candidate needs independent farm-operation evidence,Verify with a farm-owned or current official source; do not publish until resolved.,open
TX-9B732D4E39,Yellowbird Farm,Jefferson,promotion_blocker,single grade-E discovery listing needs corroboration,Verify with a farm-owned or current official source; do not publish until resolved.,open
TX-42DBAC160B,Yield Here Farms,Lampasas,promotion_blocker,products or farm activity missing,Verify with a farm-owned or current official source; do not publish until resolved.,open
TX-ED9E3B5170,Yoes Peach Orchards,Brown,promotion_blocker,single grade-E discovery listing needs corroboration,Verify with a farm-owned or current official source; do not publish until resolved.,open
TX-DBA490F14C,YT Ranch,Ector,promotion_blocker,single grade-E discovery listing needs corroboration,Verify with a farm-owned or current official source; do not publish until resolved.,open
TX-38612175A7,Zanzenberg Farm,Kerr,promotion_blocker,single grade-E discovery listing needs corroboration,Verify with a farm-owned or current official source; do not publish until resolved.,open
TX-951D6FAEC0,Zenner Orchard,Gillespie,promotion_blocker,single grade-E discovery listing needs corroboration; member/vendor directory candidate needs independent farm-operation evidence,Verify with a farm-owned or current official source; do not publish until resolved.,open
