farm_name,state,city,county,county_source,address,postal_code,products,phone,email,website_url,facebook_url,instagram_url,source_names,source_urls,source_modified_date,retrieved_date,source_passes,current_release_match,review_status,notes
3R Land & Livestock LLC,MS,Gulfport,,,"100 N Turner Rd, Gulfport, MS 39503",39503,Beef; Pork,(601) 325-1093,3rcattlecompany@gmail.com,https://www.farmraisedcattle.com,https://www.facebook.com/3rcattleco/?ref=page_internal,,Genuine MS — Raised,https://genuinems.com/directory/3r-land-livestock-llc/,2022-08-25,2026-07-15,1,,New candidate — needs independent verification,
4P Beef,MS,Lexington,Holmes,U.S. Census geocoder from public source address,"1565 Brozville Road , Lexington, MS 39095",39095,"Steaks; Brisket; Ribs; Ground Beef; Roasts; Whole, Half, Quarter Beef; Tamales; Beef Tips, Broth Bones, Liver, Osso Bucco, Oxtail, Stew Meat, Stir Fry, & Tenderized Steak",(662) 834-3888,4pbeef@gmail.com,,https://www.facebook.com/4PBEEF,,Genuine MS — Raised,https://genuinems.com/directory/4p-beef/,2022-08-16,2026-07-15,1,,New candidate — needs independent verification,
5D Natural Farm,MS,Raymond,Hinds,U.S. Census geocoder from public source address,"2629 Neil Collins Rd. , Raymond , Mississippi 39154",39154,Fresh Poultry; Fresh Pasture Raised Brown Eggs; Peppers; Okra; English Cucumbers; Tomatoes; Salsas; Variety of different Lettuces,(601) 906-8763,5dnaturalfarm@gmail.com,https://www.5dnaturalfarm.com/,https://www.facebook.com/5Dnaturalfarm,,Genuine MS — Grown | Genuine MS — Raised,https://genuinems.com/directory/5d-natural-farm/,2024-07-08,2026-07-15,1,,New candidate — needs independent verification,
5D Natural Farms,MS,,,,2629 Neil Collins,,"Tomatos, Bellpeppers, Lettuce, Okra, Cucumbers",,5DNaturalFarm@gmaill.com,,,,MDAC Mississippi Farmers Market vendors,https://agnet.mdac.ms.gov/Website/FarmerMarket_VendorView.aspx?PassedID=238,,2026-07-15,2,,New candidate — needs independent verification,
61 Farms LLP,MS,Leland,Washington,MDAC listing,,,Beef; Providing Beef,(662) 822-0387,haybalingfool@aol.com,,,,MDAC Mississippi Farm Marketplace,https://agnet.mdac.ms.gov/MarketPortal/MarketPortal,,2026-07-15,2,,New candidate — needs independent verification,
7-Gen Pastures,MS,Clinton,Hinds,U.S. Census geocoder from public source address,"2913 Kickapoo Rd., Clinton, MS 39056",39056,BEEF,6625711360,sswhit76@gmail.com,,,,Genuine MS — Raised,https://genuinems.com/directory/7-gen-pastures/,2026-04-10,2026-07-15,1,7-gen Pastures,Existing release row — enrich/verify,
"A Cut Above Processing and Meat Market, LLC",MS,Perkinston,Hancock,MDAC listing,,,Beef; Providing Beef; Lamb; Pork; Goat,(228) 365-9291,cutaboveprocessing@gmail.com,https://www.cutaboveprocessing.com,,,MDAC Mississippi Farm Marketplace,https://agnet.mdac.ms.gov/MarketPortal/MarketPortal,,2026-07-15,2,,New candidate — needs independent verification,
"A Cut Above Processing & Meat Market, LLC",MS,Perkinston,Hancock,U.S. Census geocoder from public source address,"6295 Caesar Necaise Rd. 6295 Caesar Necaise Rd, Perkinston, MS 39573",39573,Beef; Pork,228-365-9291,cutaboveprocessing@gmail.com,https://www.cutaboveprocessing.com,https://www.facebook.com/cutaboveprocessing,,Genuine MS — Raised,https://genuinems.com/directory/a-cut-above-processing-meat-market-llc/,2026-04-15,2026-07-15,1,,New candidate — recent authoritative profile,
Addison Blueberry Farms,MS,Duck Hill,Montgomery,U.S. Census geocoder from public source address,"1042 Duck Hill Ranch Road, Duck Hill, MS 38925",38925,Corn; Squash; Okra; Watermelon; Bell Peppers; Cayenne Peppers; Herbs; Tomatoes,225-250-6613,tsaddi1974@gmail.com,,,,Genuine MS — Grown,https://genuinems.com/directory/addison-blueberry-farms/,2026-05-21,2026-07-15,1,,New candidate — recent authoritative profile,
Amason Farms,MS,Duck Hill,Montgomery,U.S. Census geocoder from public source address,"2517 Hwy 51, Duck Hill, MS 38925",38925,Beef; Pork,(662) 565-2481,chance_amason@yahoo.com,,,,Genuine MS — Raised | MDAC Mississippi Farmers Market vendors,https://genuinems.com/directory/amason-farms/ | https://agnet.mdac.ms.gov/Website/FarmerMarket_VendorView.aspx?PassedID=280,2023-06-07,2026-07-15,1 | 2,Amason Farms,Existing release row — enrich/verify,
Amber's Blueberry Farm,MS,Waynesboro,Wayne,PickYourOwn listing,,,Blueberries |,601-735-4840,jerryangiehutto42@yahoo.com,,,,PickYourOwn — Southeast,https://www.pickyourown.org/MSse.htm,,2026-07-15,3,,New candidate — needs independent verification,Conservative import: listing was not marked closed; confirm activity before promotion.
Amorphous Gardens,MS,,,,506 Pat Luckett Rd,,"We sell natural no-spray seasonal vegetables & herbs. Brassicas, Alliums, Tomatoes, Herbs, Potatoes, Sweet Potatoes, Beans, Carrots, Radishes, Zucchini, Cucumbers, Peppers, Eggplant,",(601) 454-9713,AmorphousGardens@hotmail.com,,,,MDAC Mississippi Farmers Market vendors,https://agnet.mdac.ms.gov/Website/FarmerMarket_VendorView.aspx?PassedID=1,,2026-07-15,2,,New candidate — needs independent verification,
Angel Wings Greenhouse,MS,Byhalia,Marshall,PickYourOwn listing,,,"peas, |",901-412-9218,byhaliagreenhouse@yahoo.com,,,,PickYourOwn — North,https://www.pickyourown.org/MSnorth.htm,,2026-07-15,3,,New candidate — needs independent verification,Conservative import: listing was not marked closed; confirm activity before promotion.
Arrowhead Hill Farm,MS,Lucedale,George,U.S. Census geocoder from public source address,"211 Mary Cochran Rd., Lucedale , Mississippi 39452",39452,Boer goats,(228) 990-5090,lindakowen@yahoo.com,,https://www.facebook.com/ArrowheadHillFarmBoerGoats,,Genuine MS — Raised,https://genuinems.com/directory/arrowhead-hill-farm/,2023-12-18,2026-07-15,1,,New candidate — needs independent verification,
Artillery Ridge Growers,MS,,,,16355 HWY 18 WEST,,"Herbs and Vegetable Plants, Roses, Hosta, Danilies, Iris, Assorted Trees and Shrubs, and other assorted perannials",,MHOLC@BELLSOUTH.NET,,,,MDAC Mississippi Farmers Market vendors,https://agnet.mdac.ms.gov/Website/FarmerMarket_VendorView.aspx?PassedID=50,,2026-07-15,2,,New candidate — needs independent verification,
B and L Farms,MS,Heidelberg,Jasper,U.S. Census geocoder from public source address,"158 CR 31, Heidelberg, MS 39439",39439,Registered Angus Bulls; Registered Angus Cows; Registered Angus Heifers,(601) 470-9637,brad@bandlfarms.com,,,http://instagram.com/B_and_L_Farms,Genuine MS — Raised,https://genuinems.com/directory/b-and-l-farms/,2025-12-30,2026-07-15,1,,New candidate — recent authoritative profile,
B & W Orchard,MS,Meridian,Clarke,PickYourOwn listing,,,"blueberries, figs, Muscadines, grapes, and prepicked produce, restrooms |",601-659-7357,giftmakersplus@bellsouth.net,,,,PickYourOwn — East Central,https://www.pickyourown.org/MSeast.htm,,2026-07-15,3,,New candidate — needs independent verification,Conservative import: listing was not marked closed; confirm activity before promotion.
Bacot Farms,MS,Tylertown,Walthall,U.S. Census geocoder from public source address,"130 Bacot Road, Tylertown , Mississippi 39667",39667,Grass fed and Grass Finished Beef,(601) 876-1367,tyler_bacot@yahoo.com,,https://www.facebook.com/share/1Bmj92oPzH/?mibextid=wwXIfr,http://instagram.com/Bacot.farms,Genuine MS — Raised,https://genuinems.com/directory/bacot-farms/,2025-10-28,2026-07-15,1,,New candidate — recent authoritative profile,
Bailey Barn Farms & Soap Co.,MS,Canton,Madison,U.S. Census geocoder from public source address,"478 Ratliff Ferry Road, Canton, MS 39046",39046,Goat Milk Soaps; Goat Milk Lotions; Goat Milk Lip Balms; Goat Milk Bath Bombs; Goat Milk Body Butter,(601) 559-5929,Baileybarnfarmssoapco@gmail.com,https://www.baileybarnfarmsoapco.com,https://www.facebook.com/BBaileyfarms?mibextid=LQQJ4d,http://instagram.com/@Baileybarnfarmsoapco,Genuine MS — Raised,https://genuinems.com/directory/bailey-barn-farms-soap-co/,2025-01-27,2026-07-15,1,,New candidate — recent authoritative profile,
Banks Farms,MS,Brandon,Rankin,U.S. Census geocoder from public source address,"3690 Highway 80 East, Brandon, Mississippi 39042",39042,Peaches,(601) 927-7104,burkhalterred@aol.com,,https://www.facebook.com/banksfarms/?ref=bookmarks,,Genuine MS — Grown,https://genuinems.com/directory/banks-farms/,2025-06-12,2026-07-15,1,,New candidate — recent authoritative profile,
Banks Rice,MS,Robinsonville,Tunica,U.S. Census geocoder from public source address,"2765 Banks Road , Robinsonville, MS 38664",38664,Long grain white rice; White rice grits; White rice flour,(901) 485-0074,banksriceco@gmail.com,https://www.banksrice.com,https://www.facebook.com/profile.php?id=61574989941552,,Genuine MS — Grown,https://genuinems.com/directory/banks-rice/,2026-04-28,2026-07-15,1,Banks Rice,Existing release row — enrich/verify,
Bass Pecan Company,MS,Raymond,Hinds,U.S. Census geocoder from public source address,"19470 Highway 18, Raymond, Mississippi 39154",19470,Pecans; Shelled Pecans; InShell Pecans; Farm Shelled Pecans; Pecan Trees; Honey Locust Trees; Fruit Trees,(601) 857-6177,cservice@basspecan.com,https://basspecantrees.com/,https://www.facebook.com/basspecantrees,,Genuine MS — Grown,https://genuinems.com/directory/bass-pecan-company/,2026-07-01,2026-07-15,1,Bass Pecan Company,Existing release row — enrich/verify,
Beason Family Farm,MS,Philedelphia,Neshoba,U.S. Census geocoder from public source address,"10141 Road 1343, Philedelphia, MS 39350",10141,"Whole Milk; Chocolate Milk; Butter Milk; Hay; Ice Cream: Vanilla, Chocolate, Strawberry, and Lemon",(601) 562-0817,mbeason3@aol.com,https://www.beasonfamilyfarm.com/,https://www.facebook.com/BeasonFamilyFarm,,Genuine MS — Raised,https://genuinems.com/directory/beason-family-farm/,2025-05-30,2026-07-15,1,Beason Family Farm,Existing release row — enrich/verify,
Beaver-Dam Fresh Farms Inc,MS,Indianola,Sunflower,PickYourOwn listing,,,"beans, broad beans, cucumbers, peas, tomatoes |",662-887-4643,bodiddle@adelphia.net,,,,PickYourOwn — North,https://www.pickyourown.org/MSnorth.htm,,2026-07-15,3,,New candidate — needs independent verification,Conservative import: listing was not marked closed; confirm activity before promotion.
Becca’s Blooms Floral Flower Preservation,MS,Morton,,,"3840 SCR 503N, Morton, MS 39117",39117,,769-257-2283,beccasbloomsfloral@gmail.com,https://beccasbloomsfloralflowerpreservation.com/,https://www.facebook.com/share/1B1vgruYDE/?mibextid=wwXIfr,,Genuine MS — Grown,https://genuinems.com/directory/beccas-blooms-floral-flower-preservation/,2026-05-21,2026-07-15,1,,New candidate — recent authoritative profile,
Becci’s Barnyard,MS,Brooksville,Noxubee,U.S. Census geocoder from public source address,"1336 Dora Road, Brooksville, Mississippi 39773",39773,"100% Grass-Fed, Grain Finished Beef; 1/4, 1/2 and Full Shares of Beef; Lean Ground Beef; Ribeyes; T-Bones; NY Strips; Filets; Roasts; Brisket; Flanks & Flat Iron Steaks; Beef Tips",(662) 272-5030,beccisby@gmail.com,,https://www.facebook.com/profile.php?id=100083345925133,,Genuine MS — Raised,https://genuinems.com/directory/beccis-barnyard/,2025-05-27,2026-07-15,1,,New candidate — recent authoritative profile,
"Bee’s Best Honey, LLC",MS,Starkville,Oktibbeha,U.S. Census geocoder from public source address,"1406 Louiseville St, Starkville, MS 39759",39759,Honey; Nucs; Beeswax; Beeswax Candles; Beginner Beekeeper Workshops,(662) 361-8733,msbeesbesthoney@gmail.com,,https://www.facebook.com/doug.stone.9638718,,Genuine MS — Raised,https://genuinems.com/directory/bees-best-honey-llc/,2020-11-12,2026-07-15,1,,New candidate — needs independent verification,
BeeTree Meadows,MS,,,,,,Other,,beetreemeadows@gmail.com,,,,MDAC Mississippi Farmers Market vendors,https://agnet.mdac.ms.gov/Website/FarmerMarket_VendorView.aspx?PassedID=275,,2026-07-15,2,,New candidate — needs independent verification,
Big Creek Farm LLC,MS,Louin,,,"12801 SCR 504, Louin, MS 39338",12801,Goats; Chickens; Goat Milk Soap; Goat Milk Lotion; Goat Milk; Cheese,601-720-8929,bigcreekfarmms@gmail.com,,https://www.facebook.com/profile.php?id=100083538756071,,Genuine MS — Raised,https://genuinems.com/directory/big-creek-farm-llc/,2026-04-10,2026-07-15,1,,New candidate — recent authoritative profile,
Black Creek Farm LLC,MS,Picayune,Pearl River,U.S. Census geocoder from public source address,"4421B HWY 43N , Picayune , Mississippi 39466",39466,Prepackaged Beef; Prepackaged Pork; Whole chicken; Pastured Eggs,(601) 916-1610,blackcreekfarm1@outlook.com,,https://www.facebook.com/juneaufamilyfarm/,,Genuine MS — Raised,https://genuinems.com/directory/black-creek-farm-llc/,2023-02-15,2026-07-15,1,Black Creek Farm,Possible existing alias — identity review,
Black Jack Ranch,MS,Wiggins,Stone,U.S. Census geocoder from public source address,"853 Oil Well Road, Wiggins , MS 39577",39577,"Wagyu Beef; Angus Beef; Tallows, Butter and Broth; Fresh Baked Cookies and Breads; Sourdough Bread Bouls, Loafs and Bagels; Puddings and Cheesecakes; Seasonings, Sauces and Dips; Gifts and Apparel; Soaps, Whipped Tallow Lotions and Lip Balms",(601) 770-6601,kim@blackjackranchms.com,https://www.blackjackranchms.com,https://www.facebook.com/BlackJackWagyu/,http://instagram.com/blackjackwagyu,Genuine MS — Raised,https://genuinems.com/directory/black-jack-ranch/,2026-04-22,2026-07-15,1,Black Jack Ranch,Existing release row — enrich/verify,
Blue Barn Farms,MS,Lucedale,George,PickYourOwn listing,,,"No pesticides used , blueberries, concessions or refreshment stand, restrooms |",601-508-6825,kmlgrl06@gmail.com,,,,PickYourOwn — Southeast,https://www.pickyourown.org/MSse.htm,,2026-07-15,3,,New candidate — needs independent verification,Conservative import: listing was not marked closed; confirm activity before promotion.
Blue Courage Farms,MS,Brooksville,,,"4208 Lynn Creek Rd., Brooksville, MS 39739",39739,Shiitake Mushrooms; Golden Oyster Mushrooms; Pink Oyster Mushrooms; Piopinni Mushrooms; Reishi Mushrooms; Lion's Mane Mushrooms; Vegetables; Tomatoes; Okra; Peppers; Beef; Honey,(601) 383-3785,pierce@bluecouragefarms.com,https://www.bluecouragefarms.com,https://www.facebook.com/bluecouragefarms/,https://www.instagram.com/bluecouragefarms/?igsh=MTZpZWN1dXlmbTVybg%3D%3D&utm_source=qr,Genuine MS — Grown,https://genuinems.com/directory/blue-courage-farms/,2024-04-17,2026-07-15,1,Blue Courage Farms,Existing release row — enrich/verify,
Blue Sky Farms MS,MS,Richland,Rankin,U.S. Census geocoder from public source address,"44a Old Hwy 49 S, Richland, MS 39218",39218,Meat,(601) 353-7100,blueskyfarmsms@gmail.com,https://www.blueskyfarms.org,https://www.facebook.com/Blue-Sky-Farmsorg-101108618144039/,http://instagram.com/hugh.dt,Genuine MS — Raised,https://genuinems.com/directory/blue-sky-farms-ms/,2024-05-16,2026-07-15,1,,New candidate — needs independent verification,
Blue Tara Organic PYO Blueberry Farm,MS,Poplarville,Pearl River,PickYourOwn listing,,,"Certified Organic , blueberries, U-pick and already picked, restrooms, picnic area |",601-795-0034,info@pickaberry.com,,,,PickYourOwn — Southeast,https://www.pickyourown.org/MSse.htm,,2026-07-15,3,,New candidate — needs independent verification,Conservative import: listing was not marked closed; confirm activity before promotion.
Blueberry Bluephoria at Toft Farms,MS,Carriere,Hancock,PickYourOwn listing,,,"beans, blueberries, cucumbers, flowers, herbs or spices, melons, peppers, summer squash, Other fruit or veg, Honey from hives on the farm, Fresh eggs, restrooms |",985-788-8254,sales@toftfarms.com,,,,PickYourOwn — Southeast,https://www.pickyourown.org/MSse.htm,,2026-07-15,3,,New candidate — needs independent verification,Conservative import: listing was not marked closed; confirm activity before promotion.
Blueberry Heaven,MS,Vancleave,Jackson,PickYourOwn listing,,,"blueberries, No pesticides are used |",(228) 826-5321,info@blueberryheaven.net,,,,PickYourOwn — Southeast,https://www.pickyourown.org/MSse.htm,,2026-07-15,3,,New candidate — needs independent verification,Conservative import: listing was not marked closed; confirm activity before promotion.
Blueberry Hill Canton,MS,,Madison,PickYourOwn listing,,,"blueberries, |",601-201-0763,,,,,PickYourOwn — Jackson/West Central,https://www.pickyourown.org/MSjackson.htm,,2026-07-15,3,,New candidate — needs independent verification,Conservative import: listing was not marked closed; confirm activity before promotion.
Blueberry Hill Farm Florence,MS,Florence,Rankin,PickYourOwn listing,,,"No pesticides are used , blueberries, Fresh eggs, U-pick and already picked, farm animals |",(601) 214-1947,martinseverything2017@gmail.com,,,,PickYourOwn — Jackson/West Central,https://www.pickyourown.org/MSjackson.htm,,2026-07-15,3,,New candidate — needs independent verification,Conservative import: listing was not marked closed; confirm activity before promotion.
Blueberry Pines Farm,MS,McLain,Greene,U.S. Census geocoder from public source address,"12101 Highway 57, McLain, MS 39456",12101,Eggs; Bread; Seasonal Vegetables; Honey,(601) 394-7368,blueberrypinesfarm@gmail.com,https://www.blueberrypinesfarm.com/,https://www.facebook.com/blueberrypinesfarm/,,Genuine MS — Grown | Genuine MS — Raised,https://genuinems.com/directory/blueberry-pines-farm/,2023-01-30,2026-07-15,1,,New candidate — needs independent verification,
Blueberry Ridge,MS,Picayune,Pearl River,PickYourOwn listing,,,"blueberries, |",504-905-6198,blueberryridge20@charter.net,,,,PickYourOwn — Southeast,https://www.pickyourown.org/MSse.htm,,2026-07-15,3,Blueberry Ridge,Existing release row — enrich/verify,Conservative import: listing was not marked closed; confirm activity before promotion.
Bluff Farm Supply,MS,Natchez,Jefferson,U.S. Census geocoder from public source address,"2531 Guedon Rd, Natchez, MS 39120",39120,Bluff's Blend; Buck Plus; Super 13; Bagged Corn,(601) 571-7244,blufffarmsupply@gmail.com,,,http://instagram.com/blufffarmsupply,Genuine MS — Grown,https://genuinems.com/directory/bluff-farm-supply/,2025-12-30,2026-07-15,1,,New candidate — recent authoritative profile,
Boots to Roots Farm,MS,Lucedale,George,U.S. Census geocoder from public source address,"2129 Crenshaw rd, Lucedale, MS 39452",39452,"Pork cuts; Whole roaster pigs; Whole and half, slaughtered; Smoked products; Guanciale",(907) 942-7593,duskindeichl@gmail.com,https://www.bootstorootsfarm.com,https://www.facebook.com/profile.php?id=100063574863021,https://www.instagram.com/boots_to_roots_farm?utm_source=ig_web_button_share_sheet&igsh=ZDNlZDc0MzIxNw==,Genuine MS — Raised,https://genuinems.com/directory/boots-to-roots-farm/,2024-01-30,2026-07-15,1,,New candidate — needs independent verification,
Bounds Blueberry Farm,MS,Wiggins,Forrest,,"183 Highway 13, Wiggins , Mississippi 39577",39577,Blueberries; Blackberries,(601) 433-7826,boundsblueberry@gmail.com,,https://www.facebook.com/boundsblueberry,,Genuine MS — Grown | PickYourOwn — Southeast,https://genuinems.com/directory/bounds-blueberry-farm/ | https://www.pickyourown.org/MSse.htm,2024-09-12,2026-07-15,1 | 3,,New candidate — multi-source review,Conservative import: listing was not marked closed; confirm activity before promotion.
"Bowie Creek Orchard, LLC",MS,Mendenhall,Simpson,U.S. Census geocoder from public source address,"304 Universal Drive, Mendenhall, MS 39114",39114,Blueberries,601-918-4138,pepper_mike@hotmail.com,,https://www.facebook.com/bowiecreekorchard,,Genuine MS — Grown,https://genuinems.com/directory/bowie-creek-orchard-llc/,2025-04-18,2026-07-15,1,,New candidate — recent authoritative profile,
Bozeman Meat Co.,MS,Flora,Madison,U.S. Census geocoder from public source address,"4839 E Main St. , Flora, MS 39071",39071,Beef,(601) 398-8587,trey@bozemanmeats.com,,https://www.facebook.com/profile.php?id=61562104192006&mibextid=wwXIfr&mibextid=wwXIfr,http://instagram.com/Bozemanmeatco,Genuine MS — Raised,https://genuinems.com/directory/bozeman-meat-co/,,2026-07-15,1,Bozeman Meat Co.,Existing release row — enrich/verify,
Breckenridge Farms,MS,Shubuta,Clarke,U.S. Census geocoder from public source address,"181 Americana Drive, Shubuta, Mississippi 39360",39360,Muscadines; Muscadine Juice; Produce,(601) 776-7477,breckenridgefarms@yahoo.com,https://breckenridgefarms.net,https://www.facebook.com/muscadinevineyard/,,Genuine MS — Grown,https://genuinems.com/directory/breckenridge-farms/,2024-06-10,2026-07-15,1,,New candidate — needs independent verification,
Breezy Oaks Ranch,MS,Canton,Madison,U.S. Census geocoder from public source address,"298 Quail Road, Canton, MS 39046",39046,"Pasture Raised, Dry-Aged Beef; Pasture Raised Pork",(601) 668-8383,ssimpson@breezyoaksranch.com,https://breezyoaksranch.com,https://www.facebook.com/breezyoaksMS/,,Genuine MS — Raised,https://genuinems.com/directory/breezy-oaks-ranch/,2026-01-05,2026-07-15,1,,New candidate — recent authoritative profile,
Broadhead Beef,MS,Mendenhall,Simpson,U.S. Census geocoder from public source address,"1488 Highway 43 North, Mendenhall, MS 39114",39114,Ground Beef; Roast: all cuts; Steaks: all cuts,(601) 906-2148,staceyb100@bellsouth.net,,,,Genuine MS — Raised,https://genuinems.com/directory/broadhead-beef/,2025-04-23,2026-07-15,1,,New candidate — recent authoritative profile,
Broke – T Honey,MS,Philadelphia,Neshoba,U.S. Census geocoder from public source address,"13510 Hwy 488, Philadelphia, MS 39350",13510,Honey; Beeswax; Queen Bees; Hives,(601) 562-0701,broke_t@bellsouth.net,,https://www.facebook.com/pg/BrokeTHoney,,Genuine MS — Raised,https://genuinems.com/directory/broke-t-honey/,2024-01-04,2026-07-15,1,Broke-T Honey,Existing release row — enrich/verify,
Bruce Sweet Potato,MS,Bruce,Calhoun,U.S. Census geocoder from public source address,"124 Jimmy Beckley Drive , Bruce, MS 38915",38915,Sweet Potatoes,(662) 983-2400,marshall@brucesweetpotato.com,https://www.brucesweetpotato.com,https://www.facebook.com/people/Bruce-Sweet-Potato/100068379800267/,,Genuine MS — Grown,https://genuinems.com/directory/bruce-sweet-potato/,2024-08-29,2026-07-15,1,,New candidate — needs independent verification,
Burris Farms U-Pick,MS,Senatobia,Tate,PickYourOwn listing,,,"blackberries, blueberries, Muscadines, grapes, |",662-562-0075,info@burrisfarmsupick.com,,,,PickYourOwn — North,https://www.pickyourown.org/MSnorth.htm,,2026-07-15,3,,New candidate — needs independent verification,Conservative import: listing was not marked closed; confirm activity before promotion.
Burwell Farms LLC,MS,Lexington,Holmes,U.S. Census geocoder from public source address,"2485 Ebenezer Rd. 2485 Ebenezer Rd., Lexington, MS 39095",39095,Produce; Pork; Beef,601-624-7238,burwellw@gmail.com,https://www.burwellfarmllc.com,https://www.facebook.com/profile.php?id=61560311237933,http://instagram.com/burwell_farms,Genuine MS — Grown | Genuine MS — Raised,https://genuinems.com/directory/burwell-farms-llc/,2026-04-15,2026-07-15,1,,New candidate — recent authoritative profile,
C&W Farms Caledonia,MS,Caledonia,Lowndes,U.S. Census geocoder from public source address,"735 Jack Wiggins Road, Caledonia, MS 39740",39740,Pumpkins,(662) 640-3406,cwfarmsms@gmail.com,,https://www.facebook.com/cwfarmmscaledonia,,Genuine MS — Grown,https://genuinems.com/directory/cw-farms-caledonia/,2024-05-09,2026-07-15,1,,New candidate — needs independent verification,
"Cal-Maine Foods, Inc",MS,Ridgeland,Madison,U.S. Census geocoder from public source address,"1052 Highland Colony Pkwy, Ridgeland , MS 39157",39157,Shell Eggs; Liquid Eggs; Specialty Eggs; Cage-free Eggs; Brown Eggs; Organic Eggs; Egg-Land's Best Eggs; Land O' Lakes; Vegetarian; Omega-3 Eggs,(601) 948-6813,drrynlaster@outlook.com,https://www.calmainefoods.com/,https://www.facebook.com/CalMaineFoods/,,Genuine MS — Raised,https://genuinems.com/directory/cal-maine-foods-inc/,2025-12-23,2026-07-15,1,,New candidate — recent authoritative profile,
Carnes Farms,MS,Pontotoc,,,"164 Hurt-Wood Rd, Pontotoc, MS 38863",38863,Wooden frames; Wooden stocking holders; Wooden tree holders; Christmas Trees,(662) 419-1286,carnesfarmspontotoc@gmail.com,,https://www.facebook.com/carneschristmastreefarm,http://instagram.com/thedogwoodcompany,Genuine MS — Grown,https://genuinems.com/directory/carnes-farms/,2023-08-21,2026-07-15,1,,New candidate — needs independent verification,
Cedar Hill Farm,MS,Hernando,DeSoto,PickYourOwn listing,,,"Minimizes chemical and pesticide use , beans, blackberries, blueberries, broad beans, corn (sweet), cucumbers, eggplants, peas, pumpkins, summer squash, strawberries, tomatoes, other vegetables, Honey from hives on the farm, Fresh eggs, U-pick and already picked, farm market, gift shop, concessions or refreshment stand, restrooms, picnic area, face painting, pony rides, petting zoo, farm animals, birthday parties, weddings and wedding parties, school tours |",662-429-2540,cedarhfarm@yahoo.com,,,,PickYourOwn — North,https://www.pickyourown.org/MSnorth.htm,,2026-07-15,3,,New candidate — needs independent verification,Conservative import: listing was not marked closed; confirm activity before promotion.
Cedar Hill Farm & Cedar Hill’s Haunted Farm,MS,Hernando,,,"008 Love Rd, Hernando, MS 38632",38632,Blueberries; Blackberries; Peaches; Plums; Honey; Eggs; Christmas Trees,(662) 429-2540,cedarhfarm@yahoo.com,https://gocedarhillfarm.com/,https://www.facebook.com/gocedarhillfarm,http://instagram.com/gocedarhillfarm,Genuine MS — Grown | Genuine MS — Raised,https://genuinems.com/directory/cedar-hill-farm-cedar-hills-haunted-farm/,2025-05-27,2026-07-15,1,,New candidate — recent authoritative profile,
Charlie’s U-Pik,MS,Lucedale,George,,"257 Charlie's Lane, Lucedale 39452 OR 3787 MS-26, Wiggins 39577, Lucedale, MS 39452",39452,Tomatoes; Peas & Butter Beans; Cucumbers; Bell & Hot Peppers; Squash/Zucchini; Sweet Corn; Watermelon; Okra; Eggplant; Cantaloupe,(601) 530-0548,info@charliesupik.com,http://charliesupik.com/,https://www.facebook.com/charliesupiklucedale,,Genuine MS — Grown | PickYourOwn — Southeast,https://genuinems.com/directory/charlies-u-pik/ | https://www.pickyourown.org/MSse.htm,2024-09-03,2026-07-15,1 | 3,,New candidate — multi-source review,Conservative import: listing was not marked closed; confirm activity before promotion.
Charlie's U-Pik Wiggins,MS,,Stone,PickYourOwn listing,,,a variety of vegetables |,601-530-0548,info@charliesupik.com,,,,PickYourOwn — Southeast,https://www.pickyourown.org/MSse.htm,,2026-07-15,3,,New candidate — needs independent verification,Conservative import: listing was not marked closed; confirm activity before promotion.
Chatawa Farms,MS,Magnolia,Pike,PickYourOwn listing,,,"certified organic blueberries, and prepicked produce | Chatawa, Mississippi Highway 51, Magnolia, MS 39652.",985-626-0029,sdethor@bellsouth.net,,,,PickYourOwn — Southwest,https://www.pickyourown.org/MSsw.htm,,2026-07-15,3,,New candidate — needs independent verification,Conservative import: listing was not marked closed; confirm activity before promotion.
Cherry Creek Orchards,MS,Pontotoc,Pontotoc,PickYourOwn listing,,,"apples, blackberries, grapes, Muscadines, grapes, melons, nectarines, peaches, plums, pumpkins, other vegetables, Honey from hives on the farm, U-pick and already picked, school tours |",662-489-7783,cherrycreekorchards@gmail.com,,,,PickYourOwn — North,https://www.pickyourown.org/MSnorth.htm,,2026-07-15,3,,New candidate — needs independent verification,Conservative import: listing was not marked closed; confirm activity before promotion.
Chicora Organic Farm,MS,Buckatunna,Wayne,PickYourOwn listing,,,"Uses natural growing practices , blueberries, |",601-410-5213,don@chicoraorganicfarms.com,,,,PickYourOwn — Southeast,https://www.pickyourown.org/MSse.htm,,2026-07-15,3,,New candidate — needs independent verification,Conservative import: listing was not marked closed; confirm activity before promotion.
Chulahoma’s Garden,MS,Holly Springs,Marshall,U.S. Census geocoder from public source address,"260 Jamison Rd, Holly Springs, MS 38635",38635,"Vegetables, variety, specialize in leafy greens, lettuce, squash and peppers both hot and bell; HONEY; NATURAL SOAPS AND BATH BALLS; CANNED PRODUCTS",(662) 484-3260,chulahomasgarden@gmail.com,,https://www.facebook.com/ChulahomasGarden/,https://www.instagram.com/deloriseandtony/,Genuine MS — Grown | Genuine MS — Raised,https://genuinems.com/directory/chulahomas-garden/,2025-04-11,2026-07-15,1,Chulahoma's Garden,Existing release row — enrich/verify,
Circle L Enterprises,MS,Coila,Carroll,U.S. Census geocoder from public source address,"15426 Ms. Hwy 17 , Coila, Mississippi 38923",15426,"Greens; Pies and Cakes; Jellies and Jams; Fresh Squeezed Lemonade; Herbs; Tomatoes; Peppers; Okra; Squash; Cucumbers; Crafted Seasonings; Eggs; HERDS: basil, thyme, oregano, mints, sage, lemon grass, lemon balm, and other herbs.; Pork skins and Pork cracklins and Uncooked pork skins/cracklins",(662) 385-6223,circlelenterprise76@gmail.com,,https://www.facebook.com/circlelenterprises/,,Genuine MS — Grown | Genuine MS — Raised,https://genuinems.com/directory/circle-l-enterprises/,2024-05-06,2026-07-15,1,,New candidate — needs independent verification,
CM Farms And Services LLC,MS,West Point,Clay,U.S. Census geocoder from public source address,"611 Lone Oak Rd , West Point , MS 39773",39773,Strawberries; Tomatoes; Pecans; Tomato plants; Peas; Squash; Onions,(662) 295-3135,chad.mccomic@gmail.com,,https://www.facebook.com/CMFarmsandServices,,Genuine MS — Grown,https://genuinems.com/directory/cm-farms-and-services-llc/,2025-12-30,2026-07-15,1,,New candidate — recent authoritative profile,
Coastal Beef Co.,MS,Moss Point,Jackson,U.S. Census geocoder from public source address,"6036 King Rd, Moss Point, MS 39562",39562,Whole Beef (Actual Product) 400lbs Approximately 400 lbs of beef; Half Beef (Actual Product) Approximately 200 lbs of beef; Quarter Beef (Actual Product) Approximately 100 lbs of beef; 50lb Family Box; 15lb Coastal Beef Sampler; 10lb Ground Beef; Assorted Sample Boxes; Custom Orders Available; Brand Merchandise,(228) 760-0502,sales@coastalbeefco.com,https://www.coastalbeefco.com,https://www.facebook.com/share/1BLnBqAdwR/?mibextid=wwXIfr,http://instagram.com/@COASTALBEEFCO,Genuine MS — Raised,https://genuinems.com/directory/coastal-beef-co/,2026-02-09,2026-07-15,1,Coastal Beef Co.,Existing release row — enrich/verify,
Colemans Farm LLC,MS,Lexington,Carroll,U.S. Census geocoder from public source address,"2547 CR75, Lexington, MS 39095",39095,Tomatoes; Tumeric; Lemon grass; Ginger; cucumber; Luffa; Comfrey; Squash,(703) 309-6226,colemansfarm18@gmail.com,https://www.colemansfarmproject.com/,https://www.facebook.com/COLEMANSFARM,,Genuine MS — Grown,https://genuinems.com/directory/colemans-farm-llc/,2025-04-30,2026-07-15,1,,New candidate — recent authoritative profile,
Cooper Farms and Vineyard LLC,MS,Morton,Scott,U.S. Census geocoder from public source address,"1011 Rushing Rd, Morton, MS 39117",39117,"Muscadine Jelly; Blackberry Jelly; Blackberries; Blueberries; Muscadines; Cantaloupe; Watermelons; Squash (all types); Peppers (all types); Corn (Yellow and White, Field and Sweet); Snap beans; Lettuce (leaf); Greens (All Types); Cucumber; Carrots; Peas (Various Types); Radishes; Eggplant; Red Potatoes; Califlower; Brocolli; Brussel Sprouts; Okra; Bok Choy; Kohlrabi; Swiss Chard; Spinach; Green Onions; Mizuna",(601)732-2908,cooperfarmsandvineyard@yahoo.com,,https://www.facebook.com/muscadinefruit/,,Genuine MS — Grown,https://genuinems.com/directory/cooper-farms-and-vineyard-llc/,2025-05-09,2026-07-15,1,,New candidate — recent authoritative profile,
COOPER FARMS & VINEYARD,MS,,,,1011 RUSHING ROAD,,"TOMATOES, SQUASH, CUCUMBERS, OKRA, EGGPLANT, PEAS, SNAPBEANS, PEPPERS, ONIONS, POTATOES, WINTER SQUASH, WATERMELONS, CANTALOUPES, CORN, BUTTERBEANS, BEETS, CARROTS, BROCCOLI, CABBAGE, CAULIFLOWER, BRUSSEL SPROUTS, LETTUCE, RADISH, KOHLRABI, ALL GREENS, HERBS & PLANTS, SWISS CHARD, BLACKBERRIES, BLUEBERRIES, MUSCADINES, STRAWBERRIES, AND OTHER SPECIALITY VEGETABLES & FRUITS.",(601) 732-2908,COOPERFARMSANDVINEYARD@YAHOO.COM,,,,MDAC Mississippi Farmers Market vendors,https://agnet.mdac.ms.gov/Website/FarmerMarket_VendorView.aspx?PassedID=31,,2026-07-15,2,,New candidate — needs independent verification,
Coy Bee Company,MS,Wiggins,Forrest,U.S. Census geocoder from public source address,"358 Highway 13, Wiggins, MS 39577",39577,Russian Queens; Russian Nucs; Coastal Wildflower Honey,(601) 928-5865,steven@coybeecompany.com,https://www.coybeecompany.com,,,Genuine MS — Raised,https://genuinems.com/directory/coy-bee-company/,2023-09-05,2026-07-15,1,Coy Bee Company,Existing release row — enrich/verify,
Crooked Row Farms LLC,MS,Duck Hill,,,"792 Fisher Crossing , Duck Hill, MS 38925",38925,"Coturnix Quail, fertilized eggs; Coturnix Quail, pickled eggs; Coturnix Quail, chicks; Coturnix Quail, adults; Coturnix Quail, dressed; Silkie Chickens, fresh eggs; Silkie Chickens, fertilized eggs; Silkie Chickens, chicks; Silkie Chickens, adults; Pumpkins",(662) 310-4500,csykes@holmescc.edu,,,http://instagram.com/crooked_row_farms_llc,Genuine MS — Grown | Genuine MS — Raised,https://genuinems.com/directory/crooked-row-farms-llc/,2023-08-28,2026-07-15,1,,New candidate — needs independent verification,
Croom Farms,MS,Lucedale,George,U.S. Census geocoder from public source address,"4146 Old Hwy 63N, Lucedale, MS 39452",39452,Winter Squash; Summer Squash; Cabbage; Broccoli; Okra; Sweet Corn; Peas; Snap Beans; Cantaloupe; Watermelons; Banana Peppers; Jalapeños; Bell Peppers; Tomatoes; Sweet Potatoes; Potatoes; Cucumbers,(601) 508-8730,croomfarms@gmail.com,https://www.croomfarms.com/,https://www.facebook.com/croomfarms/,http://instagram.com/croomfarms,Genuine MS — Grown,https://genuinems.com/directory/croom-farms/,2024-04-08,2026-07-15,1,,New candidate — needs independent verification,
Cypress Point Pecans LLC,MS,Yazoo City,,,"9402 Mississippi 149 9402 Mississippi 149, Yazoo City, MS 39194",39194,shelled pecan halves; shelled pecan pieces; pecan oil,(769) 567-9077,todd@cypresspointpecans.com,https://www.cypresspointpecans.com,https://www.facebook.com/cypresspointpecans,,Genuine MS — Grown,https://genuinems.com/directory/cypress-point-pecans-llc/,,2026-07-15,1,,New candidate — needs independent verification,
Dabbs Farm,MS,Saucier,Harrison,PickYourOwn listing,,,"Blueberries, Christmas trees |",228-669-0029,,,,,PickYourOwn — Southeast,https://www.pickyourown.org/MSse.htm,,2026-07-15,3,,New candidate — needs independent verification,Conservative import: listing was not marked closed; confirm activity before promotion.
"Dannemann Farm, LLC",MS,Kiln,Hancock,PickYourOwn listing,,,"blueberries, porta-potties are available, picnic area |",228-255-5979,blueberriesms@gmail.com,,,,PickYourOwn — Southeast,https://www.pickyourown.org/MSse.htm,,2026-07-15,3,,New candidate — needs independent verification,Conservative import: listing was not marked closed; confirm activity before promotion.
Delta Pride Catfish,MS,Isola,,,"299 South Street, Isola, Mississippi 38754",38754,Delta Pride farm-raised catfish fillets; Delta Pride farm-raised catfish whole fish; Delta Pride farm-raised catfish strips; Delta Pride farm-raised catfish steaks; Delta Pride farm-raised catfish breaded items; Delta Pride farm-raised catfish nuggets; Delta Pride farm-raised marinated catfish,662.962.3101,sales@countryselect.com,http://www.deltapride.com/,https://www.facebook.com/DeltaPrideCatfish/,http://instagram.com/deltapridecatfish,Genuine MS — Raised,https://genuinems.com/directory/delta-pride-catfish/,2026-01-05,2026-07-15,1,,New candidate — recent authoritative profile,
"Dixie Farms, LLC",MS,Waynesboro,Wayne,U.S. Census geocoder from public source address,"6 Babe Dawes Dr, Waynesboro, MS 39367",39367,Candles; Wall Decor; Honey Straws; T-shirts; British Labrador Retrievers; Beef; Timber,(601) 410-2946,dfarmsllcofms@gmail.com,http://dfarmsllc.com,https://www.facebook.com/Dixie-Farms-LLC-1745697548822978,,Genuine MS — Grown | Genuine MS — Raised,https://genuinems.com/directory/dixie-farms-llc/,2026-04-28,2026-07-15,1,Dixie Farms,Possible existing alias — identity review,
DONNA CORKERN,MS,,,,102 Lisi Lane,,"Peas, Beans, Tomatoes, Cucumbers, Peppers, Lettus, Eggplant, Squash, Figs, Pecans, Okra, Green Onions, Blueberries, and Vegetable, Flower and Herb Plants.",,craftygal60@aol.com,,,,MDAC Mississippi Farmers Market vendors,https://agnet.mdac.ms.gov/Website/FarmerMarket_VendorView.aspx?PassedID=90,,2026-07-15,2,,New candidate — needs independent verification,
Dowdle Family Farms,MS,Caledonia,Lowndes,U.S. Census geocoder from public source address,"1412 Seed Tick Rd, Caledonia, MS 39740",39740,Pastured Pork; Pasture Raised Beef; Honey and Honey Bees,(662) 435-0921,rob@dowdlefamilyfarms.com,https://dowdlefamilyfarms.com,,,Genuine MS — Raised,https://genuinems.com/directory/dowdle-family-farms/,2024-03-04,2026-07-15,1,Dowdle Family Farms,Existing release row — enrich/verify,
Down Home Milling Co.,MS,Holcomb,Grenada,U.S. Census geocoder from public source address,"10560 highway 8 West, Holcomb, MS 38940",10560,Grits; Cornmeal,(662) 299-8238,downhomemillingco@yahoo.com,,https://www.facebook.com/profile.php?id=100087297144442,http://instagram.com/downhomemillingco,Genuine MS — Grown,https://genuinems.com/directory/down-home-milling-co/,2023-01-18,2026-07-15,1,Down Home Milling Co.,Existing release row — enrich/verify,
Dry Bottom Farms and Nursery,MS,Weir,Choctaw,U.S. Census geocoder from public source address,"379 West Harris Road , Weir , Mississippi 39772",39772,Pumpkins; Seasonal flowers; Variety of produce; Tomatoes,(662) 552-6781,Drybottompumpkinpatch2018@gmail.com,,https://www.facebook.com/DryBottom/,,Genuine MS — Grown,https://genuinems.com/directory/dry-bottom-farms-and-nursery/,2020-09-25,2026-07-15,1,,New candidate — needs independent verification,
Dunsfield Heidrun Farm,MS,Moss Point,Jackson,U.S. Census geocoder from public source address,"16201 Lily Orchard Rd, Moss Point, Mississippi 39562",16201,Goat Milk Soap; Lotion and Tallow; Beard Products; Shampoo and Conditioner; Bath Bombs; Laundry Detergent,228-990-1024,dunsfieldheidrunfarm@yahoo.com,https://dunsfieldheidrunfarm.square.site/,https://www.facebook.com/dunsfieldheidrunfarm/,,Genuine MS — Raised,https://genuinems.com/directory/dunsfield-heidrun-farm/,2026-04-15,2026-07-15,1,Dunsfield Heidrun Farm,Existing release row — enrich/verify,
Dutch Creek Goat Farm,MS,,,,,,Goat cheese,(601) 526-1127,dutchcreekgoatfarm@gmail.com,,,,MDAC Mississippi Farmers Market vendors,https://agnet.mdac.ms.gov/Website/FarmerMarket_VendorView.aspx?PassedID=255,,2026-07-15,2,,New candidate — needs independent verification,
Eight Acre Porch and Poultry LLC,MS,Terry,Hinds,U.S. Census geocoder from public source address,"1869 Flowers Road, Terry, Ms 39170",39170,Eggs,6017579314,megan.alexandria@ymail.com,,,,Genuine MS — Raised,https://genuinems.com/directory/eight-acre-porch-and-poultry-llc/,2026-06-18,2026-07-15,1,,New candidate — recent authoritative profile,
Ellis Farms,MS,,,,1071 MILLER ROAD,,"FRUITS: BLUEBERRIES, BLACKBERRIES, STRAWBERRIES, PLUMS, MUSCADINES, MELONS. VEGGIES: BEANS, TOMATOES, PEPPERS, CORN, LETTUCE, POTATOES, OKRA.",(601) 506-9222,gellis324gmail.com,,,,MDAC Mississippi Farmers Market vendors,https://agnet.mdac.ms.gov/Website/FarmerMarket_VendorView.aspx?PassedID=34,,2026-07-15,2,,New candidate — needs independent verification,
Emma Wilder Farm,MS,Seminary,Jones,U.S. Census geocoder from public source address,"315 Louie Bullock Road, Seminary, Mississippi 39479",39479,Goat milk soap; Goat milk lotion; All natural candles; Raw honey; Beeswax lotion; Beeswax lip balm,(601) 255-3746,kimberly@emmawilderfarm.com,https://www.emmawilderfarm.com,https://www.facebook.com/emmawilderfarm/,http://instagram.com/emmawilderfarm,Genuine MS — Raised,https://genuinems.com/directory/emma-wilder-farm/,2025-01-25,2026-07-15,1,,New candidate — recent authoritative profile,
"Etta Hills Farm, LLC",MS,Etta,Lafayette,U.S. Census geocoder from public source address,"90 County Road 253, Etta, MS 38627",38627,"Grass Fed and Grass-finished Beef; Grass Fed and Finished Lamb; Pastured Pork; Pastured Poultry; Non-GMO, Non-Soy Pastured Eggs",(662) 484-4147,tabithafulgham@protonmail.com,https://www.ettahillsfarm.com/,https://www.facebook.com/ettahillsfarm,https://www.instagram.com/ettahillsfarmofficial/,Genuine MS — Raised,https://genuinems.com/directory/etta-hills-farm-llc/,2024-10-11,2026-07-15,1,Etta Hills Farm,Possible existing alias — identity review,
Eubanks Produce,MS,Lucedale,Greene,U.S. Census geocoder from public source address,"331 Produce Road, Lucedale, MS 39452",39452,Watermelon; Cantaloupe; Squash; Bell Pepper; Cucumbers; Eggplant; Tomatoes; Zucchini,(601) 947-9661,info@eubanksproduce.com,http://www.eubanksproduce.com/,https://www.facebook.com/EubanksProduce/,,Genuine MS — Grown,https://genuinems.com/directory/eubanks-produce/,2024-09-03,2026-07-15,1,Eubanks Produce,Existing release row — enrich/verify,
"Faithful Fruits Farm, LLC",MS,Mt Olive,Simpson,U.S. Census geocoder from public source address,"295 Zionell Rd. 295 Zionell Rd. , Mt Olive , MS 39119",39119,Pure Raw Honey,(769) 299-6114,kaciewa29@gmail.com,,,,Genuine MS — Raised,https://genuinems.com/directory/faithful-fruits-farm-llc/,2025-09-17,2026-07-15,1,,New candidate — recent authoritative profile,
Falkner Farms,MS,Oxford,Lafayette,U.S. Census geocoder from public source address,"76 Highway 328, Oxford, MS 38655",38655,Grass Fed and Grass Finished Beef; Pasture Raised Chicken Eggs,(662) 832-2874,falknerfarmsms@gmail.com,https://www.falknerfarms.com/,https://www.facebook.com/FalknerFarms,http://instagram.com/falknerfarms,Genuine MS — Raised,https://genuinems.com/directory/falkner-farms/,,2026-07-15,1,Falkner Farms,Existing release row — enrich/verify,
Farmer Browns Southern Farm,MS,Saucier,Harrison,U.S. Census geocoder from public source address,"19162 Borzik Rd, Saucier, MS 39574",19162,produce; culinary herbs; Pork pastured; Poultry pastured; Eggs pastured; Turkey; Rabbit,(228) 365-2789,eabfrmr@gmail.com,,https://www.facebook.com/farmerbrownssouthernfarm/,,Genuine MS — Grown | Genuine MS — Raised,https://genuinems.com/directory/farmer-browns-southern-farm/,2020-06-10,2026-07-15,1,,New candidate — needs independent verification,
First Fruits Farm,MS,,Pike,PickYourOwn listing,,,"blueberries, blackberries, | Highway",601-810-3606,almadripps@live.com,,,,PickYourOwn — Southwest,https://www.pickyourown.org/MSsw.htm,,2026-07-15,3,,New candidate — needs independent verification,Conservative import: listing was not marked closed; confirm activity before promotion.
Flavourful Fungi,MS,,,,,,Other,(601) 750-3638,floavourfulfungi@yahoo.com,,,,MDAC Mississippi Farmers Market vendors,https://agnet.mdac.ms.gov/Website/FarmerMarket_VendorView.aspx?PassedID=281,,2026-07-15,2,,New candidate — needs independent verification,
Flower Farm and Cottage,MS,Madison,Madison,U.S. Census geocoder from public source address,"164 Trace Cove Drive, Madison, Mississippi 39110",39110,"Florist Quality Cut Flowers; Floral Design for any occasion; Floral services such as banquet, wedding, holiday and other floral services.; Free flower growers training and selling locations",(601) 672-0755,dyowell@aol.com,,https://www.facebook.com/Flower-Farm-and-Cottage-100191078877233,,Genuine MS — Grown,https://genuinems.com/directory/flower-farm-and-cottage/,2023-06-14,2026-07-15,1,,New candidate — needs independent verification,
Foot Print Farms,MS,Jackson,Hinds,U.S. Census geocoder from public source address,"4945 South Dr., Jackson, MS 39209",39209,Strawberries; Cantaloupe; Watermelon; Basil; Parsley; Cilantro; Parsley; Zucchini; Squash; Cucumber; Tomatoes; Okra; Onions; Garlic; Collards; Mustard Greens; Cabbage; Eggplant; Hot and Mild Peppers; Green Peppers; Turnips; Collards; Kohlrabi; Beets; Callaloo,(601) 668-5583,footprintfarmsms@gmail.com,https://footprintfarmsms.com/,https://www.facebook.com/footprintfarmsms/,http://instagram.com/footprintfarms,Genuine MS — Grown | Genuine MS — Raised | MDAC Mississippi Farmers Market vendors,https://genuinems.com/directory/foot-print-farms/ | https://agnet.mdac.ms.gov/Website/FarmerMarket_VendorView.aspx?PassedID=125,2020-05-20,2026-07-15,1 | 2,,New candidate — multi-source review,
Free State Beef and Cattle,MS,Scobey,Tallahatchie,U.S. Census geocoder from public source address,"8240 Tallaha Road, Scobey, MS 38953",38953,Freezer beef,(901) 371-7722,fireandems92@gmail.com,,,,Genuine MS — Raised,https://genuinems.com/directory/free-state-beef-and-cattle/,2026-03-24,2026-07-15,1,Free State Beef and Cattle,Existing release row — enrich/verify,
Fresh Grown Farm,MS,,,,,,Lettuce Kale Radishes Turnips Bok Choy,,msfarmer@outlook.com,,,,MDAC Mississippi Farmers Market vendors,https://agnet.mdac.ms.gov/Website/FarmerMarket_VendorView.aspx?PassedID=272,,2026-07-15,2,Fresh Grown Farm,Existing release row — enrich/verify,
FreshGrown Farm,MS,Jackson,Hinds,U.S. Census geocoder from public source address,"1489 South McRaven Road,, Jackson, MS 39209",39209,Salad Mix; Tomatoes; Sweet corn; Spinach; Brocolini; Cabbage; Kale; Turnips; Radishes; Carrots; Onions; Peppers; Herbs; Beets; Eggplant; Blueberries; Watermelon; Bok Choy; Arugula,(601) 966-6011,msfarmer@outlook.com,https://www.freshgrownfarm.com,https://www.facebook.com/freshgrownfarm,http://instagram.com/fresh_grown_farm,Genuine MS — Grown,https://genuinems.com/directory/freshgrown-farm/,2025-11-25,2026-07-15,1,,New candidate — recent authoritative profile,
Fulmers Farmstead and General Store,MS,Beaumont,Perry,U.S. Census geocoder from public source address,"510 Wingate Rd PO BOX 630, Beaumont, MS 39476",39476,"Homemade Breads, Cakes, Pies, Muffins, Turnovers, Cookies, Cinnamon rolls; Produce; Jams and Jellies; Cheese, Milk, Eggs, Butter; Bulk Candy; Spices and Herbs; Home Decor; Gifts",(601) 964-8222,fulmersgeneral@gmail.com,http://www.fulmersfarmstead.com/,https://www.facebook.com/fulmersgeneralstore/,http://instagram.com/fulmersfarmstead,Genuine MS — Grown | Genuine MS — Raised,https://genuinems.com/directory/fulmers-farmstead-and-general-store/,2025-05-02,2026-07-15,1,,New candidate — recent authoritative profile,
Gatewood Blueberry Farm,MS,Forest,Scott,PickYourOwn listing,,,blueberries |,(601) 513-2660,,,,,PickYourOwn — East Central,https://www.pickyourown.org/MSeast.htm,,2026-07-15,3,,New candidate — needs independent verification,Conservative import: listing was not marked closed; confirm activity before promotion.
Geneva Springs Farm,MS,Pickens,Madison,U.S. Census geocoder from public source address,"278 Dinkins Road, Pickens, MS 39146",39146,Aji Mango Pepper Sauce (mild); Aji Lemon Pepper Sauce (medium); Ethiopian Brown Berbere Pepper Sauce (mild); Trinidad 7 Pod Pink Pepper Sauce (hot); Great White Habanero Pepper Sauce (hot); Mariachi Pepper Sauce (mild); Aji Crystal Pepper Flakes (hot); Hot Portugal Pepper Flakes (medium); Tabasco Pepper Sauce (hot); Chile de Agua Pepper Flakes (mild); Orange Jalapeno Pepper Flakes (mild); Gorria Pepper Flakes (mild); Elephant Ears Pepper Flakes (sweet); Ethiopian Brown Berbere Pepper Flakes (medium); Mariachi Pepper Flakes (mild); Tequila Pepper Flakes (sweet); Sugar Rush Peach Pepper Sauce (hot); Aji Fantasy White Pepper Flakes (sweet with mild heat); Senise Pepper Flakes (mild); Ancho Magnifica Pepper Flakes (medium),(601) 672-7274,oldmcgarner@yahoo.com,https://genevaspringsfarm.org,,,Genuine MS — Grown,https://genuinems.com/directory/geneva-springs-farm/,2023-12-14,2026-07-15,1,,New candidate — needs independent verification,
George (Sonny) Magee,MS,"Oak Vale, Ms.",Jefferson Davis,U.S. Census geocoder from public source address,"559 Park Fortenberry Rd. , Oak Vale, Ms. 39656",39656,Farm Raised grain feed Natural Beef,(601) 259-9860,smageefarms@gmail.com,,https://www.facebook.com/Magee-Farms-Oakvale-Mississippi-108164994253819/,,Genuine MS — Raised,https://genuinems.com/directory/george-sonny-magee/,2020-09-08,2026-07-15,1,,New candidate — needs independent verification,
Golden S Farms,MS,Mendenhall,Simpson,U.S. Census geocoder from public source address,"575 Simpson Hwy 540, Mendenhall, Mississippi 39114",39114,Brangus show cattle (heifers and bulls); Brangus herd bulls; Registered Brangus & Commercial replacement heifers; Brangus Genetics; Hay- round bales; Grass fed beef (on hoof),(601) 421-1727,goldensfarms@yahoo.com,,https://www.facebook.com/goldensfarmsofmendenhall,,Genuine MS — Grown | Genuine MS — Raised,https://genuinems.com/directory/golden-s-farms/,2024-06-19,2026-07-15,1,,New candidate — needs independent verification,
"Golden Valley Doodles, Inc.",MS,Morton,Scott,U.S. Census geocoder from public source address,"915 Hattie Wallace Rd, Morton, MS 39117",39117,Goldendoodles; Sheepadoodles; Aussiedoodles,(601) 900-2991,shannon@goldenvalleydoodles.com,https://www.goldenvalleydoodles.com/,https://www.facebook.com/goldenvalleydoodles/,http://instagram.com/goldenvalleydoodles,Genuine MS — Raised,https://genuinems.com/directory/golden-valley-doodles-inc/,2023-06-15,2026-07-15,1,,New candidate — needs independent verification,
Good Earth Eats,MS,Coxburg,,,"Ebenezer Coxburg Road, Coxburg, MS 39095",39095,Bacon; Sausage; Ham; Ribs; Boston Butt; Pork Chop; Lard,6625712478,goodeartheatsllc@gmail.com,,,,Genuine MS — Raised,https://genuinems.com/directory/good-earth-eats/,2026-07-13,2026-07-15,1,,New candidate — recent authoritative profile,
Granny Springs Farm,MS,Foxworth,Marion,MDAC listing,,,Providing Cucumbers; Potatoes; Tomatoes; Zucchini; Lettuce; Okra; Peas; Peppers; Onions; Squash,(402) 216-7617,grannyspringsfarm@gmail.com,,https://www.facebook.com/people/Granny-Springs-Farm/61562642237924/,,MDAC Mississippi Farm Marketplace,https://agnet.mdac.ms.gov/MarketPortal/MarketPortal,,2026-07-15,2,,New candidate — needs independent verification,
Grazing Way Farm,MS,Ellisville,Jones,U.S. Census geocoder from public source address,"1837 Hwy 588, Ellisville, MS 39437",39437,"Corn meal; Grits; Lamb; Vegetables; Tomatoes; Free Range, Cage Free Eggs; Wood Crafts; Baked Goods; Canned Goods",8322868609,grazingwayfarm@gmail.com,https://app.barn2door.com/grazingwayfarm/all,https://www.facebook.com/grazingwayfarm,,Genuine MS — Grown | Genuine MS — Raised,https://genuinems.com/directory/grazing-way-farm/,2024-06-03,2026-07-15,1,,New candidate — needs independent verification,
Great Southern Farms,MS,Richton,Perry,U.S. Census geocoder from public source address,"1729 Highway 15, Richton, MS 39476",39476,Blueberries; Blackberries,(601) 788-1990,greatsouthernfarms08@gmail.com,,https://www.facebook.com/greatsouthernfarms/,http://instagram.com/greatsouthernfarms,Genuine MS — Grown,https://genuinems.com/directory/great-southern-farms/,2023-07-24,2026-07-15,1,,New candidate — needs independent verification,
"Green Acres Creamery, LLC",MS,Saucier,Harrison,U.S. Census geocoder from public source address,"25119 Hwy 53, Saucier , MS 39574",25119,Whole Cream Line milk; Ice cream; Ice Cream Pies; Jams; Meats,(228) 860-2479,Aprilbond88@yahoo.com,https://www.greenacrescreamery.net/,https://www.facebook.com/greenacrescreamery/,,Genuine MS — Raised,https://genuinems.com/directory/green-acres-creamery-llc/,2024-10-11,2026-07-15,1,,New candidate — needs independent verification,
Hays Berry Farms,MS,Dumas,Union,PickYourOwn listing,,,"Registered naturally grown , blackberries, blueberries, carrots, cucumbers, peas, Honey from hives on the farm, school tours |",662-538-2899,rlhays25@gmail.com,,,,PickYourOwn — North,https://www.pickyourown.org/MSnorth.htm,,2026-07-15,3,,New candidate — needs independent verification,Conservative import: listing was not marked closed; confirm activity before promotion.
Heartland Catfish Company,MS,Itta Bena,Leflore,U.S. Census geocoder from public source address,"55001 Highway 82 West, Itta Bena, Mississippi 38941",55001,Whole Catfish; Catfish Steaks; Catfish Shank Fillets; Catfish Split Fillets; Catfish Fillet Strips; Catfish Nuggets; Hushpuppies,(662) 254-7100,social.network@heartlandcatfish.com,http://www.heartlandcatfish.com,https://www.facebook.com/iHeartCatfish/,http://instagram.com/HeartlandCatfishCo,Genuine MS — Raised,https://genuinems.com/directory/heartland-catfish-company/,2024-06-05,2026-07-15,1,,New candidate — needs independent verification,
Heavenly Trace Farm and Orchard LLC,MS,Madison,Madison,U.S. Census geocoder from public source address,"201 Palmers Ct 884 Attala Hwy 43 Kosciusko, MS 39090, Madison, MS 39110",39090,Fruit; Vegetables; Nursery Plants; Timber,(601) 397-1643,john@heavenlytrace.com,https://www.Heavenlytrace.com,Heavenly Trace Farm and Orchard,,Genuine MS — Grown,https://genuinems.com/directory/heavenly-trace-farm-and-orchard-llc/,2026-03-03,2026-07-15,1,,New candidate — recent authoritative profile,
Henderson Farms,MS,Liberty,Amite,U.S. Census geocoder from public source address,"4706 Austin Ln, Liberty, Mississippi 39645",39645,Quart (44oz) glass jar honey; Pint (22oz) glass jar honey; 24 oz Bear (plastic) honey; 12 oz Bear (plastic) honey; Seasonal-Honeycomb,(601) 248-7394,tonihenderson2@msn.com,,https://www.facebook.com/henderbeefarmshoney/,,Genuine MS — Raised,https://genuinems.com/directory/henderson-farms/,2026-01-05,2026-07-15,1,,New candidate — recent authoritative profile,
"Henderson Heritage Homestead, LLC",MS,Bailey,Lauderdale,U.S. Census geocoder from public source address,"4755a Trick Talbert Road, Bailey, Mississippi 39320",39320,"Farm Fresh Chicken Eggs; Goats; Live Poultry (Standard, Bantams, Specialty Breeds, Rare Breeds); Baby chicks (Farm Raised); Started Pullets; Breeding Poultry Pairs & Trios",(601) 692-6105,sacia.henderson@yahoo.com,,,,Genuine MS — Raised,https://genuinems.com/directory/henderson-heritage-homestead-llc/,2026-03-18,2026-07-15,1,Henderson Heritage Homestead,Possible existing alias — identity review,
Hickory Heal Farm,MS,Maben,Oktibbeha,U.S. Census geocoder from public source address,"1186 North County Line Rd, Maben, Mississippi 39750",39750,Grass-fed and Grass-Finished Beef; Pastured Pork; Pastured Lamb; Herbal Teas; Herbal Oils and Skin Care; Medicinal Plants,(662) 263-3023,hickoryhealfarm@protonmail.com,https://www.hickoryhealfarm.com,https://www.facebook.com/hickoryhealfarm,http://instagram.com/hickory_heal_farm,Genuine MS — Grown | Genuine MS — Raised,https://genuinems.com/directory/hickory-heal-farm/,2023-05-11,2026-07-15,1,Hickory Heal Farm,Existing release row — enrich/verify,
High Heeled Hippie,MS,,,,209 Reynolds Rd.,,"Lots of heirloom & historical Southern varieties of tomatoes, watermelons, muskmelons & cantaloupe, lettuce, tradictional Southernns & various specialty greens. NEW: Easter Egg Radishes.",(601) 813-7288,thehighheeledhippie@hotmail.com,,,,MDAC Mississippi Farmers Market vendors,https://agnet.mdac.ms.gov/Website/FarmerMarket_VendorView.aspx?PassedID=4,,2026-07-15,2,,New candidate — needs independent verification,
High Hill Ranch,MS,Union,Neshoba,U.S. Census geocoder from public source address,"12341 Hwy 492 East, Union, Mississippi 39365",12341,"Goat Milk; Goat Cheeses; Goat Milk Soap, Lotions",(601) 562-3243,highhillranch3@yahoo.com,,https://www.facebook.com/High-hill-ranchGoat-MilkSoapCheese-181662622019176/,,Genuine MS — Raised,https://genuinems.com/directory/high-hill-ranch/,2019-01-07,2026-07-15,1,,New candidate — needs independent verification,
High Hope Farm,MS,Cedar Bluff,Clay,U.S. Census geocoder from public source address,"731 Milam Road, Cedar Bluff, MS 39741",39741,Grass-fed Beef and Lamb,(662) 295-3986,johnnywray17@gmail.com,http://highhopefarm.com/,https://www.facebook.com/High-Hope-Farm-267376876644645,,Genuine MS — Raised,https://genuinems.com/directory/high-hope-farm/,2025-09-09,2026-07-15,1,,New candidate — recent authoritative profile,
Home Place Pastures,MS,Como,Panola,U.S. Census geocoder from public source address,"1789 Home Place Rd, Como, MS 38619",38619,Grass Fed Beef; Pastured Pork; Pastured Eggs,(662) 426-6191,info@homeplacepastures.com,https://www.homeplacepastures.com,https://www.facebook.com/homeplacepastures/,http://instagram.com/homeplacepastures,Genuine MS — Raised,https://genuinems.com/directory/home-place-pastures/,2024-07-18,2026-07-15,1,Home Place Pastures,Existing release row — enrich/verify,
Homestead Farms,MS,,,,1155 Walker Road,,Farm Fresh Eggs,(601) 878-9320,k.summerlin59@gmail.com,,,,MDAC Mississippi Farmers Market vendors,https://agnet.mdac.ms.gov/Website/FarmerMarket_VendorView.aspx?PassedID=111,,2026-07-15,2,,New candidate — needs independent verification,
Honestly Beef,MS,Magee,Simpson,U.S. Census geocoder from public source address,"509 1st Ave SW, Magee, MS 39111",39111,"Ground Beef; Roasts; Brisket; Filet of Tenderloin Steaks; NY Strip Steaks; Ribeye Steaks; Top Sirloin Steaks; Flanks & Flat Iron Steaks; Short Ribs & Rib Rack; Beef Tips; Soup Bones; Oxtail; Tongue; Liver, Heart, Kidney, & Cheek; Smoked Link Sausages; Liver Doggie Treats",(601) 299-4202,beef@honestlybeef.com,https://www.honestlybeef.com,https://www.facebook.com/honestlybeef/,https://www.instagram.com/honestly.beef,Genuine MS — Raised,https://genuinems.com/directory/honestly-beef/,2024-11-06,2026-07-15,1,Honestly Beef,Existing release row — enrich/verify,
Hope Fruit and Berry Farm,MS,Morton,Smith,PickYourOwn listing,,,"blackberries, blueberries, Muscadines, grapes, |",601-382-3018,hopefruit@bayspringstel.net,,,,PickYourOwn — East Central,https://www.pickyourown.org/MSeast.htm,,2026-07-15,3,,New candidate — needs independent verification,Conservative import: listing was not marked closed; confirm activity before promotion.
Humphrey Farms,MS,Seminary,Covington,PickYourOwn listing,,,"Cantaloupe, cucumbers, eggplants, okra, peas, peppers, summer squash, tomatoes, watermelons, U-pick and already picked, porta-potties |",(601) 641-0909,dmh2698@gmail.com,,,,PickYourOwn — Southeast,https://www.pickyourown.org/MSse.htm,,2026-07-15,3,,New candidate — needs independent verification,Conservative import: listing was not marked closed; confirm activity before promotion.
Indian Springs Farmers Association,MS,Petal,Forrest,U.S. Census geocoder from public source address,"131 Sheeplo Loop , Petal, Mississippi 39465",39465,Collards; Mustards; Kale; Turnips; Watermelon; Sweet Potatoes; Okra; Eggplants; Sweet Corn; Butter beans; Pink Eyed purple hull peas; Jalapeños; Red Beans; Black Beans; Green Onions; Tomatoes,(601) 543-0900,isfa39465@gmail.com,,,,Genuine MS — Grown,https://genuinems.com/directory/indian-springs-farmers-association/,2024-05-20,2026-07-15,1,Indian Springs Farmers Assoc.,Possible existing fuzzy match — identity review,
J & D Farms,MS,Poplarville,Pearl River,PickYourOwn listing,,,Blueberries |,504-782-0779,Jdfreshmarket1@gmail.com,,,,PickYourOwn — Southeast,https://www.pickyourown.org/MSse.htm,,2026-07-15,3,J & D Farms (MS),Possible existing fuzzy match — identity review,Conservative import: listing was not marked closed; confirm activity before promotion.
James Farm,MS,Gore Springs,Grenada,U.S. Census geocoder from public source address,"860 James Rd 855 James Rd, Gore Springs, Mississippi 38929",38929,Pink-Eye Purple Hull Peas; Speckled Purple Hull Pea; Sweet Corn; Field Corn; Squash; Seasonal Veggies,662-229-5985,tangejames@yahoo.com,,,,Genuine MS — Grown | Genuine MS — Raised,https://genuinems.com/directory/james-farm/,2026-04-10,2026-07-15,1,,New candidate — recent authoritative profile,
JD Farms & Pearl River Tea Co.,MS,,,,574 Slade Woodward Road,,Blueberries Different kinds of teas (tea leaves),(504) 782-0779,,,,,MDAC Mississippi Farmers Market vendors,https://agnet.mdac.ms.gov/Website/FarmerMarket_VendorView.aspx?PassedID=260,,2026-07-15,2,,New candidate — needs independent verification,
Jerry Morrisson Tree Farm,MS,ETTA,Union,U.S. Census geocoder from public source address,"1652 CR 32, Etta, MS. 38627, ETTA, MS 38627-9770",38627,Pine saw timber; Hardwood saw timber; Pulpwood; Poles,(662) 791-1895,jamorrisson@gmail.com,,,,Genuine MS — Grown,https://genuinems.com/directory/jerry-morrisson-tree-farm/,2025-02-13,2026-07-15,1,,New candidate — recent authoritative profile,
JP Show Cattle,MS,Laurel,,,"149 Sellers Cooley Drive, Laurel, MS 39443",39443,,6015491248,jphillipsperfolog@yahoo.com,,https://www.facebook.com/jpshowcattle/,,Genuine MS — Raised,https://genuinems.com/directory/jp-show-cattle/,2026-04-10,2026-07-15,1,,New candidate — recent authoritative profile,
K and M Nursery,MS,Buckatunna,Wayne,U.S. Census geocoder from public source address,"1260 Chicora River Road, Buckatunna, MS 39322",39322,Roses,(601) 648-2908,info@kandmroses.com,https://www.kandmroses.com/,https://www.facebook.com/kandmroses/,,Genuine MS — Grown,https://genuinems.com/directory/k-and-m-nursery/,2019-08-27,2026-07-15,1,,New candidate — needs independent verification,
Keep Mississippi Beautiful’s Wildflower Trails of Mississippi,MS,Madison,,,"150 Fountains Blvd., Suite D, Madison, MS 39110",39110,Wildflower Seed; Wildflowers,(601) 853-4210,sarah@keepmsbeautiful.com,https://mswildflowers.org/,https://www.facebook.com/mswildflowers/,,Genuine MS — Grown,https://genuinems.com/directory/keep-mississippi-beautifuls-wildflower-trails-of-mississippi/,2025-08-04,2026-07-15,1,,New candidate — recent authoritative profile,
Kengro Corporation,MS,Charleston,Tallahatchie,U.S. Census geocoder from public source address,"6605 Highway 32 East, Charleston, Mississippi 38940",38940,Biosorb; Biopad; Biosorb Sock; Biosorb Boom; Biosorb Pillow,(662) 647-2456,info@kengro.com,https://www.kengro.com,https://www.facebook.com/KengroCorporation/,,Genuine MS — Grown,https://genuinems.com/directory/kengro-corporation/,2023-07-27,2026-07-15,1,,New candidate — needs independent verification,
Kingbeehoney,MS,Brookhaven,Lincoln,U.S. Census geocoder from public source address,"2572 E Lincoln Rd SE, Brookhaven, Mississippi 39601",39601,Honey; Creamed honey; Bees wax candles; Salves; Chap stick; Honey whipped body butter; Lip balm,(601) 597-5512,kingbeehoney2572@yahoo.com,https://www.kingbeehoney2572.com,https://www.facebook.com/kbh2572,,Genuine MS — Raised,https://genuinems.com/directory/kingbeehoney/,2024-02-14,2026-07-15,1,,New candidate — needs independent verification,
Kuska Paku Alpaca Farm - South Mississippi Alpacas,MS,Moss Point,Jackson,PickYourOwn listing,,,"South Mississippi Alpacas - pears, petting zoo, farm animals, events at your location (call for info) |",228-326-4599,KKUSKA@BELLSOUTH.NET,,,,PickYourOwn — Southeast,https://www.pickyourown.org/MSse.htm,,2026-07-15,3,,New candidate — needs independent verification,Conservative import: listing was not marked closed; confirm activity before promotion.
La Terre Farms,MS,Kiln,Hancock,U.S. Census geocoder from public source address,"11095 Road 514, Kiln, MS 39556",11095,Wedding garland; Seasonal wreaths and garlands; Sunflowers; Farm fresh flowers; Seasonal farm accessories; Mardi Gras wreaths garlands accessories,(228) 369-4438,teri.wyly@gmail.com,https://www.laterrefarms.com,https://www.facebook.com/laterrefarms,http://instagram.com/Laterrefarms,Genuine MS — Grown,https://genuinems.com/directory/la-terre-farms/,2025-05-02,2026-07-15,1,,New candidate — recent authoritative profile,
LAN Farms,MS,Ridgeland,,,"217 Draperton Drive Suite 100, Ridgeland , MS 39157",39157,Big Beef Box - 50-55 lbs of high quality beef in a variety of cuts including 30 lbs of ground; Weeknight Hero Box - 30 lbs of high quality ground beef,(769) 218-6617,sales@lan-farms.com,https://lan-farms.com,https://www.facebook.com/share/1RLSzkTeR3/?mibextid=wwXIfr,http://instagram.com/Lan_farms_ms,Genuine MS — Raised,https://genuinems.com/directory/lan-farms/,2026-03-24,2026-07-15,1,LAN Farms,Existing release row — enrich/verify,
LandMax Properties & Timber Company,MS,Brookhaven,Lincoln,U.S. Census geocoder from public source address,"1271 Antique Lane , Brookhaven, MS 39601",39601,We Buy Timber!,(601) 835-5050,office@landmaxproperties.com,,https://www.facebook.com/LandMAXProperties/,,Genuine MS — Grown,https://genuinems.com/directory/landmax-properties-timber-company/,2025-12-05,2026-07-15,1,,New candidate — recent authoritative profile,
Lazy Acres Farm Fun,MS,Chunky,Newton,U.S. Census geocoder from public source address,"596 Lazy Acres Road, Chunky, Mississippi 39323",39323,Pumpkins; Christmas trees,(601) 655-8264,lazyacresfarm@hotmail.com,https://www.lazy-acres.com,https://www.facebook.com/LazyAcresFarmFun,,Genuine MS — Grown,https://genuinems.com/directory/lazy-acres-farm-fun/,2025-05-09,2026-07-15,1,,New candidate — recent authoritative profile,
Lazy Acres Plantation,MS,Chunky,Newton,PickYourOwn listing,,,Pumpkins and Christmas Trees |,"601-655-8264, Fax: 601-655-8263",,,,,PickYourOwn — East Central,https://www.pickyourown.org/MSeast.htm,,2026-07-15,3,,New candidate — needs independent verification,Conservative import: listing was not marked closed; confirm activity before promotion.
Lazy U Farm,MS,Macon,Noxubee,PickYourOwn listing,,,"blueberries, broccoli, corn (sweet), eggplants, flowers, melons, onions, peas, pumpkins, summer squash, strawberries, tomatoes, Fresh eggs, U-pick and already picked, porta-potties are available, picnic area, farm animals, birthday parties, school tours |",662 361 0237,LazyU2012@gmail.com,,,,PickYourOwn — East Central,https://www.pickyourown.org/MSeast.htm,,2026-07-15,3,,New candidate — needs independent verification,Conservative import: listing was not marked closed; confirm activity before promotion.
Lindy’s Pecans,MS,West Point,,,"One mile south of John's Grocery on highway 45 Alt, West Point, MS 39773",39773,Pecans,(312) 203-0888,sanders_611@yahoo.com,,,,Genuine MS — Grown,https://genuinems.com/directory/lindys-pecans/,2025-07-24,2026-07-15,1,,New candidate — recent authoritative profile,
Line Creek Farms,MS,Mantee,Webster,U.S. Census geocoder from public source address,"429 Old Dancy Rd, Mantee, MS 39751-9322",39751,"Pasture raised Pork and Meat Goat Shares; Replacement Stock for Spanish, Kiko, and Boer goats",(662) 418-4135,linecreekfarms@gmail.com,,https://www.facebook.com/profile.php?id=100064903021562,,Genuine MS — Raised,https://genuinems.com/directory/line-creek-farms/,2024-01-04,2026-07-15,1,,New candidate — needs independent verification,
Line Prairie Farms,MS,Morton,Scott,U.S. Census geocoder from public source address,"3925 Highway 481 N, Morton , MS 39117",39117,Hamburger Chuck; Assorted Roasts; Beef Tip; Cube Steak; Beef Liver; Flat Iron; Flank Steak,(601) 917-0909,lineprairefarms@yahoo.com,,https://www.facebook.com/groups/1942624229391393/,,Genuine MS — Raised,https://genuinems.com/directory/line-prairie-farms/,2024-06-19,2026-07-15,1,,New candidate — needs independent verification,
Little Bluestem Farm,MS,,,,5476 Forest Grove Rd,,"Cut Flowers: zinnias, sunflowers, cosmos, dahlias, gladiolas, calla lilies, canna lilies.",(662) 571-3413,littlebluestemfarmms@gmail.com,,,,MDAC Mississippi Farmers Market vendors,https://agnet.mdac.ms.gov/Website/FarmerMarket_VendorView.aspx?PassedID=146,,2026-07-15,2,,New candidate — needs independent verification,
Little Lapp Farm,MS,Macon,Noxubee,MDAC listing,,,Honey; Providing Honey,(662) 788-2549,littlelappfarm@gmail.com,https://littlelapp.com/,,,MDAC Mississippi Farm Marketplace,https://agnet.mdac.ms.gov/MarketPortal/MarketPortal,,2026-07-15,2,,New candidate — needs independent verification,
Living Soil Farms,MS,Bentonia,,,"Old Dover, Bentonia, Mississippi 39040",39040,Medical Cannabis; Honey; Kune Kune Pigs; Chickens; Turkeys; Ducks,(601) 942-4553,livingsoilfarmsllc@gmail.com,,https://www.facebook.com/Dogtrotfarms/,,Genuine MS — Grown | Genuine MS — Raised,https://genuinems.com/directory/living-soil-farms/,,2026-07-15,1,Living Soil Farms,Existing release row — enrich/verify,
Livingston Springs Farm,MS,Jackson,Hinds,U.S. Census geocoder from public source address,"1400 Carsley Road, Jackson, Mississippi 39209",39209,Beef; Lamb; Pork,(601) 259-5613,lisa.kuiper@livingstonspringsfarm.com,http://www.livingstonspringsfarm.com/,Https://www.facebook.com/livingstonspringsfarm/,,Genuine MS — Raised,https://genuinems.com/directory/livingston-springs-farm/,2023-09-22,2026-07-15,1,Livingston Springs Farm,Existing release row — enrich/verify,
Lloyd Farms Corriente Cattle Co,MS,Canton,Madison,U.S. Census geocoder from public source address,"366 Moss Rd, Canton, MS 39046",39046,1/4 Beef; 1/2 Beef; Whole Beef; 10 lb Ground Beef Box,(601) 899-2946,lloydfarmscorrientecattle@outlook.com,,https://facebook.com/southernstatearena,http://instagram.com/lloydfarmsbeef,Genuine MS — Raised,https://genuinems.com/directory/lloyd-farms-corriente-cattle-co/,2025-12-30,2026-07-15,1,Lloyd Farms Corriente Cattle,Possible existing alias — identity review,
Loch Ross Farms,MS,Tylertown,Walthall,U.S. Census geocoder from public source address,"150 Jayess Road, Tylertown, MS 39667",39667,Goat's milk caramels; Goat's milk soaps; Raw honey,(601) 395-5721,lochrossfarms@gmail.com,https://lochrossfarms.com/,https://www.facebook.com/LochRossFarm,http://instagram.com/lochrossfarmllc,Genuine MS — Raised,https://genuinems.com/directory/loch-ross-farms/,2025-12-18,2026-07-15,1,,New candidate — recent authoritative profile,
M&M Cattle Company,MS,Philadelphia,Neshoba,U.S. Census geocoder from public source address,"14693 Hwy 15 North, Philadelphia, Mississippi 39350",14693,custom halves; whole beef with personalized cut options,601-462-1127,leighmaxey75@gmail.com,,https://www.facebook.com/profile.php?id=100088953071836&mibextid=ZbWKw,,Genuine MS — Raised,https://genuinems.com/directory/mm-cattle-company/,2026-05-21,2026-07-15,1,,New candidate — recent authoritative profile,
Magnolia Creek Farm,MS,Magnolia,Pike,U.S. Census geocoder from public source address,"1106 Dudley Rimes Road, Magnolia, Mississippi 39652",39652,Christmas Tree,(985) 515-0545,Shesicard@yahoo.com,,https://www.facebook.com/sicardfarm,,Genuine MS — Grown,https://genuinems.com/directory/magnolia-creek-farm/,2023-07-24,2026-07-15,1,,New candidate — needs independent verification,
Mary’s Berries,MS,Fulton,Itawamba,U.S. Census geocoder from public source address,"5 Turner Road, Fulton, MS 38843",38843,Vegetable Plants for the homeowner and Bobby gardener; Domestic chickens; Blueberries; Blackberries; Quail; Fertile and Infertile Eggs,(662) 862-3790,sheep@jesusanswers.com,,https://www.facebook.com/Marys-Berries-1695344294014795/,,Genuine MS — Grown | Genuine MS — Raised,https://genuinems.com/directory/marys-berries/,2020-05-20,2026-07-15,1,,New candidate — needs independent verification,
"Mauthe Farms, LLC",MS,McComb,,,"2033 Joe Tucker Road, McComb, MS 39648",39648,Milklady Cheesecakes; Creole Cream Cheese; Butter; Whole Milk Plain Yogurt; Buttermilk; Heavy Cream; Chocolate Milk; Skim Milk; Reduced Milk; Whole Milk,(601) 542-3471,progressmilkbarn@gmail.com,http://mauthefarms.blogspot.com/p/about-farm.html,https://www.facebook.com/Mauthesprogressmilkbarn/,http://instagram.com/mauthesprogressmilkbarn,Genuine MS — Raised,https://genuinems.com/directory/mauthe-farms-llc/,2023-02-16,2026-07-15,1,Mauthe Farms LLC,Existing release row — enrich/verify,
Mert’s Satsumas,MS,Gulfport,Harrison,U.S. Census geocoder from public source address,"14380 Duckworth Road, Gulfport, MS 39503",14380,Satsuma Jelly; Grapefruit; Cuties; Sumos; Kumquats; Naval Oranges; Lemons; Mandrine (all types); Clementines,(228) 831-2936,valgbm@live.com,,https://www.facebook.com/Merts-Satsumas-176798569041316/,,Genuine MS — Grown,https://genuinems.com/directory/merts-satsumas/,2024-05-01,2026-07-15,1,,New candidate — needs independent verification,
Mississippi Beef Brothers,MS,Pontotoc,,,"5255 Veterans Hwy West , Pontotoc , Mississippi 38863",38863,Filet; Ribeye; Tomahawk; T-Bone; Porterhouse; NY Strip; Sirloin; Flank; Skirt; Hanger; Flat Iron; Cube Steak; Chuck Eye; Ground Beef; Tri-Tip; Sirloin Roast; Chuck Roast; Oxtails; Marrow Bones; Neck Bones; Knuckle Bones; Short Ribs; Korean Style Short Ribs; Back Ribs; Plate Ribs; Liver; Heart; Tongue; Brisket; Stew/Kabob; Beef Sausage; Fajita Strips; Beef Tallow; Beef Hot Dogs,(662) 308-7015,msbeefbros@icloud.com,https://www.mississippibeefbros.com/,https://www.facebook.com/share/1BK2wdRL3a/?mibextid=wwXIfr,https://www.instagram.com/mississippibeefbros?igsh=MWlvd20wb3Q4NzM5OQ%3D%3D&utm_source=qr,Genuine MS — Raised,https://genuinems.com/directory/mississippi-beef-brothers/,,2026-07-15,1,,New candidate — needs independent verification,
MISSISSIPPI BEES,MS,Jackson,Madison,U.S. Census geocoder from public source address,"176 Highway 49 N, Jackson, Mississippi 39209",39209,Honey; Comb Honey,(601) 879-8044,frank@mississippibees.com,,https://www.facebook.com/pages/category/Shopping---Retail/Mississippi-Bees-Honey-and-Beeswax-Products-129981840384248/,,Genuine MS — Raised,https://genuinems.com/directory/mississippi-bees/,2025-04-21,2026-07-15,1,,New candidate — recent authoritative profile,
Mississippi Crawfish Company,MS,Belzoni,,,"15986 Highway 49, Belzoni, MS 39038",15986,Seasoning; Crawfish,(601) 613-2655,jason@rhettholding.com,https://mscrawfishco.com/,https://www.facebook.com/profile.php?id=100081529220383,http://instagram.com/mscrawfishcompany,Genuine MS — Raised,https://genuinems.com/directory/mississippi-crawfish-company/,2026-01-27,2026-07-15,1,,New candidate — recent authoritative profile,
Mississippi Poodles Doodles and Giants,MS,Canton,,,"Birch Ln., Canton , MS 39046",39046,Giant Schnauzers; Standard Poodles,(662) 701-7986,helenlanemilton@gmail.com,https://www.mspoodlesdoodlesandgiants.com/,https://www.facebook.com/profile.php?id=100087493509672,http://instagram.com/mspoodlesdoodlesandgiants,Genuine MS — Raised,https://genuinems.com/directory/mississippi-poodles-doodles-and-giants/,2025-12-03,2026-07-15,1,,New candidate — recent authoritative profile,
"Mitchell Family Farms, LLC",MS,Collins,Covington,U.S. Census geocoder from public source address,"626 Leaf River Church Road, Collins, MS 39428",39428,Green/Dry Peanuts; Pumpkins; Sweet Potatoes; Honey; Jams/Jellies; Kettle Corn,(601) 606-0762,jolynn.mitchell@yahoo.com,https://visitmitchellfarms.com/,https://www.facebook.com/Mitchell-Farms-324457531849/,http://instagram.com/mitchellfamfun,Genuine MS — Grown,https://genuinems.com/directory/mitchell-family-farms-llc/,2026-01-05,2026-07-15,1,Mitchell Family Farms,Possible existing alias — identity review,
Mitchell Farms,MS,Collins,Covington,PickYourOwn listing,,,"blueberries, corn (sweet), peaches, pumpkins, Honey from hives on the farm, prepicked produce, farm market, snacks and refreshment stand, restrooms, picnic area, farm animals, birthday parties, school tours, events at your location (call for info) |",601-765-8609,Info@visitmitchellfarms.com,,,,PickYourOwn — Southeast,https://www.pickyourown.org/MSse.htm,,2026-07-15,3,Mitchell Family Farms,Possible existing alias — identity review,Conservative import: listing was not marked closed; confirm activity before promotion.
Moon Lake Pecans LLC,MS,Dundee,Coahoma,U.S. Census geocoder from public source address,"1180 Mohead Road , Dundee, MS 38624",38624,Shelled pecans; Fried Pecans; Whole Pecans,(662) 514-1749,moonlakepecans@gmail.com,,https://www.facebook.com/profile.php?id=100057627091737,,Genuine MS — Grown,https://genuinems.com/directory/moon-lake-pecans-llc/,2025-04-16,2026-07-15,1,,New candidate — recent authoritative profile,
Morgan Farms Custom Beef,MS,Sumrall,Lamar,U.S. Census geocoder from public source address,"8874 US Highway 98, Sumrall, MS 39482",39482,"Processed, Aged, & Packaged Whole Cow; Processed, Aged, & Packaged Half Cow; Processed, Aged, & Packaged Quarter Cow; Live Finished Cows; Replacement Heifers",(601) 408-1053,amanda@morganfarms22.com,https://www.morganfarms22.com,https://www.facebook.com/Morganfarms22/,,Genuine MS — Raised,https://genuinems.com/directory/morgan-farms-custom-beef/,2025-12-22,2026-07-15,1,,New candidate — recent authoritative profile,
Morning Dew Pastures llc,MS,Seminary,Jones,U.S. Census geocoder from public source address,"43 Peach Tree Lane, Seminary, MS 39479",39479,Pastured Poultry; Beef; Pork; Eggs,(601) 466-7377,greg@morningdewpastures.com,https://www.morningdewpastures.com,https://www.facebook.com/Morningdewpastures/,,Genuine MS — Raised,https://genuinems.com/directory/morning-dew-pastures-llc/,2024-05-06,2026-07-15,1,,New candidate — needs independent verification,
Morris Watermelon Farm LLC,MS,Mound Bayou,Bolivar,U.S. Census geocoder from public source address,"309 West Lampton, Mound Bayou, MS 38762",38762,Watermelon; Cantaloupe,(323) 788-6837,morrishodges@yahoo.com,https://bigmanfarm.com/,,,Genuine MS — Grown,https://genuinems.com/directory/morris-watermelon-farm-llc/,2024-04-18,2026-07-15,1,,New candidate — needs independent verification,
Moseley Meadows,MS,Madison,,,"466 Yandell Rd, Madison, Mississippi 39110",39110,Pumpkins,(601) 664-8970,MoseleyMeadows@gmail.com,,https://www.facebook.com/moseleymeadows,http://instagram.com/moseleymeadows,Genuine MS — Grown | Genuine MS — Raised,https://genuinems.com/directory/moseley-meadows/,2025-12-18,2026-07-15,1,,New candidate — recent authoritative profile,
MS Coastal Seafood,MS,Ocean Springs,Jackson,U.S. Census geocoder from public source address,"6945 Pinehurst Drive, Ocean Springs, Mississippi 39564",39564,Shrimp; Crab Claws; Lump Crab Meat; Oysters,6019413159,mbridges1414@yahoo.com,,,,Genuine MS — Raised,https://genuinems.com/directory/ms-coastal-seafood/,2026-07-07,2026-07-15,1,,New candidate — recent authoritative profile,
MS PEANUT SUPPLY,MS,Aberdeen,,,"41155 HIGHWAY 45 SOUTH, Aberdeen, MS 39730",41155,Raw shelled peanuts; Fried peanuts,(662) 369-2733,roland@mspeanut.com,https://www.mspeanut.com,https://www.facebook.com/mspeanutsupply/,,Genuine MS — Grown,https://genuinems.com/directory/ms-peanut-supply/,2023-08-07,2026-07-15,1,,New candidate — needs independent verification,
Murphree Orchards,MS,Pittsboro,Calhoun,PickYourOwn listing,,,"peaches, plums |",(662) 414-1107,valda.murphree@gmail.com,,,,PickYourOwn — North,https://www.pickyourown.org/MSnorth.htm,,2026-07-15,3,,New candidate — needs independent verification,Conservative import: listing was not marked closed; confirm activity before promotion.
N & W Farms Produce Inc.,MS,Vardaman,Calhoun,U.S. Census geocoder from public source address,"222 Hwy 341 South, Vardaman, MS 38878",38878,Sweet Potato; Peas; Butter beans,(662) 682-7961,nwfarms@nandwfarms.com,,https://www.facebook.com/nandwfarms/?ref=page_internal,,Genuine MS — Grown,https://genuinems.com/directory/n-w-farms-produce-inc/,2023-07-24,2026-07-15,1,,New candidate — needs independent verification,
Nature Crest LLC,MS,Mendenhall,Simpson,U.S. Census geocoder from public source address,"3412 Hwy 541 N, Mendenhall, Mississippi 39114",39114,Shiitake Mushroms; Oyster Mushroms; Lion's Mane Mushrooms,(601) 421-9049,naturecrest2015@gmail.com,,https/www.naturecrestmushrooms.com,,Genuine MS — Grown,https://genuinems.com/directory/nature-crest-llc/,2025-10-22,2026-07-15,1,,New candidate — recent authoritative profile,
Nature’s Gourmet Farm,MS,Petal,Perry,U.S. Census geocoder from public source address,"367 McKenzie Rd, Petal, Mississippi 39465-5724",39465,Grass Fed to Finish Beef (no grains); Pastured Pork (GMO Free); Pastured Chicken (GMO Free); Pastured Eggs (GMO Free),(601) 434-9081,bensimmons@ftcweb.net,https://naturesgourmetfarm.com/,https://www.facebook.com/naturesgourmetfarm/,,Genuine MS — Raised,https://genuinems.com/directory/natures-gourmet-farm/,2023-02-22,2026-07-15,1,Nature's Gourmet,Possible existing alias — identity review,
Nesbit Blueberry Plantation,MS,Hernando,DeSoto,PickYourOwn listing,,,"blueberries, |",662-429-3778,traicoff5489@aol.com,,,,PickYourOwn — North,https://www.pickyourown.org/MSnorth.htm,,2026-07-15,3,,New candidate — needs independent verification,Conservative import: listing was not marked closed; confirm activity before promotion.
New Ground Nursery,MS,Brandon,Rankin,U.S. Census geocoder from public source address,"118 Thornton Rd, Brandon, MS 39042",39042,Fig cuttings (70+ specialty varieties); Fig trees (70+ specialty varieties); Native shrubs,601-214-6569,spthorn2@gmail.com,,https://www.facebook.com/profile.php?id=61586321047384,,Genuine MS — Grown,https://genuinems.com/directory/new-ground-nursery/,2026-04-30,2026-07-15,1,,New candidate — recent authoritative profile,
Nobile Family Farms,MS,Holcomb,Grenada,U.S. Census geocoder from public source address,"10560 Hwy 8 west, Holcomb, Mississippi 38940",10560,Pork; Beef; Lamb; Vegetables,(662) 809-9805,nobilefamilyfarms@yahoo.com,,https://www.facebook.com/nobilefamilyfarms,http://instagram.com/nobilefamilyfarms,Genuine MS — Grown | Genuine MS — Raised,https://genuinems.com/directory/nobile-family-farms/,2023-01-05,2026-07-15,1,Nobile Family Farms,Existing release row — enrich/verify,
Ol’ Cappy’s Bee Products,MS,Hernando,DeSoto,U.S. Census geocoder from public source address,"1786 Cotton Drive , Hernando, MS 38632",38632,"Pure, Raw Honey; Creamed Honey; Lip balm; Salve/Moisturizer; Bee Pollen; Bee Wax",(901) 219-9944,patrick@olcappy.com,https://www.olcappy.com,HTTPS://www.facebook.com/olcappysbeeproducts,https://www.instagram.com/olcappy/,Genuine MS — Raised,https://genuinems.com/directory/ol-cappys-bee-products/,2025-04-09,2026-07-15,1,,New candidate — recent authoritative profile,
Our Four Acre Farm,MS,Carthage,Leake,U.S. Census geocoder from public source address,"2148 Red Dog Rd, Carthage, MS 39051",39051,"Beeswax + Honey Lip Balm; Vanilla-Infused Oil; Beekeeper's Salve; Lymphatic Massage Oil; Beeswax and Tallow Candles; Herbal Tea Blends and Simmer Pots; Vanilla + Honey Tallow Balm; Golden Honey Body Wash; Plant Based Face Cleanser, Toner, and Youth Glow Serum and Sun Balm,; Beeswax Chest Rub; Comfrey Salve and Drawing Salve; Raw Honey; Bug Bee Gone; Clay Masks; Beeswax; Lash Pomade; Calendula Oil; Magnesium Spray",601-910-8998,ourfouracrefarm@gmail.com,https://www.ourfouracrefarm.com,https://www.facebook.com/ourfouracrefarm,,Genuine MS — Raised,https://genuinems.com/directory/our-four-acre-farm/,2026-04-28,2026-07-15,1,,New candidate — recent authoritative profile,
Overflow Honey Co.,MS,Florence,Rankin,U.S. Census geocoder from public source address,"2396 Highway 49 N, Florence , MS 39073",39073,protective gear; frames; hive components; Bee Keeping Tools; The Original Beetle Trap & Tray; Nucs; Feeding Supplements; Bee Apparel; Children's Book on Bee's; Goat Milk Soap; Honey; Lotion Bars; Candles; Beeswax Bars,(601) 260-6499,info@overflowhoney.com,https://www.overflowhoneyco.com/,https://www.facebook.com/p/Overflow-Honey-Co-61568101702590/,http://instagram.com/overflow.honey.co,Genuine MS — Raised,https://genuinems.com/directory/overflow-honey-co/,,2026-07-15,1,,New candidate — needs independent verification,
Pasture & Pine,MS,DeKalb,Kemper,U.S. Census geocoder from public source address,"6776 Highway 39 South, DeKalb, MS 39328",39328,Grassfed and grass-finished beef; Grassfed and grass-finished lamb; Farm-fresh pork,(601) 938-8999,maryellenwaters@gmail.com,,https://www.facebook.com/profile.php?id=100093181752721&mibextid=LQQJ4d,,Genuine MS — Raised,https://genuinems.com/directory/pasture-pine/,2023-08-28,2026-07-15,1,,New candidate — needs independent verification,
Paul’s Plants,MS,Brandon,Rankin,U.S. Census geocoder from public source address,"112 Cannon Ridge Dr., Brandon, Mississippi 39042",39042,Trees; Perennial Plants; Annual Plants; Shrubs,769-798-6761,sales@paulsplants.net,https://paulsplants.net,,,Genuine MS — Grown,https://genuinems.com/directory/pauls-plants/,2026-04-29,2026-07-15,1,,New candidate — recent authoritative profile,
Pearl River Apiaries,MS,Harrisville,Simpson,U.S. Census geocoder from public source address,"1396 Old River Rd, Harrisville, MS 39082",39082,,601-842-4243,ranthonyphillips@gmail.com,,https://www.facebook.com/share/1AwEC19TVB/?mibextid=wwXIfr,,Genuine MS — Raised,https://genuinems.com/directory/pearl-river-apiaries/,2026-04-15,2026-07-15,1,,New candidate — recent authoritative profile,
Pearl River Blues Berry Farm,MS,Lumberton,Pearl River,PickYourOwn listing,,,"blueberries, and prepicked produce, restrooms, picnic area |",601-796-9800,amy@pearlriverblues.com,,,,PickYourOwn — Southeast,https://www.pickyourown.org/MSse.htm,,2026-07-15,3,Pearl River Blues Berry Farm,Existing release row — enrich/verify,Conservative import: listing was not marked closed; confirm activity before promotion.
Pearl River Tea Company,MS,Poplarville,Pearl River,U.S. Census geocoder from public source address,"574 Slade Woodward Road, Poplarville, Mississippi 39470",39470,Tea- Camellia Sinensis; Blueberries-fresh/frozen,(504) 782-0779,donvdw1@gmail.com,,https://www.facebook.com/jdfarms.us/,,Genuine MS — Grown,https://genuinems.com/directory/pearl-river-tea-company/,2024-05-09,2026-07-15,1,,New candidate — needs independent verification,
Pecan Hill Farms,MS,Raymond,Hinds,PickYourOwn listing,,,"No pesticides are used blackberries, blueberries, flowers, porta-potties, picnic area you may bring your own food, school tours |",(601) 594-2012,susandraughn@comcast.net,,,,PickYourOwn — Jackson/West Central,https://www.pickyourown.org/MSjackson.htm,,2026-07-15,3,,New candidate — needs independent verification,Conservative import: listing was not marked closed; confirm activity before promotion.
Pennington Farms Honey,MS,Pearl,Rankin,U.S. Census geocoder from public source address,"186 Cooperhurst Road, Pearl, Mississippi 39208",39208,Honey; Creamed Honey; Honeybees; BeesWax; The Natchez Solution wood conditioner; TLC Leather Care,(601) 260-2992,mississippihoney@live.com,http://mississippihoney.com/,https://www.facebook.com/PenningtonFarmsHoney/,http://instagram.com/mississippihoney,Genuine MS — Raised,https://genuinems.com/directory/pennington-farms-honey/,2023-08-07,2026-07-15,1,,New candidate — needs independent verification,
"Persimmon Ridge Family Farm, LLC",MS,Philadelphia,,,"10081 Road 1113, Philadelphia, MS 39350",10081,"beef, whole; beef, half; beef, quarter; beef, packages; beef, individual cuts",(601) 573-6852,neil.barnes@earthlink.net,https://persimmonridgefamilyfarm.com/,https://www.facebook.com/PRFamilyFarm/,,Genuine MS — Raised,https://genuinems.com/directory/persimmon-ridge-family-farm-llc/,2024-06-11,2026-07-15,1,,New candidate — needs independent verification,
Picayune Blueberry Farm,MS,Picayune,Pearl River,PickYourOwn listing,,,"blueberries, blackberries |",601-799-7243,picayuneblueberries@gmail.com,,,,PickYourOwn — Southeast,https://www.pickyourown.org/MSse.htm,,2026-07-15,3,Picayune Blueberry Farm,Existing release row — enrich/verify,Conservative import: listing was not marked closed; confirm activity before promotion.
Pine Valley Farms,MS,Laurel,Jones,PickYourOwn listing,,,"broad beans, corn (sweet), cucumbers, summer squash, tomatoes, other vegetables, prepicked produce, restrooms, picnic area, farm animals, birthday parties, school tours |",410-795-8314,info@pvf.opgtest.com,,,,PickYourOwn — Southeast,https://www.pickyourown.org/MSse.htm,,2026-07-15,3,,New candidate — needs independent verification,Conservative import: listing was not marked closed; confirm activity before promotion.
Pistolville Market and Grill,MS,Guntown,Lee,U.S. Census geocoder from public source address,"1430 Hwy 145, Guntown, Mississippi 38849",38849,Mississippi raised beef; Mississippi purple hull peas; Sweet corn,(662) 372-5428,mississippieatz@yahoo.com,,,,Genuine MS — Grown | Genuine MS — Raised,https://genuinems.com/directory/pistolville-market-and-grill/,,2026-07-15,1,,New candidate — needs independent verification,
Plow Horse Produce,MS,Forest,Smith,PickYourOwn listing,,,"peas, peppers, summer squash, tomatoes, |",601-900-8673,kbgoss0327@yahoo.com,,,,PickYourOwn — East Central,https://www.pickyourown.org/MSeast.htm,,2026-07-15,3,,New candidate — needs independent verification,Conservative import: listing was not marked closed; confirm activity before promotion.
Pontotoc Blueberry Ridge,MS,Pontotoc,Pontotoc,PickYourOwn listing,,,Blueberries |,662-489-8481,teresa@brysoncaron.com,,,,PickYourOwn — North,https://www.pickyourown.org/MSnorth.htm,,2026-07-15,3,,New candidate — needs independent verification,Conservative import: listing was not marked closed; confirm activity before promotion.
Primas Family Farm,MS,Columbia,Marion,U.S. Census geocoder from public source address,"14 Jerdon Drive, Columbia, MS 39429",39429,Cucumbers; Squash; Tomatoes; Okra; Watermelons; Bell Peppers,601-554-6211,walterprimas195@gmail.com,,,,Genuine MS — Grown,https://genuinems.com/directory/primas-family-farm/,2026-05-26,2026-07-15,1,,New candidate — recent authoritative profile,
Pumpkin Patch Farms,MS,Blue Mountain,Tippah,PickYourOwn listing,,,"corn (sweet), cucumbers, eggplants, flowers, melons, onions, peas, peppers, pumpkins, summer squash, winter squash, strawberries, tomatoes, other vegetables, Honey from hives on the farm, prepicked produce, farm market, gift shop, snacks and refreshment stand, restrooms, picnic area, face painting, pony rides, petting zoo, farm animals, birthday parties, weddings and wedding parties, school tours, events at your location (call for info) |",662-685-4328,clay@pumpkinpatchfarms.com,,,,PickYourOwn — North,https://www.pickyourown.org/MSnorth.htm,,2026-07-15,3,,New candidate — needs independent verification,Conservative import: listing was not marked closed; confirm activity before promotion.
R & R Vineyard,MS,Greenwood Springs,,,"50173 Greenwood Springs Rd, Greenwood Springs , MS 38848",50173,Specialty Paintings and Portraits; Bunch Grape Wines; Fruit Wines,(662) 436-9494,ruth@ruthsart4u.com,https://ruthsart4u.com/,https://www.facebook.com/RuthsFineArt4u/,,Genuine MS — Grown,https://genuinems.com/directory/r-r-vineyard/,2026-01-07,2026-07-15,1,,New candidate — recent authoritative profile,
"Reaper's Suburban Homestead, LLC",MS,,,,104 Avery Court,,Tomatoes Cabbage Brussels Sprouts Broccoli Collards Chocolate Mint Peppers Basil Squash Zucchini Dill Parsley Cilantro Kale Swiss Chard Beets,,reapersh.ms@gmail.com,,,,MDAC Mississippi Farmers Market vendors,https://agnet.mdac.ms.gov/Website/FarmerMarket_VendorView.aspx?PassedID=277,,2026-07-15,2,,New candidate — needs independent verification,
"Red Bird Farms, LLC",MS,Kosciusko,Leake,U.S. Census geocoder from public source address,"460 Massey Road, Kosciusko, Mississippi 39090",39090,Christmas Trees,(601) 562-9545,redbirdfarmsms@gmail.com,,https://www.facebook.com/RedBirdFarmsMS,,Genuine MS — Grown,https://genuinems.com/directory/red-bird-farms-llc/,2025-12-22,2026-07-15,1,,New candidate — recent authoritative profile,
Red River Trading Company,MS,Brandon,Rankin,U.S. Census geocoder from public source address,"3012 LOUIS WILSON DR, Brandon, Mississippi 39042",39042,Tomatoes; Okra; Eggplant; Cucumbers; Peppers; Squash; Zucchini,601-613-1440,mcvet042@gmail.com,,,,Genuine MS — Grown,https://genuinems.com/directory/red-river-trading-company/,2026-05-05,2026-07-15,1,,New candidate — recent authoritative profile,
Reese Orchard,MS,Starkville,Oktibbeha,PickYourOwn listing,,,"blueberries, muscadines/scuppernongs, pears, persimmons |",662-324-1509,reese@dellmail.com,,,,PickYourOwn — East Central,https://www.pickyourown.org/MSeast.htm,,2026-07-15,3,,New candidate — needs independent verification,Conservative import: listing was not marked closed; confirm activity before promotion.
Restoration Ministry of MS Recovery Ranch,MS,Pelahatchie,Rankin,U.S. Census geocoder from public source address,"315 Barefoot Springs Road, Pelahatchie, Ms 39145",39145,,6015641511,restorationministryofms@gmail.com,https://restorationministryofms.com/,https://www.facebook.com/share/18dqEopTKa/,,Genuine MS — Grown | Genuine MS — Raised,https://genuinems.com/directory/restoration-ministry-of-ms-recovery-ranch/,,2026-07-15,1,,New candidate — needs independent verification,
Richard Williamson's Blueberry Farm,MS,Holly Springs,Marshall,PickYourOwn listing,,,"Blueberries, |",,Jennylynn.eyes4you@gmail.com,,,,PickYourOwn — North,https://www.pickyourown.org/MSnorth.htm,,2026-07-15,3,,New candidate — needs independent verification,Conservative import: listing was not marked closed; confirm activity before promotion.
Ricky Joe's Farm,MS,Morton,Scott,PickYourOwn listing,,,"blueberries, Muscadines, grapes, |",601-966-2913,rickyjoefarm@yahoo.com,,,,PickYourOwn — East Central,https://www.pickyourown.org/MSeast.htm,,2026-07-15,3,,New candidate — needs independent verification,Conservative import: listing was not marked closed; confirm activity before promotion.
River Road Pecans,MS,Benoit,Bolivar,U.S. Census geocoder from public source address,"77 Burrus Rd. , Benoit, Mississippi 38725",38725,Pecans,(662) 822-6711,rrpecans@gmail.com,,,,Genuine MS — Grown,https://genuinems.com/directory/river-road-pecans/,2025-05-09,2026-07-15,1,River Road Pecans,Existing release row — enrich/verify,
Rivers Plant Farm and Nusery,MS,Brandon,Rankin,U.S. Census geocoder from public source address,"590 Rock Hill Rd, Brandon, MS 39042",39042,Flowers; Shrubs; Vegetables; Trees,(601) 825-8916,riversplantfarm@gmail.com,https://www.riversgreenhouseandgarden.com/,https://www.facebook.com/Rivers-Greenhouse-and-Garden-Brandon-132967750085899,http://instagram.com/riversgreenhouseandgarden,Genuine MS — Grown,https://genuinems.com/directory/rivers-plant-farm-and-nusery/,2025-04-21,2026-07-15,1,,New candidate — recent authoritative profile,
Rowell Farms,MS,Heidelberg,Clarke,PickYourOwn listing,,,"wide variety of produce such as Tomatoes, Field peas like pink eyed/purple-hull peas, Snap beans, Potatoes, Watermelons, Squash, Cucumbers, Okra. |",(601) 685-0421,contact@rowellfarms.com,,,,PickYourOwn — East Central,https://www.pickyourown.org/MSeast.htm,,2026-07-15,3,,New candidate — needs independent verification,Conservative import: listing was not marked closed; confirm activity before promotion.
Rusty Acres Produce,MS,Houston,Chickasaw,U.S. Census geocoder from public source address,"1318 County Road 416, Houston, Mississippi 38851",38851,Tomatoes; Watermelons; Cantaloupe; Squash; Sweet Corn,(662) 542-1105,eddie.wiggs@netzero.com,,,,Genuine MS — Grown,https://genuinems.com/directory/rusty-acres-produce/,2024-03-22,2026-07-15,1,,New candidate — needs independent verification,
Salad Days,MS,Flora,Madison,U.S. Census geocoder from public source address,"256 First Street, Flora, Mississippi 39071",39071,Bibb lettuce; Spring Mix lettuce; Basil,(601) 209-8611,leigh@saladdaysproduce.com,https://www.saladdaysproduce.com,https://www.facebook.com/saladdaysproduce/,http://instagram.com/saladdaysproduce,Genuine MS — Grown,https://genuinems.com/directory/salad-days/,2024-04-17,2026-07-15,1,Salad Days,Existing release row — enrich/verify,
Sandy Run Farm,MS,,Lamar,PickYourOwn listing,,,"Blueberries, blackberries, pumpkins, pumpkin patch |",601-296-0630,sandyrunfarms@gmail.com,,,,PickYourOwn — Southeast,https://www.pickyourown.org/MSse.htm,,2026-07-15,3,,New candidate — needs independent verification,Conservative import: listing was not marked closed; confirm activity before promotion.
Sandy Run Farm & Nursery LLC,MS,Purvis,Lamar,U.S. Census geocoder from public source address,"1092 Brooks Rd, Purvis, MS 39475",39475,Blueberries; Blackberries; Peaches; Persimmons; Pumpkins; Jams and Jellies; Blueberry Lemonade,(601) 296-0630,sandyrunfarms@gmail.com,,https://www.facebook.com/sandyrunfarm1/,,Genuine MS — Grown,https://genuinems.com/directory/sandy-run-farm-nursery-llc/,2025-12-22,2026-07-15,1,,New candidate — recent authoritative profile,
SARAH'S FARM,MS,,,,175 Horseshoe Lane,,"WATERMEOLNS, TOMATOES, SQUASH, CUCUMBERS, PEPPERS, and OKRA",(601) 299-4325,shortonrn2@aol.com,,,,MDAC Mississippi Farmers Market vendors,https://agnet.mdac.ms.gov/Website/FarmerMarket_VendorView.aspx?PassedID=181,,2026-07-15,2,,New candidate — needs independent verification,
Sassy’s Salsa,MS,Morton,Scott,U.S. Census geocoder from public source address,"3582 Morton Rankin County Line Road, Morton, MS 39117",39117,"Salsa; Pickled Eggs; Bread & butter pickles; sweet pickles and dill pickles and roasted garlic pickles; horseradish; Pickled okra; cayenne peppers; Pear, peach, plum, blueberry, strawberry, blackberry, muscadine jelly; Strawberry jalapeño, pineapple jalapeño, blueberry hot pepper, hot pepper jelly; cayenne peppers",601-506-6532,cmoore1027@yahoo.com,,,,Genuine MS — Grown,https://genuinems.com/directory/sassys-salsa/,2026-05-27,2026-07-15,1,,New candidate — recent authoritative profile,
Sawyer Farms,MS,Lumberton,Lamar,PickYourOwn listing,,,blueberries |,(504) 388-5422,events@sawyer-farms.com,,,,PickYourOwn — Southeast,https://www.pickyourown.org/MSse.htm,,2026-07-15,3,,New candidate — needs independent verification,Conservative import: listing was not marked closed; confirm activity before promotion.
Sea Alis Seafood Company,MS,Long Beach,,,"PO Box 150, Long Beach, MS 39560",39560,Whole fish (fresh/ frozen); Fish fillet w/ skin-on (fresh/ frozen); Fish fillet w/ skin-off (fresh/ frozen); Fish collars (throats); Wild shimp; Wild oysters; Wild blue crabs (live),(222) 341-7719,Sales@SeaAlis.com,https://www.SeaAlis.com,https://www.facebook.com/SeaAlisSeafoodCo,http://instagram.com/sea.alis.seafood,Genuine MS — Raised,https://genuinems.com/directory/sea-alis-seafood-company/,2020-11-12,2026-07-15,1,,New candidate — needs independent verification,
Second Chance Brangus,MS,Gulfport,Harrison,U.S. Census geocoder from public source address,"16241 Northrup Cuevas Rd., Gulfport, MS 39503",16241,"Registered bulls, heifers, cows",(228) 234-1779,drake111@aol.com,,https://www.facebook.com/profile.php?id=100069393916031,,Genuine MS — Raised,https://genuinems.com/directory/second-chance-brangus/,2025-12-18,2026-07-15,1,,New candidate — recent authoritative profile,
Serenity Sheep Farm,MS,McComb,Pike,U.S. Census geocoder from public source address,"1200 Caston Rd, McComb, MS 39648",39648,Lamb Meat; Live Animals Sheep/Lambs,(601) 730-3503,pamdyeschmidt@gmail.com,,https://www.facebook.com/SerenitySheepFarm,,Genuine MS — Raised,https://genuinems.com/directory/serenity-sheep-farm/,2025-12-30,2026-07-15,1,Serenity Sheep Farm,Existing release row — enrich/verify,
Shaded Grove Farm Market,MS,Macon,Noxubee,U.S. Census geocoder from public source address,"2817 Douglass Rd., Macon, Mississippi 39341",39341,100% Grass-fed Beef; 100% Grass-fed Lamb; Non-GMO pasture raised Pork; Non-GMO pasture raised broilers; Non-GMO pastured laying hens,(662) 889-6628,craig@shadedgrovefarmmarket.com,https://www.shadegrovefarmmarket.com,,,Genuine MS — Raised,https://genuinems.com/directory/shaded-grove-farm-market/,2023-05-11,2026-07-15,1,Shaded Grove Farm Market,Existing release row — enrich/verify,
Shady Acres Farm,MS,West Point,Clay,U.S. Census geocoder from public source address,"633 Decker Road, West Point , Mississippi 39773",39773,beef,(662) 205-6188,shadyacresms.info@gmail.com,https://www.shadyacresms.com,https://www.facebook.com/shadyacresfarmms,,Genuine MS — Raised,https://genuinems.com/directory/shady-acres-farm/,2024-05-24,2026-07-15,1,,New candidate — needs independent verification,
Shook Creek Farm,MS,Cascilla,,,"8090 MS Hwy 35 S, Cascilla , MS 38920",38920,"Sweet Corn; Green beans; Southern peas; Lima\butter beans; Watermelon; Cantaloupe; Honeydew; Pumpkin; Garlic- hard neck, soft neck and purple stripe varieties; Lettuce - Bibb, Butter, Romaine, Salanova; Cherry Tomatoes; Tomatoes; Cucumbers - slicing and pickling; Summer and winter squash; Radishes; Basil; Other herbs; Sunflowers; Giant Zinnias",(601) 818-0256,shookcreekfarm@gmail.com,https://www.shookcreekfarm.com,,,Genuine MS — Grown,https://genuinems.com/directory/shook-creek-farm/,2025-04-22,2026-07-15,1,,New candidate — recent authoritative profile,
Shroomdom Inc. & MisBEEhaving Bee’s,MS,Poplarville,Pearl River,U.S. Census geocoder from public source address,"23 Rosenbaum Dr., Poplarville, Mississippi 39470",39470,Fresh Seasonal mushrooms cultivated & Wild; Dried Mushrooms; Fairy Dust; Field to forest Honey; Comb Honey; Pollen; Mushroom Spawn; Mushroom Growing Kits,(601) 795-2611,shroomdom38@outlook.com,,https://www.facebook.com/anthonyleilani.rosenbaum.98,,Genuine MS — Grown | Genuine MS — Raised,https://genuinems.com/directory/shroomdom-inc-misbeehaving-bees/,2023-03-20,2026-07-15,1,,New candidate — needs independent verification,
Simmons Farm Raised Catfish,MS,Yazoo City,,,"2628 Erickson Rd., Yazoo City, MS 39194",39194,Whole Catfish; Fillets; Delacata; Fillet Cuts; Nugget; Steak; Breaded Products; Hushpuppies; Breading,(662) 746-5687,info@simmonscatfish.com,http://simmonscatfish.com,https://www.facebook.com/simmonsfarmraisedcatfish/,http://instagram.com/SimmonsCatfish,Genuine MS — Raised,https://genuinems.com/directory/simmons-farm-raised-catfish/,2023-03-09,2026-07-15,1,,New candidate — needs independent verification,
Simply Dunn Honey,MS,Hattiesburg,Lamar,U.S. Census geocoder from public source address,"1051 Parker Rd, Hattiesburg, MS 39402",39402,Honey; Creamed Honey; Bees wax; Bee Hives/nucs,(601) 408-9869,grdunn1@yahoo.com,,https://www.facebook.com/profile.php?id=100086982062905,,Genuine MS — Raised,https://genuinems.com/directory/simply-dunn-honey/,2025-12-05,2026-07-15,1,,New candidate — recent authoritative profile,
Sims Farms LLC,MS,Hattiesburg,Forrest,U.S. Census geocoder from public source address,"908 Broadway Drive, Hattiesburg, MS 39401",39401,cattle; vegetables,(601) 310-2259,willie@williesimscpa.com,,,,Genuine MS — Grown | Genuine MS — Raised,https://genuinems.com/directory/sims-farms-llc/,2025-11-25,2026-07-15,1,,New candidate — recent authoritative profile,
Six Mile Farms LLC,MS,"Leland, Mississisppi",,,"3194 Tribbett Rd., Leland, Mississisppi 38756",38756,Crop to Pop Butterfly Popcorn,(662) 820-3192,sixmilefarmsllc@gmail.com,https://www.sixmilefarmsllc.com/,https://www.facebook.com/sixmilefarmsllc/,http://instagram.com/sixmilefarmsllc,Genuine MS — Grown,https://genuinems.com/directory/six-mile-farms-llc/,2024-07-08,2026-07-15,1,,New candidate — needs independent verification,
Smith’s Honey Farm LLC,MS,Petal,Perry,U.S. Census geocoder from public source address,"18 Honey Farm Lane, Petal, MS 39465",39465,Honey; Russian Queens; Russian 5-frame Nucs; Beeswax; Candles; Russian Queen Cells,(601) 583-3521,smithhoneyfarm@gmail.com,https://www.smithhoneyfarm.com/,https://www.facebook.com/smithhoneyfarm/,,Genuine MS — Raised,https://genuinems.com/directory/smiths-honey-farm-llc/,2024-05-06,2026-07-15,1,,New candidate — needs independent verification,
Southern Cross Farm,MS,Eupora,Choctaw,U.S. Census geocoder from public source address,"2800 Crow Crossing Rd., Eupora, Mississippi 39744",39744,"Grain fed beef, minimum of 1/4; Bulls for herd sire use",(662) 418-7927,drnancyjackson@gmail.com,https://www.southerncrosscattle.com/,,,Genuine MS — Raised,https://genuinems.com/directory/southern-cross-farm-2/,2025-09-09,2026-07-15,1,,New candidate — recent authoritative profile,
Southern Prairie Pet Food,MS,Macon,Noxubee,U.S. Census geocoder from public source address,"8995 Prairie Point Rd Macon MS, 39341, Macon, Mississippi 39341",39341,Catfish Burger For Pets,(662) 386-5560,sales@southernprairiepetfood.com,https://www.southernprairiepetfood.com,,,Genuine MS — Raised,https://genuinems.com/directory/southern-prairie-pet-food/,2025-06-25,2026-07-15,1,,New candidate — recent authoritative profile,
Sparrow Gardens,MS,Madison,,,"Visit Website For Bread Pick-Up Location, Madison, MS 39110",39110,Artisan Sourdough Breads; Seasonal Baked Goods; Fresh & Dried Herbs,615-962-2926,sparrowgardensms@gmail.com,https://www.hotplate.com/sparrow_gardens,https://www.facebook.com/profile.php?id=61566392412795,http://instagram.com/sparrow_gardens,Genuine MS — Grown,https://genuinems.com/directory/sparrow-gardens/,2026-05-28,2026-07-15,1,,New candidate — recent authoritative profile,
Spring Lake Berry Farm,MS,Vancleave,Jackson,PickYourOwn listing,,,blueberries |,228-826-4682,springlakeberryfarm@hotmail.com,,,,PickYourOwn — Southeast,https://www.pickyourown.org/MSse.htm,,2026-07-15,3,,New candidate — needs independent verification,Conservative import: listing was not marked closed; confirm activity before promotion.
Stormy Creek Cottage LLC,MS,Macon,Noxubee,U.S. Census geocoder from public source address,"35904 MS Highway 14 W, Macon, MS 39341",35904,Squash; Zucchini; Okra; Broccoli; Cauliflower; Eggplant; Cucumbers; Cantaloupe; Watermelon; Peppers; Tomatoes,(662) 574-8256,StormyCreekCottage@gmail.com,http://stormycreekcottage.square.site/,https://www.facebook.com/StormyCreekCottage/,http://instagram.com/StormyCreekCottage,Genuine MS — Grown,https://genuinems.com/directory/stormy-creek-cottage-llc/,2020-05-26,2026-07-15,1,,New candidate — needs independent verification,
Sumrall Farms,MS,,,,928 Way Rd,,"Sweet Corn, Cabbage, Tomatoes, Okra, Watermelons, Cantaloupes",(601) 842-3025,jeffsumrall11@yahoo.com,,,,MDAC Mississippi Farmers Market vendors,https://agnet.mdac.ms.gov/Website/FarmerMarket_VendorView.aspx?PassedID=154,,2026-07-15,2,,New candidate — needs independent verification,
Sunrise Honey,MS,Petal,,,"P O Box 1004, Petal , MS 39465",39465,Honey; Nucs; Pollenation; Wax; Christmas Tree Ornament (Angels),(601) 307-7188,sunrisehoney1@yahoo.com,https://sunrisebeeandhoney.com/,https://www.facebook.com/profile.php?id=100080936801819,,Genuine MS — Raised,https://genuinems.com/directory/sunrise-honey/,2026-01-12,2026-07-15,1,,New candidate — recent authoritative profile,
Sunset Oaks Farm,MS,Picayune,Pearl River,U.S. Census geocoder from public source address,"19 Wanna Be Lane, Picayune, Mississippi 39466",39466,Pasture-raised Chicken; Pasture-raised eggs; Pasture and forest raised Pork; Grass-fed and finished Beef,(662) 715-8494,robert.m.harrison20@gmail.com,,https://www.facebook.com/Sunset-Oaks-Farm-241062859302598,http://instagram.com/sunsetoaksfarm,Genuine MS — Raised,https://genuinems.com/directory/sunset-oaks-farm/,2023-03-06,2026-07-15,1,Sunset Oaks Farm,Existing release row — enrich/verify,
Superior Catfish,MS,Macon,,,"11751 Hwy 45 Macon, Macon , MS 39341",11751,Farm Raised Catfish; Breading for Catfish,(662) 726-2502,pwinn@superiorcatfish.com,https://superiorcatfish.com/,www.facebook.com/superiorcatfish,http://instagram.com/Superiorcatfish1994,Genuine MS — Raised,https://genuinems.com/directory/superior-catfish/,2026-01-05,2026-07-15,1,,New candidate — recent authoritative profile,
T & R Dairy,MS,Liberty,,,"2296 River Road , Liberty, MS 39645",39645,Cheese; Milk; Yogurt; Eggs; Produce,(601) 248-3600,dairyfarmer19@gmail.com,,https://www.facebook.com/TandRDairyFarm,,Genuine MS — Grown | Genuine MS — Raised | MDAC Mississippi Farmers Market vendors,https://genuinems.com/directory/t-r-dairy/ | https://agnet.mdac.ms.gov/Website/FarmerMarket_VendorView.aspx?PassedID=15,2024-05-28,2026-07-15,1 | 2,,New candidate — multi-source review,
Talson Farms,MS,Laurel,Jones,U.S. Census geocoder from public source address,"155 Charlie Green Rd., Laurel, MS 39443",39443,Christmas Trees; Hand-made Wreaths (from tree trimming); Cookies; Cupcakes,(601) 433-4794,talsonoutdoors@hotmail.com,https://talsonfarms.com/,https://www.facebook.com/talsonfarms,http://instagram.com/talsonfarms,Genuine MS — Grown,https://genuinems.com/directory/talson-farms/,2024-11-05,2026-07-15,1,,New candidate — needs independent verification,
Taylor Flower Patch,MS,Taylor,Lafayette,U.S. Census geocoder from public source address,"88 County Road 332, Taylor, MS 38673",38673,"Fresh cut flowers by arrangement of stem; Bulb flowers: daffodils, tulips, gladiolas, cana lilies, cala lilies, etc.; Potted plants: shamrocks, Christmas cactus, aloe vera, etc.; Herbs and herb bouquets",(901) 233-7180,TaylorFlowerPatch@gmail.com,https://taylorflowerpatch.com/,https://www.facebook.com/jennicampbell1127/,http://instagram.com/taylorflowerpatch2022,Genuine MS — Grown,https://genuinems.com/directory/taylor-flower-patch/,2023-09-18,2026-07-15,1,,New candidate — needs independent verification,
The Blueberry Patch,MS,Starkville,Oktibbeha,PickYourOwn listing,,,"Uses integrated pest management practices , blueberries, U-pick and already picked |",662-320-4504,Rhondaclarkhead@aol.com,,,,PickYourOwn — East Central,https://www.pickyourown.org/MSeast.htm,,2026-07-15,3,,New candidate — needs independent verification,Conservative import: listing was not marked closed; confirm activity before promotion.
The Farm,MS,Starkville,Oktibbeha,U.S. Census geocoder from public source address,"5733 Blackjack Rd, Starkville, MS 39759",39759,Pumpkins; Corn stalk bundles; Sunflowers; Zinnias; Hay bales; Honey,(205) 499-8071,thefarm.starkville@gmail.com,https://thefarmstarkville.ticketleap.com,https://www.facebook.com/TheFarm.Starkville/,http://instagram.com/thefarm.starkville,Genuine MS — Grown | Genuine MS — Raised,https://genuinems.com/directory/the-farm/,2023-04-10,2026-07-15,1,,New candidate — needs independent verification,
The Five Cent™,MS,Lucedale,Greene,U.S. Census geocoder from public source address,"167 Stellas Dr, Lucedale, MS 39452",39452,Farm Raised Beef; Farm Raised Pork; Farm Fresh Eggs; Seasonal Produce; Culinary Herbs,(601) 213-9359,info@thefivecent.com,https://www.thefivecent.com,https://www.facebook.com/thefivecentranch,http://instagram.com/thefivecentranch,Genuine MS — Grown | Genuine MS — Raised,https://genuinems.com/directory/the-five-cent/,2026-02-13,2026-07-15,1,The Five Cent Farm,Possible existing alias — identity review,
The Food System,MS,Lexington,,,"208 Court Square, Lexington, MS 39095",39095,Watermelon; Summer Squash; Cantaloupe; Cut Flowers,(662) 391-4091,info@thefoodsystem.org,,,,Genuine MS — Grown,https://genuinems.com/directory/the-food-system/,2024-05-06,2026-07-15,1,,New candidate — needs independent verification,
The High Heeled Hippie,MS,Clinton,Hinds,U.S. Census geocoder from public source address,"6655 Jimmy Williams Rd, Clinton, Mississippi 39056",39056,Lettuce; Tomatoes; Melons; Specialty Greens; ie. arugala; Chicories; Peppers; Southern Greens; Herbs; Carrots; Potatoes; Radishes,601-813-7288,thehighheeledhippie@hotmail.com,,https://www.facebook.com/TheHighHeeledHippie/,,Genuine MS — Grown,https://genuinems.com/directory/the-high-heeled-hippie/,2026-04-28,2026-07-15,1,,New candidate — recent authoritative profile,
The Reservation Farm,MS,Lawrence,Lawrence,U.S. Census geocoder from public source address,"413 Cub Brown Rd., Lawrence, MS 39654",39654,Better Boy Tomatoes; Big Boy Tomatoes; Celebrity Tomatoes; Cherry Tomatoes; Pink-eye Purple Hull Peas; Specked Butterbeans; Green Lima Beans; Cucumbers; Squash; Cantelope; Watermelon; Sweet Corn; Blueberries; Okra; Mustard and Turnip Greens,601-740-0152,abkkincaid78@gmail.com,,https://www.facebook.com/profile.php?id=100026635076396,,Genuine MS — Grown,https://genuinems.com/directory/the-reservation-farm/,2026-05-27,2026-07-15,1,,New candidate — recent authoritative profile,
Thirty West Farms,MS,Baldwyn,Prentiss,U.S. Census geocoder from public source address,"57 Hwy 30, Baldwyn, MS 38824",38824,Angus Bulls; Angus Steers; Angus Heifers; Hay,(662) 401-2686,thirtywestfarms@gmail.com,,https://www.facebook.com/thirtywestfarms/,http://instagram.com/thirtywestfarms,Genuine MS — Grown | Genuine MS — Raised,https://genuinems.com/directory/thirty-west-farms/,2024-12-05,2026-07-15,1,,New candidate — needs independent verification,
Thornhill Farms,MS,Poplarville,Pearl River,PickYourOwn listing,,,"Uses integrated pest management practices , blueberries, restrooms, birthday parties |",985-641-5010,intern@thornhilllawfirm.com,,,,PickYourOwn — Southeast,https://www.pickyourown.org/MSse.htm,,2026-07-15,3,,New candidate — needs independent verification,Conservative import: listing was not marked closed; confirm activity before promotion.
"Tick Creek Farm, LLC",MS,Sumrall,Covington,U.S. Census geocoder from public source address,"834 Lott Town Rd, Sumrall, MS 39482",39482,Raw Wool; Wool Batts; Wool Roving; Drop Spindles; Dizes; Diz Threaders; Spinning Wheel Orifice Hook; Wool Bracelets; Shepherd’s Slings; Rabbits; Sheep; Pigs,(601) 394-8454,jacob@tickcreekfarm.com,https://tickcreekfarm.com,http://www.facebook.com/TickCreekFarm,https://www.instagram.com/tickcreekfarmllc,Genuine MS — Raised,https://genuinems.com/directory/tick-creek-farm-llc/,2026-02-20,2026-07-15,1,Tick Creek Farm,Possible existing alias — identity review,
Tippah County Growers Inc.,MS,Tiplersville,Tippah,U.S. Census geocoder from public source address,"3351 County Road 301, Tiplersville, MS 38674",38674,woody ornamentals; perennials; grasses; ferns; ground cover; trees; bulbs; Scrubs,(800) 748-8803,mark@tcgrowers.com,https://www.tcgrowers.com/,https://www.facebook.com/Tippah.County.Growers/,http://instagram.com/tcgrowers,Genuine MS — Grown,https://genuinems.com/directory/tippah-county-growers-inc/,2025-12-05,2026-07-15,1,,New candidate — recent authoritative profile,
Twelve2 Farm,MS,Canton,Madison,U.S. Census geocoder from public source address,"429 Davis Crossing Road, Canton, MS 39046",39046,"U-pick cut flowers (spring, summer, fall); Floral bouquets and subscriptions; Agrotourism experiences; Cage free eggs; Handmade soaps; Farm merchandise",(769) 447-8444,twelve2farm@gmail.com,https://www.twelve2farm.com,Https://www.facebook.com/twelve2farms,http://instagram.com/Twelve2Farm,Genuine MS — Grown | Genuine MS — Raised,https://genuinems.com/directory/twelve2-farm/,2026-02-19,2026-07-15,1,Twelve2 Farm,Existing release row — enrich/verify,
"Twisted Pines Quail Farm, LLC",MS,Wiggins,Forrest,U.S. Census geocoder from public source address,"80 D E Scarborough Road, Wiggins, Mississippi 39577",39577,"Pickled Quail Eggs: Cajun, Jalapeño, Dill, Bread and Butter, Original, Spicy; Pickled Chicken Eggs: Cajun, Jalapeño, Dill, Original, Spicy; Pickled Okra: Cajun, Dill; Pickled Baby Corn: Cajun",(601) 310-5722,annette@twistedpinesquailfarm.com,https://www.twistedpinesquailfarm.com,https://www.facebook.com/twistedpinesquailfarm/,,Genuine MS — Raised,https://genuinems.com/directory/twisted-pines-quail-farm-llc/,2024-11-18,2026-07-15,1,,New candidate — needs independent verification,
Two Brooks Farm,MS,Sumner,,,"404 East Court Street, Sumner, Mississippi 38957",38957,"Delta Belle- long grain white rice; Beulah Land Tan- whole long grain brown rice; Beulah Land Medley- whole long grain brown & red rice, field blend; White ""Missimati"" Bayou Bouquet- fragrant white MS Basmati rice; Brown ""Missimati"" Bayou Bouquet- fragrant brown MS Basmati rice; Blue Jasmoon- white MS Jasmine rice; Sable- long grain black rice; Scarlett- long grain red rice; Original Mississippi Middlins- brown or white rice grits; Original Missimati Middlins- brown or white MS Basmati rice grits; Rice Flours: Delta Belle Rice Flour, Beulah Land Tan Rice Flour, & brown or white Missimati Basmati fragrant rice flour",(662) 375-8100,abbey@twobrooksfarm.com,http://twobrooksfarm.com,https://www.facebook.com/twobrooksrice/,http://instagram.com/twobrooksrice,Genuine MS — Grown,https://genuinems.com/directory/two-brooks-farm/,2024-12-11,2026-07-15,1,,New candidate — needs independent verification,
Two Crackers Oyster Company,MS,Vancleave,Jackson,U.S. Census geocoder from public source address,"10692 Clearwater Rd, Vancleave, MS 39565",10692,oysters,(228) 218-4562,Saltyair2000@yahoo.com,,,,Genuine MS — Raised,https://genuinems.com/directory/two-crackers-oyster-company/,2025-12-18,2026-07-15,1,,New candidate — recent authoritative profile,
Two Dog Farms,MS,Flora,Madison,U.S. Census geocoder from public source address,"256 1st Street, Flora, MS 39071",39071,Tomatoes: different varieties; Squash; Zucchini; Cucumbers; Eggplant; Peppers: different Varieties; Potatoes; Blueberries; Watermelons; Cantaloupes; Leeks; Onions; Green Beans; Greens: different varieties; Broccoli; Cauliflower; Cabbage; Herbs; Kohlrabi; Peas; Carrots; Love,(662) 719-0285,twodogfarmsllc@gmail.com,http://twodogfarms.org,https://www.facebook.com/twodogfarmsllc/,http://instagram.com/twodogfarmsllc,Genuine MS — Grown | Genuine MS — Raised | MDAC Mississippi Farmers Market vendors,https://genuinems.com/directory/two-dog-farms/ | https://agnet.mdac.ms.gov/Website/FarmerMarket_VendorView.aspx?PassedID=46,2026-07-10,2026-07-15,1 | 2,Two Dog Farms,Existing release row — enrich/verify,
Varner Show Goats,MS,Florence,Rankin,U.S. Census geocoder from public source address,"1072 HIGHWAY 469 S, Florence, MS 39073",39073,Show Goats,(601) 941-9323,varnershowgoats@gmail.com,,,,Genuine MS — Raised,https://genuinems.com/directory/varner-show-goats/,2024-01-04,2026-07-15,1,,New candidate — needs independent verification,
Viking Honey®,MS,,,,173 Pear Lane,,"We offer the nectar of myth and legend, the nectar of Norse healing and health, scarce and rare the world over.",,Viking@vikinghoney.com,,,,MDAC Mississippi Farmers Market vendors,https://agnet.mdac.ms.gov/Website/FarmerMarket_VendorView.aspx?PassedID=17,,2026-07-15,2,,New candidate — needs independent verification,
Walking W Cattle Company,MS,Columbus,Lowndes,U.S. Census geocoder from public source address,"606 Watson Rd, Columbus, MS 39701",39701,"Hamburger, all cuts of beef, ribs, soup bones, and organ meats",(662) 251-4159,walkingwcattle@gmail.com,,,,Genuine MS — Raised,https://genuinems.com/directory/walking-w-cattle-company/,2024-05-06,2026-07-15,1,,New candidate — needs independent verification,
Weesner Meadow Meats,MS,Holly Springs,Marshall,U.S. Census geocoder from public source address,"4140 Hwy 7 N, Holly Springs, MS 38635",38635,"Grass fed, natural, dry aged beef whole, half and individual cuts & ground; Pastured, natural whole, half and individual cuts; Large Black Hogs, piglets, and starter herds",(662) 504-4214,jbweesner@icloud.com,https://weesnermeadow.com,https://www.facebook.com/grassfedranch/,,Genuine MS — Raised,https://genuinems.com/directory/weesner-meadow-meats/,2025-12-30,2026-07-15,1,,New candidate — recent authoritative profile,
White Farms Pure Honey,MS,Holcomb,Grenada,U.S. Census geocoder from public source address,"3694 Sparta Rd 3694 Sparta Road, Holcomb, MS 38940",38940,Nucs; Bulk Honey; Beeswax; Comb Honey; Beekeeping Classes,662-417-5081,kmckay12@gmail.com,,https://www.facebook.com/whitefarmshoney,,Genuine MS — Raised,https://genuinems.com/directory/white-farms-pure-honey/,2026-04-16,2026-07-15,1,,New candidate — recent authoritative profile,
"Wildflower Honey Bee Company, LLC",MS,Hernando,DeSoto,U.S. Census geocoder from public source address,"1914 Cotton Drive, Hernando, MS 38632",38632,Honey,(662) 812-1840,joel@wildflowerhoneybee.com,https://wildflowerhoneybee.com,https://www.facebook.com/wildflowerhoneybeeco,,Genuine MS — Raised,https://genuinems.com/directory/wildflower-honey-bee-company-llc/,2026-01-20,2026-07-15,1,,New candidate — recent authoritative profile,
Williams Family Farms,MS,Wiggins,Stone,U.S. Census geocoder from public source address,"98 B and W Rd, Wiggins, MS 39577",39577,Pumpkins; Sweet Corn; Indian Corn; Pork; Beef; Poultry; Eggs; Canned goods; Baked Goods; Candies and Fudge; Baking Mixes; BBQ Sauces; Crafts,(601) 716-7968,nealamberwilliams@att.net,https://www.williamsfamilyfarms-ms.com,https://www.facebook.com/williamsfamilyfarmsms/,http://instagram.com/williamsfamilyfarms,Genuine MS — Grown | Genuine MS — Raised,https://genuinems.com/directory/williams-family-farms/,2025-12-22,2026-07-15,1,,New candidate — recent authoritative profile,
Windsor Farms,MS,Summit,Amite,U.S. Census geocoder from public source address,"4511 Upper Glading, Summit, MS 39666",39666,Pecans,(601) 248-7399,cfreeman@windsorfarms.us,https://www.windsorfarms.us,https://www.facebook.com/windsorfarmspecans/,,Genuine MS — Grown,https://genuinems.com/directory/windsor-farms/,2025-05-02,2026-07-15,1,Windsor Farms,Existing release row — enrich/verify,
Wise Family Farm,MS,Pontotoc,Pontotoc,U.S. Census geocoder from public source address,"291 Shady Grove Road, Pontotoc, MS 38863",38863,Purple Hull Peas; Tomatoes; Pumpkins; Fowers; Cotton,(662) 538-8990,events@wisefamilyfarm.com,https://www.wisefamilyfarm.com/,https://www.facebook.com/WiseFarms/,http://instagram.com/wisefamilyfarm,Genuine MS — Grown,https://genuinems.com/directory/wise-family-farm/,2024-08-16,2026-07-15,1,,New candidate — needs independent verification,
WS Cattle Co.,MS,Flora,Madison,U.S. Census geocoder from public source address,"200 Crawford Rd., Flora, Mississippi 39071",39071,"1/4, 1/2, and whole beef; beef butcher boxes- 10, 20, and 30 lb. options; 10 lb. ground beef box",(601) 506-5040,wscattle@outlook.com,https://www.wscattleco.com/,https://www.facebook.com/profile.php?id=100076179044881,http://instagram.com/wscattleco,Genuine MS — Raised,https://genuinems.com/directory/ws-cattle-co/,2025-12-30,2026-07-15,1,WS Cattle Co.,Existing release row — enrich/verify,
YaYa’s Blessings,MS,Forest,Smith,U.S. Census geocoder from public source address,"Smith County Mississippi 33947 Highway 35, Forest, Ms 39074",33947,,6015642980,kimyayashoemaker@gmail.com,,,,Genuine MS — Grown,https://genuinems.com/directory/yayas-blessings/,2026-07-10,2026-07-15,1,,New candidate — recent authoritative profile,
Yazoo Honey,MS,Tinsley,Yazoo,U.S. Census geocoder from public source address,"3733 Tinsley Road , Tinsley , MS 39173",39173,Honey (Plastic Containers); Honey (Glass Containers); Creamed Honey; 55 Gallon Drum; Queens; Nucs; Wax,(662) 571-4288,yazoohoney@gmail.com,,https://www.facebook.com/yazoohoney,http://instagram.com/yazoohoney,Genuine MS — Raised,https://genuinems.com/directory/yazoo-honey/,2025-01-14,2026-07-15,1,,New candidate — recent authoritative profile,
